{
    "type": "FeatureCollection",
    "features": [
        {
            "type": "Feature",
            "properties": {
                "type": "site",
                "region_id": "AE_R002",
                "site_id": "AE_R002_0050",
                "version": "2.0.0",
                "status": "positive_partial",
                "mgrs": "40RCN",
                "score": 1.0,
                "start_date": "2014-10-09",
                "end_date": "2022-02-12",
                "model_content": "annotation",
                "originator": "te",
                "validated": "True",
                "misc_info": {
                    "commit_hash": "dbdea3485a8eb34730f81ec01861c62e6358b0b5"
                }
            },
            "geometry": {
                "type": "Polygon",
                "coordinates": [
                    [
                        [
                            55.249515,
                            25.076076
                        ],
                        [
                            55.249429,
                            25.075932
                        ],
                        [
                            55.249332,
                            25.075971
                        ],
                        [
                            55.249323,
                            25.075955
                        ],
                        [
                            55.249319,
                            25.075957
                        ],
                        [
                            55.249291,
                            25.07591
                        ],
                        [
                            55.248322,
                            25.076299
                        ],
                        [
                            55.248329,
                            25.076316
                        ],
                        [
                            55.248299,
                            25.076328
                        ],
                        [
                            55.248319,
                            25.076373
                        ],
                        [
                            55.248317,
                            25.076374
                        ],
                        [
                            55.248366,
                            25.076488
                        ],
                        [
                            55.248365,
                            25.076489
                        ],
                        [
                            55.248409,
                            25.076592
                        ],
                        [
                            55.248486,
                            25.076829
                        ],
                        [
                            55.248527,
                            25.077232
                        ],
                        [
                            55.248501,
                            25.077626
                        ],
                        [
                            55.248445,
                            25.077895
                        ],
                        [
                            55.248477,
                            25.077874
                        ],
                        [
                            55.248463,
                            25.077939
                        ],
                        [
                            55.248468,
                            25.077936
                        ],
                        [
                            55.248466,
                            25.077946
                        ],
                        [
                            55.248476,
                            25.077939
                        ],
                        [
                            55.248474,
                            25.077949
                        ],
                        [
                            55.248491,
                            25.077938
                        ],
                        [
                            55.248489,
                            25.077946
                        ],
                        [
                            55.24849,
                            25.077945
                        ],
                        [
                            55.248489,
                            25.077952
                        ],
                        [
                            55.248493,
                            25.077949
                        ],
                        [
                            55.248487,
                            25.077977
                        ],
                        [
                            55.248519,
                            25.077956
                        ],
                        [
                            55.248516,
                            25.077968
                        ],
                        [
                            55.248519,
                            25.077966
                        ],
                        [
                            55.248519,
                            25.077968
                        ],
                        [
                            55.248509,
                            25.078018
                        ],
                        [
                            55.248519,
                            25.078011
                        ],
                        [
                            55.24851,
                            25.078056
                        ],
                        [
                            55.248531,
                            25.078042
                        ],
                        [
                            55.248527,
                            25.078062
                        ],
                        [
                            55.24853,
                            25.07806
                        ],
                        [
                            55.248527,
                            25.078073
                        ],
                        [
                            55.248528,
                            25.078072
                        ],
                        [
                            55.248525,
                            25.078086
                        ],
                        [
                            55.24855,
                            25.078068
                        ],
                        [
                            55.248546,
                            25.07809
                        ],
                        [
                            55.248545,
                            25.078095
                        ],
                        [
                            55.248546,
                            25.078095
                        ],
                        [
                            55.248543,
                            25.078107
                        ],
                        [
                            55.248546,
                            25.078105
                        ],
                        [
                            55.248545,
                            25.07811
                        ],
                        [
                            55.248649,
                            25.07804
                        ],
                        [
                            55.248713,
                            25.078011
                        ],
                        [
                            55.24871,
                            25.078024
                        ],
                        [
                            55.248763,
                            25.077988
                        ],
                        [
                            55.248781,
                            25.07798
                        ],
                        [
                            55.248905,
                            25.077972
                        ],
                        [
                            55.249144,
                            25.077985
                        ],
                        [
                            55.249237,
                            25.07801
                        ],
                        [
                            55.249367,
                            25.078031
                        ],
                        [
                            55.249498,
                            25.078014
                        ],
                        [
                            55.24964,
                            25.077952
                        ],
                        [
                            55.24964,
                            25.077944
                        ],
                        [
                            55.249645,
                            25.077942
                        ],
                        [
                            55.249645,
                            25.07793
                        ],
                        [
                            55.249667,
                            25.077927
                        ],
                        [
                            55.24981,
                            25.077866
                        ],
                        [
                            55.249806,
                            25.077768
                        ],
                        [
                            55.249836,
                            25.077755
                        ],
                        [
                            55.249779,
                            25.076317
                        ],
                        [
                            55.249715,
                            25.076335
                        ],
                        [
                            55.249715,
                            25.076332
                        ],
                        [
                            55.249698,
                            25.076337
                        ],
                        [
                            55.249538,
                            25.076067
                        ],
                        [
                            55.249515,
                            25.076076
                        ]
                    ]
                ]
            }
        },
        {
            "type": "Feature",
            "properties": {
                "observation_date": "2014-10-09",
                "source": "LC08_L1TP_160043_20141009_20200910_02_T1_TCI",
                "sensor_name": "Landsat 8",
                "type": "observation",
                "current_phase": "No Activity",
                "is_occluded": "False",
                "is_site_boundary": "True",
                "score": 1.0
            },
            "geometry": {
                "type": "MultiPolygon",
                "coordinates": [
                    [
                        [
                            [
                                55.248536,
                                25.078005
                            ],
                            [
                                55.248592,
                                25.077736
                            ],
                            [
                                55.248618,
                                25.077343
                            ],
                            [
                                55.248577,
                                25.07694
                            ],
                            [
                                55.248489,
                                25.076669
                            ],
                            [
                                55.24839,
                                25.07644
                            ],
                            [
                                55.249359,
                                25.076052
                            ],
                            [
                                55.249572,
                                25.076411
                            ],
                            [
                                55.249629,
                                25.077847
                            ],
                            [
                                55.249488,
                                25.077909
                            ],
                            [
                                55.249357,
                                25.077926
                            ],
                            [
                                55.249227,
                                25.077904
                            ],
                            [
                                55.249134,
                                25.07788
                            ],
                            [
                                55.248896,
                                25.077867
                            ],
                            [
                                55.248771,
                                25.077875
                            ],
                            [
                                55.24864,
                                25.077935
                            ],
                            [
                                55.248536,
                                25.078005
                            ]
                        ]
                    ]
                ]
            }
        },
        {
            "type": "Feature",
            "properties": {
                "observation_date": "2014-11-07",
                "source": "14NOV07071512-P1BS-500185007020_01_P002",
                "sensor_name": "WorldView",
                "type": "observation",
                "current_phase": "No Activity",
                "is_occluded": "False",
                "is_site_boundary": "True",
                "score": 1.0
            },
            "geometry": {
                "type": "MultiPolygon",
                "coordinates": [
                    [
                        [
                            [
                                55.248634,
                                25.077883
                            ],
                            [
                                55.248766,
                                25.077824
                            ],
                            [
                                55.248892,
                                25.077816
                            ],
                            [
                                55.249131,
                                25.077828
                            ],
                            [
                                55.249225,
                                25.077853
                            ],
                            [
                                55.249356,
                                25.077875
                            ],
                            [
                                55.249488,
                                25.077857
                            ],
                            [
                                55.24963,
                                25.077796
                            ],
                            [
                                55.249572,
                                25.076357
                            ],
                            [
                                55.249358,
                                25.075997
                            ],
                            [
                                55.248383,
                                25.076386
                            ],
                            [
                                55.248482,
                                25.076615
                            ],
                            [
                                55.248571,
                                25.076887
                            ],
                            [
                                55.248612,
                                25.07729
                            ],
                            [
                                55.248586,
                                25.077684
                            ],
                            [
                                55.24853,
                                25.077954
                            ],
                            [
                                55.248634,
                                25.077883
                            ]
                        ]
                    ]
                ]
            }
        },
        {
            "type": "Feature",
            "properties": {
                "observation_date": "2014-11-26",
                "source": "LC08_L1TP_160043_20141126_20200910_02_T1_TCI",
                "sensor_name": "Landsat 8",
                "type": "observation",
                "current_phase": "No Activity",
                "is_occluded": "False",
                "is_site_boundary": "True",
                "score": 1.0
            },
            "geometry": {
                "type": "MultiPolygon",
                "coordinates": [
                    [
                        [
                            [
                                55.248536,
                                25.078005
                            ],
                            [
                                55.248592,
                                25.077736
                            ],
                            [
                                55.248618,
                                25.077343
                            ],
                            [
                                55.248577,
                                25.07694
                            ],
                            [
                                55.248489,
                                25.076669
                            ],
                            [
                                55.24839,
                                25.07644
                            ],
                            [
                                55.249359,
                                25.076052
                            ],
                            [
                                55.249572,
                                25.076411
                            ],
                            [
                                55.249629,
                                25.077847
                            ],
                            [
                                55.249488,
                                25.077909
                            ],
                            [
                                55.249357,
                                25.077926
                            ],
                            [
                                55.249227,
                                25.077904
                            ],
                            [
                                55.249134,
                                25.07788
                            ],
                            [
                                55.248896,
                                25.077867
                            ],
                            [
                                55.248771,
                                25.077875
                            ],
                            [
                                55.24864,
                                25.077935
                            ],
                            [
                                55.248536,
                                25.078005
                            ]
                        ]
                    ]
                ]
            }
        },
        {
            "type": "Feature",
            "properties": {
                "observation_date": "2014-12-28",
                "source": "LC08_L1TP_160043_20141228_20200910_02_T1_TCI",
                "sensor_name": "Landsat 8",
                "type": "observation",
                "current_phase": "Unknown",
                "is_occluded": "False",
                "is_site_boundary": "True",
                "score": 1.0
            },
            "geometry": {
                "type": "MultiPolygon",
                "coordinates": [
                    [
                        [
                            [
                                55.248577,
                                25.077949
                            ],
                            [
                                55.248633,
                                25.077679
                            ],
                            [
                                55.248659,
                                25.077286
                            ],
                            [
                                55.248618,
                                25.076883
                            ],
                            [
                                55.248544,
                                25.07666
                            ],
                            [
                                55.249613,
                                25.076355
                            ],
                            [
                                55.24967,
                                25.077791
                            ],
                            [
                                55.249529,
                                25.077852
                            ],
                            [
                                55.249398,
                                25.07787
                            ],
                            [
                                55.249268,
                                25.077848
                            ],
                            [
                                55.249175,
                                25.077823
                            ],
                            [
                                55.248937,
                                25.077811
                            ],
                            [
                                55.248812,
                                25.077819
                            ],
                            [
                                55.248681,
                                25.077878
                            ],
                            [
                                55.248577,
                                25.077949
                            ]
                        ]
                    ]
                ]
            }
        },
        {
            "type": "Feature",
            "properties": {
                "observation_date": "2015-01-29",
                "source": "LC08_L1TP_160043_20150129_20200909_02_T1_TCI",
                "sensor_name": "Landsat 8",
                "type": "observation",
                "current_phase": "Unknown",
                "is_occluded": "False",
                "is_site_boundary": "True",
                "score": 1.0
            },
            "geometry": {
                "type": "MultiPolygon",
                "coordinates": [
                    [
                        [
                            [
                                55.248681,
                                25.077878
                            ],
                            [
                                55.248812,
                                25.077819
                            ],
                            [
                                55.248937,
                                25.077811
                            ],
                            [
                                55.249175,
                                25.077823
                            ],
                            [
                                55.249268,
                                25.077848
                            ],
                            [
                                55.249398,
                                25.07787
                            ],
                            [
                                55.249529,
                                25.077852
                            ],
                            [
                                55.24967,
                                25.077791
                            ],
                            [
                                55.249613,
                                25.076355
                            ],
                            [
                                55.248544,
                                25.07666
                            ],
                            [
                                55.248618,
                                25.076883
                            ],
                            [
                                55.248659,
                                25.077286
                            ],
                            [
                                55.248633,
                                25.077679
                            ],
                            [
                                55.248577,
                                25.077949
                            ],
                            [
                                55.248681,
                                25.077878
                            ]
                        ]
                    ]
                ]
            }
        },
        {
            "type": "Feature",
            "properties": {
                "observation_date": "2015-02-14",
                "source": "LC08_L1TP_160043_20150214_20200909_02_T1_TCI",
                "sensor_name": "Landsat 8",
                "type": "observation",
                "current_phase": "Unknown",
                "is_occluded": "False",
                "is_site_boundary": "True",
                "score": 1.0
            },
            "geometry": {
                "type": "MultiPolygon",
                "coordinates": [
                    [
                        [
                            [
                                55.248681,
                                25.077878
                            ],
                            [
                                55.248812,
                                25.077819
                            ],
                            [
                                55.248937,
                                25.077811
                            ],
                            [
                                55.249175,
                                25.077823
                            ],
                            [
                                55.249268,
                                25.077848
                            ],
                            [
                                55.249398,
                                25.07787
                            ],
                            [
                                55.249529,
                                25.077852
                            ],
                            [
                                55.24967,
                                25.077791
                            ],
                            [
                                55.249613,
                                25.076355
                            ],
                            [
                                55.248544,
                                25.07666
                            ],
                            [
                                55.248618,
                                25.076883
                            ],
                            [
                                55.248659,
                                25.077286
                            ],
                            [
                                55.248633,
                                25.077679
                            ],
                            [
                                55.248577,
                                25.077949
                            ],
                            [
                                55.248681,
                                25.077878
                            ]
                        ]
                    ]
                ]
            }
        },
        {
            "type": "Feature",
            "properties": {
                "observation_date": "2015-03-02",
                "source": "LO08_L1TP_160043_20150302_20200924_02_T1_TCI",
                "sensor_name": "Landsat 8",
                "type": "observation",
                "current_phase": "Unknown",
                "is_occluded": "False",
                "is_site_boundary": "True",
                "score": 1.0
            },
            "geometry": {
                "type": "MultiPolygon",
                "coordinates": [
                    [
                        [
                            [
                                55.248681,
                                25.077878
                            ],
                            [
                                55.248812,
                                25.077819
                            ],
                            [
                                55.248937,
                                25.077811
                            ],
                            [
                                55.249175,
                                25.077823
                            ],
                            [
                                55.249268,
                                25.077848
                            ],
                            [
                                55.249398,
                                25.07787
                            ],
                            [
                                55.249529,
                                25.077852
                            ],
                            [
                                55.24967,
                                25.077791
                            ],
                            [
                                55.249613,
                                25.076355
                            ],
                            [
                                55.248544,
                                25.07666
                            ],
                            [
                                55.248618,
                                25.076883
                            ],
                            [
                                55.248659,
                                25.077286
                            ],
                            [
                                55.248633,
                                25.077679
                            ],
                            [
                                55.248577,
                                25.077949
                            ],
                            [
                                55.248681,
                                25.077878
                            ]
                        ]
                    ]
                ]
            }
        },
        {
            "type": "Feature",
            "properties": {
                "observation_date": "2015-04-03",
                "source": "LC08_L1TP_160043_20150403_20200909_02_T1_TCI",
                "sensor_name": "Landsat 8",
                "type": "observation",
                "current_phase": "Unknown",
                "is_occluded": "False",
                "is_site_boundary": "True",
                "score": 1.0
            },
            "geometry": {
                "type": "MultiPolygon",
                "coordinates": [
                    [
                        [
                            [
                                55.248681,
                                25.077878
                            ],
                            [
                                55.248812,
                                25.077819
                            ],
                            [
                                55.248937,
                                25.077811
                            ],
                            [
                                55.249175,
                                25.077823
                            ],
                            [
                                55.249268,
                                25.077848
                            ],
                            [
                                55.249398,
                                25.07787
                            ],
                            [
                                55.249529,
                                25.077852
                            ],
                            [
                                55.24967,
                                25.077791
                            ],
                            [
                                55.249613,
                                25.076355
                            ],
                            [
                                55.248544,
                                25.07666
                            ],
                            [
                                55.248618,
                                25.076883
                            ],
                            [
                                55.248659,
                                25.077286
                            ],
                            [
                                55.248633,
                                25.077679
                            ],
                            [
                                55.248577,
                                25.077949
                            ],
                            [
                                55.248681,
                                25.077878
                            ]
                        ]
                    ]
                ]
            }
        },
        {
            "type": "Feature",
            "properties": {
                "observation_date": "2015-05-21",
                "source": "LC08_L1TP_160043_20150521_20200909_02_T1_TCI",
                "sensor_name": "Landsat 8",
                "type": "observation",
                "current_phase": "Unknown",
                "is_occluded": "False",
                "is_site_boundary": "True",
                "score": 1.0
            },
            "geometry": {
                "type": "MultiPolygon",
                "coordinates": [
                    [
                        [
                            [
                                55.248681,
                                25.077878
                            ],
                            [
                                55.248812,
                                25.077819
                            ],
                            [
                                55.248937,
                                25.077811
                            ],
                            [
                                55.249175,
                                25.077823
                            ],
                            [
                                55.249268,
                                25.077848
                            ],
                            [
                                55.249398,
                                25.07787
                            ],
                            [
                                55.249529,
                                25.077852
                            ],
                            [
                                55.24967,
                                25.077791
                            ],
                            [
                                55.249613,
                                25.076355
                            ],
                            [
                                55.248544,
                                25.07666
                            ],
                            [
                                55.248618,
                                25.076883
                            ],
                            [
                                55.248659,
                                25.077286
                            ],
                            [
                                55.248633,
                                25.077679
                            ],
                            [
                                55.248577,
                                25.077949
                            ],
                            [
                                55.248681,
                                25.077878
                            ]
                        ]
                    ]
                ]
            }
        },
        {
            "type": "Feature",
            "properties": {
                "observation_date": "2015-06-06",
                "source": "LC08_L1TP_160043_20150606_20200909_02_T1_TCI",
                "sensor_name": "Landsat 8",
                "type": "observation",
                "current_phase": "Unknown",
                "is_occluded": "False",
                "is_site_boundary": "True",
                "score": 1.0
            },
            "geometry": {
                "type": "MultiPolygon",
                "coordinates": [
                    [
                        [
                            [
                                55.248681,
                                25.077878
                            ],
                            [
                                55.248812,
                                25.077819
                            ],
                            [
                                55.248937,
                                25.077811
                            ],
                            [
                                55.249175,
                                25.077823
                            ],
                            [
                                55.249268,
                                25.077848
                            ],
                            [
                                55.249398,
                                25.07787
                            ],
                            [
                                55.249529,
                                25.077852
                            ],
                            [
                                55.24967,
                                25.077791
                            ],
                            [
                                55.249613,
                                25.076355
                            ],
                            [
                                55.248544,
                                25.07666
                            ],
                            [
                                55.248618,
                                25.076883
                            ],
                            [
                                55.248659,
                                25.077286
                            ],
                            [
                                55.248633,
                                25.077679
                            ],
                            [
                                55.248577,
                                25.077949
                            ],
                            [
                                55.248681,
                                25.077878
                            ]
                        ]
                    ]
                ]
            }
        },
        {
            "type": "Feature",
            "properties": {
                "observation_date": "2015-07-24",
                "source": "LC08_L1TP_160043_20150724_20200908_02_T1_TCI",
                "sensor_name": "Landsat 8",
                "type": "observation",
                "current_phase": "Unknown",
                "is_occluded": "False",
                "is_site_boundary": "True",
                "score": 1.0
            },
            "geometry": {
                "type": "MultiPolygon",
                "coordinates": [
                    [
                        [
                            [
                                55.248681,
                                25.077878
                            ],
                            [
                                55.248812,
                                25.077819
                            ],
                            [
                                55.248937,
                                25.077811
                            ],
                            [
                                55.249175,
                                25.077823
                            ],
                            [
                                55.249268,
                                25.077848
                            ],
                            [
                                55.249398,
                                25.07787
                            ],
                            [
                                55.249529,
                                25.077852
                            ],
                            [
                                55.24967,
                                25.077791
                            ],
                            [
                                55.249613,
                                25.076355
                            ],
                            [
                                55.248544,
                                25.07666
                            ],
                            [
                                55.248618,
                                25.076883
                            ],
                            [
                                55.248659,
                                25.077286
                            ],
                            [
                                55.248633,
                                25.077679
                            ],
                            [
                                55.248577,
                                25.077949
                            ],
                            [
                                55.248681,
                                25.077878
                            ]
                        ]
                    ]
                ]
            }
        },
        {
            "type": "Feature",
            "properties": {
                "observation_date": "2015-08-25",
                "source": "LC08_L1TP_160043_20150825_20200908_02_T1_TCI",
                "sensor_name": "Landsat 8",
                "type": "observation",
                "current_phase": "Unknown",
                "is_occluded": "False",
                "is_site_boundary": "True",
                "score": 1.0
            },
            "geometry": {
                "type": "MultiPolygon",
                "coordinates": [
                    [
                        [
                            [
                                55.248681,
                                25.077878
                            ],
                            [
                                55.248812,
                                25.077819
                            ],
                            [
                                55.248937,
                                25.077811
                            ],
                            [
                                55.249175,
                                25.077823
                            ],
                            [
                                55.249268,
                                25.077848
                            ],
                            [
                                55.249398,
                                25.07787
                            ],
                            [
                                55.249529,
                                25.077852
                            ],
                            [
                                55.24967,
                                25.077791
                            ],
                            [
                                55.249613,
                                25.076355
                            ],
                            [
                                55.248544,
                                25.07666
                            ],
                            [
                                55.248618,
                                25.076883
                            ],
                            [
                                55.248659,
                                25.077286
                            ],
                            [
                                55.248633,
                                25.077679
                            ],
                            [
                                55.248577,
                                25.077949
                            ],
                            [
                                55.248681,
                                25.077878
                            ]
                        ]
                    ]
                ]
            }
        },
        {
            "type": "Feature",
            "properties": {
                "observation_date": "2015-09-10",
                "source": "LC08_L1TP_160043_20150910_20200908_02_T1_TCI",
                "sensor_name": "Landsat 8",
                "type": "observation",
                "current_phase": "Unknown",
                "is_occluded": "False",
                "is_site_boundary": "True",
                "score": 1.0
            },
            "geometry": {
                "type": "MultiPolygon",
                "coordinates": [
                    [
                        [
                            [
                                55.248577,
                                25.077949
                            ],
                            [
                                55.248633,
                                25.077679
                            ],
                            [
                                55.248659,
                                25.077286
                            ],
                            [
                                55.248618,
                                25.076883
                            ],
                            [
                                55.248544,
                                25.07666
                            ],
                            [
                                55.249613,
                                25.076355
                            ],
                            [
                                55.24967,
                                25.077791
                            ],
                            [
                                55.249529,
                                25.077852
                            ],
                            [
                                55.249398,
                                25.07787
                            ],
                            [
                                55.249268,
                                25.077848
                            ],
                            [
                                55.249175,
                                25.077823
                            ],
                            [
                                55.248937,
                                25.077811
                            ],
                            [
                                55.248812,
                                25.077819
                            ],
                            [
                                55.248681,
                                25.077878
                            ],
                            [
                                55.248577,
                                25.077949
                            ]
                        ]
                    ]
                ]
            }
        },
        {
            "type": "Feature",
            "properties": {
                "observation_date": "2015-10-28",
                "source": "LC08_L1TP_160043_20151028_20200908_02_T1_TCI",
                "sensor_name": "Landsat 8",
                "type": "observation",
                "current_phase": "Site Preparation",
                "is_occluded": "False",
                "is_site_boundary": "True",
                "score": 1.0
            },
            "geometry": {
                "type": "MultiPolygon",
                "coordinates": [
                    [
                        [
                            [
                                55.248754,
                                25.077877
                            ],
                            [
                                55.248885,
                                25.077818
                            ],
                            [
                                55.249009,
                                25.07781
                            ],
                            [
                                55.249248,
                                25.077822
                            ],
                            [
                                55.249341,
                                25.077847
                            ],
                            [
                                55.24947,
                                25.077869
                            ],
                            [
                                55.249602,
                                25.077851
                            ],
                            [
                                55.249743,
                                25.07779
                            ],
                            [
                                55.249686,
                                25.076354
                            ],
                            [
                                55.248617,
                                25.076659
                            ],
                            [
                                55.248691,
                                25.076882
                            ],
                            [
                                55.248732,
                                25.077285
                            ],
                            [
                                55.248705,
                                25.077678
                            ],
                            [
                                55.24865,
                                25.077948
                            ],
                            [
                                55.248754,
                                25.077877
                            ]
                        ]
                    ]
                ]
            }
        },
        {
            "type": "Feature",
            "properties": {
                "observation_date": "2015-11-29",
                "source": "LC08_L1TP_160043_20151129_20200908_02_T1_TCI",
                "sensor_name": "Landsat 8",
                "type": "observation",
                "current_phase": "Site Preparation",
                "is_occluded": "False",
                "is_site_boundary": "True",
                "score": 1.0
            },
            "geometry": {
                "type": "MultiPolygon",
                "coordinates": [
                    [
                        [
                            [
                                55.248766,
                                25.077877
                            ],
                            [
                                55.248897,
                                25.077818
                            ],
                            [
                                55.249021,
                                25.07781
                            ],
                            [
                                55.24926,
                                25.077822
                            ],
                            [
                                55.249353,
                                25.077847
                            ],
                            [
                                55.249483,
                                25.077868
                            ],
                            [
                                55.249614,
                                25.077851
                            ],
                            [
                                55.249755,
                                25.07779
                            ],
                            [
                                55.249698,
                                25.076354
                            ],
                            [
                                55.248629,
                                25.076658
                            ],
                            [
                                55.248703,
                                25.076882
                            ],
                            [
                                55.248744,
                                25.077285
                            ],
                            [
                                55.248718,
                                25.077678
                            ],
                            [
                                55.248662,
                                25.077948
                            ],
                            [
                                55.248766,
                                25.077877
                            ]
                        ]
                    ]
                ]
            }
        },
        {
            "type": "Feature",
            "properties": {
                "observation_date": "2015-12-15",
                "source": "LC08_L1TP_160043_20151215_20200908_02_T1_TCI",
                "sensor_name": "Landsat 8",
                "type": "observation",
                "current_phase": "Site Preparation",
                "is_occluded": "False",
                "is_site_boundary": "True",
                "score": 1.0
            },
            "geometry": {
                "type": "MultiPolygon",
                "coordinates": [
                    [
                        [
                            [
                                55.248778,
                                25.077877
                            ],
                            [
                                55.248909,
                                25.077818
                            ],
                            [
                                55.249034,
                                25.07781
                            ],
                            [
                                55.249272,
                                25.077822
                            ],
                            [
                                55.249365,
                                25.077847
                            ],
                            [
                                55.249495,
                                25.077868
                            ],
                            [
                                55.249626,
                                25.077851
                            ],
                            [
                                55.249767,
                                25.07779
                            ],
                            [
                                55.24971,
                                25.076354
                            ],
                            [
                                55.248641,
                                25.076658
                            ],
                            [
                                55.248715,
                                25.076882
                            ],
                            [
                                55.248756,
                                25.077285
                            ],
                            [
                                55.24873,
                                25.077678
                            ],
                            [
                                55.248674,
                                25.077947
                            ],
                            [
                                55.248778,
                                25.077877
                            ]
                        ]
                    ]
                ]
            }
        },
        {
            "type": "Feature",
            "properties": {
                "observation_date": "2016-01-10",
                "source": "S2A_40RCN_20160110_0_L1C_TCI",
                "sensor_name": "Sentinel-2",
                "type": "observation",
                "current_phase": "Site Preparation",
                "is_occluded": "False",
                "is_site_boundary": "True",
                "score": 1.0
            },
            "geometry": {
                "type": "MultiPolygon",
                "coordinates": [
                    [
                        [
                            [
                                55.248793,
                                25.077874
                            ],
                            [
                                55.248925,
                                25.077815
                            ],
                            [
                                55.249049,
                                25.077807
                            ],
                            [
                                55.249288,
                                25.077819
                            ],
                            [
                                55.249381,
                                25.077844
                            ],
                            [
                                55.249511,
                                25.077865
                            ],
                            [
                                55.249642,
                                25.077848
                            ],
                            [
                                55.249784,
                                25.077787
                            ],
                            [
                                55.249727,
                                25.076349
                            ],
                            [
                                55.248656,
                                25.076654
                            ],
                            [
                                55.248731,
                                25.076878
                            ],
                            [
                                55.248772,
                                25.077282
                            ],
                            [
                                55.248745,
                                25.077675
                            ],
                            [
                                55.24869,
                                25.077945
                            ],
                            [
                                55.248793,
                                25.077874
                            ]
                        ]
                    ]
                ]
            }
        },
        {
            "type": "Feature",
            "properties": {
                "observation_date": "2016-01-16",
                "source": "LC08_L1TP_160043_20160116_20200907_02_T1_TCI",
                "sensor_name": "Landsat 8",
                "type": "observation",
                "current_phase": "Site Preparation",
                "is_occluded": "False",
                "is_site_boundary": "True",
                "score": 1.0
            },
            "geometry": {
                "type": "MultiPolygon",
                "coordinates": [
                    [
                        [
                            [
                                55.248784,
                                25.077889
                            ],
                            [
                                55.248915,
                                25.077829
                            ],
                            [
                                55.24904,
                                25.077821
                            ],
                            [
                                55.249278,
                                25.077833
                            ],
                            [
                                55.249371,
                                25.077858
                            ],
                            [
                                55.249501,
                                25.07788
                            ],
                            [
                                55.249632,
                                25.077863
                            ],
                            [
                                55.249774,
                                25.077801
                            ],
                            [
                                55.249717,
                                25.076365
                            ],
                            [
                                55.248647,
                                25.07667
                            ],
                            [
                                55.248721,
                                25.076893
                            ],
                            [
                                55.248762,
                                25.077297
                            ],
                            [
                                55.248736,
                                25.07769
                            ],
                            [
                                55.24868,
                                25.077959
                            ],
                            [
                                55.248784,
                                25.077889
                            ]
                        ]
                    ]
                ]
            }
        },
        {
            "type": "Feature",
            "properties": {
                "observation_date": "2016-02-17",
                "source": "LC08_L1TP_160043_20160217_20200907_02_T1_TCI",
                "sensor_name": "Landsat 8",
                "type": "observation",
                "current_phase": "Site Preparation",
                "is_occluded": "False",
                "is_site_boundary": "True",
                "score": 1.0
            },
            "geometry": {
                "type": "MultiPolygon",
                "coordinates": [
                    [
                        [
                            [
                                55.248778,
                                25.0779
                            ],
                            [
                                55.24891,
                                25.077841
                            ],
                            [
                                55.249034,
                                25.077833
                            ],
                            [
                                55.249273,
                                25.077845
                            ],
                            [
                                55.249366,
                                25.07787
                            ],
                            [
                                55.249495,
                                25.077892
                            ],
                            [
                                55.249627,
                                25.077874
                            ],
                            [
                                55.249768,
                                25.077813
                            ],
                            [
                                55.249711,
                                25.076377
                            ],
                            [
                                55.248641,
                                25.076682
                            ],
                            [
                                55.248716,
                                25.076905
                            ],
                            [
                                55.248757,
                                25.077308
                            ],
                            [
                                55.24873,
                                25.077701
                            ],
                            [
                                55.248675,
                                25.077971
                            ],
                            [
                                55.248778,
                                25.0779
                            ]
                        ]
                    ]
                ]
            }
        },
        {
            "type": "Feature",
            "properties": {
                "observation_date": "2016-02-19",
                "source": "S2A_40RCN_20160219_0_L1C_TCI",
                "sensor_name": "Sentinel-2",
                "type": "observation",
                "current_phase": "Site Preparation",
                "is_occluded": "False",
                "is_site_boundary": "True",
                "score": 1.0
            },
            "geometry": {
                "type": "MultiPolygon",
                "coordinates": [
                    [
                        [
                            [
                                55.248776,
                                25.077909
                            ],
                            [
                                55.248908,
                                25.07785
                            ],
                            [
                                55.249032,
                                25.077842
                            ],
                            [
                                55.249271,
                                25.077854
                            ],
                            [
                                55.249364,
                                25.077879
                            ],
                            [
                                55.249494,
                                25.077901
                            ],
                            [
                                55.249625,
                                25.077883
                            ],
                            [
                                55.249767,
                                25.077822
                            ],
                            [
                                55.24971,
                                25.076384
                            ],
                            [
                                55.248639,
                                25.076689
                            ],
                            [
                                55.248714,
                                25.076913
                            ],
                            [
                                55.248755,
                                25.077317
                            ],
                            [
                                55.248728,
                                25.07771
                            ],
                            [
                                55.248672,
                                25.07798
                            ],
                            [
                                55.248776,
                                25.077909
                            ]
                        ]
                    ]
                ]
            }
        },
        {
            "type": "Feature",
            "properties": {
                "observation_date": "2016-03-20",
                "source": "LC08_L1TP_160043_20160320_20200907_02_T1_TCI",
                "sensor_name": "Landsat 8",
                "type": "observation",
                "current_phase": "Site Preparation",
                "is_occluded": "False",
                "is_site_boundary": "True",
                "score": 1.0
            },
            "geometry": {
                "type": "MultiPolygon",
                "coordinates": [
                    [
                        [
                            [
                                55.248767,
                                25.077924
                            ],
                            [
                                55.248898,
                                25.077865
                            ],
                            [
                                55.249023,
                                25.077857
                            ],
                            [
                                55.249261,
                                25.077869
                            ],
                            [
                                55.249354,
                                25.077894
                            ],
                            [
                                55.249484,
                                25.077915
                            ],
                            [
                                55.249615,
                                25.077898
                            ],
                            [
                                55.249757,
                                25.077837
                            ],
                            [
                                55.2497,
                                25.076401
                            ],
                            [
                                55.24863,
                                25.076705
                            ],
                            [
                                55.248704,
                                25.076929
                            ],
                            [
                                55.248745,
                                25.077332
                            ],
                            [
                                55.248719,
                                25.077725
                            ],
                            [
                                55.248663,
                                25.077994
                            ],
                            [
                                55.248767,
                                25.077924
                            ]
                        ]
                    ]
                ]
            }
        },
        {
            "type": "Feature",
            "properties": {
                "observation_date": "2016-03-20",
                "source": "S2A_40RCN_20160320_0_L1C_TCI",
                "sensor_name": "Sentinel-2",
                "type": "observation",
                "current_phase": "Site Preparation",
                "is_occluded": "False",
                "is_site_boundary": "True",
                "score": 1.0
            },
            "geometry": {
                "type": "MultiPolygon",
                "coordinates": [
                    [
                        [
                            [
                                55.248765,
                                25.077933
                            ],
                            [
                                55.248896,
                                25.077874
                            ],
                            [
                                55.249021,
                                25.077865
                            ],
                            [
                                55.24926,
                                25.077878
                            ],
                            [
                                55.249353,
                                25.077903
                            ],
                            [
                                55.249483,
                                25.077924
                            ],
                            [
                                55.249614,
                                25.077907
                            ],
                            [
                                55.249755,
                                25.077846
                            ],
                            [
                                55.249698,
                                25.076408
                            ],
                            [
                                55.248628,
                                25.076713
                            ],
                            [
                                55.248702,
                                25.076937
                            ],
                            [
                                55.248743,
                                25.07734
                            ],
                            [
                                55.248717,
                                25.077734
                            ],
                            [
                                55.248661,
                                25.078004
                            ],
                            [
                                55.248765,
                                25.077933
                            ]
                        ]
                    ]
                ]
            }
        },
        {
            "type": "Feature",
            "properties": {
                "observation_date": "2016-04-05",
                "source": "LC08_L1TP_160043_20160405_20200907_02_T1_TCI",
                "sensor_name": "Landsat 8",
                "type": "observation",
                "current_phase": "Site Preparation",
                "is_occluded": "False",
                "is_site_boundary": "True",
                "score": 1.0
            },
            "geometry": {
                "type": "MultiPolygon",
                "coordinates": [
                    [
                        [
                            [
                                55.248756,
                                25.077947
                            ],
                            [
                                55.248887,
                                25.077888
                            ],
                            [
                                55.249012,
                                25.07788
                            ],
                            [
                                55.24925,
                                25.077892
                            ],
                            [
                                55.249343,
                                25.077917
                            ],
                            [
                                55.249473,
                                25.077939
                            ],
                            [
                                55.249604,
                                25.077921
                            ],
                            [
                                55.249745,
                                25.07786
                            ],
                            [
                                55.249688,
                                25.076424
                            ],
                            [
                                55.248619,
                                25.076729
                            ],
                            [
                                55.248693,
                                25.076952
                            ],
                            [
                                55.248734,
                                25.077356
                            ],
                            [
                                55.248708,
                                25.077749
                            ],
                            [
                                55.248652,
                                25.078018
                            ],
                            [
                                55.248756,
                                25.077947
                            ]
                        ]
                    ]
                ]
            }
        },
        {
            "type": "Feature",
            "properties": {
                "observation_date": "2016-04-09",
                "source": "S2A_40RCN_20160409_0_L1C_TCI",
                "sensor_name": "Sentinel-2",
                "type": "observation",
                "current_phase": "Site Preparation",
                "is_occluded": "False",
                "is_site_boundary": "True",
                "score": 1.0
            },
            "geometry": {
                "type": "MultiPolygon",
                "coordinates": [
                    [
                        [
                            [
                                55.24865,
                                25.078027
                            ],
                            [
                                55.248705,
                                25.077757
                            ],
                            [
                                55.248732,
                                25.077364
                            ],
                            [
                                55.248691,
                                25.07696
                            ],
                            [
                                55.248616,
                                25.076737
                            ],
                            [
                                55.249687,
                                25.076432
                            ],
                            [
                                55.249744,
                                25.077869
                            ],
                            [
                                55.249602,
                                25.07793
                            ],
                            [
                                55.249471,
                                25.077948
                            ],
                            [
                                55.249341,
                                25.077926
                            ],
                            [
                                55.249248,
                                25.077901
                            ],
                            [
                                55.24901,
                                25.077889
                            ],
                            [
                                55.248885,
                                25.077897
                            ],
                            [
                                55.248754,
                                25.077957
                            ],
                            [
                                55.24865,
                                25.078027
                            ]
                        ]
                    ]
                ]
            }
        },
        {
            "type": "Feature",
            "properties": {
                "observation_date": "2016-05-07",
                "source": "LC08_L1TP_160043_20160507_20200907_02_T1_TCI",
                "sensor_name": "Landsat 8",
                "type": "observation",
                "current_phase": "Unknown",
                "is_occluded": "False",
                "is_site_boundary": "True",
                "score": 1.0
            },
            "geometry": {
                "type": "MultiPolygon",
                "coordinates": [
                    [
                        [
                            [
                                55.248577,
                                25.077949
                            ],
                            [
                                55.248633,
                                25.077679
                            ],
                            [
                                55.248659,
                                25.077286
                            ],
                            [
                                55.248618,
                                25.076883
                            ],
                            [
                                55.248544,
                                25.07666
                            ],
                            [
                                55.249613,
                                25.076355
                            ],
                            [
                                55.24967,
                                25.077791
                            ],
                            [
                                55.249529,
                                25.077852
                            ],
                            [
                                55.249398,
                                25.07787
                            ],
                            [
                                55.249268,
                                25.077848
                            ],
                            [
                                55.249175,
                                25.077823
                            ],
                            [
                                55.248937,
                                25.077811
                            ],
                            [
                                55.248812,
                                25.077819
                            ],
                            [
                                55.248681,
                                25.077878
                            ],
                            [
                                55.248577,
                                25.077949
                            ]
                        ]
                    ]
                ]
            }
        },
        {
            "type": "Feature",
            "properties": {
                "observation_date": "2016-05-29",
                "source": "S2A_40RCN_20160529_0_L1C_TCI",
                "sensor_name": "Sentinel-2",
                "type": "observation",
                "current_phase": "Unknown",
                "is_occluded": "False",
                "is_site_boundary": "True",
                "score": 1.0
            },
            "geometry": {
                "type": "MultiPolygon",
                "coordinates": [
                    [
                        [
                            [
                                55.248527,
                                25.078073
                            ],
                            [
                                55.248583,
                                25.077803
                            ],
                            [
                                55.248609,
                                25.07741
                            ],
                            [
                                55.248568,
                                25.077006
                            ],
                            [
                                55.248494,
                                25.076782
                            ],
                            [
                                55.249564,
                                25.076477
                            ],
                            [
                                55.249621,
                                25.077915
                            ],
                            [
                                55.24948,
                                25.077976
                            ],
                            [
                                55.249349,
                                25.077993
                            ],
                            [
                                55.249219,
                                25.077972
                            ],
                            [
                                55.249125,
                                25.077947
                            ],
                            [
                                55.248887,
                                25.077935
                            ],
                            [
                                55.248762,
                                25.077943
                            ],
                            [
                                55.248631,
                                25.078002
                            ],
                            [
                                55.248527,
                                25.078073
                            ]
                        ]
                    ]
                ]
            }
        },
        {
            "type": "Feature",
            "properties": {
                "observation_date": "2016-06-05",
                "source": "16JUN05100241-P1BS-500171678030_04_P001",
                "sensor_name": "WorldView",
                "type": "observation",
                "current_phase": "Active Construction",
                "is_occluded": "False",
                "is_site_boundary": "True",
                "score": 1.0
            },
            "geometry": {
                "type": "MultiPolygon",
                "coordinates": [
                    [
                        [
                            [
                                55.248592,
                                25.077936
                            ],
                            [
                                55.248648,
                                25.077666
                            ],
                            [
                                55.248674,
                                25.077273
                            ],
                            [
                                55.248633,
                                25.076869
                            ],
                            [
                                55.248558,
                                25.076645
                            ],
                            [
                                55.249634,
                                25.07634
                            ],
                            [
                                55.249692,
                                25.077778
                            ],
                            [
                                55.24955,
                                25.077839
                            ],
                            [
                                55.249418,
                                25.077857
                            ],
                            [
                                55.249287,
                                25.077835
                            ],
                            [
                                55.249193,
                                25.07781
                            ],
                            [
                                55.248954,
                                25.077798
                            ],
                            [
                                55.248828,
                                25.077806
                            ],
                            [
                                55.248696,
                                25.077865
                            ],
                            [
                                55.248592,
                                25.077936
                            ]
                        ]
                    ]
                ]
            }
        },
        {
            "type": "Feature",
            "properties": {
                "observation_date": "2016-06-08",
                "source": "S2A_40RCN_20160608_0_L1C_TCI",
                "sensor_name": "Sentinel-2",
                "type": "observation",
                "current_phase": "Active Construction",
                "is_occluded": "False",
                "is_site_boundary": "True",
                "score": 1.0
            },
            "geometry": {
                "type": "MultiPolygon",
                "coordinates": [
                    [
                        [
                            [
                                55.248646,
                                25.077981
                            ],
                            [
                                55.248701,
                                25.077711
                            ],
                            [
                                55.248728,
                                25.077318
                            ],
                            [
                                55.248687,
                                25.076914
                            ],
                            [
                                55.248612,
                                25.076691
                            ],
                            [
                                55.249683,
                                25.076386
                            ],
                            [
                                55.24974,
                                25.077823
                            ],
                            [
                                55.249598,
                                25.077884
                            ],
                            [
                                55.249467,
                                25.077902
                            ],
                            [
                                55.249337,
                                25.07788
                            ],
                            [
                                55.249244,
                                25.077855
                            ],
                            [
                                55.249006,
                                25.077843
                            ],
                            [
                                55.248881,
                                25.077851
                            ],
                            [
                                55.248749,
                                25.07791
                            ],
                            [
                                55.248646,
                                25.077981
                            ]
                        ]
                    ]
                ]
            }
        },
        {
            "type": "Feature",
            "properties": {
                "observation_date": "2016-06-24",
                "source": "LC08_L1TP_160043_20160624_20200906_02_T1_TCI",
                "sensor_name": "Landsat 8",
                "type": "observation",
                "current_phase": "Active Construction",
                "is_occluded": "False",
                "is_site_boundary": "True",
                "score": 1.0
            },
            "geometry": {
                "type": "MultiPolygon",
                "coordinates": [
                    [
                        [
                            [
                                55.248755,
                                25.077901
                            ],
                            [
                                55.248887,
                                25.077842
                            ],
                            [
                                55.249011,
                                25.077834
                            ],
                            [
                                55.24925,
                                25.077846
                            ],
                            [
                                55.249342,
                                25.077871
                            ],
                            [
                                55.249472,
                                25.077892
                            ],
                            [
                                55.249604,
                                25.077875
                            ],
                            [
                                55.249745,
                                25.077814
                            ],
                            [
                                55.249688,
                                25.076378
                            ],
                            [
                                55.248618,
                                25.076682
                            ],
                            [
                                55.248693,
                                25.076906
                            ],
                            [
                                55.248734,
                                25.077309
                            ],
                            [
                                55.248707,
                                25.077702
                            ],
                            [
                                55.248652,
                                25.077972
                            ],
                            [
                                55.248755,
                                25.077901
                            ]
                        ]
                    ]
                ]
            }
        },
        {
            "type": "Feature",
            "properties": {
                "observation_date": "2016-07-18",
                "source": "S2A_40RCN_20160718_0_L1C_TCI",
                "sensor_name": "Sentinel-2",
                "type": "observation",
                "current_phase": "Active Construction",
                "is_occluded": "False",
                "is_site_boundary": "True",
                "score": 1.0
            },
            "geometry": {
                "type": "MultiPolygon",
                "coordinates": [
                    [
                        [
                            [
                                55.248768,
                                25.077886
                            ],
                            [
                                55.2489,
                                25.077827
                            ],
                            [
                                55.249025,
                                25.077819
                            ],
                            [
                                55.249263,
                                25.077831
                            ],
                            [
                                55.249356,
                                25.077856
                            ],
                            [
                                55.249486,
                                25.077877
                            ],
                            [
                                55.249617,
                                25.07786
                            ],
                            [
                                55.249759,
                                25.077799
                            ],
                            [
                                55.249702,
                                25.076361
                            ],
                            [
                                55.248631,
                                25.076666
                            ],
                            [
                                55.248706,
                                25.07689
                            ],
                            [
                                55.248747,
                                25.077294
                            ],
                            [
                                55.24872,
                                25.077687
                            ],
                            [
                                55.248665,
                                25.077957
                            ],
                            [
                                55.248768,
                                25.077886
                            ]
                        ]
                    ]
                ]
            }
        },
        {
            "type": "Feature",
            "properties": {
                "observation_date": "2016-08-07",
                "source": "S2A_40RCN_20160807_0_L1C_TCI",
                "sensor_name": "Sentinel-2",
                "type": "observation",
                "current_phase": "Active Construction",
                "is_occluded": "False",
                "is_site_boundary": "True",
                "score": 1.0
            },
            "geometry": {
                "type": "MultiPolygon",
                "coordinates": [
                    [
                        [
                            [
                                55.248787,
                                25.077862
                            ],
                            [
                                55.248919,
                                25.077802
                            ],
                            [
                                55.249044,
                                25.077794
                            ],
                            [
                                55.249282,
                                25.077806
                            ],
                            [
                                55.249375,
                                25.077831
                            ],
                            [
                                55.249505,
                                25.077853
                            ],
                            [
                                55.249636,
                                25.077836
                            ],
                            [
                                55.249778,
                                25.077774
                            ],
                            [
                                55.249721,
                                25.076337
                            ],
                            [
                                55.24865,
                                25.076642
                            ],
                            [
                                55.248725,
                                25.076866
                            ],
                            [
                                55.248766,
                                25.077269
                            ],
                            [
                                55.248739,
                                25.077662
                            ],
                            [
                                55.248684,
                                25.077932
                            ],
                            [
                                55.248787,
                                25.077862
                            ]
                        ]
                    ]
                ]
            }
        },
        {
            "type": "Feature",
            "properties": {
                "observation_date": "2016-08-11",
                "source": "LC08_L1TP_160043_20160811_20200906_02_T1_TCI",
                "sensor_name": "Landsat 8",
                "type": "observation",
                "current_phase": "Active Construction",
                "is_occluded": "False",
                "is_site_boundary": "True",
                "score": 1.0
            },
            "geometry": {
                "type": "MultiPolygon",
                "coordinates": [
                    [
                        [
                            [
                                55.248731,
                                25.077865
                            ],
                            [
                                55.248862,
                                25.077805
                            ],
                            [
                                55.248987,
                                25.077797
                            ],
                            [
                                55.249225,
                                25.077809
                            ],
                            [
                                55.249318,
                                25.077834
                            ],
                            [
                                55.249448,
                                25.077856
                            ],
                            [
                                55.249579,
                                25.077839
                            ],
                            [
                                55.24972,
                                25.077777
                            ],
                            [
                                55.249663,
                                25.076341
                            ],
                            [
                                55.248594,
                                25.076646
                            ],
                            [
                                55.248668,
                                25.076869
                            ],
                            [
                                55.248709,
                                25.077273
                            ],
                            [
                                55.248683,
                                25.077666
                            ],
                            [
                                55.248627,
                                25.077935
                            ],
                            [
                                55.248731,
                                25.077865
                            ]
                        ]
                    ]
                ]
            }
        },
        {
            "type": "Feature",
            "properties": {
                "observation_date": "2016-08-13",
                "source": "16AUG13071752-P1BS-014855172010_01_P002",
                "sensor_name": "WorldView",
                "type": "observation",
                "current_phase": "Active Construction",
                "is_occluded": "False",
                "is_site_boundary": "True",
                "score": 1.0
            },
            "geometry": {
                "type": "MultiPolygon",
                "coordinates": [
                    [
                        [
                            [
                                55.248593,
                                25.077931
                            ],
                            [
                                55.248649,
                                25.077661
                            ],
                            [
                                55.248676,
                                25.077268
                            ],
                            [
                                55.248634,
                                25.076864
                            ],
                            [
                                55.248559,
                                25.07664
                            ],
                            [
                                55.249636,
                                25.076335
                            ],
                            [
                                55.249693,
                                25.077773
                            ],
                            [
                                55.249551,
                                25.077834
                            ],
                            [
                                55.249419,
                                25.077852
                            ],
                            [
                                55.249288,
                                25.07783
                            ],
                            [
                                55.249195,
                                25.077805
                            ],
                            [
                                55.248955,
                                25.077793
                            ],
                            [
                                55.24883,
                                25.077801
                            ],
                            [
                                55.248697,
                                25.07786
                            ],
                            [
                                55.248593,
                                25.077931
                            ]
                        ]
                    ]
                ]
            }
        },
        {
            "type": "Feature",
            "properties": {
                "observation_date": "2016-09-06",
                "source": "S2A_40RCN_20160906_0_L1C_TCI",
                "sensor_name": "Sentinel-2",
                "type": "observation",
                "current_phase": "Active Construction",
                "is_occluded": "False",
                "is_site_boundary": "True",
                "score": 1.0
            },
            "geometry": {
                "type": "MultiPolygon",
                "coordinates": [
                    [
                        [
                            [
                                55.248845,
                                25.077842
                            ],
                            [
                                55.248977,
                                25.077783
                            ],
                            [
                                55.249101,
                                25.077775
                            ],
                            [
                                55.24934,
                                25.077787
                            ],
                            [
                                55.249433,
                                25.077812
                            ],
                            [
                                55.249563,
                                25.077834
                            ],
                            [
                                55.249694,
                                25.077816
                            ],
                            [
                                55.249836,
                                25.077755
                            ],
                            [
                                55.249779,
                                25.076317
                            ],
                            [
                                55.248708,
                                25.076622
                            ],
                            [
                                55.248783,
                                25.076846
                            ],
                            [
                                55.248823,
                                25.07725
                            ],
                            [
                                55.248797,
                                25.077643
                            ],
                            [
                                55.248741,
                                25.077913
                            ],
                            [
                                55.248845,
                                25.077842
                            ]
                        ]
                    ]
                ]
            }
        },
        {
            "type": "Feature",
            "properties": {
                "observation_date": "2016-09-28",
                "source": "LC08_L1TP_160043_20160928_20200906_02_T1_TCI",
                "sensor_name": "Landsat 8",
                "type": "observation",
                "current_phase": "Active Construction",
                "is_occluded": "False",
                "is_site_boundary": "True",
                "score": 1.0
            },
            "geometry": {
                "type": "MultiPolygon",
                "coordinates": [
                    [
                        [
                            [
                                55.248782,
                                25.077855
                            ],
                            [
                                55.248914,
                                25.077796
                            ],
                            [
                                55.249038,
                                25.077788
                            ],
                            [
                                55.249276,
                                25.0778
                            ],
                            [
                                55.249369,
                                25.077825
                            ],
                            [
                                55.249499,
                                25.077846
                            ],
                            [
                                55.24963,
                                25.077829
                            ],
                            [
                                55.249772,
                                25.077768
                            ],
                            [
                                55.249715,
                                25.076332
                            ],
                            [
                                55.248645,
                                25.076636
                            ],
                            [
                                55.24872,
                                25.07686
                            ],
                            [
                                55.248761,
                                25.077263
                            ],
                            [
                                55.248734,
                                25.077656
                            ],
                            [
                                55.248679,
                                25.077925
                            ],
                            [
                                55.248782,
                                25.077855
                            ]
                        ]
                    ]
                ]
            }
        },
        {
            "type": "Feature",
            "properties": {
                "observation_date": "2016-10-26",
                "source": "S2A_40RCN_20161026_0_L1C_TCI",
                "sensor_name": "Sentinel-2",
                "type": "observation",
                "current_phase": "Active Construction",
                "is_occluded": "False",
                "is_site_boundary": "True",
                "score": 1.0
            },
            "geometry": {
                "type": "MultiPolygon",
                "coordinates": [
                    [
                        [
                            [
                                55.248726,
                                25.077862
                            ],
                            [
                                55.248858,
                                25.077802
                            ],
                            [
                                55.248983,
                                25.077794
                            ],
                            [
                                55.249221,
                                25.077807
                            ],
                            [
                                55.249314,
                                25.077831
                            ],
                            [
                                55.249444,
                                25.077853
                            ],
                            [
                                55.249575,
                                25.077836
                            ],
                            [
                                55.249717,
                                25.077774
                            ],
                            [
                                55.24966,
                                25.076337
                            ],
                            [
                                55.248589,
                                25.076642
                            ],
                            [
                                55.248664,
                                25.076866
                            ],
                            [
                                55.248705,
                                25.077269
                            ],
                            [
                                55.248678,
                                25.077663
                            ],
                            [
                                55.248623,
                                25.077932
                            ],
                            [
                                55.248726,
                                25.077862
                            ]
                        ]
                    ]
                ]
            }
        },
        {
            "type": "Feature",
            "properties": {
                "observation_date": "2016-10-30",
                "source": "LC08_L1TP_160043_20161030_20200905_02_T1_TCI",
                "sensor_name": "Landsat 8",
                "type": "observation",
                "current_phase": "Active Construction",
                "is_occluded": "False",
                "is_site_boundary": "True",
                "score": 1.0
            },
            "geometry": {
                "type": "MultiPolygon",
                "coordinates": [
                    [
                        [
                            [
                                55.248716,
                                25.077865
                            ],
                            [
                                55.248848,
                                25.077805
                            ],
                            [
                                55.248972,
                                25.077797
                            ],
                            [
                                55.249211,
                                25.07781
                            ],
                            [
                                55.249304,
                                25.077834
                            ],
                            [
                                55.249433,
                                25.077856
                            ],
                            [
                                55.249565,
                                25.077839
                            ],
                            [
                                55.249706,
                                25.077777
                            ],
                            [
                                55.249649,
                                25.076341
                            ],
                            [
                                55.248579,
                                25.076646
                            ],
                            [
                                55.248654,
                                25.07687
                            ],
                            [
                                55.248695,
                                25.077273
                            ],
                            [
                                55.248668,
                                25.077666
                            ],
                            [
                                55.248613,
                                25.077935
                            ],
                            [
                                55.248716,
                                25.077865
                            ]
                        ]
                    ]
                ]
            }
        },
        {
            "type": "Feature",
            "properties": {
                "observation_date": "2016-11-15",
                "source": "LC08_L1TP_160043_20161115_20200905_02_T1_TCI",
                "sensor_name": "Landsat 8",
                "type": "observation",
                "current_phase": "Active Construction",
                "is_occluded": "False",
                "is_site_boundary": "True",
                "score": 1.0
            },
            "geometry": {
                "type": "MultiPolygon",
                "coordinates": [
                    [
                        [
                            [
                                55.24871,
                                25.077865
                            ],
                            [
                                55.248841,
                                25.077805
                            ],
                            [
                                55.248966,
                                25.077797
                            ],
                            [
                                55.249204,
                                25.07781
                            ],
                            [
                                55.249297,
                                25.077834
                            ],
                            [
                                55.249427,
                                25.077856
                            ],
                            [
                                55.249558,
                                25.077839
                            ],
                            [
                                55.249699,
                                25.077777
                            ],
                            [
                                55.249643,
                                25.076341
                            ],
                            [
                                55.248573,
                                25.076646
                            ],
                            [
                                55.248647,
                                25.07687
                            ],
                            [
                                55.248688,
                                25.077273
                            ],
                            [
                                55.248662,
                                25.077666
                            ],
                            [
                                55.248606,
                                25.077935
                            ],
                            [
                                55.24871,
                                25.077865
                            ]
                        ]
                    ]
                ]
            }
        },
        {
            "type": "Feature",
            "properties": {
                "observation_date": "2016-11-15",
                "source": "S2A_40RCN_20161115_0_L1C_TCI",
                "sensor_name": "Sentinel-2",
                "type": "observation",
                "current_phase": "Active Construction",
                "is_occluded": "False",
                "is_site_boundary": "True",
                "score": 1.0
            },
            "geometry": {
                "type": "MultiPolygon",
                "coordinates": [
                    [
                        [
                            [
                                55.248707,
                                25.077862
                            ],
                            [
                                55.248838,
                                25.077802
                            ],
                            [
                                55.248963,
                                25.077794
                            ],
                            [
                                55.249202,
                                25.077807
                            ],
                            [
                                55.249295,
                                25.077831
                            ],
                            [
                                55.249425,
                                25.077853
                            ],
                            [
                                55.249556,
                                25.077836
                            ],
                            [
                                55.249697,
                                25.077774
                            ],
                            [
                                55.24964,
                                25.076337
                            ],
                            [
                                55.24857,
                                25.076642
                            ],
                            [
                                55.248644,
                                25.076866
                            ],
                            [
                                55.248685,
                                25.077269
                            ],
                            [
                                55.248659,
                                25.077663
                            ],
                            [
                                55.248603,
                                25.077932
                            ],
                            [
                                55.248707,
                                25.077862
                            ]
                        ]
                    ]
                ]
            }
        },
        {
            "type": "Feature",
            "properties": {
                "observation_date": "2016-12-01",
                "source": "LC08_L1TP_160043_20161201_20200905_02_T1_TCI",
                "sensor_name": "Landsat 8",
                "type": "observation",
                "current_phase": "Active Construction",
                "is_occluded": "False",
                "is_site_boundary": "True",
                "score": 1.0
            },
            "geometry": {
                "type": "MultiPolygon",
                "coordinates": [
                    [
                        [
                            [
                                55.248697,
                                25.077865
                            ],
                            [
                                55.248828,
                                25.077805
                            ],
                            [
                                55.248953,
                                25.077797
                            ],
                            [
                                55.249191,
                                25.07781
                            ],
                            [
                                55.249284,
                                25.077834
                            ],
                            [
                                55.249414,
                                25.077856
                            ],
                            [
                                55.249545,
                                25.077839
                            ],
                            [
                                55.249686,
                                25.077777
                            ],
                            [
                                55.24963,
                                25.076341
                            ],
                            [
                                55.24856,
                                25.076646
                            ],
                            [
                                55.248634,
                                25.07687
                            ],
                            [
                                55.248675,
                                25.077273
                            ],
                            [
                                55.248649,
                                25.077666
                            ],
                            [
                                55.248593,
                                25.077935
                            ],
                            [
                                55.248697,
                                25.077865
                            ]
                        ]
                    ]
                ]
            }
        },
        {
            "type": "Feature",
            "properties": {
                "observation_date": "2016-12-25",
                "source": "S2A_40RCN_20161225_0_L1C_TCI",
                "sensor_name": "Sentinel-2",
                "type": "observation",
                "current_phase": "Active Construction",
                "is_occluded": "False",
                "is_site_boundary": "True",
                "score": 1.0
            },
            "geometry": {
                "type": "MultiPolygon",
                "coordinates": [
                    [
                        [
                            [
                                55.248694,
                                25.077862
                            ],
                            [
                                55.248825,
                                25.077802
                            ],
                            [
                                55.24895,
                                25.077794
                            ],
                            [
                                55.249188,
                                25.077807
                            ],
                            [
                                55.249282,
                                25.077831
                            ],
                            [
                                55.249412,
                                25.077853
                            ],
                            [
                                55.249543,
                                25.077836
                            ],
                            [
                                55.249684,
                                25.077774
                            ],
                            [
                                55.249627,
                                25.076337
                            ],
                            [
                                55.248557,
                                25.076642
                            ],
                            [
                                55.248631,
                                25.076866
                            ],
                            [
                                55.248672,
                                25.077269
                            ],
                            [
                                55.248646,
                                25.077663
                            ],
                            [
                                55.24859,
                                25.077932
                            ],
                            [
                                55.248694,
                                25.077862
                            ]
                        ]
                    ]
                ]
            }
        },
        {
            "type": "Feature",
            "properties": {
                "observation_date": "2017-01-04",
                "source": "S2A_40RCN_20170104_0_L2A_TCI",
                "sensor_name": "Sentinel-2",
                "type": "observation",
                "current_phase": "Active Construction",
                "is_occluded": "False",
                "is_site_boundary": "True",
                "score": 1.0
            },
            "geometry": {
                "type": "MultiPolygon",
                "coordinates": [
                    [
                        [
                            [
                                55.248687,
                                25.077862
                            ],
                            [
                                55.248819,
                                25.077802
                            ],
                            [
                                55.248943,
                                25.077794
                            ],
                            [
                                55.249182,
                                25.077807
                            ],
                            [
                                55.249275,
                                25.077832
                            ],
                            [
                                55.249405,
                                25.077853
                            ],
                            [
                                55.249536,
                                25.077836
                            ],
                            [
                                55.249678,
                                25.077774
                            ],
                            [
                                55.249621,
                                25.076337
                            ],
                            [
                                55.24855,
                                25.076642
                            ],
                            [
                                55.248625,
                                25.076866
                            ],
                            [
                                55.248666,
                                25.077269
                            ],
                            [
                                55.248639,
                                25.077663
                            ],
                            [
                                55.248584,
                                25.077932
                            ],
                            [
                                55.248687,
                                25.077862
                            ]
                        ]
                    ]
                ]
            }
        },
        {
            "type": "Feature",
            "properties": {
                "observation_date": "2017-01-18",
                "source": "LC08_L1TP_160043_20170118_20200905_02_T1_TCI",
                "sensor_name": "Landsat 8",
                "type": "observation",
                "current_phase": "Active Construction",
                "is_occluded": "False",
                "is_site_boundary": "True",
                "score": 1.0
            },
            "geometry": {
                "type": "MultiPolygon",
                "coordinates": [
                    [
                        [
                            [
                                55.248574,
                                25.077935
                            ],
                            [
                                55.248629,
                                25.077666
                            ],
                            [
                                55.248656,
                                25.077273
                            ],
                            [
                                55.248615,
                                25.07687
                            ],
                            [
                                55.24854,
                                25.076646
                            ],
                            [
                                55.24961,
                                25.076341
                            ],
                            [
                                55.249667,
                                25.077777
                            ],
                            [
                                55.249526,
                                25.077839
                            ],
                            [
                                55.249394,
                                25.077856
                            ],
                            [
                                55.249264,
                                25.077834
                            ],
                            [
                                55.249172,
                                25.07781
                            ],
                            [
                                55.248933,
                                25.077797
                            ],
                            [
                                55.248809,
                                25.077805
                            ],
                            [
                                55.248677,
                                25.077865
                            ],
                            [
                                55.248574,
                                25.077935
                            ]
                        ]
                    ]
                ]
            }
        },
        {
            "type": "Feature",
            "properties": {
                "observation_date": "2017-03-07",
                "source": "LC08_L1TP_160043_20170307_20200905_02_T1_TCI",
                "sensor_name": "Landsat 8",
                "type": "observation",
                "current_phase": "Active Construction",
                "is_occluded": "False",
                "is_site_boundary": "True",
                "score": 1.0
            },
            "geometry": {
                "type": "MultiPolygon",
                "coordinates": [
                    [
                        [
                            [
                                55.248593,
                                25.077881
                            ],
                            [
                                55.248724,
                                25.077822
                            ],
                            [
                                55.248848,
                                25.077814
                            ],
                            [
                                55.249087,
                                25.077826
                            ],
                            [
                                55.24918,
                                25.077851
                            ],
                            [
                                55.24931,
                                25.077873
                            ],
                            [
                                55.249441,
                                25.077855
                            ],
                            [
                                55.249582,
                                25.077794
                            ],
                            [
                                55.249525,
                                25.076358
                            ],
                            [
                                55.249312,
                                25.075998
                            ],
                            [
                                55.248343,
                                25.076386
                            ],
                            [
                                55.248442,
                                25.076615
                            ],
                            [
                                55.24853,
                                25.076886
                            ],
                            [
                                55.248571,
                                25.077289
                            ],
                            [
                                55.248544,
                                25.077682
                            ],
                            [
                                55.248489,
                                25.077952
                            ],
                            [
                                55.248593,
                                25.077881
                            ]
                        ]
                    ]
                ]
            }
        },
        {
            "type": "Feature",
            "properties": {
                "observation_date": "2017-03-15",
                "source": "S2A_40RCN_20170315_0_L2A_TCI",
                "sensor_name": "Sentinel-2",
                "type": "observation",
                "current_phase": "Active Construction",
                "is_occluded": "False",
                "is_site_boundary": "True",
                "score": 1.0
            },
            "geometry": {
                "type": "MultiPolygon",
                "coordinates": [
                    [
                        [
                            [
                                55.248549,
                                25.077825
                            ],
                            [
                                55.24868,
                                25.077765
                            ],
                            [
                                55.248805,
                                25.077757
                            ],
                            [
                                55.249043,
                                25.07777
                            ],
                            [
                                55.249136,
                                25.077794
                            ],
                            [
                                55.249266,
                                25.077816
                            ],
                            [
                                55.249398,
                                25.077799
                            ],
                            [
                                55.249539,
                                25.077737
                            ],
                            [
                                55.249482,
                                25.0763
                            ],
                            [
                                55.249268,
                                25.07594
                            ],
                            [
                                55.248299,
                                25.076328
                            ],
                            [
                                55.248398,
                                25.076558
                            ],
                            [
                                55.248486,
                                25.076829
                            ],
                            [
                                55.248527,
                                25.077232
                            ],
                            [
                                55.248501,
                                25.077626
                            ],
                            [
                                55.248445,
                                25.077895
                            ],
                            [
                                55.248549,
                                25.077825
                            ]
                        ]
                    ]
                ]
            }
        },
        {
            "type": "Feature",
            "properties": {
                "observation_date": "2017-04-08",
                "source": "LC08_L1TP_160043_20170408_20200904_02_T1_TCI",
                "sensor_name": "Landsat 8",
                "type": "observation",
                "current_phase": "Active Construction",
                "is_occluded": "False",
                "is_site_boundary": "True",
                "score": 1.0
            },
            "geometry": {
                "type": "MultiPolygon",
                "coordinates": [
                    [
                        [
                            [
                                55.248567,
                                25.077869
                            ],
                            [
                                55.248698,
                                25.077809
                            ],
                            [
                                55.248823,
                                25.077801
                            ],
                            [
                                55.249061,
                                25.077813
                            ],
                            [
                                55.249154,
                                25.077838
                            ],
                            [
                                55.249284,
                                25.07786
                            ],
                            [
                                55.249415,
                                25.077843
                            ],
                            [
                                55.249556,
                                25.077781
                            ],
                            [
                                55.249499,
                                25.076345
                            ],
                            [
                                55.249286,
                                25.075985
                            ],
                            [
                                55.248317,
                                25.076374
                            ],
                            [
                                55.248416,
                                25.076603
                            ],
                            [
                                55.248504,
                                25.076874
                            ],
                            [
                                55.248545,
                                25.077277
                            ],
                            [
                                55.248519,
                                25.07767
                            ],
                            [
                                55.248463,
                                25.077939
                            ],
                            [
                                55.248567,
                                25.077869
                            ]
                        ]
                    ]
                ]
            }
        },
        {
            "type": "Feature",
            "properties": {
                "observation_date": "2017-04-24",
                "source": "S2A_40RCN_20170424_0_L2A_TCI",
                "sensor_name": "Sentinel-2",
                "type": "observation",
                "current_phase": "Active Construction",
                "is_occluded": "False",
                "is_site_boundary": "True",
                "score": 1.0
            },
            "geometry": {
                "type": "MultiPolygon",
                "coordinates": [
                    [
                        [
                            [
                                55.248591,
                                25.077907
                            ],
                            [
                                55.248723,
                                25.077847
                            ],
                            [
                                55.248847,
                                25.077839
                            ],
                            [
                                55.249086,
                                25.077852
                            ],
                            [
                                55.249179,
                                25.077876
                            ],
                            [
                                55.249309,
                                25.077898
                            ],
                            [
                                55.24944,
                                25.077881
                            ],
                            [
                                55.249582,
                                25.077819
                            ],
                            [
                                55.249525,
                                25.076382
                            ],
                            [
                                55.249311,
                                25.076022
                            ],
                            [
                                55.248342,
                                25.07641
                            ],
                            [
                                55.24844,
                                25.07664
                            ],
                            [
                                55.248528,
                                25.076911
                            ],
                            [
                                55.248569,
                                25.077314
                            ],
                            [
                                55.248543,
                                25.077708
                            ],
                            [
                                55.248487,
                                25.077977
                            ],
                            [
                                55.248591,
                                25.077907
                            ]
                        ]
                    ]
                ]
            }
        },
        {
            "type": "Feature",
            "properties": {
                "observation_date": "2017-05-24",
                "source": "S2A_40RCN_20170524_0_L2A_TCI",
                "sensor_name": "Sentinel-2",
                "type": "observation",
                "current_phase": "Active Construction",
                "is_occluded": "False",
                "is_site_boundary": "True",
                "score": 1.0
            },
            "geometry": {
                "type": "MultiPolygon",
                "coordinates": [
                    [
                        [
                            [
                                55.248612,
                                25.077948
                            ],
                            [
                                55.248744,
                                25.077888
                            ],
                            [
                                55.248869,
                                25.07788
                            ],
                            [
                                55.249107,
                                25.077893
                            ],
                            [
                                55.2492,
                                25.077917
                            ],
                            [
                                55.24933,
                                25.077939
                            ],
                            [
                                55.249461,
                                25.077922
                            ],
                            [
                                55.249603,
                                25.07786
                            ],
                            [
                                55.249546,
                                25.076423
                            ],
                            [
                                55.249332,
                                25.076063
                            ],
                            [
                                55.248363,
                                25.076451
                            ],
                            [
                                55.248461,
                                25.076681
                            ],
                            [
                                55.24855,
                                25.076952
                            ],
                            [
                                55.248591,
                                25.077355
                            ],
                            [
                                55.248564,
                                25.077749
                            ],
                            [
                                55.248509,
                                25.078018
                            ],
                            [
                                55.248612,
                                25.077948
                            ]
                        ]
                    ]
                ]
            }
        },
        {
            "type": "Feature",
            "properties": {
                "observation_date": "2017-05-26",
                "source": "LC08_L1TP_160043_20170526_20200903_02_T1_TCI",
                "sensor_name": "Landsat 8",
                "type": "observation",
                "current_phase": "Active Construction",
                "is_occluded": "False",
                "is_site_boundary": "True",
                "score": 1.0
            },
            "geometry": {
                "type": "MultiPolygon",
                "coordinates": [
                    [
                        [
                            [
                                55.24863,
                                25.077991
                            ],
                            [
                                55.248762,
                                25.077932
                            ],
                            [
                                55.248886,
                                25.077924
                            ],
                            [
                                55.249124,
                                25.077936
                            ],
                            [
                                55.249217,
                                25.077961
                            ],
                            [
                                55.249347,
                                25.077983
                            ],
                            [
                                55.249478,
                                25.077965
                            ],
                            [
                                55.24962,
                                25.077904
                            ],
                            [
                                55.249563,
                                25.076468
                            ],
                            [
                                55.249349,
                                25.076108
                            ],
                            [
                                55.248381,
                                25.076497
                            ],
                            [
                                55.248479,
                                25.076726
                            ],
                            [
                                55.248568,
                                25.076996
                            ],
                            [
                                55.248609,
                                25.0774
                            ],
                            [
                                55.248582,
                                25.077792
                            ],
                            [
                                55.248527,
                                25.078062
                            ],
                            [
                                55.24863,
                                25.077991
                            ]
                        ]
                    ]
                ]
            }
        },
        {
            "type": "Feature",
            "properties": {
                "observation_date": "2017-06-03",
                "source": "S2A_40RCN_20170603_0_L2A_TCI",
                "sensor_name": "Sentinel-2",
                "type": "observation",
                "current_phase": "Active Construction",
                "is_occluded": "False",
                "is_site_boundary": "True",
                "score": 1.0
            },
            "geometry": {
                "type": "MultiPolygon",
                "coordinates": [
                    [
                        [
                            [
                                55.248655,
                                25.07803
                            ],
                            [
                                55.248786,
                                25.07797
                            ],
                            [
                                55.248911,
                                25.077962
                            ],
                            [
                                55.24915,
                                25.077975
                            ],
                            [
                                55.249243,
                                25.077999
                            ],
                            [
                                55.249373,
                                25.078021
                            ],
                            [
                                55.249504,
                                25.078004
                            ],
                            [
                                55.249645,
                                25.077942
                            ],
                            [
                                55.249588,
                                25.076505
                            ],
                            [
                                55.249375,
                                25.076145
                            ],
                            [
                                55.248405,
                                25.076533
                            ],
                            [
                                55.248504,
                                25.076763
                            ],
                            [
                                55.248592,
                                25.077034
                            ],
                            [
                                55.248633,
                                25.077437
                            ],
                            [
                                55.248607,
                                25.077831
                            ],
                            [
                                55.248551,
                                25.0781
                            ],
                            [
                                55.248655,
                                25.07803
                            ]
                        ]
                    ]
                ]
            }
        },
        {
            "type": "Feature",
            "properties": {
                "observation_date": "2017-06-27",
                "source": "LC08_L1TP_160043_20170627_20200903_02_T1_TCI",
                "sensor_name": "Landsat 8",
                "type": "observation",
                "current_phase": "Active Construction",
                "is_occluded": "False",
                "is_site_boundary": "True",
                "score": 1.0
            },
            "geometry": {
                "type": "MultiPolygon",
                "coordinates": [
                    [
                        [
                            [
                                55.248652,
                                25.078026
                            ],
                            [
                                55.248784,
                                25.077966
                            ],
                            [
                                55.248908,
                                25.077958
                            ],
                            [
                                55.249146,
                                25.077971
                            ],
                            [
                                55.249239,
                                25.077995
                            ],
                            [
                                55.249369,
                                25.078017
                            ],
                            [
                                55.2495,
                                25.078
                            ],
                            [
                                55.249642,
                                25.077938
                            ],
                            [
                                55.249585,
                                25.076502
                            ],
                            [
                                55.249371,
                                25.076142
                            ],
                            [
                                55.248403,
                                25.076531
                            ],
                            [
                                55.248501,
                                25.07676
                            ],
                            [
                                55.24859,
                                25.077031
                            ],
                            [
                                55.24863,
                                25.077434
                            ],
                            [
                                55.248604,
                                25.077827
                            ],
                            [
                                55.248548,
                                25.078096
                            ],
                            [
                                55.248652,
                                25.078026
                            ]
                        ]
                    ]
                ]
            }
        },
        {
            "type": "Feature",
            "properties": {
                "observation_date": "2017-07-03",
                "source": "S2A_40RCN_20170703_0_L2A_TCI",
                "sensor_name": "Sentinel-2",
                "type": "observation",
                "current_phase": "Active Construction",
                "is_occluded": "False",
                "is_site_boundary": "True",
                "score": 1.0
            },
            "geometry": {
                "type": "MultiPolygon",
                "coordinates": [
                    [
                        [
                            [
                                55.248656,
                                25.078016
                            ],
                            [
                                55.248788,
                                25.077957
                            ],
                            [
                                55.248912,
                                25.077949
                            ],
                            [
                                55.249151,
                                25.077961
                            ],
                            [
                                55.249244,
                                25.077986
                            ],
                            [
                                55.249374,
                                25.078008
                            ],
                            [
                                55.249505,
                                25.07799
                            ],
                            [
                                55.249647,
                                25.077929
                            ],
                            [
                                55.24959,
                                25.076491
                            ],
                            [
                                55.249376,
                                25.076131
                            ],
                            [
                                55.248407,
                                25.07652
                            ],
                            [
                                55.248505,
                                25.076749
                            ],
                            [
                                55.248594,
                                25.07702
                            ],
                            [
                                55.248634,
                                25.077424
                            ],
                            [
                                55.248608,
                                25.077817
                            ],
                            [
                                55.248552,
                                25.078087
                            ],
                            [
                                55.248656,
                                25.078016
                            ]
                        ]
                    ]
                ]
            }
        },
        {
            "type": "Feature",
            "properties": {
                "observation_date": "2017-07-29",
                "source": "LC08_L1TP_160043_20170729_20200903_02_T1_TCI",
                "sensor_name": "Landsat 8",
                "type": "observation",
                "current_phase": "Active Construction",
                "is_occluded": "False",
                "is_site_boundary": "True",
                "score": 1.0
            },
            "geometry": {
                "type": "MultiPolygon",
                "coordinates": [
                    [
                        [
                            [
                                55.248654,
                                25.078012
                            ],
                            [
                                55.248785,
                                25.077953
                            ],
                            [
                                55.248909,
                                25.077945
                            ],
                            [
                                55.249148,
                                25.077957
                            ],
                            [
                                55.249241,
                                25.077982
                            ],
                            [
                                55.24937,
                                25.078004
                            ],
                            [
                                55.249502,
                                25.077986
                            ],
                            [
                                55.249643,
                                25.077925
                            ],
                            [
                                55.249586,
                                25.076489
                            ],
                            [
                                55.249372,
                                25.076129
                            ],
                            [
                                55.248404,
                                25.076517
                            ],
                            [
                                55.248502,
                                25.076747
                            ],
                            [
                                55.248591,
                                25.077017
                            ],
                            [
                                55.248632,
                                25.07742
                            ],
                            [
                                55.248605,
                                25.077813
                            ],
                            [
                                55.24855,
                                25.078083
                            ],
                            [
                                55.248654,
                                25.078012
                            ]
                        ]
                    ]
                ]
            }
        },
        {
            "type": "Feature",
            "properties": {
                "observation_date": "2017-08-02",
                "source": "S2A_40RCN_20170802_0_L2A_TCI",
                "sensor_name": "Sentinel-2",
                "type": "observation",
                "current_phase": "Active Construction",
                "is_occluded": "False",
                "is_site_boundary": "True",
                "score": 1.0
            },
            "geometry": {
                "type": "MultiPolygon",
                "coordinates": [
                    [
                        [
                            [
                                55.248658,
                                25.078003
                            ],
                            [
                                55.248789,
                                25.077944
                            ],
                            [
                                55.248914,
                                25.077936
                            ],
                            [
                                55.249152,
                                25.077948
                            ],
                            [
                                55.249245,
                                25.077973
                            ],
                            [
                                55.249375,
                                25.077994
                            ],
                            [
                                55.249507,
                                25.077977
                            ],
                            [
                                55.249648,
                                25.077916
                            ],
                            [
                                55.249591,
                                25.076478
                            ],
                            [
                                55.249377,
                                25.076118
                            ],
                            [
                                55.248408,
                                25.076507
                            ],
                            [
                                55.248506,
                                25.076736
                            ],
                            [
                                55.248595,
                                25.077007
                            ],
                            [
                                55.248636,
                                25.077411
                            ],
                            [
                                55.248609,
                                25.077804
                            ],
                            [
                                55.248554,
                                25.078074
                            ],
                            [
                                55.248658,
                                25.078003
                            ]
                        ]
                    ]
                ]
            }
        },
        {
            "type": "Feature",
            "properties": {
                "observation_date": "2017-08-30",
                "source": "LC08_L1TP_160043_20170830_20200903_02_T1_TCI",
                "sensor_name": "Landsat 8",
                "type": "observation",
                "current_phase": "Active Construction",
                "is_occluded": "False",
                "is_site_boundary": "True",
                "score": 1.0
            },
            "geometry": {
                "type": "MultiPolygon",
                "coordinates": [
                    [
                        [
                            [
                                55.248655,
                                25.077999
                            ],
                            [
                                55.248786,
                                25.07794
                            ],
                            [
                                55.248911,
                                25.077932
                            ],
                            [
                                55.249149,
                                25.077944
                            ],
                            [
                                55.249242,
                                25.077969
                            ],
                            [
                                55.249372,
                                25.07799
                            ],
                            [
                                55.249503,
                                25.077973
                            ],
                            [
                                55.249644,
                                25.077912
                            ],
                            [
                                55.249587,
                                25.076476
                            ],
                            [
                                55.249374,
                                25.076116
                            ],
                            [
                                55.248406,
                                25.076504
                            ],
                            [
                                55.248504,
                                25.076733
                            ],
                            [
                                55.248592,
                                25.077004
                            ],
                            [
                                55.248633,
                                25.077407
                            ],
                            [
                                55.248607,
                                25.0778
                            ],
                            [
                                55.248551,
                                25.07807
                            ],
                            [
                                55.248655,
                                25.077999
                            ]
                        ]
                    ]
                ]
            }
        },
        {
            "type": "Feature",
            "properties": {
                "observation_date": "2017-09-15",
                "source": "LC08_L1TP_160043_20170915_20200903_02_T1_TCI",
                "sensor_name": "Landsat 8",
                "type": "observation",
                "current_phase": "Active Construction",
                "is_occluded": "False",
                "is_site_boundary": "True",
                "score": 1.0
            },
            "geometry": {
                "type": "MultiPolygon",
                "coordinates": [
                    [
                        [
                            [
                                55.248656,
                                25.077992
                            ],
                            [
                                55.248787,
                                25.077933
                            ],
                            [
                                55.248911,
                                25.077925
                            ],
                            [
                                55.24915,
                                25.077937
                            ],
                            [
                                55.249243,
                                25.077962
                            ],
                            [
                                55.249372,
                                25.077984
                            ],
                            [
                                55.249504,
                                25.077966
                            ],
                            [
                                55.249645,
                                25.077905
                            ],
                            [
                                55.249588,
                                25.076469
                            ],
                            [
                                55.249374,
                                25.076109
                            ],
                            [
                                55.248406,
                                25.076497
                            ],
                            [
                                55.248504,
                                25.076727
                            ],
                            [
                                55.248593,
                                25.076997
                            ],
                            [
                                55.248634,
                                25.077401
                            ],
                            [
                                55.248607,
                                25.077793
                            ],
                            [
                                55.248552,
                                25.078063
                            ],
                            [
                                55.248656,
                                25.077992
                            ]
                        ]
                    ]
                ]
            }
        },
        {
            "type": "Feature",
            "properties": {
                "observation_date": "2017-09-21",
                "source": "S2A_40RCN_20170921_2_L2A_TCI",
                "sensor_name": "Sentinel-2",
                "type": "observation",
                "current_phase": "Active Construction",
                "is_occluded": "False",
                "is_site_boundary": "True",
                "score": 1.0
            },
            "geometry": {
                "type": "MultiPolygon",
                "coordinates": [
                    [
                        [
                            [
                                55.24866,
                                25.077983
                            ],
                            [
                                55.248791,
                                25.077924
                            ],
                            [
                                55.248916,
                                25.077916
                            ],
                            [
                                55.249154,
                                25.077928
                            ],
                            [
                                55.249247,
                                25.077953
                            ],
                            [
                                55.249377,
                                25.077974
                            ],
                            [
                                55.249509,
                                25.077957
                            ],
                            [
                                55.24965,
                                25.077896
                            ],
                            [
                                55.249593,
                                25.076458
                            ],
                            [
                                55.249379,
                                25.076098
                            ],
                            [
                                55.24841,
                                25.076487
                            ],
                            [
                                55.248508,
                                25.076716
                            ],
                            [
                                55.248597,
                                25.076987
                            ],
                            [
                                55.248638,
                                25.077391
                            ],
                            [
                                55.248611,
                                25.077784
                            ],
                            [
                                55.248556,
                                25.078054
                            ],
                            [
                                55.24866,
                                25.077983
                            ]
                        ]
                    ]
                ]
            }
        },
        {
            "type": "Feature",
            "properties": {
                "observation_date": "2017-10-01",
                "source": "LC08_L1TP_160043_20171001_20200903_02_T1_TCI",
                "sensor_name": "Landsat 8",
                "type": "observation",
                "current_phase": "Active Construction",
                "is_occluded": "False",
                "is_site_boundary": "True",
                "score": 1.0
            },
            "geometry": {
                "type": "MultiPolygon",
                "coordinates": [
                    [
                        [
                            [
                                55.248657,
                                25.077979
                            ],
                            [
                                55.248788,
                                25.07792
                            ],
                            [
                                55.248913,
                                25.077912
                            ],
                            [
                                55.249151,
                                25.077924
                            ],
                            [
                                55.249244,
                                25.077949
                            ],
                            [
                                55.249374,
                                25.07797
                            ],
                            [
                                55.249505,
                                25.077953
                            ],
                            [
                                55.249646,
                                25.077892
                            ],
                            [
                                55.249589,
                                25.076456
                            ],
                            [
                                55.249376,
                                25.076096
                            ],
                            [
                                55.248408,
                                25.076484
                            ],
                            [
                                55.248506,
                                25.076713
                            ],
                            [
                                55.248594,
                                25.076984
                            ],
                            [
                                55.248635,
                                25.077387
                            ],
                            [
                                55.248609,
                                25.07778
                            ],
                            [
                                55.248553,
                                25.07805
                            ],
                            [
                                55.248657,
                                25.077979
                            ]
                        ]
                    ]
                ]
            }
        },
        {
            "type": "Feature",
            "properties": {
                "observation_date": "2017-10-21",
                "source": "S2A_40RCN_20171021_0_L2A_TCI",
                "sensor_name": "Sentinel-2",
                "type": "observation",
                "current_phase": "Active Construction",
                "is_occluded": "False",
                "is_site_boundary": "True",
                "score": 1.0
            },
            "geometry": {
                "type": "MultiPolygon",
                "coordinates": [
                    [
                        [
                            [
                                55.248661,
                                25.07797
                            ],
                            [
                                55.248792,
                                25.07791
                            ],
                            [
                                55.248917,
                                25.077902
                            ],
                            [
                                55.249155,
                                25.077915
                            ],
                            [
                                55.249249,
                                25.077939
                            ],
                            [
                                55.249379,
                                25.077961
                            ],
                            [
                                55.24951,
                                25.077944
                            ],
                            [
                                55.249651,
                                25.077882
                            ],
                            [
                                55.249594,
                                25.076445
                            ],
                            [
                                55.249381,
                                25.076085
                            ],
                            [
                                55.248411,
                                25.076473
                            ],
                            [
                                55.24851,
                                25.076703
                            ],
                            [
                                55.248598,
                                25.076974
                            ],
                            [
                                55.248639,
                                25.077377
                            ],
                            [
                                55.248613,
                                25.077771
                            ],
                            [
                                55.248557,
                                25.07804
                            ],
                            [
                                55.248661,
                                25.07797
                            ]
                        ]
                    ]
                ]
            }
        },
        {
            "type": "Feature",
            "properties": {
                "observation_date": "2017-11-18",
                "source": "LC08_L1TP_160043_20171118_20200902_02_T1_TCI",
                "sensor_name": "Landsat 8",
                "type": "observation",
                "current_phase": "Active Construction",
                "is_occluded": "False",
                "is_site_boundary": "True",
                "score": 1.0
            },
            "geometry": {
                "type": "MultiPolygon",
                "coordinates": [
                    [
                        [
                            [
                                55.248659,
                                25.077959
                            ],
                            [
                                55.24879,
                                25.0779
                            ],
                            [
                                55.248915,
                                25.077892
                            ],
                            [
                                55.249153,
                                25.077904
                            ],
                            [
                                55.249246,
                                25.077929
                            ],
                            [
                                55.249376,
                                25.07795
                            ],
                            [
                                55.249507,
                                25.077933
                            ],
                            [
                                55.249648,
                                25.077872
                            ],
                            [
                                55.249591,
                                25.076436
                            ],
                            [
                                55.249378,
                                25.076076
                            ],
                            [
                                55.24841,
                                25.076464
                            ],
                            [
                                55.248508,
                                25.076693
                            ],
                            [
                                55.248596,
                                25.076964
                            ],
                            [
                                55.248637,
                                25.077367
                            ],
                            [
                                55.248611,
                                25.07776
                            ],
                            [
                                55.248555,
                                25.07803
                            ],
                            [
                                55.248659,
                                25.077959
                            ]
                        ]
                    ]
                ]
            }
        },
        {
            "type": "Feature",
            "properties": {
                "observation_date": "2017-11-20",
                "source": "S2A_40RCN_20171120_0_L2A_TCI",
                "sensor_name": "Sentinel-2",
                "type": "observation",
                "current_phase": "Active Construction",
                "is_occluded": "False",
                "is_site_boundary": "True",
                "score": 1.0
            },
            "geometry": {
                "type": "MultiPolygon",
                "coordinates": [
                    [
                        [
                            [
                                55.248663,
                                25.07795
                            ],
                            [
                                55.248794,
                                25.07789
                            ],
                            [
                                55.248919,
                                25.077882
                            ],
                            [
                                55.249157,
                                25.077895
                            ],
                            [
                                55.249251,
                                25.077919
                            ],
                            [
                                55.249381,
                                25.077941
                            ],
                            [
                                55.249512,
                                25.077924
                            ],
                            [
                                55.249653,
                                25.077862
                            ],
                            [
                                55.249596,
                                25.076425
                            ],
                            [
                                55.249383,
                                25.076065
                            ],
                            [
                                55.248413,
                                25.076453
                            ],
                            [
                                55.248512,
                                25.076683
                            ],
                            [
                                55.2486,
                                25.076954
                            ],
                            [
                                55.248641,
                                25.077357
                            ],
                            [
                                55.248615,
                                25.077751
                            ],
                            [
                                55.248559,
                                25.07802
                            ],
                            [
                                55.248663,
                                25.07795
                            ]
                        ]
                    ]
                ]
            }
        },
        {
            "type": "Feature",
            "properties": {
                "observation_date": "2017-12-20",
                "source": "LC08_L1TP_160043_20171220_20200902_02_T1_TCI",
                "sensor_name": "Landsat 8",
                "type": "observation",
                "current_phase": "Active Construction",
                "is_occluded": "False",
                "is_site_boundary": "True",
                "score": 1.0
            },
            "geometry": {
                "type": "MultiPolygon",
                "coordinates": [
                    [
                        [
                            [
                                55.248667,
                                25.077968
                            ],
                            [
                                55.248798,
                                25.077909
                            ],
                            [
                                55.248923,
                                25.077901
                            ],
                            [
                                55.249161,
                                25.077913
                            ],
                            [
                                55.249254,
                                25.077938
                            ],
                            [
                                55.249384,
                                25.07796
                            ],
                            [
                                55.249515,
                                25.077942
                            ],
                            [
                                55.249656,
                                25.077881
                            ],
                            [
                                55.249599,
                                25.076445
                            ],
                            [
                                55.249386,
                                25.076085
                            ],
                            [
                                55.248418,
                                25.076473
                            ],
                            [
                                55.248516,
                                25.076702
                            ],
                            [
                                55.248604,
                                25.076973
                            ],
                            [
                                55.248645,
                                25.077376
                            ],
                            [
                                55.248619,
                                25.077769
                            ],
                            [
                                55.248563,
                                25.078039
                            ],
                            [
                                55.248667,
                                25.077968
                            ]
                        ]
                    ]
                ]
            }
        },
        {
            "type": "Feature",
            "properties": {
                "observation_date": "2017-12-20",
                "source": "S2A_40RCN_20171220_0_L2A_TCI",
                "sensor_name": "Sentinel-2",
                "type": "observation",
                "current_phase": "Active Construction",
                "is_occluded": "False",
                "is_site_boundary": "True",
                "score": 1.0
            },
            "geometry": {
                "type": "MultiPolygon",
                "coordinates": [
                    [
                        [
                            [
                                55.248678,
                                25.077981
                            ],
                            [
                                55.248809,
                                25.077922
                            ],
                            [
                                55.248934,
                                25.077914
                            ],
                            [
                                55.249172,
                                25.077926
                            ],
                            [
                                55.249265,
                                25.077951
                            ],
                            [
                                55.249395,
                                25.077973
                            ],
                            [
                                55.249526,
                                25.077955
                            ],
                            [
                                55.249668,
                                25.077894
                            ],
                            [
                                55.249611,
                                25.076456
                            ],
                            [
                                55.249397,
                                25.076096
                            ],
                            [
                                55.248428,
                                25.076485
                            ],
                            [
                                55.248526,
                                25.076714
                            ],
                            [
                                55.248615,
                                25.076985
                            ],
                            [
                                55.248656,
                                25.077389
                            ],
                            [
                                55.248629,
                                25.077782
                            ],
                            [
                                55.248574,
                                25.078052
                            ],
                            [
                                55.248678,
                                25.077981
                            ]
                        ]
                    ]
                ]
            }
        },
        {
            "type": "Feature",
            "properties": {
                "observation_date": "2017-12-30",
                "source": "17DEC30095332-P1BS-501824017010_01_P001",
                "sensor_name": "WorldView",
                "type": "observation",
                "current_phase": "Active Construction",
                "is_occluded": "False",
                "is_site_boundary": "True",
                "score": 1.0
            },
            "geometry": {
                "type": "MultiPolygon",
                "coordinates": [
                    [
                        [
                            [
                                55.248685,
                                25.077881
                            ],
                            [
                                55.248817,
                                25.077822
                            ],
                            [
                                55.248942,
                                25.077814
                            ],
                            [
                                55.249182,
                                25.077826
                            ],
                            [
                                55.249275,
                                25.077851
                            ],
                            [
                                55.249406,
                                25.077872
                            ],
                            [
                                55.249538,
                                25.077855
                            ],
                            [
                                55.24968,
                                25.077794
                            ],
                            [
                                55.249623,
                                25.076355
                            ],
                            [
                                55.249408,
                                25.075995
                            ],
                            [
                                55.248434,
                                25.076384
                            ],
                            [
                                55.248533,
                                25.076613
                            ],
                            [
                                55.248622,
                                25.076884
                            ],
                            [
                                55.248663,
                                25.077288
                            ],
                            [
                                55.248636,
                                25.077682
                            ],
                            [
                                55.24858,
                                25.077952
                            ],
                            [
                                55.248685,
                                25.077881
                            ]
                        ]
                    ]
                ]
            }
        },
        {
            "type": "Feature",
            "properties": {
                "observation_date": "2018-01-05",
                "source": "LC08_L1TP_160043_20180105_20200902_02_T1_TCI",
                "sensor_name": "Landsat 8",
                "type": "observation",
                "current_phase": "Active Construction",
                "is_occluded": "False",
                "is_site_boundary": "True",
                "score": 1.0
            },
            "geometry": {
                "type": "MultiPolygon",
                "coordinates": [
                    [
                        [
                            [
                                55.248666,
                                25.077918
                            ],
                            [
                                55.248797,
                                25.077859
                            ],
                            [
                                55.248921,
                                25.077851
                            ],
                            [
                                55.24916,
                                25.077863
                            ],
                            [
                                55.249253,
                                25.077888
                            ],
                            [
                                55.249382,
                                25.077909
                            ],
                            [
                                55.249514,
                                25.077892
                            ],
                            [
                                55.249655,
                                25.077831
                            ],
                            [
                                55.249598,
                                25.076395
                            ],
                            [
                                55.249384,
                                25.076035
                            ],
                            [
                                55.248416,
                                25.076423
                            ],
                            [
                                55.248514,
                                25.076652
                            ],
                            [
                                55.248603,
                                25.076923
                            ],
                            [
                                55.248644,
                                25.077326
                            ],
                            [
                                55.248617,
                                25.077719
                            ],
                            [
                                55.248562,
                                25.077989
                            ],
                            [
                                55.248666,
                                25.077918
                            ]
                        ]
                    ]
                ]
            }
        },
        {
            "type": "Feature",
            "properties": {
                "observation_date": "2018-01-14",
                "source": "S2B_40RCN_20180114_0_L2A_TCI",
                "sensor_name": "Sentinel-2",
                "type": "observation",
                "current_phase": "Active Construction",
                "is_occluded": "False",
                "is_site_boundary": "True",
                "score": 1.0
            },
            "geometry": {
                "type": "MultiPolygon",
                "coordinates": [
                    [
                        [
                            [
                                55.24867,
                                25.077948
                            ],
                            [
                                55.248801,
                                25.077889
                            ],
                            [
                                55.248926,
                                25.077881
                            ],
                            [
                                55.249164,
                                25.077893
                            ],
                            [
                                55.249257,
                                25.077918
                            ],
                            [
                                55.249387,
                                25.077939
                            ],
                            [
                                55.249519,
                                25.077922
                            ],
                            [
                                55.24966,
                                25.077861
                            ],
                            [
                                55.249603,
                                25.076423
                            ],
                            [
                                55.249389,
                                25.076063
                            ],
                            [
                                55.24842,
                                25.076452
                            ],
                            [
                                55.248518,
                                25.076681
                            ],
                            [
                                55.248607,
                                25.076952
                            ],
                            [
                                55.248648,
                                25.077356
                            ],
                            [
                                55.248621,
                                25.077749
                            ],
                            [
                                55.248566,
                                25.078019
                            ],
                            [
                                55.24867,
                                25.077948
                            ]
                        ]
                    ]
                ]
            }
        },
        {
            "type": "Feature",
            "properties": {
                "observation_date": "2018-02-03",
                "source": "S2B_40RCN_20180203_0_L2A_TCI",
                "sensor_name": "Sentinel-2",
                "type": "observation",
                "current_phase": "Active Construction",
                "is_occluded": "False",
                "is_site_boundary": "True",
                "score": 1.0
            },
            "geometry": {
                "type": "MultiPolygon",
                "coordinates": [
                    [
                        [
                            [
                                55.248675,
                                25.077992
                            ],
                            [
                                55.248806,
                                25.077933
                            ],
                            [
                                55.248931,
                                25.077925
                            ],
                            [
                                55.24917,
                                25.077937
                            ],
                            [
                                55.249263,
                                25.077962
                            ],
                            [
                                55.249393,
                                25.077984
                            ],
                            [
                                55.249524,
                                25.077966
                            ],
                            [
                                55.249666,
                                25.077905
                            ],
                            [
                                55.249609,
                                25.076467
                            ],
                            [
                                55.249395,
                                25.076107
                            ],
                            [
                                55.248425,
                                25.076496
                            ],
                            [
                                55.248524,
                                25.076725
                            ],
                            [
                                55.248612,
                                25.076996
                            ],
                            [
                                55.248653,
                                25.0774
                            ],
                            [
                                55.248627,
                                25.077793
                            ],
                            [
                                55.248571,
                                25.078063
                            ],
                            [
                                55.248675,
                                25.077992
                            ]
                        ]
                    ]
                ]
            }
        },
        {
            "type": "Feature",
            "properties": {
                "observation_date": "2018-02-06",
                "source": "LC08_L1TP_160043_20180206_20200902_02_T1_TCI",
                "sensor_name": "Landsat 8",
                "type": "observation",
                "current_phase": "Active Construction",
                "is_occluded": "False",
                "is_site_boundary": "True",
                "score": 1.0
            },
            "geometry": {
                "type": "MultiPolygon",
                "coordinates": [
                    [
                        [
                            [
                                55.248676,
                                25.077948
                            ],
                            [
                                55.248808,
                                25.077889
                            ],
                            [
                                55.248932,
                                25.077881
                            ],
                            [
                                55.24917,
                                25.077893
                            ],
                            [
                                55.249263,
                                25.077918
                            ],
                            [
                                55.249393,
                                25.077939
                            ],
                            [
                                55.249524,
                                25.077922
                            ],
                            [
                                55.249666,
                                25.077861
                            ],
                            [
                                55.249609,
                                25.076425
                            ],
                            [
                                55.249395,
                                25.076065
                            ],
                            [
                                55.248427,
                                25.076453
                            ],
                            [
                                55.248525,
                                25.076682
                            ],
                            [
                                55.248614,
                                25.076953
                            ],
                            [
                                55.248654,
                                25.077356
                            ],
                            [
                                55.248628,
                                25.077749
                            ],
                            [
                                55.248572,
                                25.078018
                            ],
                            [
                                55.248676,
                                25.077948
                            ]
                        ]
                    ]
                ]
            }
        },
        {
            "type": "Feature",
            "properties": {
                "observation_date": "2018-03-08",
                "source": "18MAR08072034-M1BS-502009134020_01_P003",
                "sensor_name": "WorldView",
                "type": "observation",
                "current_phase": "Active Construction",
                "is_occluded": "False",
                "is_site_boundary": "True",
                "score": 1.0
            },
            "geometry": {
                "type": "MultiPolygon",
                "coordinates": [
                    [
                        [
                            [
                                55.2487,
                                25.077896
                            ],
                            [
                                55.248832,
                                25.077836
                            ],
                            [
                                55.248958,
                                25.077828
                            ],
                            [
                                55.249197,
                                25.077841
                            ],
                            [
                                55.249291,
                                25.077866
                            ],
                            [
                                55.249421,
                                25.077887
                            ],
                            [
                                55.249553,
                                25.07787
                            ],
                            [
                                55.249696,
                                25.077808
                            ],
                            [
                                55.249638,
                                25.07637
                            ],
                            [
                                55.249423,
                                25.076009
                            ],
                            [
                                55.248449,
                                25.076398
                            ],
                            [
                                55.248548,
                                25.076628
                            ],
                            [
                                55.248637,
                                25.076899
                            ],
                            [
                                55.248678,
                                25.077303
                            ],
                            [
                                55.248652,
                                25.077697
                            ],
                            [
                                55.248596,
                                25.077967
                            ],
                            [
                                55.2487,
                                25.077896
                            ]
                        ]
                    ]
                ]
            }
        },
        {
            "type": "Feature",
            "properties": {
                "observation_date": "2018-03-25",
                "source": "S2B_40RCN_20180325_0_L2A_TCI",
                "sensor_name": "Sentinel-2",
                "type": "observation",
                "current_phase": "Active Construction",
                "is_occluded": "False",
                "is_site_boundary": "True",
                "score": 1.0
            },
            "geometry": {
                "type": "MultiPolygon",
                "coordinates": [
                    [
                        [
                            [
                                55.248684,
                                25.077898
                            ],
                            [
                                55.248816,
                                25.077838
                            ],
                            [
                                55.24894,
                                25.07783
                            ],
                            [
                                55.249179,
                                25.077843
                            ],
                            [
                                55.249272,
                                25.077868
                            ],
                            [
                                55.249402,
                                25.077889
                            ],
                            [
                                55.249533,
                                25.077872
                            ],
                            [
                                55.249675,
                                25.07781
                            ],
                            [
                                55.249618,
                                25.076373
                            ],
                            [
                                55.249404,
                                25.076013
                            ],
                            [
                                55.248435,
                                25.076402
                            ],
                            [
                                55.248533,
                                25.076631
                            ],
                            [
                                55.248621,
                                25.076902
                            ],
                            [
                                55.248662,
                                25.077305
                            ],
                            [
                                55.248636,
                                25.077699
                            ],
                            [
                                55.24858,
                                25.077969
                            ],
                            [
                                55.248684,
                                25.077898
                            ]
                        ]
                    ]
                ]
            }
        },
        {
            "type": "Feature",
            "properties": {
                "observation_date": "2018-03-26",
                "source": "LC08_L1TP_160043_20180326_20200901_02_T1_TCI",
                "sensor_name": "Landsat 8",
                "type": "observation",
                "current_phase": "Active Construction",
                "is_occluded": "False",
                "is_site_boundary": "True",
                "score": 1.0
            },
            "geometry": {
                "type": "MultiPolygon",
                "coordinates": [
                    [
                        [
                            [
                                55.248673,
                                25.077961
                            ],
                            [
                                55.248804,
                                25.077902
                            ],
                            [
                                55.248929,
                                25.077894
                            ],
                            [
                                55.249167,
                                25.077906
                            ],
                            [
                                55.24926,
                                25.077931
                            ],
                            [
                                55.24939,
                                25.077953
                            ],
                            [
                                55.249521,
                                25.077935
                            ],
                            [
                                55.249663,
                                25.077874
                            ],
                            [
                                55.249606,
                                25.076438
                            ],
                            [
                                55.249392,
                                25.076078
                            ],
                            [
                                55.248424,
                                25.076467
                            ],
                            [
                                55.248522,
                                25.076696
                            ],
                            [
                                55.24861,
                                25.076966
                            ],
                            [
                                55.248651,
                                25.07737
                            ],
                            [
                                55.248625,
                                25.077763
                            ],
                            [
                                55.248569,
                                25.078032
                            ],
                            [
                                55.248673,
                                25.077961
                            ]
                        ]
                    ]
                ]
            }
        },
        {
            "type": "Feature",
            "properties": {
                "observation_date": "2018-04-08",
                "source": "18APR08071428-S2AS_R1C1-501903689030_01_P001",
                "sensor_name": "WorldView",
                "type": "observation",
                "current_phase": "Active Construction",
                "is_occluded": "False",
                "is_site_boundary": "True",
                "score": 1.0
            },
            "geometry": {
                "type": "MultiPolygon",
                "coordinates": [
                    [
                        [
                            [
                                55.248815,
                                25.077953
                            ],
                            [
                                55.248947,
                                25.077894
                            ],
                            [
                                55.249072,
                                25.077886
                            ],
                            [
                                55.249311,
                                25.077898
                            ],
                            [
                                55.249405,
                                25.077923
                            ],
                            [
                                55.249536,
                                25.077945
                            ],
                            [
                                55.249667,
                                25.077927
                            ],
                            [
                                55.24981,
                                25.077866
                            ],
                            [
                                55.249752,
                                25.076427
                            ],
                            [
                                55.249538,
                                25.076067
                            ],
                            [
                                55.248564,
                                25.076456
                            ],
                            [
                                55.248663,
                                25.076685
                            ],
                            [
                                55.248751,
                                25.076956
                            ],
                            [
                                55.248793,
                                25.07736
                            ],
                            [
                                55.248766,
                                25.077754
                            ],
                            [
                                55.24871,
                                25.078024
                            ],
                            [
                                55.248815,
                                25.077953
                            ]
                        ]
                    ]
                ]
            }
        },
        {
            "type": "Feature",
            "properties": {
                "observation_date": "2018-04-19",
                "source": "S2A_40RCN_20180419_0_L2A_TCI",
                "sensor_name": "Sentinel-2",
                "type": "observation",
                "current_phase": "Active Construction",
                "is_occluded": "False",
                "is_site_boundary": "True",
                "score": 1.0
            },
            "geometry": {
                "type": "MultiPolygon",
                "coordinates": [
                    [
                        [
                            [
                                55.248737,
                                25.077965
                            ],
                            [
                                55.248869,
                                25.077906
                            ],
                            [
                                55.248993,
                                25.077898
                            ],
                            [
                                55.249232,
                                25.07791
                            ],
                            [
                                55.249325,
                                25.077935
                            ],
                            [
                                55.249455,
                                25.077957
                            ],
                            [
                                55.249586,
                                25.077939
                            ],
                            [
                                55.249728,
                                25.077878
                            ],
                            [
                                55.249671,
                                25.07644
                            ],
                            [
                                55.249457,
                                25.07608
                            ],
                            [
                                55.248488,
                                25.076469
                            ],
                            [
                                55.248586,
                                25.076698
                            ],
                            [
                                55.248675,
                                25.076969
                            ],
                            [
                                55.248716,
                                25.077373
                            ],
                            [
                                55.248689,
                                25.077766
                            ],
                            [
                                55.248634,
                                25.078036
                            ],
                            [
                                55.248737,
                                25.077965
                            ]
                        ]
                    ]
                ]
            }
        },
        {
            "type": "Feature",
            "properties": {
                "observation_date": "2018-04-27",
                "source": "LC08_L1TP_160043_20180427_20200901_02_T1_TCI",
                "sensor_name": "Landsat 8",
                "type": "observation",
                "current_phase": "Active Construction",
                "is_occluded": "False",
                "is_site_boundary": "True",
                "score": 1.0
            },
            "geometry": {
                "type": "MultiPolygon",
                "coordinates": [
                    [
                        [
                            [
                                55.248672,
                                25.077978
                            ],
                            [
                                55.248804,
                                25.077919
                            ],
                            [
                                55.248928,
                                25.077911
                            ],
                            [
                                55.249166,
                                25.077923
                            ],
                            [
                                55.249259,
                                25.077948
                            ],
                            [
                                55.249389,
                                25.077969
                            ],
                            [
                                55.24952,
                                25.077952
                            ],
                            [
                                55.249662,
                                25.077891
                            ],
                            [
                                55.249605,
                                25.076455
                            ],
                            [
                                55.249391,
                                25.076095
                            ],
                            [
                                55.248423,
                                25.076483
                            ],
                            [
                                55.248521,
                                25.076712
                            ],
                            [
                                55.24861,
                                25.076983
                            ],
                            [
                                55.248651,
                                25.077386
                            ],
                            [
                                55.248624,
                                25.077779
                            ],
                            [
                                55.248569,
                                25.078048
                            ],
                            [
                                55.248672,
                                25.077978
                            ]
                        ]
                    ]
                ]
            }
        },
        {
            "type": "Feature",
            "properties": {
                "observation_date": "2018-05-04",
                "source": "S2B_40RCN_20180504_0_L2A_TCI",
                "sensor_name": "Sentinel-2",
                "type": "observation",
                "current_phase": "Active Construction",
                "is_occluded": "False",
                "is_site_boundary": "True",
                "score": 1.0
            },
            "geometry": {
                "type": "MultiPolygon",
                "coordinates": [
                    [
                        [
                            [
                                55.248614,
                                25.077985
                            ],
                            [
                                55.248746,
                                25.077926
                            ],
                            [
                                55.24887,
                                25.077918
                            ],
                            [
                                55.249109,
                                25.07793
                            ],
                            [
                                55.249202,
                                25.077955
                            ],
                            [
                                55.249332,
                                25.077976
                            ],
                            [
                                55.249463,
                                25.077959
                            ],
                            [
                                55.249605,
                                25.077898
                            ],
                            [
                                55.249548,
                                25.07646
                            ],
                            [
                                55.249334,
                                25.0761
                            ],
                            [
                                55.248365,
                                25.076489
                            ],
                            [
                                55.248463,
                                25.076718
                            ],
                            [
                                55.248552,
                                25.076989
                            ],
                            [
                                55.248592,
                                25.077393
                            ],
                            [
                                55.248566,
                                25.077786
                            ],
                            [
                                55.24851,
                                25.078056
                            ],
                            [
                                55.248614,
                                25.077985
                            ]
                        ]
                    ]
                ]
            }
        },
        {
            "type": "Feature",
            "properties": {
                "observation_date": "2018-05-29",
                "source": "LC08_L1TP_160043_20180529_20201015_02_T1_TCI",
                "sensor_name": "Landsat 8",
                "type": "observation",
                "current_phase": "Active Construction",
                "is_occluded": "False",
                "is_site_boundary": "True",
                "score": 1.0
            },
            "geometry": {
                "type": "MultiPolygon",
                "coordinates": [
                    [
                        [
                            [
                                55.248628,
                                25.078015
                            ],
                            [
                                55.24876,
                                25.077956
                            ],
                            [
                                55.248884,
                                25.077948
                            ],
                            [
                                55.249122,
                                25.07796
                            ],
                            [
                                55.249215,
                                25.077985
                            ],
                            [
                                55.249345,
                                25.078006
                            ],
                            [
                                55.249476,
                                25.077989
                            ],
                            [
                                55.249618,
                                25.077928
                            ],
                            [
                                55.249561,
                                25.076492
                            ],
                            [
                                55.249347,
                                25.076132
                            ],
                            [
                                55.248379,
                                25.07652
                            ],
                            [
                                55.248477,
                                25.076749
                            ],
                            [
                                55.248566,
                                25.07702
                            ],
                            [
                                55.248607,
                                25.077423
                            ],
                            [
                                55.24858,
                                25.077816
                            ],
                            [
                                55.248525,
                                25.078086
                            ],
                            [
                                55.248628,
                                25.078015
                            ]
                        ]
                    ]
                ]
            }
        },
        {
            "type": "Feature",
            "properties": {
                "observation_date": "2018-06-13",
                "source": "S2B_40RCN_20180613_0_L2A_TCI",
                "sensor_name": "Sentinel-2",
                "type": "observation",
                "current_phase": "Active Construction",
                "is_occluded": "False",
                "is_site_boundary": "True",
                "score": 1.0
            },
            "geometry": {
                "type": "MultiPolygon",
                "coordinates": [
                    [
                        [
                            [
                                55.248649,
                                25.07804
                            ],
                            [
                                55.248781,
                                25.07798
                            ],
                            [
                                55.248905,
                                25.077972
                            ],
                            [
                                55.249144,
                                25.077985
                            ],
                            [
                                55.249237,
                                25.07801
                            ],
                            [
                                55.249367,
                                25.078031
                            ],
                            [
                                55.249498,
                                25.078014
                            ],
                            [
                                55.24964,
                                25.077952
                            ],
                            [
                                55.249583,
                                25.076515
                            ],
                            [
                                55.249369,
                                25.076155
                            ],
                            [
                                55.2484,
                                25.076543
                            ],
                            [
                                55.248498,
                                25.076773
                            ],
                            [
                                55.248586,
                                25.077044
                            ],
                            [
                                55.248627,
                                25.077447
                            ],
                            [
                                55.248601,
                                25.077841
                            ],
                            [
                                55.248545,
                                25.07811
                            ],
                            [
                                55.248649,
                                25.07804
                            ]
                        ]
                    ]
                ]
            }
        },
        {
            "type": "Feature",
            "properties": {
                "observation_date": "2018-06-30",
                "source": "LC08_L1TP_160043_20180630_20200831_02_T1_TCI",
                "sensor_name": "Landsat 8",
                "type": "observation",
                "current_phase": "Active Construction",
                "is_occluded": "False",
                "is_site_boundary": "True",
                "score": 1.0
            },
            "geometry": {
                "type": "MultiPolygon",
                "coordinates": [
                    [
                        [
                            [
                                55.248647,
                                25.078037
                            ],
                            [
                                55.248778,
                                25.077977
                            ],
                            [
                                55.248903,
                                25.077969
                            ],
                            [
                                55.249141,
                                25.077982
                            ],
                            [
                                55.249234,
                                25.078006
                            ],
                            [
                                55.249364,
                                25.078028
                            ],
                            [
                                55.249495,
                                25.078011
                            ],
                            [
                                55.249636,
                                25.077949
                            ],
                            [
                                55.249579,
                                25.076513
                            ],
                            [
                                55.249366,
                                25.076153
                            ],
                            [
                                55.248397,
                                25.076542
                            ],
                            [
                                55.248496,
                                25.076771
                            ],
                            [
                                55.248584,
                                25.077042
                            ],
                            [
                                55.248625,
                                25.077445
                            ],
                            [
                                55.248599,
                                25.077838
                            ],
                            [
                                55.248543,
                                25.078107
                            ],
                            [
                                55.248647,
                                25.078037
                            ]
                        ]
                    ]
                ]
            }
        },
        {
            "type": "Feature",
            "properties": {
                "observation_date": "2018-07-08",
                "source": "S2A_40RCN_20180708_0_L2A_TCI",
                "sensor_name": "Sentinel-2",
                "type": "observation",
                "current_phase": "Active Construction",
                "is_occluded": "False",
                "is_site_boundary": "True",
                "score": 1.0
            },
            "geometry": {
                "type": "MultiPolygon",
                "coordinates": [
                    [
                        [
                            [
                                55.248651,
                                25.078028
                            ],
                            [
                                55.248783,
                                25.077969
                            ],
                            [
                                55.248907,
                                25.077961
                            ],
                            [
                                55.249146,
                                25.077973
                            ],
                            [
                                55.249239,
                                25.077998
                            ],
                            [
                                55.249369,
                                25.078019
                            ],
                            [
                                55.2495,
                                25.078002
                            ],
                            [
                                55.249642,
                                25.077941
                            ],
                            [
                                55.249585,
                                25.076503
                            ],
                            [
                                55.249371,
                                25.076143
                            ],
                            [
                                55.248402,
                                25.076532
                            ],
                            [
                                55.2485,
                                25.076761
                            ],
                            [
                                55.248588,
                                25.077032
                            ],
                            [
                                55.248629,
                                25.077436
                            ],
                            [
                                55.248603,
                                25.077829
                            ],
                            [
                                55.248547,
                                25.078099
                            ],
                            [
                                55.248651,
                                25.078028
                            ]
                        ]
                    ]
                ]
            }
        },
        {
            "type": "Feature",
            "properties": {
                "observation_date": "2018-07-16",
                "source": "LC08_L1TP_160043_20180716_20200831_02_T1_TCI",
                "sensor_name": "Landsat 8",
                "type": "observation",
                "current_phase": "Active Construction",
                "is_occluded": "False",
                "is_site_boundary": "True",
                "score": 1.0
            },
            "geometry": {
                "type": "MultiPolygon",
                "coordinates": [
                    [
                        [
                            [
                                55.248649,
                                25.078025
                            ],
                            [
                                55.24878,
                                25.077965
                            ],
                            [
                                55.248905,
                                25.077957
                            ],
                            [
                                55.249143,
                                25.07797
                            ],
                            [
                                55.249236,
                                25.077995
                            ],
                            [
                                55.249366,
                                25.078016
                            ],
                            [
                                55.249497,
                                25.077999
                            ],
                            [
                                55.249638,
                                25.077938
                            ],
                            [
                                55.249581,
                                25.076501
                            ],
                            [
                                55.249368,
                                25.076142
                            ],
                            [
                                55.248399,
                                25.07653
                            ],
                            [
                                55.248498,
                                25.076759
                            ],
                            [
                                55.248586,
                                25.07703
                            ],
                            [
                                55.248627,
                                25.077433
                            ],
                            [
                                55.248601,
                                25.077826
                            ],
                            [
                                55.248545,
                                25.078095
                            ],
                            [
                                55.248649,
                                25.078025
                            ]
                        ]
                    ]
                ]
            }
        },
        {
            "type": "Feature",
            "properties": {
                "observation_date": "2018-08-01",
                "source": "LC08_L1TP_160043_20180801_20200831_02_T1_TCI",
                "sensor_name": "Landsat 8",
                "type": "observation",
                "current_phase": "Active Construction",
                "is_occluded": "False",
                "is_site_boundary": "True",
                "score": 1.0
            },
            "geometry": {
                "type": "MultiPolygon",
                "coordinates": [
                    [
                        [
                            [
                                55.24865,
                                25.078019
                            ],
                            [
                                55.248781,
                                25.07796
                            ],
                            [
                                55.248906,
                                25.077952
                            ],
                            [
                                55.249144,
                                25.077964
                            ],
                            [
                                55.249237,
                                25.077989
                            ],
                            [
                                55.249367,
                                25.07801
                            ],
                            [
                                55.249498,
                                25.077993
                            ],
                            [
                                55.249639,
                                25.077932
                            ],
                            [
                                55.249582,
                                25.076496
                            ],
                            [
                                55.249369,
                                25.076136
                            ],
                            [
                                55.2484,
                                25.076524
                            ],
                            [
                                55.248499,
                                25.076753
                            ],
                            [
                                55.248587,
                                25.077024
                            ],
                            [
                                55.248628,
                                25.077427
                            ],
                            [
                                55.248602,
                                25.07782
                            ],
                            [
                                55.248546,
                                25.07809
                            ],
                            [
                                55.24865,
                                25.078019
                            ]
                        ]
                    ]
                ]
            }
        },
        {
            "type": "Feature",
            "properties": {
                "observation_date": "2018-08-17",
                "source": "S2A_40RCN_20180817_0_L2A_TCI",
                "sensor_name": "Sentinel-2",
                "type": "observation",
                "current_phase": "Active Construction",
                "is_occluded": "False",
                "is_site_boundary": "True",
                "score": 1.0
            },
            "geometry": {
                "type": "MultiPolygon",
                "coordinates": [
                    [
                        [
                            [
                                55.248654,
                                25.07801
                            ],
                            [
                                55.248786,
                                25.077951
                            ],
                            [
                                55.24891,
                                25.077943
                            ],
                            [
                                55.249149,
                                25.077955
                            ],
                            [
                                55.249242,
                                25.07798
                            ],
                            [
                                55.249372,
                                25.078002
                            ],
                            [
                                55.249503,
                                25.077984
                            ],
                            [
                                55.249645,
                                25.077923
                            ],
                            [
                                55.249588,
                                25.076486
                            ],
                            [
                                55.249374,
                                25.076125
                            ],
                            [
                                55.248405,
                                25.076514
                            ],
                            [
                                55.248503,
                                25.076743
                            ],
                            [
                                55.248591,
                                25.077014
                            ],
                            [
                                55.248632,
                                25.077418
                            ],
                            [
                                55.248606,
                                25.077811
                            ],
                            [
                                55.24855,
                                25.078081
                            ],
                            [
                                55.248654,
                                25.07801
                            ]
                        ]
                    ]
                ]
            }
        },
        {
            "type": "Feature",
            "properties": {
                "observation_date": "2018-09-11",
                "source": "S2B_40RCN_20180911_0_L2A_TCI",
                "sensor_name": "Sentinel-2",
                "type": "observation",
                "current_phase": "Active Construction",
                "is_occluded": "False",
                "is_site_boundary": "True",
                "score": 1.0
            },
            "geometry": {
                "type": "MultiPolygon",
                "coordinates": [
                    [
                        [
                            [
                                55.248656,
                                25.077999
                            ],
                            [
                                55.248788,
                                25.077939
                            ],
                            [
                                55.248912,
                                25.077931
                            ],
                            [
                                55.249151,
                                25.077944
                            ],
                            [
                                55.249244,
                                25.077968
                            ],
                            [
                                55.249374,
                                25.07799
                            ],
                            [
                                55.249505,
                                25.077973
                            ],
                            [
                                55.249647,
                                25.077911
                            ],
                            [
                                55.24959,
                                25.076474
                            ],
                            [
                                55.249376,
                                25.076114
                            ],
                            [
                                55.248407,
                                25.076502
                            ],
                            [
                                55.248505,
                                25.076732
                            ],
                            [
                                55.248593,
                                25.077003
                            ],
                            [
                                55.248634,
                                25.077406
                            ],
                            [
                                55.248608,
                                25.0778
                            ],
                            [
                                55.248552,
                                25.078069
                            ],
                            [
                                55.248656,
                                25.077999
                            ]
                        ]
                    ]
                ]
            }
        },
        {
            "type": "Feature",
            "properties": {
                "observation_date": "2018-10-04",
                "source": "LC08_L1TP_160043_20181004_20200830_02_T1_TCI",
                "sensor_name": "Landsat 8",
                "type": "observation",
                "current_phase": "Active Construction",
                "is_occluded": "False",
                "is_site_boundary": "True",
                "score": 1.0
            },
            "geometry": {
                "type": "MultiPolygon",
                "coordinates": [
                    [
                        [
                            [
                                55.248654,
                                25.077996
                            ],
                            [
                                55.248785,
                                25.077936
                            ],
                            [
                                55.24891,
                                25.077928
                            ],
                            [
                                55.249148,
                                25.07794
                            ],
                            [
                                55.249241,
                                25.077965
                            ],
                            [
                                55.249371,
                                25.077987
                            ],
                            [
                                55.249502,
                                25.07797
                            ],
                            [
                                55.249643,
                                25.077908
                            ],
                            [
                                55.249586,
                                25.076472
                            ],
                            [
                                55.249373,
                                25.076112
                            ],
                            [
                                55.248404,
                                25.076501
                            ],
                            [
                                55.248503,
                                25.07673
                            ],
                            [
                                55.248591,
                                25.077
                            ],
                            [
                                55.248632,
                                25.077404
                            ],
                            [
                                55.248606,
                                25.077797
                            ],
                            [
                                55.24855,
                                25.078066
                            ],
                            [
                                55.248654,
                                25.077996
                            ]
                        ]
                    ]
                ]
            }
        },
        {
            "type": "Feature",
            "properties": {
                "observation_date": "2018-10-11",
                "source": "S2B_40RCN_20181011_0_L2A_TCI",
                "sensor_name": "Sentinel-2",
                "type": "observation",
                "current_phase": "Active Construction",
                "is_occluded": "False",
                "is_site_boundary": "True",
                "score": 1.0
            },
            "geometry": {
                "type": "MultiPolygon",
                "coordinates": [
                    [
                        [
                            [
                                55.248658,
                                25.077987
                            ],
                            [
                                55.24879,
                                25.077928
                            ],
                            [
                                55.248914,
                                25.07792
                            ],
                            [
                                55.249153,
                                25.077932
                            ],
                            [
                                55.249246,
                                25.077957
                            ],
                            [
                                55.249376,
                                25.077978
                            ],
                            [
                                55.249507,
                                25.077961
                            ],
                            [
                                55.249649,
                                25.0779
                            ],
                            [
                                55.249592,
                                25.076462
                            ],
                            [
                                55.249378,
                                25.076102
                            ],
                            [
                                55.248409,
                                25.076491
                            ],
                            [
                                55.248507,
                                25.07672
                            ],
                            [
                                55.248595,
                                25.076991
                            ],
                            [
                                55.248636,
                                25.077395
                            ],
                            [
                                55.24861,
                                25.077788
                            ],
                            [
                                55.248554,
                                25.078058
                            ],
                            [
                                55.248658,
                                25.077987
                            ]
                        ]
                    ]
                ]
            }
        },
        {
            "type": "Feature",
            "properties": {
                "observation_date": "2018-11-05",
                "source": "LC08_L1TP_160043_20181105_20200830_02_T1_TCI",
                "sensor_name": "Landsat 8",
                "type": "observation",
                "current_phase": "Active Construction",
                "is_occluded": "False",
                "is_site_boundary": "True",
                "score": 1.0
            },
            "geometry": {
                "type": "MultiPolygon",
                "coordinates": [
                    [
                        [
                            [
                                55.248656,
                                25.077984
                            ],
                            [
                                55.248787,
                                25.077924
                            ],
                            [
                                55.248912,
                                25.077916
                            ],
                            [
                                55.24915,
                                25.077929
                            ],
                            [
                                55.249243,
                                25.077953
                            ],
                            [
                                55.249373,
                                25.077975
                            ],
                            [
                                55.249504,
                                25.077958
                            ],
                            [
                                55.249645,
                                25.077896
                            ],
                            [
                                55.249588,
                                25.07646
                            ],
                            [
                                55.249375,
                                25.076101
                            ],
                            [
                                55.248406,
                                25.076489
                            ],
                            [
                                55.248505,
                                25.076718
                            ],
                            [
                                55.248593,
                                25.076989
                            ],
                            [
                                55.248634,
                                25.077392
                            ],
                            [
                                55.248608,
                                25.077785
                            ],
                            [
                                55.248552,
                                25.078054
                            ],
                            [
                                55.248656,
                                25.077984
                            ]
                        ]
                    ]
                ]
            }
        },
        {
            "type": "Feature",
            "properties": {
                "observation_date": "2018-11-15",
                "source": "S2A_40RCN_20181115_0_L2A_TCI",
                "sensor_name": "Sentinel-2",
                "type": "observation",
                "current_phase": "Active Construction",
                "is_occluded": "False",
                "is_site_boundary": "True",
                "score": 1.0
            },
            "geometry": {
                "type": "MultiPolygon",
                "coordinates": [
                    [
                        [
                            [
                                55.24866,
                                25.077975
                            ],
                            [
                                55.248792,
                                25.077916
                            ],
                            [
                                55.248916,
                                25.077908
                            ],
                            [
                                55.249155,
                                25.07792
                            ],
                            [
                                55.249248,
                                25.077945
                            ],
                            [
                                55.249378,
                                25.077967
                            ],
                            [
                                55.249509,
                                25.077949
                            ],
                            [
                                55.249651,
                                25.077888
                            ],
                            [
                                55.249594,
                                25.07645
                            ],
                            [
                                55.24938,
                                25.07609
                            ],
                            [
                                55.248411,
                                25.076479
                            ],
                            [
                                55.248509,
                                25.076708
                            ],
                            [
                                55.248597,
                                25.076979
                            ],
                            [
                                55.248638,
                                25.077383
                            ],
                            [
                                55.248612,
                                25.077776
                            ],
                            [
                                55.248556,
                                25.078046
                            ],
                            [
                                55.24866,
                                25.077975
                            ]
                        ]
                    ]
                ]
            }
        },
        {
            "type": "Feature",
            "properties": {
                "observation_date": "2018-12-30",
                "source": "S2B_40RCN_20181230_0_L2A_TCI",
                "sensor_name": "Sentinel-2",
                "type": "observation",
                "current_phase": "Active Construction",
                "is_occluded": "False",
                "is_site_boundary": "True",
                "score": 1.0
            },
            "geometry": {
                "type": "MultiPolygon",
                "coordinates": [
                    [
                        [
                            [
                                55.248661,
                                25.077953
                            ],
                            [
                                55.248793,
                                25.077894
                            ],
                            [
                                55.248917,
                                25.077886
                            ],
                            [
                                55.249156,
                                25.077898
                            ],
                            [
                                55.249249,
                                25.077923
                            ],
                            [
                                55.249379,
                                25.077945
                            ],
                            [
                                55.24951,
                                25.077927
                            ],
                            [
                                55.249652,
                                25.077866
                            ],
                            [
                                55.249595,
                                25.076428
                            ],
                            [
                                55.249381,
                                25.076068
                            ],
                            [
                                55.248412,
                                25.076457
                            ],
                            [
                                55.24851,
                                25.076686
                            ],
                            [
                                55.248598,
                                25.076957
                            ],
                            [
                                55.248639,
                                25.077361
                            ],
                            [
                                55.248613,
                                25.077754
                            ],
                            [
                                55.248557,
                                25.078024
                            ],
                            [
                                55.248661,
                                25.077953
                            ]
                        ]
                    ]
                ]
            }
        },
        {
            "type": "Feature",
            "properties": {
                "observation_date": "2019-01-08",
                "source": "LC08_L1TP_160043_20190108_20200829_02_T1_TCI",
                "sensor_name": "Landsat 8",
                "type": "observation",
                "current_phase": "Active Construction",
                "is_occluded": "False",
                "is_site_boundary": "True",
                "score": 1.0
            },
            "geometry": {
                "type": "MultiPolygon",
                "coordinates": [
                    [
                        [
                            [
                                55.248658,
                                25.077945
                            ],
                            [
                                55.24879,
                                25.077886
                            ],
                            [
                                55.248914,
                                25.077878
                            ],
                            [
                                55.249152,
                                25.07789
                            ],
                            [
                                55.249245,
                                25.077915
                            ],
                            [
                                55.249375,
                                25.077937
                            ],
                            [
                                55.249506,
                                25.077919
                            ],
                            [
                                55.249648,
                                25.077858
                            ],
                            [
                                55.249591,
                                25.076422
                            ],
                            [
                                55.249377,
                                25.076062
                            ],
                            [
                                55.248409,
                                25.07645
                            ],
                            [
                                55.248507,
                                25.076679
                            ],
                            [
                                55.248596,
                                25.07695
                            ],
                            [
                                55.248637,
                                25.077353
                            ],
                            [
                                55.24861,
                                25.077746
                            ],
                            [
                                55.248555,
                                25.078016
                            ],
                            [
                                55.248658,
                                25.077945
                            ]
                        ]
                    ]
                ]
            }
        },
        {
            "type": "Feature",
            "properties": {
                "observation_date": "2019-01-24",
                "source": "S2A_40RCN_20190124_0_L2A_TCI",
                "sensor_name": "Sentinel-2",
                "type": "observation",
                "current_phase": "Active Construction",
                "is_occluded": "False",
                "is_site_boundary": "True",
                "score": 1.0
            },
            "geometry": {
                "type": "MultiPolygon",
                "coordinates": [
                    [
                        [
                            [
                                55.248662,
                                25.077931
                            ],
                            [
                                55.248794,
                                25.077872
                            ],
                            [
                                55.248918,
                                25.077864
                            ],
                            [
                                55.249157,
                                25.077876
                            ],
                            [
                                55.24925,
                                25.077901
                            ],
                            [
                                55.24938,
                                25.077923
                            ],
                            [
                                55.249511,
                                25.077905
                            ],
                            [
                                55.249653,
                                25.077844
                            ],
                            [
                                55.249596,
                                25.076407
                            ],
                            [
                                55.249382,
                                25.076046
                            ],
                            [
                                55.248413,
                                25.076435
                            ],
                            [
                                55.248511,
                                25.076664
                            ],
                            [
                                55.248599,
                                25.076935
                            ],
                            [
                                55.24864,
                                25.077339
                            ],
                            [
                                55.248614,
                                25.077732
                            ],
                            [
                                55.248558,
                                25.078002
                            ],
                            [
                                55.248662,
                                25.077931
                            ]
                        ]
                    ]
                ]
            }
        },
        {
            "type": "Feature",
            "properties": {
                "observation_date": "2019-01-26",
                "source": "19JAN26071819-P1BS-014858848010_01_P003",
                "sensor_name": "WorldView",
                "type": "observation",
                "current_phase": "Active Construction",
                "is_occluded": "False",
                "is_site_boundary": "True",
                "score": 1.0
            },
            "geometry": {
                "type": "MultiPolygon",
                "coordinates": [
                    [
                        [
                            [
                                55.248679,
                                25.077919
                            ],
                            [
                                55.248811,
                                25.07786
                            ],
                            [
                                55.248937,
                                25.077852
                            ],
                            [
                                55.249176,
                                25.077864
                            ],
                            [
                                55.24927,
                                25.077889
                            ],
                            [
                                55.249401,
                                25.077911
                            ],
                            [
                                55.249533,
                                25.077893
                            ],
                            [
                                55.249675,
                                25.077832
                            ],
                            [
                                55.249617,
                                25.076393
                            ],
                            [
                                55.249403,
                                25.076033
                            ],
                            [
                                55.248428,
                                25.076422
                            ],
                            [
                                55.248527,
                                25.076651
                            ],
                            [
                                55.248616,
                                25.076923
                            ],
                            [
                                55.248657,
                                25.077326
                            ],
                            [
                                55.248631,
                                25.07772
                            ],
                            [
                                55.248575,
                                25.07799
                            ],
                            [
                                55.248679,
                                25.077919
                            ]
                        ]
                    ]
                ]
            }
        },
        {
            "type": "Feature",
            "properties": {
                "observation_date": "2019-02-08",
                "source": "S2B_40RCN_20190208_0_L2A_TCI",
                "sensor_name": "Sentinel-2",
                "type": "observation",
                "current_phase": "Active Construction",
                "is_occluded": "False",
                "is_site_boundary": "True",
                "score": 1.0
            },
            "geometry": {
                "type": "MultiPolygon",
                "coordinates": [
                    [
                        [
                            [
                                55.248632,
                                25.077906
                            ],
                            [
                                55.248763,
                                25.077846
                            ],
                            [
                                55.248888,
                                25.077838
                            ],
                            [
                                55.249127,
                                25.07785
                            ],
                            [
                                55.24922,
                                25.077875
                            ],
                            [
                                55.24935,
                                25.077897
                            ],
                            [
                                55.249481,
                                25.07788
                            ],
                            [
                                55.249622,
                                25.077818
                            ],
                            [
                                55.249565,
                                25.076381
                            ],
                            [
                                55.249352,
                                25.07602
                            ],
                            [
                                55.248382,
                                25.076409
                            ],
                            [
                                55.248481,
                                25.076638
                            ],
                            [
                                55.248569,
                                25.07691
                            ],
                            [
                                55.24861,
                                25.077313
                            ],
                            [
                                55.248584,
                                25.077706
                            ],
                            [
                                55.248528,
                                25.077976
                            ],
                            [
                                55.248632,
                                25.077906
                            ]
                        ]
                    ]
                ]
            }
        },
        {
            "type": "Feature",
            "properties": {
                "observation_date": "2019-02-09",
                "source": "LC08_L1TP_160043_20190209_20200829_02_T1_TCI",
                "sensor_name": "Landsat 8",
                "type": "observation",
                "current_phase": "Active Construction",
                "is_occluded": "False",
                "is_site_boundary": "True",
                "score": 1.0
            },
            "geometry": {
                "type": "MultiPolygon",
                "coordinates": [
                    [
                        [
                            [
                                55.248598,
                                25.077893
                            ],
                            [
                                55.248729,
                                25.077834
                            ],
                            [
                                55.248854,
                                25.077826
                            ],
                            [
                                55.249092,
                                25.077838
                            ],
                            [
                                55.249185,
                                25.077863
                            ],
                            [
                                55.249315,
                                25.077885
                            ],
                            [
                                55.249446,
                                25.077867
                            ],
                            [
                                55.249587,
                                25.077806
                            ],
                            [
                                55.24953,
                                25.07637
                            ],
                            [
                                55.249317,
                                25.07601
                            ],
                            [
                                55.248349,
                                25.076399
                            ],
                            [
                                55.248447,
                                25.076628
                            ],
                            [
                                55.248535,
                                25.076898
                            ],
                            [
                                55.248576,
                                25.077302
                            ],
                            [
                                55.24855,
                                25.077695
                            ],
                            [
                                55.248494,
                                25.077964
                            ],
                            [
                                55.248598,
                                25.077893
                            ]
                        ]
                    ]
                ]
            }
        },
        {
            "type": "Feature",
            "properties": {
                "observation_date": "2019-03-10",
                "source": "S2B_40RCN_20190310_0_L2A_TCI",
                "sensor_name": "Sentinel-2",
                "type": "observation",
                "current_phase": "Active Construction",
                "is_occluded": "False",
                "is_site_boundary": "True",
                "score": 1.0
            },
            "geometry": {
                "type": "MultiPolygon",
                "coordinates": [
                    [
                        [
                            [
                                55.24857,
                                25.077876
                            ],
                            [
                                55.248702,
                                25.077816
                            ],
                            [
                                55.248826,
                                25.077808
                            ],
                            [
                                55.249065,
                                25.077821
                            ],
                            [
                                55.249158,
                                25.077845
                            ],
                            [
                                55.249288,
                                25.077867
                            ],
                            [
                                55.249419,
                                25.07785
                            ],
                            [
                                55.249561,
                                25.077788
                            ],
                            [
                                55.249504,
                                25.076351
                            ],
                            [
                                55.24929,
                                25.075991
                            ],
                            [
                                55.248321,
                                25.076379
                            ],
                            [
                                55.248419,
                                25.076609
                            ],
                            [
                                55.248508,
                                25.07688
                            ],
                            [
                                55.248549,
                                25.077283
                            ],
                            [
                                55.248522,
                                25.077677
                            ],
                            [
                                55.248466,
                                25.077946
                            ],
                            [
                                55.24857,
                                25.077876
                            ]
                        ]
                    ]
                ]
            }
        },
        {
            "type": "Feature",
            "properties": {
                "observation_date": "2019-03-29",
                "source": "LC08_L1TP_160043_20190329_20200829_02_T1_TCI",
                "sensor_name": "Landsat 8",
                "type": "observation",
                "current_phase": "Active Construction",
                "is_occluded": "False",
                "is_site_boundary": "True",
                "score": 1.0
            },
            "geometry": {
                "type": "MultiPolygon",
                "coordinates": [
                    [
                        [
                            [
                                55.248578,
                                25.077878
                            ],
                            [
                                55.248709,
                                25.077819
                            ],
                            [
                                55.248834,
                                25.077811
                            ],
                            [
                                55.249072,
                                25.077823
                            ],
                            [
                                55.249165,
                                25.077848
                            ],
                            [
                                55.249295,
                                25.07787
                            ],
                            [
                                55.249426,
                                25.077852
                            ],
                            [
                                55.249568,
                                25.077791
                            ],
                            [
                                55.249511,
                                25.076355
                            ],
                            [
                                55.249297,
                                25.075995
                            ],
                            [
                                55.248329,
                                25.076383
                            ],
                            [
                                55.248427,
                                25.076612
                            ],
                            [
                                55.248515,
                                25.076883
                            ],
                            [
                                55.248556,
                                25.077286
                            ],
                            [
                                55.24853,
                                25.077679
                            ],
                            [
                                55.248474,
                                25.077949
                            ],
                            [
                                55.248578,
                                25.077878
                            ]
                        ]
                    ]
                ]
            }
        },
        {
            "type": "Feature",
            "properties": {
                "observation_date": "2019-04-09",
                "source": "S2B_40RCN_20190409_0_L2A_TCI",
                "sensor_name": "Sentinel-2",
                "type": "observation",
                "current_phase": "Active Construction",
                "is_occluded": "False",
                "is_site_boundary": "True",
                "score": 1.0
            },
            "geometry": {
                "type": "MultiPolygon",
                "coordinates": [
                    [
                        [
                            [
                                55.248592,
                                25.077875
                            ],
                            [
                                55.248724,
                                25.077816
                            ],
                            [
                                55.248848,
                                25.077808
                            ],
                            [
                                55.249087,
                                25.07782
                            ],
                            [
                                55.24918,
                                25.077845
                            ],
                            [
                                55.24931,
                                25.077867
                            ],
                            [
                                55.249441,
                                25.077849
                            ],
                            [
                                55.249583,
                                25.077788
                            ],
                            [
                                55.249526,
                                25.07635
                            ],
                            [
                                55.249312,
                                25.07599
                            ],
                            [
                                55.248343,
                                25.076379
                            ],
                            [
                                55.248441,
                                25.076608
                            ],
                            [
                                55.24853,
                                25.076879
                            ],
                            [
                                55.248571,
                                25.077283
                            ],
                            [
                                55.248544,
                                25.077676
                            ],
                            [
                                55.248489,
                                25.077946
                            ],
                            [
                                55.248592,
                                25.077875
                            ]
                        ]
                    ]
                ]
            }
        },
        {
            "type": "Feature",
            "properties": {
                "observation_date": "2019-05-04",
                "source": "S2A_40RCN_20190504_0_L2A_TCI",
                "sensor_name": "Sentinel-2",
                "type": "observation",
                "current_phase": "Active Construction",
                "is_occluded": "False",
                "is_site_boundary": "True",
                "score": 1.0
            },
            "geometry": {
                "type": "MultiPolygon",
                "coordinates": [
                    [
                        [
                            [
                                55.248614,
                                25.077875
                            ],
                            [
                                55.248746,
                                25.077816
                            ],
                            [
                                55.248871,
                                25.077807
                            ],
                            [
                                55.249109,
                                25.07782
                            ],
                            [
                                55.249202,
                                25.077845
                            ],
                            [
                                55.249332,
                                25.077866
                            ],
                            [
                                55.249463,
                                25.077849
                            ],
                            [
                                55.249605,
                                25.077788
                            ],
                            [
                                55.249548,
                                25.07635
                            ],
                            [
                                55.249334,
                                25.07599
                            ],
                            [
                                55.248365,
                                25.076379
                            ],
                            [
                                55.248463,
                                25.076608
                            ],
                            [
                                55.248552,
                                25.076879
                            ],
                            [
                                55.248593,
                                25.077282
                            ],
                            [
                                55.248566,
                                25.077676
                            ],
                            [
                                55.248511,
                                25.077946
                            ],
                            [
                                55.248614,
                                25.077875
                            ]
                        ]
                    ]
                ]
            }
        },
        {
            "type": "Feature",
            "properties": {
                "observation_date": "2019-05-16",
                "source": "LC08_L1TP_160043_20190516_20200828_02_T1_TCI",
                "sensor_name": "Landsat 8",
                "type": "observation",
                "current_phase": "Active Construction",
                "is_occluded": "False",
                "is_site_boundary": "True",
                "score": 1.0
            },
            "geometry": {
                "type": "MultiPolygon",
                "coordinates": [
                    [
                        [
                            [
                                55.248622,
                                25.077878
                            ],
                            [
                                55.248753,
                                25.077818
                            ],
                            [
                                55.248878,
                                25.07781
                            ],
                            [
                                55.249116,
                                25.077822
                            ],
                            [
                                55.249209,
                                25.077847
                            ],
                            [
                                55.249339,
                                25.077869
                            ],
                            [
                                55.24947,
                                25.077852
                            ],
                            [
                                55.249612,
                                25.07779
                            ],
                            [
                                55.249555,
                                25.076354
                            ],
                            [
                                55.249341,
                                25.075994
                            ],
                            [
                                55.248373,
                                25.076383
                            ],
                            [
                                55.248471,
                                25.076612
                            ],
                            [
                                55.248559,
                                25.076883
                            ],
                            [
                                55.2486,
                                25.077286
                            ],
                            [
                                55.248574,
                                25.077679
                            ],
                            [
                                55.248518,
                                25.077948
                            ],
                            [
                                55.248622,
                                25.077878
                            ]
                        ]
                    ]
                ]
            }
        },
        {
            "type": "Feature",
            "properties": {
                "observation_date": "2019-06-01",
                "source": "LC08_L1TP_160043_20190601_20200828_02_T1_TCI",
                "sensor_name": "Landsat 8",
                "type": "observation",
                "current_phase": "Active Construction",
                "is_occluded": "False",
                "is_site_boundary": "True",
                "score": 1.0
            },
            "geometry": {
                "type": "MultiPolygon",
                "coordinates": [
                    [
                        [
                            [
                                55.248633,
                                25.077877
                            ],
                            [
                                55.248764,
                                25.077818
                            ],
                            [
                                55.248889,
                                25.07781
                            ],
                            [
                                55.249127,
                                25.077822
                            ],
                            [
                                55.24922,
                                25.077847
                            ],
                            [
                                55.24935,
                                25.077869
                            ],
                            [
                                55.249481,
                                25.077851
                            ],
                            [
                                55.249623,
                                25.07779
                            ],
                            [
                                55.249566,
                                25.076354
                            ],
                            [
                                55.249352,
                                25.075994
                            ],
                            [
                                55.248384,
                                25.076383
                            ],
                            [
                                55.248482,
                                25.076612
                            ],
                            [
                                55.24857,
                                25.076882
                            ],
                            [
                                55.248611,
                                25.077286
                            ],
                            [
                                55.248585,
                                25.077678
                            ],
                            [
                                55.248529,
                                25.077948
                            ],
                            [
                                55.248633,
                                25.077877
                            ]
                        ]
                    ]
                ]
            }
        },
        {
            "type": "Feature",
            "properties": {
                "observation_date": "2019-06-03",
                "source": "S2A_40RCN_20190603_0_L2A_TCI",
                "sensor_name": "Sentinel-2",
                "type": "observation",
                "current_phase": "Active Construction",
                "is_occluded": "False",
                "is_site_boundary": "True",
                "score": 1.0
            },
            "geometry": {
                "type": "MultiPolygon",
                "coordinates": [
                    [
                        [
                            [
                                55.248648,
                                25.077874
                            ],
                            [
                                55.248779,
                                25.077815
                            ],
                            [
                                55.248904,
                                25.077807
                            ],
                            [
                                55.249142,
                                25.077819
                            ],
                            [
                                55.249235,
                                25.077844
                            ],
                            [
                                55.249365,
                                25.077866
                            ],
                            [
                                55.249496,
                                25.077848
                            ],
                            [
                                55.249638,
                                25.077787
                            ],
                            [
                                55.249581,
                                25.076349
                            ],
                            [
                                55.249367,
                                25.075989
                            ],
                            [
                                55.248398,
                                25.076378
                            ],
                            [
                                55.248496,
                                25.076607
                            ],
                            [
                                55.248585,
                                25.076878
                            ],
                            [
                                55.248626,
                                25.077282
                            ],
                            [
                                55.248599,
                                25.077675
                            ],
                            [
                                55.248544,
                                25.077945
                            ],
                            [
                                55.248648,
                                25.077874
                            ]
                        ]
                    ]
                ]
            }
        },
        {
            "type": "Feature",
            "properties": {
                "observation_date": "2019-06-24",
                "source": "19JUN24095543-P1BS_R4C1-502704253040_02_P001",
                "sensor_name": "WorldView",
                "type": "observation",
                "current_phase": "Active Construction",
                "is_occluded": "False",
                "is_site_boundary": "True",
                "score": 1.0
            },
            "geometry": {
                "type": "MultiPolygon",
                "coordinates": [
                    [
                        [
                            [
                                55.248675,
                                25.077873
                            ],
                            [
                                55.248807,
                                25.077813
                            ],
                            [
                                55.248932,
                                25.077805
                            ],
                            [
                                55.249172,
                                25.077818
                            ],
                            [
                                55.249266,
                                25.077842
                            ],
                            [
                                55.249396,
                                25.077864
                            ],
                            [
                                55.249528,
                                25.077847
                            ],
                            [
                                55.249671,
                                25.077785
                            ],
                            [
                                55.249613,
                                25.076347
                            ],
                            [
                                55.249398,
                                25.075987
                            ],
                            [
                                55.248424,
                                25.076375
                            ],
                            [
                                55.248523,
                                25.076605
                            ],
                            [
                                55.248612,
                                25.076876
                            ],
                            [
                                55.248653,
                                25.07728
                            ],
                            [
                                55.248627,
                                25.077674
                            ],
                            [
                                55.248571,
                                25.077943
                            ],
                            [
                                55.248675,
                                25.077873
                            ]
                        ]
                    ]
                ]
            }
        },
        {
            "type": "Feature",
            "properties": {
                "observation_date": "2019-07-19",
                "source": "LC08_L1TP_160043_20190719_20200827_02_T1_TCI",
                "sensor_name": "Landsat 8",
                "type": "observation",
                "current_phase": "Active Construction",
                "is_occluded": "False",
                "is_site_boundary": "True",
                "score": 1.0
            },
            "geometry": {
                "type": "MultiPolygon",
                "coordinates": [
                    [
                        [
                            [
                                55.248652,
                                25.077886
                            ],
                            [
                                55.248783,
                                25.077827
                            ],
                            [
                                55.248908,
                                25.077819
                            ],
                            [
                                55.249146,
                                25.077831
                            ],
                            [
                                55.249239,
                                25.077856
                            ],
                            [
                                55.249369,
                                25.077878
                            ],
                            [
                                55.2495,
                                25.07786
                            ],
                            [
                                55.249641,
                                25.077799
                            ],
                            [
                                55.249585,
                                25.076363
                            ],
                            [
                                55.249371,
                                25.076003
                            ],
                            [
                                55.248403,
                                25.076392
                            ],
                            [
                                55.248501,
                                25.076621
                            ],
                            [
                                55.248589,
                                25.076891
                            ],
                            [
                                55.24863,
                                25.077295
                            ],
                            [
                                55.248604,
                                25.077688
                            ],
                            [
                                55.248548,
                                25.077957
                            ],
                            [
                                55.248652,
                                25.077886
                            ]
                        ]
                    ]
                ]
            }
        },
        {
            "type": "Feature",
            "properties": {
                "observation_date": "2019-07-28",
                "source": "S2B_40RCN_20190728_0_L2A_TCI",
                "sensor_name": "Sentinel-2",
                "type": "observation",
                "current_phase": "Active Construction",
                "is_occluded": "False",
                "is_site_boundary": "True",
                "score": 1.0
            },
            "geometry": {
                "type": "MultiPolygon",
                "coordinates": [
                    [
                        [
                            [
                                55.248652,
                                25.077893
                            ],
                            [
                                55.248784,
                                25.077834
                            ],
                            [
                                55.248908,
                                25.077826
                            ],
                            [
                                55.249147,
                                25.077838
                            ],
                            [
                                55.24924,
                                25.077863
                            ],
                            [
                                55.24937,
                                25.077885
                            ],
                            [
                                55.249501,
                                25.077867
                            ],
                            [
                                55.249643,
                                25.077806
                            ],
                            [
                                55.249586,
                                25.076368
                            ],
                            [
                                55.249372,
                                25.076008
                            ],
                            [
                                55.248403,
                                25.076397
                            ],
                            [
                                55.248501,
                                25.076626
                            ],
                            [
                                55.248589,
                                25.076897
                            ],
                            [
                                55.24863,
                                25.077301
                            ],
                            [
                                55.248604,
                                25.077694
                            ],
                            [
                                55.248548,
                                25.077964
                            ],
                            [
                                55.248652,
                                25.077893
                            ]
                        ]
                    ]
                ]
            }
        },
        {
            "type": "Feature",
            "properties": {
                "observation_date": "2019-08-02",
                "source": "S2A_40RCN_20190802_0_L2A_TCI",
                "sensor_name": "Sentinel-2",
                "type": "observation",
                "current_phase": "Active Construction",
                "is_occluded": "False",
                "is_site_boundary": "True",
                "score": 1.0
            },
            "geometry": {
                "type": "MultiPolygon",
                "coordinates": [
                    [
                        [
                            [
                                55.248649,
                                25.077903
                            ],
                            [
                                55.24878,
                                25.077843
                            ],
                            [
                                55.248905,
                                25.077835
                            ],
                            [
                                55.249143,
                                25.077848
                            ],
                            [
                                55.249237,
                                25.077872
                            ],
                            [
                                55.249367,
                                25.077894
                            ],
                            [
                                55.249498,
                                25.077877
                            ],
                            [
                                55.249639,
                                25.077815
                            ],
                            [
                                55.249582,
                                25.076378
                            ],
                            [
                                55.249369,
                                25.076018
                            ],
                            [
                                55.248399,
                                25.076406
                            ],
                            [
                                55.248498,
                                25.076636
                            ],
                            [
                                55.248586,
                                25.076907
                            ],
                            [
                                55.248627,
                                25.07731
                            ],
                            [
                                55.248601,
                                25.077704
                            ],
                            [
                                55.248545,
                                25.077973
                            ],
                            [
                                55.248649,
                                25.077903
                            ]
                        ]
                    ]
                ]
            }
        },
        {
            "type": "Feature",
            "properties": {
                "observation_date": "2019-08-29",
                "source": "19AUG29070526-P1BS-502626884040_05_P001",
                "sensor_name": "WorldView",
                "type": "observation",
                "current_phase": "Active Construction",
                "is_occluded": "False",
                "is_site_boundary": "True",
                "score": 1.0
            },
            "geometry": {
                "type": "MultiPolygon",
                "coordinates": [
                    [
                        [
                            [
                                55.248659,
                                25.07792
                            ],
                            [
                                55.248791,
                                25.077861
                            ],
                            [
                                55.248916,
                                25.077853
                            ],
                            [
                                55.249156,
                                25.077865
                            ],
                            [
                                55.24925,
                                25.07789
                            ],
                            [
                                55.24938,
                                25.077912
                            ],
                            [
                                55.249512,
                                25.077894
                            ],
                            [
                                55.249654,
                                25.077833
                            ],
                            [
                                55.249597,
                                25.076395
                            ],
                            [
                                55.249382,
                                25.076034
                            ],
                            [
                                55.248408,
                                25.076423
                            ],
                            [
                                55.248507,
                                25.076652
                            ],
                            [
                                55.248596,
                                25.076924
                            ],
                            [
                                55.248637,
                                25.077328
                            ],
                            [
                                55.24861,
                                25.077721
                            ],
                            [
                                55.248555,
                                25.077991
                            ],
                            [
                                55.248659,
                                25.07792
                            ]
                        ]
                    ]
                ]
            }
        },
        {
            "type": "Feature",
            "properties": {
                "observation_date": "2019-09-01",
                "source": "S2A_40RCN_20190901_0_L2A_TCI",
                "sensor_name": "Sentinel-2",
                "type": "observation",
                "current_phase": "Active Construction",
                "is_occluded": "False",
                "is_site_boundary": "True",
                "score": 1.0
            },
            "geometry": {
                "type": "MultiPolygon",
                "coordinates": [
                    [
                        [
                            [
                                55.248649,
                                25.077918
                            ],
                            [
                                55.248781,
                                25.077859
                            ],
                            [
                                55.248905,
                                25.077851
                            ],
                            [
                                55.249144,
                                25.077863
                            ],
                            [
                                55.249237,
                                25.077888
                            ],
                            [
                                55.249367,
                                25.077909
                            ],
                            [
                                55.249498,
                                25.077892
                            ],
                            [
                                55.24964,
                                25.077831
                            ],
                            [
                                55.249583,
                                25.076393
                            ],
                            [
                                55.249369,
                                25.076033
                            ],
                            [
                                55.2484,
                                25.076422
                            ],
                            [
                                55.248498,
                                25.076651
                            ],
                            [
                                55.248586,
                                25.076922
                            ],
                            [
                                55.248627,
                                25.077326
                            ],
                            [
                                55.248601,
                                25.077719
                            ],
                            [
                                55.248545,
                                25.077989
                            ],
                            [
                                55.248649,
                                25.077918
                            ]
                        ]
                    ]
                ]
            }
        },
        {
            "type": "Feature",
            "properties": {
                "observation_date": "2019-09-21",
                "source": "LC08_L1TP_160043_20190921_20200826_02_T1_TCI",
                "sensor_name": "Landsat 8",
                "type": "observation",
                "current_phase": "Active Construction",
                "is_occluded": "False",
                "is_site_boundary": "True",
                "score": 1.0
            },
            "geometry": {
                "type": "MultiPolygon",
                "coordinates": [
                    [
                        [
                            [
                                55.248652,
                                25.077917
                            ],
                            [
                                55.248784,
                                25.077858
                            ],
                            [
                                55.248908,
                                25.07785
                            ],
                            [
                                55.249147,
                                25.077862
                            ],
                            [
                                55.249239,
                                25.077887
                            ],
                            [
                                55.249369,
                                25.077908
                            ],
                            [
                                55.249501,
                                25.077891
                            ],
                            [
                                55.249642,
                                25.07783
                            ],
                            [
                                55.249585,
                                25.076394
                            ],
                            [
                                55.249371,
                                25.076034
                            ],
                            [
                                55.248403,
                                25.076422
                            ],
                            [
                                55.248501,
                                25.076651
                            ],
                            [
                                55.24859,
                                25.076922
                            ],
                            [
                                55.248631,
                                25.077325
                            ],
                            [
                                55.248604,
                                25.077718
                            ],
                            [
                                55.248549,
                                25.077988
                            ],
                            [
                                55.248652,
                                25.077917
                            ]
                        ]
                    ]
                ]
            }
        },
        {
            "type": "Feature",
            "properties": {
                "observation_date": "2019-10-06",
                "source": "S2B_40RCN_20191006_0_L2A_TCI",
                "sensor_name": "Sentinel-2",
                "type": "observation",
                "current_phase": "Active Construction",
                "is_occluded": "False",
                "is_site_boundary": "True",
                "score": 1.0
            },
            "geometry": {
                "type": "MultiPolygon",
                "coordinates": [
                    [
                        [
                            [
                                55.248663,
                                25.077911
                            ],
                            [
                                55.248794,
                                25.077851
                            ],
                            [
                                55.248919,
                                25.077843
                            ],
                            [
                                55.249157,
                                25.077855
                            ],
                            [
                                55.24925,
                                25.07788
                            ],
                            [
                                55.24938,
                                25.077902
                            ],
                            [
                                55.249512,
                                25.077885
                            ],
                            [
                                55.249653,
                                25.077823
                            ],
                            [
                                55.249596,
                                25.076386
                            ],
                            [
                                55.249382,
                                25.076026
                            ],
                            [
                                55.248413,
                                25.076414
                            ],
                            [
                                55.248511,
                                25.076644
                            ],
                            [
                                55.2486,
                                25.076915
                            ],
                            [
                                55.248641,
                                25.077318
                            ],
                            [
                                55.248614,
                                25.077712
                            ],
                            [
                                55.248559,
                                25.077981
                            ],
                            [
                                55.248663,
                                25.077911
                            ]
                        ]
                    ]
                ]
            }
        },
        {
            "type": "Feature",
            "properties": {
                "observation_date": "2019-10-08",
                "source": "19OCT08100851-P1BS_R4C1-502704253040_06_P001",
                "sensor_name": "WorldView",
                "type": "observation",
                "current_phase": "Active Construction",
                "is_occluded": "False",
                "is_site_boundary": "True",
                "score": 1.0
            },
            "geometry": {
                "type": "MultiPolygon",
                "coordinates": [
                    [
                        [
                            [
                                55.248686,
                                25.077906
                            ],
                            [
                                55.248818,
                                25.077846
                            ],
                            [
                                55.248943,
                                25.077838
                            ],
                            [
                                55.249183,
                                25.07785
                            ],
                            [
                                55.249276,
                                25.077875
                            ],
                            [
                                55.249407,
                                25.077897
                            ],
                            [
                                55.249539,
                                25.07788
                            ],
                            [
                                55.249681,
                                25.077818
                            ],
                            [
                                55.249624,
                                25.07638
                            ],
                            [
                                55.249409,
                                25.076019
                            ],
                            [
                                55.248435,
                                25.076408
                            ],
                            [
                                55.248534,
                                25.076638
                            ],
                            [
                                55.248623,
                                25.076909
                            ],
                            [
                                55.248664,
                                25.077313
                            ],
                            [
                                55.248637,
                                25.077706
                            ],
                            [
                                55.248581,
                                25.077976
                            ],
                            [
                                55.248686,
                                25.077906
                            ]
                        ]
                    ]
                ]
            }
        },
        {
            "type": "Feature",
            "properties": {
                "observation_date": "2019-10-23",
                "source": "LC08_L1TP_160043_20191023_20200825_02_T1_TCI",
                "sensor_name": "Landsat 8",
                "type": "observation",
                "current_phase": "Active Construction",
                "is_occluded": "False",
                "is_site_boundary": "True",
                "score": 1.0
            },
            "geometry": {
                "type": "MultiPolygon",
                "coordinates": [
                    [
                        [
                            [
                                55.248662,
                                25.077922
                            ],
                            [
                                55.248793,
                                25.077863
                            ],
                            [
                                55.248918,
                                25.077855
                            ],
                            [
                                55.249156,
                                25.077867
                            ],
                            [
                                55.249249,
                                25.077892
                            ],
                            [
                                55.249379,
                                25.077913
                            ],
                            [
                                55.24951,
                                25.077896
                            ],
                            [
                                55.249652,
                                25.077835
                            ],
                            [
                                55.249595,
                                25.076399
                            ],
                            [
                                55.249381,
                                25.076039
                            ],
                            [
                                55.248413,
                                25.076427
                            ],
                            [
                                55.248511,
                                25.076656
                            ],
                            [
                                55.248599,
                                25.076927
                            ],
                            [
                                55.24864,
                                25.07733
                            ],
                            [
                                55.248614,
                                25.077723
                            ],
                            [
                                55.248558,
                                25.077993
                            ],
                            [
                                55.248662,
                                25.077922
                            ]
                        ]
                    ]
                ]
            }
        },
        {
            "type": "Feature",
            "properties": {
                "observation_date": "2019-11-24",
                "source": "LC08_L1TP_160043_20191124_20200825_02_T1_TCI",
                "sensor_name": "Landsat 8",
                "type": "observation",
                "current_phase": "Active Construction",
                "is_occluded": "False",
                "is_site_boundary": "True",
                "score": 1.0
            },
            "geometry": {
                "type": "MultiPolygon",
                "coordinates": [
                    [
                        [
                            [
                                55.248658,
                                25.077934
                            ],
                            [
                                55.24879,
                                25.077875
                            ],
                            [
                                55.248914,
                                25.077867
                            ],
                            [
                                55.249152,
                                25.077879
                            ],
                            [
                                55.249245,
                                25.077904
                            ],
                            [
                                55.249375,
                                25.077926
                            ],
                            [
                                55.249506,
                                25.077908
                            ],
                            [
                                55.249648,
                                25.077847
                            ],
                            [
                                55.249591,
                                25.076411
                            ],
                            [
                                55.249377,
                                25.076051
                            ],
                            [
                                55.248409,
                                25.07644
                            ],
                            [
                                55.248507,
                                25.076669
                            ],
                            [
                                55.248596,
                                25.076939
                            ],
                            [
                                55.248637,
                                25.077343
                            ],
                            [
                                55.24861,
                                25.077735
                            ],
                            [
                                55.248555,
                                25.078005
                            ],
                            [
                                55.248658,
                                25.077934
                            ]
                        ]
                    ]
                ]
            }
        },
        {
            "type": "Feature",
            "properties": {
                "observation_date": "2019-11-25",
                "source": "S2B_40RCN_20191125_0_L2A_TCI",
                "sensor_name": "Sentinel-2",
                "type": "observation",
                "current_phase": "Active Construction",
                "is_occluded": "False",
                "is_site_boundary": "True",
                "score": 1.0
            },
            "geometry": {
                "type": "MultiPolygon",
                "coordinates": [
                    [
                        [
                            [
                                55.248658,
                                25.077944
                            ],
                            [
                                55.248789,
                                25.077885
                            ],
                            [
                                55.248914,
                                25.077877
                            ],
                            [
                                55.249153,
                                25.077889
                            ],
                            [
                                55.249246,
                                25.077914
                            ],
                            [
                                55.249376,
                                25.077935
                            ],
                            [
                                55.249507,
                                25.077918
                            ],
                            [
                                55.249649,
                                25.077857
                            ],
                            [
                                55.249592,
                                25.076419
                            ],
                            [
                                55.249378,
                                25.076059
                            ],
                            [
                                55.248408,
                                25.076448
                            ],
                            [
                                55.248507,
                                25.076677
                            ],
                            [
                                55.248595,
                                25.076948
                            ],
                            [
                                55.248636,
                                25.077352
                            ],
                            [
                                55.24861,
                                25.077745
                            ],
                            [
                                55.248554,
                                25.078015
                            ],
                            [
                                55.248658,
                                25.077944
                            ]
                        ]
                    ]
                ]
            }
        },
        {
            "type": "Feature",
            "properties": {
                "observation_date": "2019-12-26",
                "source": "LC08_L1TP_160043_20191226_20200825_02_T1_TCI",
                "sensor_name": "Landsat 8",
                "type": "observation",
                "current_phase": "Active Construction",
                "is_occluded": "False",
                "is_site_boundary": "True",
                "score": 1.0
            },
            "geometry": {
                "type": "MultiPolygon",
                "coordinates": [
                    [
                        [
                            [
                                55.248653,
                                25.077945
                            ],
                            [
                                55.248785,
                                25.077886
                            ],
                            [
                                55.248909,
                                25.077878
                            ],
                            [
                                55.249147,
                                25.07789
                            ],
                            [
                                55.24924,
                                25.077915
                            ],
                            [
                                55.24937,
                                25.077937
                            ],
                            [
                                55.249501,
                                25.077919
                            ],
                            [
                                55.249643,
                                25.077858
                            ],
                            [
                                55.249586,
                                25.076422
                            ],
                            [
                                55.249372,
                                25.076062
                            ],
                            [
                                55.248404,
                                25.07645
                            ],
                            [
                                55.248502,
                                25.076679
                            ],
                            [
                                55.248591,
                                25.07695
                            ],
                            [
                                55.248631,
                                25.077353
                            ],
                            [
                                55.248605,
                                25.077746
                            ],
                            [
                                55.248549,
                                25.078016
                            ],
                            [
                                55.248653,
                                25.077945
                            ]
                        ]
                    ]
                ]
            }
        },
        {
            "type": "Feature",
            "properties": {
                "observation_date": "2019-12-30",
                "source": "S2A_40RCN_20191230_0_L2A_TCI",
                "sensor_name": "Sentinel-2",
                "type": "observation",
                "current_phase": "Active Construction",
                "is_occluded": "False",
                "is_site_boundary": "True",
                "score": 1.0
            },
            "geometry": {
                "type": "MultiPolygon",
                "coordinates": [
                    [
                        [
                            [
                                55.248655,
                                25.077941
                            ],
                            [
                                55.248787,
                                25.077881
                            ],
                            [
                                55.248911,
                                25.077873
                            ],
                            [
                                55.24915,
                                25.077886
                            ],
                            [
                                55.249243,
                                25.077911
                            ],
                            [
                                55.249373,
                                25.077932
                            ],
                            [
                                55.249504,
                                25.077915
                            ],
                            [
                                55.249646,
                                25.077853
                            ],
                            [
                                55.249589,
                                25.076416
                            ],
                            [
                                55.249375,
                                25.076056
                            ],
                            [
                                55.248406,
                                25.076444
                            ],
                            [
                                55.248504,
                                25.076674
                            ],
                            [
                                55.248592,
                                25.076945
                            ],
                            [
                                55.248633,
                                25.077348
                            ],
                            [
                                55.248607,
                                25.077742
                            ],
                            [
                                55.248551,
                                25.078011
                            ],
                            [
                                55.248655,
                                25.077941
                            ]
                        ]
                    ]
                ]
            }
        },
        {
            "type": "Feature",
            "properties": {
                "observation_date": "2020-01-19",
                "source": "S2A_40RCN_20200119_0_L2A_TCI",
                "sensor_name": "Sentinel-2",
                "type": "observation",
                "current_phase": "Active Construction",
                "is_occluded": "False",
                "is_site_boundary": "True",
                "score": 1.0
            },
            "geometry": {
                "type": "MultiPolygon",
                "coordinates": [
                    [
                        [
                            [
                                55.248654,
                                25.077939
                            ],
                            [
                                55.248785,
                                25.07788
                            ],
                            [
                                55.24891,
                                25.077872
                            ],
                            [
                                55.249148,
                                25.077884
                            ],
                            [
                                55.249241,
                                25.077909
                            ],
                            [
                                55.249371,
                                25.077931
                            ],
                            [
                                55.249503,
                                25.077913
                            ],
                            [
                                55.249644,
                                25.077852
                            ],
                            [
                                55.249587,
                                25.076414
                            ],
                            [
                                55.249374,
                                25.076054
                            ],
                            [
                                55.248404,
                                25.076443
                            ],
                            [
                                55.248503,
                                25.076672
                            ],
                            [
                                55.248591,
                                25.076943
                            ],
                            [
                                55.248632,
                                25.077347
                            ],
                            [
                                55.248606,
                                25.07774
                            ],
                            [
                                55.24855,
                                25.07801
                            ],
                            [
                                55.248654,
                                25.077939
                            ]
                        ]
                    ]
                ]
            }
        },
        {
            "type": "Feature",
            "properties": {
                "observation_date": "2020-03-15",
                "source": "LC08_L1TP_160043_20200315_20200822_02_T1_TCI",
                "sensor_name": "Landsat 8",
                "type": "observation",
                "current_phase": "Active Construction",
                "is_occluded": "False",
                "is_site_boundary": "True",
                "score": 1.0
            },
            "geometry": {
                "type": "MultiPolygon",
                "coordinates": [
                    [
                        [
                            [
                                55.248645,
                                25.077936
                            ],
                            [
                                55.248776,
                                25.077876
                            ],
                            [
                                55.248901,
                                25.077868
                            ],
                            [
                                55.249139,
                                25.077881
                            ],
                            [
                                55.249232,
                                25.077905
                            ],
                            [
                                55.249362,
                                25.077927
                            ],
                            [
                                55.249493,
                                25.07791
                            ],
                            [
                                55.249634,
                                25.077848
                            ],
                            [
                                55.249577,
                                25.076412
                            ],
                            [
                                55.249364,
                                25.076053
                            ],
                            [
                                55.248396,
                                25.076441
                            ],
                            [
                                55.248494,
                                25.07667
                            ],
                            [
                                55.248582,
                                25.076941
                            ],
                            [
                                55.248623,
                                25.077344
                            ],
                            [
                                55.248597,
                                25.077737
                            ],
                            [
                                55.248541,
                                25.078006
                            ],
                            [
                                55.248645,
                                25.077936
                            ]
                        ]
                    ]
                ]
            }
        },
        {
            "type": "Feature",
            "properties": {
                "observation_date": "2020-04-23",
                "source": "S2B_40RCN_20200423_0_L2A_TCI",
                "sensor_name": "Sentinel-2",
                "type": "observation",
                "current_phase": "Active Construction",
                "is_occluded": "False",
                "is_site_boundary": "True",
                "score": 1.0
            },
            "geometry": {
                "type": "MultiPolygon",
                "coordinates": [
                    [
                        [
                            [
                                55.248645,
                                25.07793
                            ],
                            [
                                55.248777,
                                25.07787
                            ],
                            [
                                55.248901,
                                25.077862
                            ],
                            [
                                55.24914,
                                25.077875
                            ],
                            [
                                55.249233,
                                25.077899
                            ],
                            [
                                55.249363,
                                25.077921
                            ],
                            [
                                55.249494,
                                25.077904
                            ],
                            [
                                55.249636,
                                25.077842
                            ],
                            [
                                55.249579,
                                25.076405
                            ],
                            [
                                55.249365,
                                25.076045
                            ],
                            [
                                55.248396,
                                25.076433
                            ],
                            [
                                55.248494,
                                25.076663
                            ],
                            [
                                55.248583,
                                25.076934
                            ],
                            [
                                55.248624,
                                25.077337
                            ],
                            [
                                55.248597,
                                25.077731
                            ],
                            [
                                55.248542,
                                25.078
                            ],
                            [
                                55.248645,
                                25.07793
                            ]
                        ]
                    ]
                ]
            }
        },
        {
            "type": "Feature",
            "properties": {
                "observation_date": "2020-05-13",
                "source": "S2B_40RCN_20200513_0_L2A_TCI",
                "sensor_name": "Sentinel-2",
                "type": "observation",
                "current_phase": "Active Construction",
                "is_occluded": "False",
                "is_site_boundary": "True",
                "score": 1.0
            },
            "geometry": {
                "type": "MultiPolygon",
                "coordinates": [
                    [
                        [
                            [
                                55.248644,
                                25.077928
                            ],
                            [
                                55.248775,
                                25.077869
                            ],
                            [
                                55.2489,
                                25.077861
                            ],
                            [
                                55.249139,
                                25.077873
                            ],
                            [
                                55.249232,
                                25.077898
                            ],
                            [
                                55.249362,
                                25.07792
                            ],
                            [
                                55.249493,
                                25.077902
                            ],
                            [
                                55.249634,
                                25.077841
                            ],
                            [
                                55.249577,
                                25.076403
                            ],
                            [
                                55.249364,
                                25.076043
                            ],
                            [
                                55.248394,
                                25.076432
                            ],
                            [
                                55.248493,
                                25.076661
                            ],
                            [
                                55.248581,
                                25.076932
                            ],
                            [
                                55.248622,
                                25.077336
                            ],
                            [
                                55.248596,
                                25.077729
                            ],
                            [
                                55.24854,
                                25.077999
                            ],
                            [
                                55.248644,
                                25.077928
                            ]
                        ]
                    ]
                ]
            }
        },
        {
            "type": "Feature",
            "properties": {
                "observation_date": "2020-05-18",
                "source": "LC08_L1TP_160043_20200518_20200820_02_T1_TCI",
                "sensor_name": "Landsat 8",
                "type": "observation",
                "current_phase": "Active Construction",
                "is_occluded": "False",
                "is_site_boundary": "True",
                "score": 1.0
            },
            "geometry": {
                "type": "MultiPolygon",
                "coordinates": [
                    [
                        [
                            [
                                55.248639,
                                25.077929
                            ],
                            [
                                55.248771,
                                25.07787
                            ],
                            [
                                55.248895,
                                25.077862
                            ],
                            [
                                55.249133,
                                25.077874
                            ],
                            [
                                55.249226,
                                25.077899
                            ],
                            [
                                55.249356,
                                25.077921
                            ],
                            [
                                55.249487,
                                25.077903
                            ],
                            [
                                55.249629,
                                25.077842
                            ],
                            [
                                55.249572,
                                25.076406
                            ],
                            [
                                55.249358,
                                25.076046
                            ],
                            [
                                55.24839,
                                25.076435
                            ],
                            [
                                55.248488,
                                25.076664
                            ],
                            [
                                55.248577,
                                25.076934
                            ],
                            [
                                55.248617,
                                25.077338
                            ],
                            [
                                55.248591,
                                25.077731
                            ],
                            [
                                55.248535,
                                25.078
                            ],
                            [
                                55.248639,
                                25.077929
                            ]
                        ]
                    ]
                ]
            }
        },
        {
            "type": "Feature",
            "properties": {
                "observation_date": "2020-06-19",
                "source": "LC08_L1TP_160043_20200619_20200823_02_T1_TCI",
                "sensor_name": "Landsat 8",
                "type": "observation",
                "current_phase": "Active Construction",
                "is_occluded": "False",
                "is_site_boundary": "True",
                "score": 1.0
            },
            "geometry": {
                "type": "MultiPolygon",
                "coordinates": [
                    [
                        [
                            [
                                55.248638,
                                25.077928
                            ],
                            [
                                55.248769,
                                25.077868
                            ],
                            [
                                55.248894,
                                25.07786
                            ],
                            [
                                55.249132,
                                25.077873
                            ],
                            [
                                55.249225,
                                25.077898
                            ],
                            [
                                55.249355,
                                25.077919
                            ],
                            [
                                55.249486,
                                25.077902
                            ],
                            [
                                55.249627,
                                25.077841
                            ],
                            [
                                55.24957,
                                25.076404
                            ],
                            [
                                55.249357,
                                25.076045
                            ],
                            [
                                55.248389,
                                25.076433
                            ],
                            [
                                55.248487,
                                25.076662
                            ],
                            [
                                55.248575,
                                25.076933
                            ],
                            [
                                55.248616,
                                25.077336
                            ],
                            [
                                55.24859,
                                25.077729
                            ],
                            [
                                55.248534,
                                25.077998
                            ],
                            [
                                55.248638,
                                25.077928
                            ]
                        ]
                    ]
                ]
            }
        },
        {
            "type": "Feature",
            "properties": {
                "observation_date": "2020-06-27",
                "source": "S2A_40RCN_20200627_0_L2A_TCI",
                "sensor_name": "Sentinel-2",
                "type": "observation",
                "current_phase": "Active Construction",
                "is_occluded": "False",
                "is_site_boundary": "True",
                "score": 1.0
            },
            "geometry": {
                "type": "MultiPolygon",
                "coordinates": [
                    [
                        [
                            [
                                55.24864,
                                25.077924
                            ],
                            [
                                55.248771,
                                25.077864
                            ],
                            [
                                55.248896,
                                25.077856
                            ],
                            [
                                55.249134,
                                25.077868
                            ],
                            [
                                55.249227,
                                25.077893
                            ],
                            [
                                55.249357,
                                25.077915
                            ],
                            [
                                55.249489,
                                25.077897
                            ],
                            [
                                55.24963,
                                25.077836
                            ],
                            [
                                55.249573,
                                25.076399
                            ],
                            [
                                55.249359,
                                25.076038
                            ],
                            [
                                55.24839,
                                25.076427
                            ],
                            [
                                55.248489,
                                25.076656
                            ],
                            [
                                55.248577,
                                25.076927
                            ],
                            [
                                55.248618,
                                25.077331
                            ],
                            [
                                55.248592,
                                25.077724
                            ],
                            [
                                55.248536,
                                25.077994
                            ],
                            [
                                55.24864,
                                25.077924
                            ]
                        ]
                    ]
                ]
            }
        },
        {
            "type": "Feature",
            "properties": {
                "observation_date": "2020-07-05",
                "source": "LC08_L1TP_160043_20200705_20200913_02_T1_TCI",
                "sensor_name": "Landsat 8",
                "type": "observation",
                "current_phase": "Active Construction",
                "is_occluded": "False",
                "is_site_boundary": "True",
                "score": 1.0
            },
            "geometry": {
                "type": "MultiPolygon",
                "coordinates": [
                    [
                        [
                            [
                                55.248635,
                                25.077925
                            ],
                            [
                                55.248766,
                                25.077865
                            ],
                            [
                                55.248891,
                                25.077857
                            ],
                            [
                                55.249129,
                                25.07787
                            ],
                            [
                                55.249222,
                                25.077894
                            ],
                            [
                                55.249352,
                                25.077916
                            ],
                            [
                                55.249483,
                                25.077899
                            ],
                            [
                                55.249624,
                                25.077837
                            ],
                            [
                                55.249568,
                                25.076401
                            ],
                            [
                                55.249354,
                                25.076042
                            ],
                            [
                                55.248386,
                                25.07643
                            ],
                            [
                                55.248484,
                                25.076659
                            ],
                            [
                                55.248572,
                                25.07693
                            ],
                            [
                                55.248613,
                                25.077333
                            ],
                            [
                                55.248587,
                                25.077726
                            ],
                            [
                                55.248531,
                                25.077995
                            ],
                            [
                                55.248635,
                                25.077925
                            ]
                        ]
                    ]
                ]
            }
        },
        {
            "type": "Feature",
            "properties": {
                "observation_date": "2020-07-12",
                "source": "S2B_40RCN_20200712_0_L2A_TCI",
                "sensor_name": "Sentinel-2",
                "type": "observation",
                "current_phase": "Active Construction",
                "is_occluded": "False",
                "is_site_boundary": "True",
                "score": 1.0
            },
            "geometry": {
                "type": "MultiPolygon",
                "coordinates": [
                    [
                        [
                            [
                                55.248637,
                                25.07792
                            ],
                            [
                                55.248768,
                                25.077861
                            ],
                            [
                                55.248893,
                                25.077853
                            ],
                            [
                                55.249132,
                                25.077865
                            ],
                            [
                                55.249225,
                                25.07789
                            ],
                            [
                                55.249355,
                                25.077912
                            ],
                            [
                                55.249486,
                                25.077894
                            ],
                            [
                                55.249627,
                                25.077833
                            ],
                            [
                                55.24957,
                                25.076395
                            ],
                            [
                                55.249357,
                                25.076035
                            ],
                            [
                                55.248387,
                                25.076424
                            ],
                            [
                                55.248486,
                                25.076653
                            ],
                            [
                                55.248574,
                                25.076924
                            ],
                            [
                                55.248615,
                                25.077328
                            ],
                            [
                                55.248589,
                                25.077721
                            ],
                            [
                                55.248533,
                                25.077991
                            ],
                            [
                                55.248637,
                                25.07792
                            ]
                        ]
                    ]
                ]
            }
        },
        {
            "type": "Feature",
            "properties": {
                "observation_date": "2020-08-06",
                "source": "S2A_40RCN_20200806_1_L2A_TCI",
                "sensor_name": "Sentinel-2",
                "type": "observation",
                "current_phase": "Active Construction",
                "is_occluded": "False",
                "is_site_boundary": "True",
                "score": 1.0
            },
            "geometry": {
                "type": "MultiPolygon",
                "coordinates": [
                    [
                        [
                            [
                                55.248636,
                                25.077919
                            ],
                            [
                                55.248767,
                                25.077859
                            ],
                            [
                                55.248892,
                                25.077851
                            ],
                            [
                                55.24913,
                                25.077864
                            ],
                            [
                                55.249223,
                                25.077888
                            ],
                            [
                                55.249353,
                                25.07791
                            ],
                            [
                                55.249485,
                                25.077893
                            ],
                            [
                                55.249626,
                                25.077831
                            ],
                            [
                                55.249569,
                                25.076394
                            ],
                            [
                                55.249355,
                                25.076034
                            ],
                            [
                                55.248386,
                                25.076422
                            ],
                            [
                                55.248484,
                                25.076652
                            ],
                            [
                                55.248573,
                                25.076923
                            ],
                            [
                                55.248614,
                                25.077326
                            ],
                            [
                                55.248587,
                                25.07772
                            ],
                            [
                                55.248532,
                                25.077989
                            ],
                            [
                                55.248636,
                                25.077919
                            ]
                        ]
                    ]
                ]
            }
        },
        {
            "type": "Feature",
            "properties": {
                "observation_date": "2020-08-22",
                "source": "LC08_L1TP_160043_20200822_20200905_02_T1_TCI",
                "sensor_name": "Landsat 8",
                "type": "observation",
                "current_phase": "Active Construction",
                "is_occluded": "False",
                "is_site_boundary": "True",
                "score": 1.0
            },
            "geometry": {
                "type": "MultiPolygon",
                "coordinates": [
                    [
                        [
                            [
                                55.248631,
                                25.07792
                            ],
                            [
                                55.248762,
                                25.077861
                            ],
                            [
                                55.248887,
                                25.077853
                            ],
                            [
                                55.249125,
                                25.077865
                            ],
                            [
                                55.249218,
                                25.07789
                            ],
                            [
                                55.249348,
                                25.077911
                            ],
                            [
                                55.249479,
                                25.077894
                            ],
                            [
                                55.24962,
                                25.077833
                            ],
                            [
                                55.249563,
                                25.076397
                            ],
                            [
                                55.24935,
                                25.076037
                            ],
                            [
                                55.248381,
                                25.076425
                            ],
                            [
                                55.24848,
                                25.076654
                            ],
                            [
                                55.248568,
                                25.076925
                            ],
                            [
                                55.248609,
                                25.077328
                            ],
                            [
                                55.248583,
                                25.077721
                            ],
                            [
                                55.248527,
                                25.07799
                            ],
                            [
                                55.248631,
                                25.07792
                            ]
                        ]
                    ]
                ]
            }
        },
        {
            "type": "Feature",
            "properties": {
                "observation_date": "2020-09-07",
                "source": "LC08_L1TP_160043_20200907_20200918_02_T1_TCI",
                "sensor_name": "Landsat 8",
                "type": "observation",
                "current_phase": "Active Construction",
                "is_occluded": "False",
                "is_site_boundary": "True",
                "score": 1.0
            },
            "geometry": {
                "type": "MultiPolygon",
                "coordinates": [
                    [
                        [
                            [
                                55.248629,
                                25.077918
                            ],
                            [
                                55.248761,
                                25.077859
                            ],
                            [
                                55.248885,
                                25.077851
                            ],
                            [
                                55.249123,
                                25.077863
                            ],
                            [
                                55.249216,
                                25.077888
                            ],
                            [
                                55.249346,
                                25.07791
                            ],
                            [
                                55.249477,
                                25.077892
                            ],
                            [
                                55.249619,
                                25.077831
                            ],
                            [
                                55.249562,
                                25.076395
                            ],
                            [
                                55.249348,
                                25.076035
                            ],
                            [
                                55.24838,
                                25.076424
                            ],
                            [
                                55.248478,
                                25.076653
                            ],
                            [
                                55.248567,
                                25.076923
                            ],
                            [
                                55.248608,
                                25.077327
                            ],
                            [
                                55.248581,
                                25.07772
                            ],
                            [
                                55.248526,
                                25.077989
                            ],
                            [
                                55.248629,
                                25.077918
                            ]
                        ]
                    ]
                ]
            }
        },
        {
            "type": "Feature",
            "properties": {
                "observation_date": "2020-09-10",
                "source": "S2B_40RCN_20200910_0_L2A_TCI",
                "sensor_name": "Sentinel-2",
                "type": "observation",
                "current_phase": "Active Construction",
                "is_occluded": "False",
                "is_site_boundary": "True",
                "score": 1.0
            },
            "geometry": {
                "type": "MultiPolygon",
                "coordinates": [
                    [
                        [
                            [
                                55.248631,
                                25.077914
                            ],
                            [
                                55.248763,
                                25.077855
                            ],
                            [
                                55.248887,
                                25.077847
                            ],
                            [
                                55.249126,
                                25.077859
                            ],
                            [
                                55.249219,
                                25.077884
                            ],
                            [
                                55.249349,
                                25.077905
                            ],
                            [
                                55.24948,
                                25.077888
                            ],
                            [
                                55.249622,
                                25.077827
                            ],
                            [
                                55.249565,
                                25.076389
                            ],
                            [
                                55.249351,
                                25.076029
                            ],
                            [
                                55.248382,
                                25.076418
                            ],
                            [
                                55.24848,
                                25.076647
                            ],
                            [
                                55.248569,
                                25.076918
                            ],
                            [
                                55.24861,
                                25.077322
                            ],
                            [
                                55.248583,
                                25.077715
                            ],
                            [
                                55.248527,
                                25.077985
                            ],
                            [
                                55.248631,
                                25.077914
                            ]
                        ]
                    ]
                ]
            }
        },
        {
            "type": "Feature",
            "properties": {
                "observation_date": "2020-09-10",
                "source": "20SEP10064315-P1BS-014464473010_01_P004",
                "sensor_name": "WorldView",
                "type": "observation",
                "current_phase": "Active Construction",
                "is_occluded": "False",
                "is_site_boundary": "True",
                "score": 1.0
            },
            "geometry": {
                "type": "MultiPolygon",
                "coordinates": [
                    [
                        [
                            [
                                55.24873,
                                25.077935
                            ],
                            [
                                55.248863,
                                25.077876
                            ],
                            [
                                55.248988,
                                25.077868
                            ],
                            [
                                55.249228,
                                25.07788
                            ],
                            [
                                55.249321,
                                25.077905
                            ],
                            [
                                55.249452,
                                25.077927
                            ],
                            [
                                55.249584,
                                25.077909
                            ],
                            [
                                55.249726,
                                25.077848
                            ],
                            [
                                55.249669,
                                25.07641
                            ],
                            [
                                55.249454,
                                25.076049
                            ],
                            [
                                55.24848,
                                25.076438
                            ],
                            [
                                55.248578,
                                25.076667
                            ],
                            [
                                55.248667,
                                25.076939
                            ],
                            [
                                55.248709,
                                25.077343
                            ],
                            [
                                55.248682,
                                25.077736
                            ],
                            [
                                55.248626,
                                25.078006
                            ],
                            [
                                55.24873,
                                25.077935
                            ]
                        ]
                    ]
                ]
            }
        },
        {
            "type": "Feature",
            "properties": {
                "observation_date": "2020-10-07",
                "source": "20OCT07071050-P1BS-014466698010_01_P001",
                "sensor_name": "WorldView",
                "type": "observation",
                "current_phase": "Active Construction",
                "is_occluded": "False",
                "is_site_boundary": "True",
                "score": 1.0
            },
            "geometry": {
                "type": "MultiPolygon",
                "coordinates": [
                    [
                        [
                            [
                                55.248706,
                                25.077818
                            ],
                            [
                                55.248838,
                                25.077759
                            ],
                            [
                                55.248963,
                                25.077751
                            ],
                            [
                                55.249203,
                                25.077763
                            ],
                            [
                                55.249297,
                                25.077788
                            ],
                            [
                                55.249427,
                                25.07781
                            ],
                            [
                                55.249559,
                                25.077792
                            ],
                            [
                                55.249701,
                                25.077731
                            ],
                            [
                                55.249644,
                                25.076292
                            ],
                            [
                                55.249429,
                                25.075932
                            ],
                            [
                                55.248455,
                                25.076321
                            ],
                            [
                                55.248554,
                                25.07655
                            ],
                            [
                                55.248643,
                                25.076822
                            ],
                            [
                                55.248684,
                                25.077225
                            ],
                            [
                                55.248658,
                                25.077619
                            ],
                            [
                                55.248602,
                                25.077889
                            ],
                            [
                                55.248706,
                                25.077818
                            ]
                        ]
                    ]
                ]
            }
        },
        {
            "type": "Feature",
            "properties": {
                "observation_date": "2020-10-25",
                "source": "LC08_L1TP_160043_20201025_20201106_02_T1_TCI",
                "sensor_name": "Landsat 8",
                "type": "observation",
                "current_phase": "Active Construction",
                "is_occluded": "False",
                "is_site_boundary": "True",
                "score": 1.0
            },
            "geometry": {
                "type": "MultiPolygon",
                "coordinates": [
                    [
                        [
                            [
                                55.248686,
                                25.07783
                            ],
                            [
                                55.248817,
                                25.077771
                            ],
                            [
                                55.248942,
                                25.077763
                            ],
                            [
                                55.24918,
                                25.077775
                            ],
                            [
                                55.249273,
                                25.0778
                            ],
                            [
                                55.249403,
                                25.077822
                            ],
                            [
                                55.249534,
                                25.077804
                            ],
                            [
                                55.249675,
                                25.077743
                            ],
                            [
                                55.249618,
                                25.076307
                            ],
                            [
                                55.249405,
                                25.075947
                            ],
                            [
                                55.248437,
                                25.076336
                            ],
                            [
                                55.248535,
                                25.076565
                            ],
                            [
                                55.248623,
                                25.076835
                            ],
                            [
                                55.248664,
                                25.077239
                            ],
                            [
                                55.248638,
                                25.077632
                            ],
                            [
                                55.248582,
                                25.077901
                            ],
                            [
                                55.248686,
                                25.07783
                            ]
                        ]
                    ]
                ]
            }
        },
        {
            "type": "Feature",
            "properties": {
                "observation_date": "2020-10-30",
                "source": "S2B_40RCN_20201030_0_L2A_TCI",
                "sensor_name": "Sentinel-2",
                "type": "observation",
                "current_phase": "Active Construction",
                "is_occluded": "False",
                "is_site_boundary": "True",
                "score": 1.0
            },
            "geometry": {
                "type": "MultiPolygon",
                "coordinates": [
                    [
                        [
                            [
                                55.248689,
                                25.077836
                            ],
                            [
                                55.248821,
                                25.077776
                            ],
                            [
                                55.248946,
                                25.077768
                            ],
                            [
                                55.249184,
                                25.07778
                            ],
                            [
                                55.249277,
                                25.077805
                            ],
                            [
                                55.249407,
                                25.077827
                            ],
                            [
                                55.249538,
                                25.077809
                            ],
                            [
                                55.24968,
                                25.077748
                            ],
                            [
                                55.249623,
                                25.076311
                            ],
                            [
                                55.249409,
                                25.07595
                            ],
                            [
                                55.24844,
                                25.076339
                            ],
                            [
                                55.248538,
                                25.076568
                            ],
                            [
                                55.248627,
                                25.076839
                            ],
                            [
                                55.248668,
                                25.077243
                            ],
                            [
                                55.248641,
                                25.077636
                            ],
                            [
                                55.248586,
                                25.077906
                            ],
                            [
                                55.248689,
                                25.077836
                            ]
                        ]
                    ]
                ]
            }
        },
        {
            "type": "Feature",
            "properties": {
                "observation_date": "2020-11-26",
                "source": "LC08_L1TP_160043_20201126_20210316_02_T1_TCI",
                "sensor_name": "Landsat 8",
                "type": "observation",
                "current_phase": "Active Construction",
                "is_occluded": "False",
                "is_site_boundary": "True",
                "score": 1.0
            },
            "geometry": {
                "type": "MultiPolygon",
                "coordinates": [
                    [
                        [
                            [
                                55.248686,
                                25.077854
                            ],
                            [
                                55.248818,
                                25.077795
                            ],
                            [
                                55.248942,
                                25.077787
                            ],
                            [
                                55.24918,
                                25.077799
                            ],
                            [
                                55.249273,
                                25.077824
                            ],
                            [
                                55.249403,
                                25.077846
                            ],
                            [
                                55.249534,
                                25.077828
                            ],
                            [
                                55.249676,
                                25.077767
                            ],
                            [
                                55.249619,
                                25.076331
                            ],
                            [
                                55.249405,
                                25.075971
                            ],
                            [
                                55.248437,
                                25.076359
                            ],
                            [
                                55.248535,
                                25.076588
                            ],
                            [
                                55.248624,
                                25.076859
                            ],
                            [
                                55.248664,
                                25.077262
                            ],
                            [
                                55.248638,
                                25.077655
                            ],
                            [
                                55.248582,
                                25.077925
                            ],
                            [
                                55.248686,
                                25.077854
                            ]
                        ]
                    ]
                ]
            }
        },
        {
            "type": "Feature",
            "properties": {
                "observation_date": "2020-12-14",
                "source": "S2A_40RCN_20201214_0_L2A_TCI",
                "sensor_name": "Sentinel-2",
                "type": "observation",
                "current_phase": "Active Construction",
                "is_occluded": "False",
                "is_site_boundary": "True",
                "score": 1.0
            },
            "geometry": {
                "type": "MultiPolygon",
                "coordinates": [
                    [
                        [
                            [
                                55.24869,
                                25.077867
                            ],
                            [
                                55.248821,
                                25.077808
                            ],
                            [
                                55.248946,
                                25.0778
                            ],
                            [
                                55.249184,
                                25.077812
                            ],
                            [
                                55.249277,
                                25.077837
                            ],
                            [
                                55.249408,
                                25.077859
                            ],
                            [
                                55.249539,
                                25.077841
                            ],
                            [
                                55.24968,
                                25.07778
                            ],
                            [
                                55.249623,
                                25.076342
                            ],
                            [
                                55.24941,
                                25.075982
                            ],
                            [
                                55.24844,
                                25.076371
                            ],
                            [
                                55.248539,
                                25.0766
                            ],
                            [
                                55.248627,
                                25.076871
                            ],
                            [
                                55.248668,
                                25.077275
                            ],
                            [
                                55.248642,
                                25.077668
                            ],
                            [
                                55.248586,
                                25.077938
                            ],
                            [
                                55.24869,
                                25.077867
                            ]
                        ]
                    ]
                ]
            }
        },
        {
            "type": "Feature",
            "properties": {
                "observation_date": "2021-01-13",
                "source": "LC08_L1TP_160043_20210113_20210308_02_T1_TCI",
                "sensor_name": "Landsat 8",
                "type": "observation",
                "current_phase": "Active Construction",
                "is_occluded": "False",
                "is_site_boundary": "True",
                "score": 1.0
            },
            "geometry": {
                "type": "MultiPolygon",
                "coordinates": [
                    [
                        [
                            [
                                55.248687,
                                25.077886
                            ],
                            [
                                55.248818,
                                25.077827
                            ],
                            [
                                55.248942,
                                25.077819
                            ],
                            [
                                55.249181,
                                25.077831
                            ],
                            [
                                55.249274,
                                25.077856
                            ],
                            [
                                55.249404,
                                25.077877
                            ],
                            [
                                55.249535,
                                25.07786
                            ],
                            [
                                55.249676,
                                25.077799
                            ],
                            [
                                55.249619,
                                25.076363
                            ],
                            [
                                55.249406,
                                25.076003
                            ],
                            [
                                55.248437,
                                25.076391
                            ],
                            [
                                55.248536,
                                25.07662
                            ],
                            [
                                55.248624,
                                25.076891
                            ],
                            [
                                55.248665,
                                25.077294
                            ],
                            [
                                55.248638,
                                25.077687
                            ],
                            [
                                55.248583,
                                25.077956
                            ],
                            [
                                55.248687,
                                25.077886
                            ]
                        ]
                    ]
                ]
            }
        },
        {
            "type": "Feature",
            "properties": {
                "observation_date": "2021-02-14",
                "source": "LC08_L1TP_160043_20210214_20210301_02_T1_TCI",
                "sensor_name": "Landsat 8",
                "type": "observation",
                "current_phase": "Active Construction",
                "is_occluded": "False",
                "is_site_boundary": "True",
                "score": 1.0
            },
            "geometry": {
                "type": "MultiPolygon",
                "coordinates": [
                    [
                        [
                            [
                                55.248687,
                                25.077894
                            ],
                            [
                                55.248818,
                                25.077835
                            ],
                            [
                                55.248943,
                                25.077827
                            ],
                            [
                                55.249181,
                                25.077839
                            ],
                            [
                                55.249274,
                                25.077864
                            ],
                            [
                                55.249404,
                                25.077885
                            ],
                            [
                                55.249535,
                                25.077868
                            ],
                            [
                                55.249676,
                                25.077807
                            ],
                            [
                                55.249619,
                                25.076371
                            ],
                            [
                                55.249406,
                                25.076011
                            ],
                            [
                                55.248437,
                                25.076399
                            ],
                            [
                                55.248536,
                                25.076628
                            ],
                            [
                                55.248624,
                                25.076899
                            ],
                            [
                                55.248665,
                                25.077302
                            ],
                            [
                                55.248639,
                                25.077695
                            ],
                            [
                                55.248583,
                                25.077964
                            ],
                            [
                                55.248687,
                                25.077894
                            ]
                        ]
                    ]
                ]
            }
        },
        {
            "type": "Feature",
            "properties": {
                "observation_date": "2021-02-24",
                "source": "21FEB24071355-M1BS-014466653010_01_P002",
                "sensor_name": "WorldView",
                "type": "observation",
                "current_phase": "Active Construction",
                "is_occluded": "False",
                "is_site_boundary": "True",
                "score": 1.0
            },
            "geometry": {
                "type": "MultiPolygon",
                "coordinates": [
                    [
                        [
                            [
                                55.248706,
                                25.077897
                            ],
                            [
                                55.248838,
                                25.077838
                            ],
                            [
                                55.248964,
                                25.07783
                            ],
                            [
                                55.249203,
                                25.077842
                            ],
                            [
                                55.249297,
                                25.077867
                            ],
                            [
                                55.249427,
                                25.077888
                            ],
                            [
                                55.249559,
                                25.077871
                            ],
                            [
                                55.249702,
                                25.07781
                            ],
                            [
                                55.249644,
                                25.076371
                            ],
                            [
                                55.249429,
                                25.076011
                            ],
                            [
                                55.248455,
                                25.076399
                            ],
                            [
                                55.248554,
                                25.076629
                            ],
                            [
                                55.248643,
                                25.0769
                            ],
                            [
                                55.248684,
                                25.077304
                            ],
                            [
                                55.248658,
                                25.077698
                            ],
                            [
                                55.248602,
                                25.077968
                            ],
                            [
                                55.248706,
                                25.077897
                            ]
                        ]
                    ]
                ]
            }
        },
        {
            "type": "Feature",
            "properties": {
                "observation_date": "2021-02-27",
                "source": "S2B_40RCN_20210227_0_L2A_TCI",
                "sensor_name": "Sentinel-2",
                "type": "observation",
                "current_phase": "Active Construction",
                "is_occluded": "False",
                "is_site_boundary": "True",
                "score": 1.0
            },
            "geometry": {
                "type": "MultiPolygon",
                "coordinates": [
                    [
                        [
                            [
                                55.248683,
                                25.077904
                            ],
                            [
                                55.248814,
                                25.077845
                            ],
                            [
                                55.248939,
                                25.077837
                            ],
                            [
                                55.249177,
                                25.077849
                            ],
                            [
                                55.24927,
                                25.077874
                            ],
                            [
                                55.249401,
                                25.077896
                            ],
                            [
                                55.249532,
                                25.077878
                            ],
                            [
                                55.249673,
                                25.077817
                            ],
                            [
                                55.249616,
                                25.076379
                            ],
                            [
                                55.249403,
                                25.076019
                            ],
                            [
                                55.248433,
                                25.076408
                            ],
                            [
                                55.248532,
                                25.076637
                            ],
                            [
                                55.24862,
                                25.076908
                            ],
                            [
                                55.248661,
                                25.077312
                            ],
                            [
                                55.248635,
                                25.077705
                            ],
                            [
                                55.248579,
                                25.077975
                            ],
                            [
                                55.248683,
                                25.077904
                            ]
                        ]
                    ]
                ]
            }
        },
        {
            "type": "Feature",
            "properties": {
                "observation_date": "2021-03-02",
                "source": "LC08_L1TP_160043_20210302_20210311_02_T1_TCI",
                "sensor_name": "Landsat 8",
                "type": "observation",
                "current_phase": "Active Construction",
                "is_occluded": "False",
                "is_site_boundary": "True",
                "score": 1.0
            },
            "geometry": {
                "type": "MultiPolygon",
                "coordinates": [
                    [
                        [
                            [
                                55.248672,
                                25.077913
                            ],
                            [
                                55.248803,
                                25.077853
                            ],
                            [
                                55.248928,
                                25.077845
                            ],
                            [
                                55.249166,
                                25.077857
                            ],
                            [
                                55.249259,
                                25.077882
                            ],
                            [
                                55.249389,
                                25.077904
                            ],
                            [
                                55.24952,
                                25.077887
                            ],
                            [
                                55.249662,
                                25.077825
                            ],
                            [
                                55.249605,
                                25.076389
                            ],
                            [
                                55.249391,
                                25.076029
                            ],
                            [
                                55.248423,
                                25.076418
                            ],
                            [
                                55.248521,
                                25.076647
                            ],
                            [
                                55.248609,
                                25.076918
                            ],
                            [
                                55.24865,
                                25.077321
                            ],
                            [
                                55.248624,
                                25.077714
                            ],
                            [
                                55.248568,
                                25.077983
                            ],
                            [
                                55.248672,
                                25.077913
                            ]
                        ]
                    ]
                ]
            }
        },
        {
            "type": "Feature",
            "properties": {
                "observation_date": "2021-03-04",
                "source": "S2A_40RCN_20210304_0_L2A_TCI",
                "sensor_name": "Sentinel-2",
                "type": "observation",
                "current_phase": "Active Construction",
                "is_occluded": "False",
                "is_site_boundary": "True",
                "score": 1.0
            },
            "geometry": {
                "type": "MultiPolygon",
                "coordinates": [
                    [
                        [
                            [
                                55.248668,
                                25.077915
                            ],
                            [
                                55.2488,
                                25.077856
                            ],
                            [
                                55.248924,
                                25.077848
                            ],
                            [
                                55.249163,
                                25.07786
                            ],
                            [
                                55.249256,
                                25.077885
                            ],
                            [
                                55.249386,
                                25.077907
                            ],
                            [
                                55.249517,
                                25.077889
                            ],
                            [
                                55.249659,
                                25.077828
                            ],
                            [
                                55.249602,
                                25.07639
                            ],
                            [
                                55.249388,
                                25.07603
                            ],
                            [
                                55.248419,
                                25.076419
                            ],
                            [
                                55.248517,
                                25.076648
                            ],
                            [
                                55.248605,
                                25.076919
                            ],
                            [
                                55.248646,
                                25.077323
                            ],
                            [
                                55.24862,
                                25.077716
                            ],
                            [
                                55.248564,
                                25.077986
                            ],
                            [
                                55.248668,
                                25.077915
                            ]
                        ]
                    ]
                ]
            }
        },
        {
            "type": "Feature",
            "properties": {
                "observation_date": "2021-03-15",
                "source": "21MAR15071150-M1BS-014466652010_01_P005",
                "sensor_name": "WorldView",
                "type": "observation",
                "current_phase": "Active Construction",
                "is_occluded": "False",
                "is_site_boundary": "True",
                "score": 1.0
            },
            "geometry": {
                "type": "MultiPolygon",
                "coordinates": [
                    [
                        [
                            [
                                55.248677,
                                25.077919
                            ],
                            [
                                55.248809,
                                25.077859
                            ],
                            [
                                55.248934,
                                25.077851
                            ],
                            [
                                55.249174,
                                25.077863
                            ],
                            [
                                55.249267,
                                25.077888
                            ],
                            [
                                55.249398,
                                25.07791
                            ],
                            [
                                55.24953,
                                25.077893
                            ],
                            [
                                55.249672,
                                25.077831
                            ],
                            [
                                55.249615,
                                25.076392
                            ],
                            [
                                55.2494,
                                25.076032
                            ],
                            [
                                55.248426,
                                25.076421
                            ],
                            [
                                55.248525,
                                25.07665
                            ],
                            [
                                55.248614,
                                25.076922
                            ],
                            [
                                55.248655,
                                25.077326
                            ],
                            [
                                55.248628,
                                25.077719
                            ],
                            [
                                55.248572,
                                25.077989
                            ],
                            [
                                55.248677,
                                25.077919
                            ]
                        ]
                    ]
                ]
            }
        },
        {
            "type": "Feature",
            "properties": {
                "observation_date": "2021-03-27",
                "source": "21MAR27070023-M1BS-014466658010_01_P005",
                "sensor_name": "WorldView",
                "type": "observation",
                "current_phase": "Active Construction",
                "is_occluded": "False",
                "is_site_boundary": "True",
                "score": 1.0
            },
            "geometry": {
                "type": "MultiPolygon",
                "coordinates": [
                    [
                        [
                            [
                                55.248677,
                                25.077907
                            ],
                            [
                                55.248809,
                                25.077847
                            ],
                            [
                                55.248934,
                                25.077839
                            ],
                            [
                                55.249174,
                                25.077851
                            ],
                            [
                                55.249267,
                                25.077876
                            ],
                            [
                                55.249398,
                                25.077898
                            ],
                            [
                                55.24953,
                                25.07788
                            ],
                            [
                                55.249672,
                                25.077819
                            ],
                            [
                                55.249615,
                                25.07638
                            ],
                            [
                                55.2494,
                                25.07602
                            ],
                            [
                                55.248426,
                                25.076409
                            ],
                            [
                                55.248525,
                                25.076638
                            ],
                            [
                                55.248614,
                                25.07691
                            ],
                            [
                                55.248655,
                                25.077314
                            ],
                            [
                                55.248629,
                                25.077707
                            ],
                            [
                                55.248573,
                                25.077977
                            ],
                            [
                                55.248677,
                                25.077907
                            ]
                        ]
                    ]
                ]
            }
        },
        {
            "type": "Feature",
            "properties": {
                "observation_date": "2021-04-19",
                "source": "LC08_L1TP_160043_20210419_20210424_02_T1_TCI",
                "sensor_name": "Landsat 8",
                "type": "observation",
                "current_phase": "Active Construction",
                "is_occluded": "False",
                "is_site_boundary": "True",
                "score": 1.0
            },
            "geometry": {
                "type": "MultiPolygon",
                "coordinates": [
                    [
                        [
                            [
                                55.248667,
                                25.077914
                            ],
                            [
                                55.248799,
                                25.077855
                            ],
                            [
                                55.248923,
                                25.077847
                            ],
                            [
                                55.249161,
                                25.077859
                            ],
                            [
                                55.249254,
                                25.077884
                            ],
                            [
                                55.249384,
                                25.077906
                            ],
                            [
                                55.249515,
                                25.077888
                            ],
                            [
                                55.249657,
                                25.077827
                            ],
                            [
                                55.2496,
                                25.076391
                            ],
                            [
                                55.249386,
                                25.076031
                            ],
                            [
                                55.248418,
                                25.076419
                            ],
                            [
                                55.248516,
                                25.076648
                            ],
                            [
                                55.248605,
                                25.076919
                            ],
                            [
                                55.248646,
                                25.077322
                            ],
                            [
                                55.248619,
                                25.077715
                            ],
                            [
                                55.248564,
                                25.077985
                            ],
                            [
                                55.248667,
                                25.077914
                            ]
                        ]
                    ]
                ]
            }
        },
        {
            "type": "Feature",
            "properties": {
                "observation_date": "2021-04-20",
                "source": "21APR20065915-M1BS-014496321010_01_P004",
                "sensor_name": "WorldView",
                "type": "observation",
                "current_phase": "Active Construction",
                "is_occluded": "False",
                "is_site_boundary": "True",
                "score": 1.0
            },
            "geometry": {
                "type": "MultiPolygon",
                "coordinates": [
                    [
                        [
                            [
                                55.248696,
                                25.077913
                            ],
                            [
                                55.248829,
                                25.077853
                            ],
                            [
                                55.248954,
                                25.077845
                            ],
                            [
                                55.249193,
                                25.077857
                            ],
                            [
                                55.249287,
                                25.077882
                            ],
                            [
                                55.249418,
                                25.077904
                            ],
                            [
                                55.24955,
                                25.077887
                            ],
                            [
                                55.249692,
                                25.077825
                            ],
                            [
                                55.249634,
                                25.076386
                            ],
                            [
                                55.24942,
                                25.076026
                            ],
                            [
                                55.248446,
                                25.076415
                            ],
                            [
                                55.248544,
                                25.076644
                            ],
                            [
                                55.248633,
                                25.076916
                            ],
                            [
                                55.248674,
                                25.07732
                            ],
                            [
                                55.248648,
                                25.077713
                            ],
                            [
                                55.248592,
                                25.077983
                            ],
                            [
                                55.248696,
                                25.077913
                            ]
                        ]
                    ]
                ]
            }
        },
        {
            "type": "Feature",
            "properties": {
                "observation_date": "2021-04-23",
                "source": "S2A_40RCN_20210423_0_L2A_TCI",
                "sensor_name": "Sentinel-2",
                "type": "observation",
                "current_phase": "Active Construction",
                "is_occluded": "False",
                "is_site_boundary": "True",
                "score": 1.0
            },
            "geometry": {
                "type": "MultiPolygon",
                "coordinates": [
                    [
                        [
                            [
                                55.248644,
                                25.077875
                            ],
                            [
                                55.248775,
                                25.077815
                            ],
                            [
                                55.2489,
                                25.077807
                            ],
                            [
                                55.249139,
                                25.07782
                            ],
                            [
                                55.249232,
                                25.077844
                            ],
                            [
                                55.249362,
                                25.077866
                            ],
                            [
                                55.249493,
                                25.077849
                            ],
                            [
                                55.249635,
                                25.077787
                            ],
                            [
                                55.249578,
                                25.07635
                            ],
                            [
                                55.249364,
                                25.07599
                            ],
                            [
                                55.248394,
                                25.076378
                            ],
                            [
                                55.248493,
                                25.076608
                            ],
                            [
                                55.248581,
                                25.076879
                            ],
                            [
                                55.248622,
                                25.077282
                            ],
                            [
                                55.248596,
                                25.077676
                            ],
                            [
                                55.24854,
                                25.077945
                            ],
                            [
                                55.248644,
                                25.077875
                            ]
                        ]
                    ]
                ]
            }
        },
        {
            "type": "Feature",
            "properties": {
                "observation_date": "2021-05-05",
                "source": "LC08_L1TP_160043_20210505_20210517_02_T1_TCI",
                "sensor_name": "Landsat 8",
                "type": "observation",
                "current_phase": "Active Construction",
                "is_occluded": "False",
                "is_site_boundary": "True",
                "score": 1.0
            },
            "geometry": {
                "type": "MultiPolygon",
                "coordinates": [
                    [
                        [
                            [
                                55.248604,
                                25.077838
                            ],
                            [
                                55.248736,
                                25.077778
                            ],
                            [
                                55.24886,
                                25.07777
                            ],
                            [
                                55.249098,
                                25.077783
                            ],
                            [
                                55.249191,
                                25.077807
                            ],
                            [
                                55.249321,
                                25.077829
                            ],
                            [
                                55.249452,
                                25.077812
                            ],
                            [
                                55.249594,
                                25.07775
                            ],
                            [
                                55.249537,
                                25.076314
                            ],
                            [
                                55.249323,
                                25.075955
                            ],
                            [
                                55.248355,
                                25.076343
                            ],
                            [
                                55.248453,
                                25.076572
                            ],
                            [
                                55.248542,
                                25.076843
                            ],
                            [
                                55.248583,
                                25.077246
                            ],
                            [
                                55.248556,
                                25.077639
                            ],
                            [
                                55.248501,
                                25.077908
                            ],
                            [
                                55.248604,
                                25.077838
                            ]
                        ]
                    ]
                ]
            }
        },
        {
            "type": "Feature",
            "properties": {
                "observation_date": "2021-05-28",
                "source": "S2B_40RCN_20210528_0_L2A_TCI",
                "sensor_name": "Sentinel-2",
                "type": "observation",
                "current_phase": "Active Construction",
                "is_occluded": "False",
                "is_site_boundary": "True",
                "score": 1.0
            },
            "geometry": {
                "type": "MultiPolygon",
                "coordinates": [
                    [
                        [
                            [
                                55.248571,
                                25.077795
                            ],
                            [
                                55.248703,
                                25.077736
                            ],
                            [
                                55.248827,
                                25.077728
                            ],
                            [
                                55.249066,
                                25.07774
                            ],
                            [
                                55.249159,
                                25.077765
                            ],
                            [
                                55.249289,
                                25.077786
                            ],
                            [
                                55.24942,
                                25.077769
                            ],
                            [
                                55.249562,
                                25.077708
                            ],
                            [
                                55.249505,
                                25.07627
                            ],
                            [
                                55.249291,
                                25.07591
                            ],
                            [
                                55.248322,
                                25.076299
                            ],
                            [
                                55.24842,
                                25.076528
                            ],
                            [
                                55.248508,
                                25.076799
                            ],
                            [
                                55.248549,
                                25.077203
                            ],
                            [
                                55.248523,
                                25.077596
                            ],
                            [
                                55.248467,
                                25.077866
                            ],
                            [
                                55.248571,
                                25.077795
                            ]
                        ]
                    ]
                ]
            }
        },
        {
            "type": "Feature",
            "properties": {
                "observation_date": "2021-06-02",
                "source": "S2A_40RCN_20210602_0_L2A_TCI",
                "sensor_name": "Sentinel-2",
                "type": "observation",
                "current_phase": "Active Construction",
                "is_occluded": "False",
                "is_site_boundary": "True",
                "score": 1.0
            },
            "geometry": {
                "type": "MultiPolygon",
                "coordinates": [
                    [
                        [
                            [
                                55.248624,
                                25.077892
                            ],
                            [
                                55.248755,
                                25.077833
                            ],
                            [
                                55.24888,
                                25.077825
                            ],
                            [
                                55.249119,
                                25.077837
                            ],
                            [
                                55.249212,
                                25.077862
                            ],
                            [
                                55.249342,
                                25.077884
                            ],
                            [
                                55.249473,
                                25.077866
                            ],
                            [
                                55.249614,
                                25.077805
                            ],
                            [
                                55.249557,
                                25.076367
                            ],
                            [
                                55.249344,
                                25.076007
                            ],
                            [
                                55.248374,
                                25.076396
                            ],
                            [
                                55.248473,
                                25.076625
                            ],
                            [
                                55.248561,
                                25.076896
                            ],
                            [
                                55.248602,
                                25.0773
                            ],
                            [
                                55.248576,
                                25.077693
                            ],
                            [
                                55.24852,
                                25.077963
                            ],
                            [
                                55.248624,
                                25.077892
                            ]
                        ]
                    ]
                ]
            }
        },
        {
            "type": "Feature",
            "properties": {
                "observation_date": "2021-06-06",
                "source": "LC08_L1TP_160043_20210606_20210615_02_T1_TCI",
                "sensor_name": "Landsat 8",
                "type": "observation",
                "current_phase": "Active Construction",
                "is_occluded": "False",
                "is_site_boundary": "True",
                "score": 1.0
            },
            "geometry": {
                "type": "MultiPolygon",
                "coordinates": [
                    [
                        [
                            [
                                55.24862,
                                25.077898
                            ],
                            [
                                55.248751,
                                25.077839
                            ],
                            [
                                55.248876,
                                25.077831
                            ],
                            [
                                55.249114,
                                25.077843
                            ],
                            [
                                55.249207,
                                25.077868
                            ],
                            [
                                55.249337,
                                25.077889
                            ],
                            [
                                55.249468,
                                25.077872
                            ],
                            [
                                55.249609,
                                25.077811
                            ],
                            [
                                55.249552,
                                25.076375
                            ],
                            [
                                55.249339,
                                25.076015
                            ],
                            [
                                55.248371,
                                25.076403
                            ],
                            [
                                55.248469,
                                25.076632
                            ],
                            [
                                55.248557,
                                25.076903
                            ],
                            [
                                55.248598,
                                25.077306
                            ],
                            [
                                55.248572,
                                25.077699
                            ],
                            [
                                55.248516,
                                25.077968
                            ],
                            [
                                55.24862,
                                25.077898
                            ]
                        ]
                    ]
                ]
            }
        },
        {
            "type": "Feature",
            "properties": {
                "observation_date": "2021-07-27",
                "source": "S2B_40RCN_20210727_0_L2A_TCI",
                "sensor_name": "Sentinel-2",
                "type": "observation",
                "current_phase": "Active Construction",
                "is_occluded": "False",
                "is_site_boundary": "True",
                "score": 1.0
            },
            "geometry": {
                "type": "MultiPolygon",
                "coordinates": [
                    [
                        [
                            [
                                55.248623,
                                25.077898
                            ],
                            [
                                55.248754,
                                25.077838
                            ],
                            [
                                55.248879,
                                25.07783
                            ],
                            [
                                55.249117,
                                25.077843
                            ],
                            [
                                55.24921,
                                25.077867
                            ],
                            [
                                55.24934,
                                25.077889
                            ],
                            [
                                55.249472,
                                25.077872
                            ],
                            [
                                55.249613,
                                25.07781
                            ],
                            [
                                55.249556,
                                25.076373
                            ],
                            [
                                55.249342,
                                25.076013
                            ],
                            [
                                55.248373,
                                25.076401
                            ],
                            [
                                55.248471,
                                25.076631
                            ],
                            [
                                55.24856,
                                25.076902
                            ],
                            [
                                55.248601,
                                25.077305
                            ],
                            [
                                55.248574,
                                25.077699
                            ],
                            [
                                55.248519,
                                25.077968
                            ],
                            [
                                55.248623,
                                25.077898
                            ]
                        ]
                    ]
                ]
            }
        },
        {
            "type": "Feature",
            "properties": {
                "observation_date": "2021-08-12",
                "source": "21AUG12100146-P1BS-014469467010_01_P002",
                "sensor_name": "WorldView",
                "type": "observation",
                "current_phase": "Active Construction",
                "is_occluded": "False",
                "is_site_boundary": "True",
                "score": 1.0
            },
            "geometry": {
                "type": "MultiPolygon",
                "coordinates": [
                    [
                        [
                            [
                                55.248702,
                                25.077898
                            ],
                            [
                                55.248834,
                                25.077838
                            ],
                            [
                                55.24896,
                                25.07783
                            ],
                            [
                                55.249199,
                                25.077842
                            ],
                            [
                                55.249293,
                                25.077867
                            ],
                            [
                                55.249424,
                                25.077889
                            ],
                            [
                                55.249556,
                                25.077872
                            ],
                            [
                                55.249698,
                                25.07781
                            ],
                            [
                                55.24964,
                                25.076372
                            ],
                            [
                                55.249425,
                                25.076011
                            ],
                            [
                                55.248451,
                                25.0764
                            ],
                            [
                                55.24855,
                                25.07663
                            ],
                            [
                                55.248639,
                                25.076901
                            ],
                            [
                                55.24868,
                                25.077305
                            ],
                            [
                                55.248654,
                                25.077698
                            ],
                            [
                                55.248598,
                                25.077968
                            ],
                            [
                                55.248702,
                                25.077898
                            ]
                        ]
                    ]
                ]
            }
        },
        {
            "type": "Feature",
            "properties": {
                "observation_date": "2021-08-21",
                "source": "S2A_40RCN_20210821_0_L2A_TCI",
                "sensor_name": "Sentinel-2",
                "type": "observation",
                "current_phase": "Active Construction",
                "is_occluded": "False",
                "is_site_boundary": "True",
                "score": 1.0
            },
            "geometry": {
                "type": "MultiPolygon",
                "coordinates": [
                    [
                        [
                            [
                                55.24866,
                                25.077888
                            ],
                            [
                                55.248791,
                                25.077829
                            ],
                            [
                                55.248916,
                                25.077821
                            ],
                            [
                                55.249155,
                                25.077833
                            ],
                            [
                                55.249248,
                                25.077858
                            ],
                            [
                                55.249378,
                                25.077879
                            ],
                            [
                                55.249509,
                                25.077862
                            ],
                            [
                                55.24965,
                                25.077801
                            ],
                            [
                                55.249593,
                                25.076363
                            ],
                            [
                                55.24938,
                                25.076003
                            ],
                            [
                                55.24841,
                                25.076392
                            ],
                            [
                                55.248509,
                                25.076621
                            ],
                            [
                                55.248597,
                                25.076892
                            ],
                            [
                                55.248638,
                                25.077296
                            ],
                            [
                                55.248612,
                                25.077689
                            ],
                            [
                                55.248556,
                                25.077959
                            ],
                            [
                                55.24866,
                                25.077888
                            ]
                        ]
                    ]
                ]
            }
        },
        {
            "type": "Feature",
            "properties": {
                "observation_date": "2021-09-10",
                "source": "S2A_40RCN_20210910_0_L2A_TCI",
                "sensor_name": "Sentinel-2",
                "type": "observation",
                "current_phase": "Active Construction",
                "is_occluded": "False",
                "is_site_boundary": "True",
                "score": 1.0
            },
            "geometry": {
                "type": "MultiPolygon",
                "coordinates": [
                    [
                        [
                            [
                                55.248634,
                                25.077877
                            ],
                            [
                                55.248766,
                                25.077818
                            ],
                            [
                                55.24889,
                                25.07781
                            ],
                            [
                                55.249129,
                                25.077822
                            ],
                            [
                                55.249222,
                                25.077847
                            ],
                            [
                                55.249352,
                                25.077868
                            ],
                            [
                                55.249483,
                                25.077851
                            ],
                            [
                                55.249625,
                                25.07779
                            ],
                            [
                                55.249568,
                                25.076352
                            ],
                            [
                                55.249354,
                                25.075992
                            ],
                            [
                                55.248385,
                                25.076381
                            ],
                            [
                                55.248483,
                                25.07661
                            ],
                            [
                                55.248572,
                                25.076881
                            ],
                            [
                                55.248612,
                                25.077285
                            ],
                            [
                                55.248586,
                                25.077678
                            ],
                            [
                                55.24853,
                                25.077948
                            ],
                            [
                                55.248634,
                                25.077877
                            ]
                        ]
                    ]
                ]
            }
        },
        {
            "type": "Feature",
            "properties": {
                "observation_date": "2021-10-20",
                "source": "S2A_40RCN_20211020_0_L2A_TCI",
                "sensor_name": "Sentinel-2",
                "type": "observation",
                "current_phase": "Active Construction",
                "is_occluded": "False",
                "is_site_boundary": "True",
                "score": 1.0
            },
            "geometry": {
                "type": "MultiPolygon",
                "coordinates": [
                    [
                        [
                            [
                                55.248539,
                                25.078003
                            ],
                            [
                                55.248595,
                                25.077733
                            ],
                            [
                                55.248621,
                                25.07734
                            ],
                            [
                                55.24858,
                                25.076936
                            ],
                            [
                                55.248492,
                                25.076665
                            ],
                            [
                                55.248394,
                                25.076436
                            ],
                            [
                                55.249363,
                                25.076047
                            ],
                            [
                                55.249577,
                                25.076407
                            ],
                            [
                                55.249634,
                                25.077845
                            ],
                            [
                                55.249492,
                                25.077906
                            ],
                            [
                                55.249361,
                                25.077923
                            ],
                            [
                                55.249231,
                                25.077902
                            ],
                            [
                                55.249138,
                                25.077877
                            ],
                            [
                                55.248899,
                                25.077865
                            ],
                            [
                                55.248775,
                                25.077873
                            ],
                            [
                                55.248643,
                                25.077932
                            ],
                            [
                                55.248539,
                                25.078003
                            ]
                        ]
                    ]
                ]
            }
        },
        {
            "type": "Feature",
            "properties": {
                "observation_date": "2021-11-19",
                "source": "S2A_40RCN_20211119_0_L2A_TCI",
                "sensor_name": "Sentinel-2",
                "type": "observation",
                "current_phase": "Unknown",
                "is_occluded": "False",
                "is_site_boundary": "True",
                "score": 1.0
            },
            "geometry": {
                "type": "MultiPolygon",
                "coordinates": [
                    [
                        [
                            [
                                55.248539,
                                25.078003
                            ],
                            [
                                55.248595,
                                25.077733
                            ],
                            [
                                55.248621,
                                25.07734
                            ],
                            [
                                55.24858,
                                25.076936
                            ],
                            [
                                55.248492,
                                25.076665
                            ],
                            [
                                55.248394,
                                25.076436
                            ],
                            [
                                55.249363,
                                25.076047
                            ],
                            [
                                55.249577,
                                25.076407
                            ],
                            [
                                55.249634,
                                25.077845
                            ],
                            [
                                55.249492,
                                25.077906
                            ],
                            [
                                55.249361,
                                25.077923
                            ],
                            [
                                55.249231,
                                25.077902
                            ],
                            [
                                55.249138,
                                25.077877
                            ],
                            [
                                55.248899,
                                25.077865
                            ],
                            [
                                55.248775,
                                25.077873
                            ],
                            [
                                55.248643,
                                25.077932
                            ],
                            [
                                55.248539,
                                25.078003
                            ]
                        ]
                    ]
                ]
            }
        },
        {
            "type": "Feature",
            "properties": {
                "observation_date": "2021-12-09",
                "source": "S2A_40RCN_20211209_0_L2A_TCI",
                "sensor_name": "Sentinel-2",
                "type": "observation",
                "current_phase": "Unknown",
                "is_occluded": "False",
                "is_site_boundary": "True",
                "score": 1.0
            },
            "geometry": {
                "type": "MultiPolygon",
                "coordinates": [
                    [
                        [
                            [
                                55.248643,
                                25.077932
                            ],
                            [
                                55.248775,
                                25.077873
                            ],
                            [
                                55.248899,
                                25.077865
                            ],
                            [
                                55.249138,
                                25.077877
                            ],
                            [
                                55.249231,
                                25.077902
                            ],
                            [
                                55.249361,
                                25.077923
                            ],
                            [
                                55.249492,
                                25.077906
                            ],
                            [
                                55.249634,
                                25.077845
                            ],
                            [
                                55.249577,
                                25.076407
                            ],
                            [
                                55.249363,
                                25.076047
                            ],
                            [
                                55.248394,
                                25.076436
                            ],
                            [
                                55.248492,
                                25.076665
                            ],
                            [
                                55.24858,
                                25.076936
                            ],
                            [
                                55.248621,
                                25.07734
                            ],
                            [
                                55.248595,
                                25.077733
                            ],
                            [
                                55.248539,
                                25.078003
                            ],
                            [
                                55.248643,
                                25.077932
                            ]
                        ]
                    ]
                ]
            }
        },
        {
            "type": "Feature",
            "properties": {
                "observation_date": "2022-02-12",
                "source": "S2B_40RCN_20220212_0_L2A_TCI",
                "sensor_name": "Sentinel-2",
                "type": "observation",
                "current_phase": "Unknown",
                "is_occluded": "False",
                "is_site_boundary": "True",
                "score": 1.0
            },
            "geometry": {
                "type": "MultiPolygon",
                "coordinates": [
                    [
                        [
                            [
                                55.248539,
                                25.078003
                            ],
                            [
                                55.248595,
                                25.077733
                            ],
                            [
                                55.248621,
                                25.07734
                            ],
                            [
                                55.24858,
                                25.076936
                            ],
                            [
                                55.248492,
                                25.076665
                            ],
                            [
                                55.248394,
                                25.076436
                            ],
                            [
                                55.249363,
                                25.076047
                            ],
                            [
                                55.249577,
                                25.076407
                            ],
                            [
                                55.249634,
                                25.077845
                            ],
                            [
                                55.249492,
                                25.077906
                            ],
                            [
                                55.249361,
                                25.077923
                            ],
                            [
                                55.249231,
                                25.077902
                            ],
                            [
                                55.249138,
                                25.077877
                            ],
                            [
                                55.248899,
                                25.077865
                            ],
                            [
                                55.248775,
                                25.077873
                            ],
                            [
                                55.248643,
                                25.077932
                            ],
                            [
                                55.248539,
                                25.078003
                            ]
                        ]
                    ]
                ]
            }
        }
    ]
}