{
    "type": "FeatureCollection",
    "features": [
        {
            "type": "Feature",
            "properties": {
                "type": "site",
                "region_id": "AE_R002",
                "site_id": "AE_R002_0031",
                "version": "2.0.0",
                "status": "positive_partial",
                "mgrs": "40RCN",
                "score": 1.0,
                "start_date": "2017-12-30",
                "end_date": "2022-02-17",
                "model_content": "annotation",
                "originator": "te",
                "validated": "True",
                "misc_info": {
                    "commit_hash": "dbdea3485a8eb34730f81ec01861c62e6358b0b5"
                }
            },
            "geometry": {
                "type": "Polygon",
                "coordinates": [
                    [
                        [
                            55.378652,
                            25.092385
                        ],
                        [
                            55.378655,
                            25.092385
                        ],
                        [
                            55.378653,
                            25.092391
                        ],
                        [
                            55.378659,
                            25.092391
                        ],
                        [
                            55.378658,
                            25.092394
                        ],
                        [
                            55.378668,
                            25.092395
                        ],
                        [
                            55.378663,
                            25.092406
                        ],
                        [
                            55.378665,
                            25.092406
                        ],
                        [
                            55.378664,
                            25.092409
                        ],
                        [
                            55.378671,
                            25.092409
                        ],
                        [
                            55.37867,
                            25.092411
                        ],
                        [
                            55.378676,
                            25.092411
                        ],
                        [
                            55.378676,
                            25.092412
                        ],
                        [
                            55.378679,
                            25.092412
                        ],
                        [
                            55.378651,
                            25.092481
                        ],
                        [
                            55.378734,
                            25.092486
                        ],
                        [
                            55.378733,
                            25.092488
                        ],
                        [
                            55.378739,
                            25.092488
                        ],
                        [
                            55.378738,
                            25.09249
                        ],
                        [
                            55.378739,
                            25.09249
                        ],
                        [
                            55.378738,
                            25.092492
                        ],
                        [
                            55.378741,
                            25.092492
                        ],
                        [
                            55.378741,
                            25.092493
                        ],
                        [
                            55.378746,
                            25.092493
                        ],
                        [
                            55.378744,
                            25.092498
                        ],
                        [
                            55.378751,
                            25.092498
                        ],
                        [
                            55.378749,
                            25.092502
                        ],
                        [
                            55.37875,
                            25.092502
                        ],
                        [
                            55.378748,
                            25.092508
                        ],
                        [
                            55.378756,
                            25.092508
                        ],
                        [
                            55.378756,
                            25.092509
                        ],
                        [
                            55.378765,
                            25.09251
                        ],
                        [
                            55.378763,
                            25.092515
                        ],
                        [
                            55.378787,
                            25.092516
                        ],
                        [
                            55.378781,
                            25.092531
                        ],
                        [
                            55.378788,
                            25.092531
                        ],
                        [
                            55.378786,
                            25.092535
                        ],
                        [
                            55.378805,
                            25.092536
                        ],
                        [
                            55.3788,
                            25.092548
                        ],
                        [
                            55.379056,
                            25.092562
                        ],
                        [
                            55.379618,
                            25.092356
                        ],
                        [
                            55.380054,
                            25.091988
                        ],
                        [
                            55.380255,
                            25.091535
                        ],
                        [
                            55.38024,
                            25.091525
                        ],
                        [
                            55.380241,
                            25.091522
                        ],
                        [
                            55.380236,
                            25.091518
                        ],
                        [
                            55.380224,
                            25.09151
                        ],
                        [
                            55.380235,
                            25.091484
                        ],
                        [
                            55.380216,
                            25.091471
                        ],
                        [
                            55.380216,
                            25.09147
                        ],
                        [
                            55.380208,
                            25.091465
                        ],
                        [
                            55.380218,
                            25.091443
                        ],
                        [
                            55.380158,
                            25.091402
                        ],
                        [
                            55.380163,
                            25.091392
                        ],
                        [
                            55.379965,
                            25.091253
                        ],
                        [
                            55.379309,
                            25.09079
                        ],
                        [
                            55.379303,
                            25.090794
                        ],
                        [
                            55.379252,
                            25.090759
                        ],
                        [
                            55.379248,
                            25.090761
                        ],
                        [
                            55.379245,
                            25.090759
                        ],
                        [
                            55.379241,
                            25.090761
                        ],
                        [
                            55.379238,
                            25.090759
                        ],
                        [
                            55.379236,
                            25.09076
                        ],
                        [
                            55.379234,
                            25.090759
                        ],
                        [
                            55.37855,
                            25.091214
                        ],
                        [
                            55.378683,
                            25.092253
                        ],
                        [
                            55.378634,
                            25.092373
                        ],
                        [
                            55.378656,
                            25.092374
                        ],
                        [
                            55.378652,
                            25.092385
                        ]
                    ]
                ]
            }
        },
        {
            "type": "Feature",
            "properties": {
                "observation_date": "2017-12-30",
                "source": "17DEC30095332-P1BS-501824017010_01_P001",
                "sensor_name": "WorldView",
                "type": "observation",
                "current_phase": "No Activity",
                "is_occluded": "False",
                "is_site_boundary": "True",
                "score": 1.0
            },
            "geometry": {
                "type": "MultiPolygon",
                "coordinates": [
                    [
                        [
                            [
                                55.378748,
                                25.092508
                            ],
                            [
                                55.378999,
                                25.092523
                            ],
                            [
                                55.379551,
                                25.092312
                            ],
                            [
                                55.379979,
                                25.091938
                            ],
                            [
                                55.380177,
                                25.091476
                            ],
                            [
                                55.379345,
                                25.090889
                            ],
                            [
                                55.378664,
                                25.091345
                            ],
                            [
                                55.378796,
                                25.092388
                            ],
                            [
                                55.378748,
                                25.092508
                            ]
                        ]
                    ]
                ]
            }
        },
        {
            "type": "Feature",
            "properties": {
                "observation_date": "2018-01-05",
                "source": "LC08_L1TP_160043_20180105_20200902_02_T1_TCI",
                "sensor_name": "Landsat 8",
                "type": "observation",
                "current_phase": "No Activity",
                "is_occluded": "False",
                "is_site_boundary": "True",
                "score": 1.0
            },
            "geometry": {
                "type": "MultiPolygon",
                "coordinates": [
                    [
                        [
                            [
                                55.3788,
                                25.092548
                            ],
                            [
                                55.379056,
                                25.092562
                            ],
                            [
                                55.379618,
                                25.092356
                            ],
                            [
                                55.380054,
                                25.091988
                            ],
                            [
                                55.380255,
                                25.091535
                            ],
                            [
                                55.379407,
                                25.090958
                            ],
                            [
                                55.378714,
                                25.091405
                            ],
                            [
                                55.378849,
                                25.09243
                            ],
                            [
                                55.3788,
                                25.092548
                            ]
                        ]
                    ]
                ]
            }
        },
        {
            "type": "Feature",
            "properties": {
                "observation_date": "2018-01-14",
                "source": "S2B_40RCN_20180114_0_L2A_TCI",
                "sensor_name": "Sentinel-2",
                "type": "observation",
                "current_phase": "No Activity",
                "is_occluded": "False",
                "is_site_boundary": "True",
                "score": 1.0
            },
            "geometry": {
                "type": "MultiPolygon",
                "coordinates": [
                    [
                        [
                            [
                                55.378756,
                                25.092509
                            ],
                            [
                                55.379009,
                                25.092524
                            ],
                            [
                                55.379563,
                                25.092314
                            ],
                            [
                                55.379994,
                                25.091941
                            ],
                            [
                                55.380193,
                                25.091481
                            ],
                            [
                                55.379356,
                                25.090896
                            ],
                            [
                                55.378671,
                                25.09135
                            ],
                            [
                                55.378804,
                                25.09239
                            ],
                            [
                                55.378756,
                                25.092509
                            ]
                        ]
                    ]
                ]
            }
        },
        {
            "type": "Feature",
            "properties": {
                "observation_date": "2018-02-03",
                "source": "S2B_40RCN_20180203_0_L2A_TCI",
                "sensor_name": "Sentinel-2",
                "type": "observation",
                "current_phase": "No Activity",
                "is_occluded": "False",
                "is_site_boundary": "True",
                "score": 1.0
            },
            "geometry": {
                "type": "MultiPolygon",
                "coordinates": [
                    [
                        [
                            [
                                55.378751,
                                25.092505
                            ],
                            [
                                55.379004,
                                25.09252
                            ],
                            [
                                55.379559,
                                25.09231
                            ],
                            [
                                55.379989,
                                25.091937
                            ],
                            [
                                55.380188,
                                25.091477
                            ],
                            [
                                55.379351,
                                25.090892
                            ],
                            [
                                55.378667,
                                25.091346
                            ],
                            [
                                55.3788,
                                25.092386
                            ],
                            [
                                55.378751,
                                25.092505
                            ]
                        ]
                    ]
                ]
            }
        },
        {
            "type": "Feature",
            "properties": {
                "observation_date": "2018-02-22",
                "source": "LC08_L1TP_160043_20180222_20200902_02_T1_TCI",
                "sensor_name": "Landsat 8",
                "type": "observation",
                "current_phase": "No Activity",
                "is_occluded": "False",
                "is_site_boundary": "True",
                "score": 1.0
            },
            "geometry": {
                "type": "MultiPolygon",
                "coordinates": [
                    [
                        [
                            [
                                55.378786,
                                25.092535
                            ],
                            [
                                55.379042,
                                25.09255
                            ],
                            [
                                55.379604,
                                25.092343
                            ],
                            [
                                55.38004,
                                25.091975
                            ],
                            [
                                55.380241,
                                25.091522
                            ],
                            [
                                55.379393,
                                25.090945
                            ],
                            [
                                55.3787,
                                25.091393
                            ],
                            [
                                55.378835,
                                25.092418
                            ],
                            [
                                55.378786,
                                25.092535
                            ]
                        ]
                    ]
                ]
            }
        },
        {
            "type": "Feature",
            "properties": {
                "observation_date": "2018-03-10",
                "source": "LC08_L1TP_160043_20180310_20200901_02_T1_TCI",
                "sensor_name": "Landsat 8",
                "type": "observation",
                "current_phase": "No Activity",
                "is_occluded": "False",
                "is_site_boundary": "True",
                "score": 1.0
            },
            "geometry": {
                "type": "MultiPolygon",
                "coordinates": [
                    [
                        [
                            [
                                55.378781,
                                25.092531
                            ],
                            [
                                55.379037,
                                25.092546
                            ],
                            [
                                55.379599,
                                25.092339
                            ],
                            [
                                55.380035,
                                25.091971
                            ],
                            [
                                55.380236,
                                25.091518
                            ],
                            [
                                55.379389,
                                25.090941
                            ],
                            [
                                55.378695,
                                25.091389
                            ],
                            [
                                55.37883,
                                25.092414
                            ],
                            [
                                55.378781,
                                25.092531
                            ]
                        ]
                    ]
                ]
            }
        },
        {
            "type": "Feature",
            "properties": {
                "observation_date": "2018-03-15",
                "source": "S2B_40RCN_20180315_0_L2A_TCI",
                "sensor_name": "Sentinel-2",
                "type": "observation",
                "current_phase": "No Activity",
                "is_occluded": "False",
                "is_site_boundary": "True",
                "score": 1.0
            },
            "geometry": {
                "type": "MultiPolygon",
                "coordinates": [
                    [
                        [
                            [
                                55.378738,
                                25.092492
                            ],
                            [
                                55.37899,
                                25.092507
                            ],
                            [
                                55.379545,
                                25.092297
                            ],
                            [
                                55.379975,
                                25.091924
                            ],
                            [
                                55.380174,
                                25.091464
                            ],
                            [
                                55.379337,
                                25.090879
                            ],
                            [
                                55.378653,
                                25.091334
                            ],
                            [
                                55.378786,
                                25.092373
                            ],
                            [
                                55.378738,
                                25.092492
                            ]
                        ]
                    ]
                ]
            }
        },
        {
            "type": "Feature",
            "properties": {
                "observation_date": "2018-04-04",
                "source": "S2B_40RCN_20180404_0_L2A_TCI",
                "sensor_name": "Sentinel-2",
                "type": "observation",
                "current_phase": "No Activity",
                "is_occluded": "False",
                "is_site_boundary": "True",
                "score": 1.0
            },
            "geometry": {
                "type": "MultiPolygon",
                "coordinates": [
                    [
                        [
                            [
                                55.378733,
                                25.092488
                            ],
                            [
                                55.378986,
                                25.092503
                            ],
                            [
                                55.37954,
                                25.092293
                            ],
                            [
                                55.379971,
                                25.09192
                            ],
                            [
                                55.38017,
                                25.09146
                            ],
                            [
                                55.379333,
                                25.090875
                            ],
                            [
                                55.378648,
                                25.091329
                            ],
                            [
                                55.378781,
                                25.092369
                            ],
                            [
                                55.378733,
                                25.092488
                            ]
                        ]
                    ]
                ]
            }
        },
        {
            "type": "Feature",
            "properties": {
                "observation_date": "2018-04-08",
                "source": "18APR08071427-M1BS-014858888010_01_P003",
                "sensor_name": "WorldView",
                "type": "observation",
                "current_phase": "No Activity",
                "is_occluded": "False",
                "is_site_boundary": "True",
                "score": 1.0
            },
            "geometry": {
                "type": "MultiPolygon",
                "coordinates": [
                    [
                        [
                            [
                                55.378714,
                                25.092475
                            ],
                            [
                                55.378965,
                                25.09249
                            ],
                            [
                                55.379517,
                                25.092279
                            ],
                            [
                                55.379946,
                                25.091905
                            ],
                            [
                                55.380144,
                                25.091443
                            ],
                            [
                                55.379311,
                                25.090856
                            ],
                            [
                                55.37863,
                                25.091312
                            ],
                            [
                                55.378762,
                                25.092355
                            ],
                            [
                                55.378714,
                                25.092475
                            ]
                        ]
                    ]
                ]
            }
        },
        {
            "type": "Feature",
            "properties": {
                "observation_date": "2018-04-27",
                "source": "LC08_L1TP_160043_20180427_20200901_02_T1_TCI",
                "sensor_name": "Landsat 8",
                "type": "observation",
                "current_phase": "No Activity",
                "is_occluded": "False",
                "is_site_boundary": "True",
                "score": 1.0
            },
            "geometry": {
                "type": "MultiPolygon",
                "coordinates": [
                    [
                        [
                            [
                                55.378763,
                                25.092515
                            ],
                            [
                                55.379019,
                                25.092529
                            ],
                            [
                                55.379581,
                                25.092323
                            ],
                            [
                                55.380017,
                                25.091955
                            ],
                            [
                                55.380218,
                                25.091502
                            ],
                            [
                                55.37937,
                                25.090924
                            ],
                            [
                                55.378677,
                                25.091372
                            ],
                            [
                                55.378812,
                                25.092397
                            ],
                            [
                                55.378763,
                                25.092515
                            ]
                        ]
                    ]
                ]
            }
        },
        {
            "type": "Feature",
            "properties": {
                "observation_date": "2018-05-14",
                "source": "S2B_40RCN_20180514_0_L2A_TCI",
                "sensor_name": "Sentinel-2",
                "type": "observation",
                "current_phase": "No Activity",
                "is_occluded": "False",
                "is_site_boundary": "True",
                "score": 1.0
            },
            "geometry": {
                "type": "MultiPolygon",
                "coordinates": [
                    [
                        [
                            [
                                55.378719,
                                25.092476
                            ],
                            [
                                55.378972,
                                25.09249
                            ],
                            [
                                55.379527,
                                25.092281
                            ],
                            [
                                55.379957,
                                25.091907
                            ],
                            [
                                55.380156,
                                25.091447
                            ],
                            [
                                55.379319,
                                25.090862
                            ],
                            [
                                55.378635,
                                25.091317
                            ],
                            [
                                55.378767,
                                25.092356
                            ],
                            [
                                55.378719,
                                25.092476
                            ]
                        ]
                    ]
                ]
            }
        },
        {
            "type": "Feature",
            "properties": {
                "observation_date": "2018-05-29",
                "source": "LC08_L1TP_160043_20180529_20201015_02_T1_TCI",
                "sensor_name": "Landsat 8",
                "type": "observation",
                "current_phase": "No Activity",
                "is_occluded": "False",
                "is_site_boundary": "True",
                "score": 1.0
            },
            "geometry": {
                "type": "MultiPolygon",
                "coordinates": [
                    [
                        [
                            [
                                55.378754,
                                25.092506
                            ],
                            [
                                55.379009,
                                25.092521
                            ],
                            [
                                55.379571,
                                25.092314
                            ],
                            [
                                55.380007,
                                25.091946
                            ],
                            [
                                55.380209,
                                25.091493
                            ],
                            [
                                55.379361,
                                25.090916
                            ],
                            [
                                55.378668,
                                25.091364
                            ],
                            [
                                55.378802,
                                25.092389
                            ],
                            [
                                55.378754,
                                25.092506
                            ]
                        ]
                    ]
                ]
            }
        },
        {
            "type": "Feature",
            "properties": {
                "observation_date": "2018-06-14",
                "source": "LC08_L1TP_160043_20180614_20200831_02_T1_TCI",
                "sensor_name": "Landsat 8",
                "type": "observation",
                "current_phase": "No Activity",
                "is_occluded": "False",
                "is_site_boundary": "True",
                "score": 1.0
            },
            "geometry": {
                "type": "MultiPolygon",
                "coordinates": [
                    [
                        [
                            [
                                55.378749,
                                25.092502
                            ],
                            [
                                55.379005,
                                25.092517
                            ],
                            [
                                55.379567,
                                25.09231
                            ],
                            [
                                55.380003,
                                25.091942
                            ],
                            [
                                55.380204,
                                25.091489
                            ],
                            [
                                55.379356,
                                25.090912
                            ],
                            [
                                55.378663,
                                25.09136
                            ],
                            [
                                55.378798,
                                25.092385
                            ],
                            [
                                55.378749,
                                25.092502
                            ]
                        ]
                    ]
                ]
            }
        },
        {
            "type": "Feature",
            "properties": {
                "observation_date": "2018-06-23",
                "source": "S2B_40RCN_20180623_0_L2A_TCI",
                "sensor_name": "Sentinel-2",
                "type": "observation",
                "current_phase": "No Activity",
                "is_occluded": "False",
                "is_site_boundary": "True",
                "score": 1.0
            },
            "geometry": {
                "type": "MultiPolygon",
                "coordinates": [
                    [
                        [
                            [
                                55.378754,
                                25.092344
                            ],
                            [
                                55.378621,
                                25.091304
                            ],
                            [
                                55.379305,
                                25.09085
                            ],
                            [
                                55.380142,
                                25.091435
                            ],
                            [
                                55.379943,
                                25.091895
                            ],
                            [
                                55.379513,
                                25.092268
                            ],
                            [
                                55.378958,
                                25.092478
                            ],
                            [
                                55.378705,
                                25.092463
                            ],
                            [
                                55.378754,
                                25.092344
                            ]
                        ]
                    ]
                ]
            }
        },
        {
            "type": "Feature",
            "properties": {
                "observation_date": "2018-07-13",
                "source": "S2B_40RCN_20180713_0_L2A_TCI",
                "sensor_name": "Sentinel-2",
                "type": "observation",
                "current_phase": "Site Preparation",
                "is_occluded": "False",
                "is_site_boundary": "True",
                "score": 1.0
            },
            "geometry": {
                "type": "MultiPolygon",
                "coordinates": [
                    [
                        [
                            [
                                55.378754,
                                25.092344
                            ],
                            [
                                55.378621,
                                25.091304
                            ],
                            [
                                55.379305,
                                25.09085
                            ],
                            [
                                55.380142,
                                25.091435
                            ],
                            [
                                55.379943,
                                25.091895
                            ],
                            [
                                55.379513,
                                25.092268
                            ],
                            [
                                55.378958,
                                25.092478
                            ],
                            [
                                55.378705,
                                25.092463
                            ],
                            [
                                55.378754,
                                25.092344
                            ]
                        ]
                    ]
                ]
            }
        },
        {
            "type": "Feature",
            "properties": {
                "observation_date": "2018-07-16",
                "source": "LC08_L1TP_160043_20180716_20200831_02_T1_TCI",
                "sensor_name": "Landsat 8",
                "type": "observation",
                "current_phase": "Site Preparation",
                "is_occluded": "False",
                "is_site_boundary": "True",
                "score": 1.0
            },
            "geometry": {
                "type": "MultiPolygon",
                "coordinates": [
                    [
                        [
                            [
                                55.378744,
                                25.092498
                            ],
                            [
                                55.379,
                                25.092513
                            ],
                            [
                                55.379562,
                                25.092306
                            ],
                            [
                                55.379998,
                                25.091938
                            ],
                            [
                                55.380199,
                                25.091485
                            ],
                            [
                                55.379351,
                                25.090908
                            ],
                            [
                                55.378658,
                                25.091356
                            ],
                            [
                                55.378793,
                                25.09238
                            ],
                            [
                                55.378744,
                                25.092498
                            ]
                        ]
                    ]
                ]
            }
        },
        {
            "type": "Feature",
            "properties": {
                "observation_date": "2018-08-01",
                "source": "LC08_L1TP_160043_20180801_20200831_02_T1_TCI",
                "sensor_name": "Landsat 8",
                "type": "observation",
                "current_phase": "Site Preparation",
                "is_occluded": "False",
                "is_site_boundary": "True",
                "score": 1.0
            },
            "geometry": {
                "type": "MultiPolygon",
                "coordinates": [
                    [
                        [
                            [
                                55.378744,
                                25.092498
                            ],
                            [
                                55.379,
                                25.092513
                            ],
                            [
                                55.379562,
                                25.092306
                            ],
                            [
                                55.379998,
                                25.091938
                            ],
                            [
                                55.380199,
                                25.091485
                            ],
                            [
                                55.379351,
                                25.090908
                            ],
                            [
                                55.378658,
                                25.091356
                            ],
                            [
                                55.378793,
                                25.09238
                            ],
                            [
                                55.378744,
                                25.092498
                            ]
                        ]
                    ]
                ]
            }
        },
        {
            "type": "Feature",
            "properties": {
                "observation_date": "2018-08-22",
                "source": "S2B_40RCN_20180822_0_L2A_TCI",
                "sensor_name": "Sentinel-2",
                "type": "observation",
                "current_phase": "Site Preparation",
                "is_occluded": "False",
                "is_site_boundary": "True",
                "score": 1.0
            },
            "geometry": {
                "type": "MultiPolygon",
                "coordinates": [
                    [
                        [
                            [
                                55.378705,
                                25.092463
                            ],
                            [
                                55.378958,
                                25.092478
                            ],
                            [
                                55.379513,
                                25.092268
                            ],
                            [
                                55.379943,
                                25.091895
                            ],
                            [
                                55.380142,
                                25.091435
                            ],
                            [
                                55.379305,
                                25.09085
                            ],
                            [
                                55.378621,
                                25.091304
                            ],
                            [
                                55.378754,
                                25.092344
                            ],
                            [
                                55.378705,
                                25.092463
                            ]
                        ]
                    ]
                ]
            }
        },
        {
            "type": "Feature",
            "properties": {
                "observation_date": "2018-09-01",
                "source": "S2B_40RCN_20180901_0_L2A_TCI",
                "sensor_name": "Sentinel-2",
                "type": "observation",
                "current_phase": "Site Preparation",
                "is_occluded": "False",
                "is_site_boundary": "True",
                "score": 1.0
            },
            "geometry": {
                "type": "MultiPolygon",
                "coordinates": [
                    [
                        [
                            [
                                55.378705,
                                25.092463
                            ],
                            [
                                55.378958,
                                25.092478
                            ],
                            [
                                55.379513,
                                25.092268
                            ],
                            [
                                55.379943,
                                25.091895
                            ],
                            [
                                55.380142,
                                25.091435
                            ],
                            [
                                55.379305,
                                25.09085
                            ],
                            [
                                55.378621,
                                25.091304
                            ],
                            [
                                55.378754,
                                25.092344
                            ],
                            [
                                55.378705,
                                25.092463
                            ]
                        ]
                    ]
                ]
            }
        },
        {
            "type": "Feature",
            "properties": {
                "observation_date": "2018-09-18",
                "source": "LC08_L1TP_160043_20180918_20200830_02_T1_TCI",
                "sensor_name": "Landsat 8",
                "type": "observation",
                "current_phase": "Site Preparation",
                "is_occluded": "False",
                "is_site_boundary": "True",
                "score": 1.0
            },
            "geometry": {
                "type": "MultiPolygon",
                "coordinates": [
                    [
                        [
                            [
                                55.378744,
                                25.092498
                            ],
                            [
                                55.379,
                                25.092513
                            ],
                            [
                                55.379562,
                                25.092306
                            ],
                            [
                                55.379998,
                                25.091938
                            ],
                            [
                                55.380199,
                                25.091485
                            ],
                            [
                                55.379351,
                                25.090908
                            ],
                            [
                                55.378658,
                                25.091356
                            ],
                            [
                                55.378793,
                                25.09238
                            ],
                            [
                                55.378744,
                                25.092498
                            ]
                        ]
                    ]
                ]
            }
        },
        {
            "type": "Feature",
            "properties": {
                "observation_date": "2018-10-11",
                "source": "S2B_40RCN_20181011_0_L2A_TCI",
                "sensor_name": "Sentinel-2",
                "type": "observation",
                "current_phase": "Site Preparation",
                "is_occluded": "False",
                "is_site_boundary": "True",
                "score": 1.0
            },
            "geometry": {
                "type": "MultiPolygon",
                "coordinates": [
                    [
                        [
                            [
                                55.378705,
                                25.092463
                            ],
                            [
                                55.378958,
                                25.092478
                            ],
                            [
                                55.379513,
                                25.092268
                            ],
                            [
                                55.379943,
                                25.091895
                            ],
                            [
                                55.380142,
                                25.091435
                            ],
                            [
                                55.379305,
                                25.09085
                            ],
                            [
                                55.378621,
                                25.091304
                            ],
                            [
                                55.378754,
                                25.092344
                            ],
                            [
                                55.378705,
                                25.092463
                            ]
                        ]
                    ]
                ]
            }
        },
        {
            "type": "Feature",
            "properties": {
                "observation_date": "2018-10-20",
                "source": "LC08_L1TP_160043_20181020_20200830_02_T1_TCI",
                "sensor_name": "Landsat 8",
                "type": "observation",
                "current_phase": "Site Preparation",
                "is_occluded": "False",
                "is_site_boundary": "True",
                "score": 1.0
            },
            "geometry": {
                "type": "MultiPolygon",
                "coordinates": [
                    [
                        [
                            [
                                55.378793,
                                25.09238
                            ],
                            [
                                55.378658,
                                25.091356
                            ],
                            [
                                55.379351,
                                25.090908
                            ],
                            [
                                55.380199,
                                25.091485
                            ],
                            [
                                55.379998,
                                25.091938
                            ],
                            [
                                55.379562,
                                25.092306
                            ],
                            [
                                55.379,
                                25.092513
                            ],
                            [
                                55.378744,
                                25.092498
                            ],
                            [
                                55.378793,
                                25.09238
                            ]
                        ]
                    ]
                ]
            }
        },
        {
            "type": "Feature",
            "properties": {
                "observation_date": "2018-11-30",
                "source": "S2B_40RCN_20181130_0_L2A_TCI",
                "sensor_name": "Sentinel-2",
                "type": "observation",
                "current_phase": "Active Construction",
                "is_occluded": "False",
                "is_site_boundary": "True",
                "score": 1.0
            },
            "geometry": {
                "type": "MultiPolygon",
                "coordinates": [
                    [
                        [
                            [
                                55.378683,
                                25.092253
                            ],
                            [
                                55.37855,
                                25.091214
                            ],
                            [
                                55.379234,
                                25.090759
                            ],
                            [
                                55.380071,
                                25.091344
                            ],
                            [
                                55.379872,
                                25.091804
                            ],
                            [
                                55.379442,
                                25.092178
                            ],
                            [
                                55.378887,
                                25.092388
                            ],
                            [
                                55.378634,
                                25.092373
                            ],
                            [
                                55.378683,
                                25.092253
                            ]
                        ]
                    ]
                ]
            }
        },
        {
            "type": "Feature",
            "properties": {
                "observation_date": "2018-12-10",
                "source": "S2B_40RCN_20181210_0_L2A_TCI",
                "sensor_name": "Sentinel-2",
                "type": "observation",
                "current_phase": "Active Construction",
                "is_occluded": "False",
                "is_site_boundary": "True",
                "score": 1.0
            },
            "geometry": {
                "type": "MultiPolygon",
                "coordinates": [
                    [
                        [
                            [
                                55.378638,
                                25.092373
                            ],
                            [
                                55.378891,
                                25.092388
                            ],
                            [
                                55.379445,
                                25.092178
                            ],
                            [
                                55.379876,
                                25.091804
                            ],
                            [
                                55.380075,
                                25.091344
                            ],
                            [
                                55.379238,
                                25.090759
                            ],
                            [
                                55.378554,
                                25.091214
                            ],
                            [
                                55.378686,
                                25.092253
                            ],
                            [
                                55.378638,
                                25.092373
                            ]
                        ]
                    ]
                ]
            }
        },
        {
            "type": "Feature",
            "properties": {
                "observation_date": "2018-12-23",
                "source": "LC08_L1TP_160043_20181223_20200829_02_T1_TCI",
                "sensor_name": "Landsat 8",
                "type": "observation",
                "current_phase": "Active Construction",
                "is_occluded": "False",
                "is_site_boundary": "True",
                "score": 1.0
            },
            "geometry": {
                "type": "MultiPolygon",
                "coordinates": [
                    [
                        [
                            [
                                55.37868,
                                25.092409
                            ],
                            [
                                55.378935,
                                25.092424
                            ],
                            [
                                55.379497,
                                25.092217
                            ],
                            [
                                55.379933,
                                25.091849
                            ],
                            [
                                55.380135,
                                25.091396
                            ],
                            [
                                55.379287,
                                25.090819
                            ],
                            [
                                55.378594,
                                25.091267
                            ],
                            [
                                55.378728,
                                25.092291
                            ],
                            [
                                55.37868,
                                25.092409
                            ]
                        ]
                    ]
                ]
            }
        },
        {
            "type": "Feature",
            "properties": {
                "observation_date": "2019-01-09",
                "source": "S2B_40RCN_20190109_0_L2A_TCI",
                "sensor_name": "Sentinel-2",
                "type": "observation",
                "current_phase": "Active Construction",
                "is_occluded": "False",
                "is_site_boundary": "True",
                "score": 1.0
            },
            "geometry": {
                "type": "MultiPolygon",
                "coordinates": [
                    [
                        [
                            [
                                55.378645,
                                25.092373
                            ],
                            [
                                55.378898,
                                25.092388
                            ],
                            [
                                55.379453,
                                25.092178
                            ],
                            [
                                55.379883,
                                25.091804
                            ],
                            [
                                55.380082,
                                25.091345
                            ],
                            [
                                55.379245,
                                25.090759
                            ],
                            [
                                55.378561,
                                25.091214
                            ],
                            [
                                55.378693,
                                25.092253
                            ],
                            [
                                55.378645,
                                25.092373
                            ]
                        ]
                    ]
                ]
            }
        },
        {
            "type": "Feature",
            "properties": {
                "observation_date": "2019-01-24",
                "source": "LC08_L1TP_160043_20190124_20200830_02_T1_TCI",
                "sensor_name": "Landsat 8",
                "type": "observation",
                "current_phase": "Active Construction",
                "is_occluded": "False",
                "is_site_boundary": "True",
                "score": 1.0
            },
            "geometry": {
                "type": "MultiPolygon",
                "coordinates": [
                    [
                        [
                            [
                                55.378687,
                                25.092409
                            ],
                            [
                                55.378943,
                                25.092424
                            ],
                            [
                                55.379505,
                                25.092217
                            ],
                            [
                                55.379941,
                                25.091849
                            ],
                            [
                                55.380142,
                                25.091396
                            ],
                            [
                                55.379294,
                                25.090819
                            ],
                            [
                                55.378601,
                                25.091267
                            ],
                            [
                                55.378736,
                                25.092292
                            ],
                            [
                                55.378687,
                                25.092409
                            ]
                        ]
                    ]
                ]
            }
        },
        {
            "type": "Feature",
            "properties": {
                "observation_date": "2019-02-18",
                "source": "S2B_40RCN_20190218_0_L2A_TCI",
                "sensor_name": "Sentinel-2",
                "type": "observation",
                "current_phase": "Active Construction",
                "is_occluded": "False",
                "is_site_boundary": "True",
                "score": 1.0
            },
            "geometry": {
                "type": "MultiPolygon",
                "coordinates": [
                    [
                        [
                            [
                                55.378652,
                                25.092373
                            ],
                            [
                                55.378905,
                                25.092388
                            ],
                            [
                                55.37946,
                                25.092178
                            ],
                            [
                                55.37989,
                                25.091804
                            ],
                            [
                                55.380089,
                                25.091345
                            ],
                            [
                                55.379252,
                                25.090759
                            ],
                            [
                                55.378568,
                                25.091214
                            ],
                            [
                                55.378701,
                                25.092254
                            ],
                            [
                                55.378652,
                                25.092373
                            ]
                        ]
                    ]
                ]
            }
        },
        {
            "type": "Feature",
            "properties": {
                "observation_date": "2019-02-25",
                "source": "LC08_L1TP_160043_20190225_20200829_02_T1_TCI",
                "sensor_name": "Landsat 8",
                "type": "observation",
                "current_phase": "Active Construction",
                "is_occluded": "False",
                "is_site_boundary": "True",
                "score": 1.0
            },
            "geometry": {
                "type": "MultiPolygon",
                "coordinates": [
                    [
                        [
                            [
                                55.378692,
                                25.092412
                            ],
                            [
                                55.378948,
                                25.092427
                            ],
                            [
                                55.37951,
                                25.09222
                            ],
                            [
                                55.379946,
                                25.091852
                            ],
                            [
                                55.380147,
                                25.091399
                            ],
                            [
                                55.379299,
                                25.090822
                            ],
                            [
                                55.378606,
                                25.09127
                            ],
                            [
                                55.378741,
                                25.092294
                            ],
                            [
                                55.378692,
                                25.092412
                            ]
                        ]
                    ]
                ]
            }
        },
        {
            "type": "Feature",
            "properties": {
                "observation_date": "2019-03-13",
                "source": "LC08_L1TP_160043_20190313_20200829_02_T1_TCI",
                "sensor_name": "Landsat 8",
                "type": "observation",
                "current_phase": "Active Construction",
                "is_occluded": "False",
                "is_site_boundary": "True",
                "score": 1.0
            },
            "geometry": {
                "type": "MultiPolygon",
                "coordinates": [
                    [
                        [
                            [
                                55.378694,
                                25.092415
                            ],
                            [
                                55.37895,
                                25.09243
                            ],
                            [
                                55.379512,
                                25.092223
                            ],
                            [
                                55.379948,
                                25.091855
                            ],
                            [
                                55.380149,
                                25.091402
                            ],
                            [
                                55.379301,
                                25.090825
                            ],
                            [
                                55.378608,
                                25.091272
                            ],
                            [
                                55.378743,
                                25.092297
                            ],
                            [
                                55.378694,
                                25.092415
                            ]
                        ]
                    ]
                ]
            }
        },
        {
            "type": "Feature",
            "properties": {
                "observation_date": "2019-03-20",
                "source": "S2B_40RCN_20190320_0_L2A_TCI",
                "sensor_name": "Sentinel-2",
                "type": "observation",
                "current_phase": "Active Construction",
                "is_occluded": "False",
                "is_site_boundary": "True",
                "score": 1.0
            },
            "geometry": {
                "type": "MultiPolygon",
                "coordinates": [
                    [
                        [
                            [
                                55.378657,
                                25.092381
                            ],
                            [
                                55.37891,
                                25.092396
                            ],
                            [
                                55.379465,
                                25.092186
                            ],
                            [
                                55.379895,
                                25.091813
                            ],
                            [
                                55.380094,
                                25.091353
                            ],
                            [
                                55.379257,
                                25.090768
                            ],
                            [
                                55.378573,
                                25.091222
                            ],
                            [
                                55.378706,
                                25.092262
                            ],
                            [
                                55.378657,
                                25.092381
                            ]
                        ]
                    ]
                ]
            }
        },
        {
            "type": "Feature",
            "properties": {
                "observation_date": "2019-04-09",
                "source": "S2B_40RCN_20190409_0_L2A_TCI",
                "sensor_name": "Sentinel-2",
                "type": "observation",
                "current_phase": "Active Construction",
                "is_occluded": "False",
                "is_site_boundary": "True",
                "score": 1.0
            },
            "geometry": {
                "type": "MultiPolygon",
                "coordinates": [
                    [
                        [
                            [
                                55.378659,
                                25.092384
                            ],
                            [
                                55.378912,
                                25.092399
                            ],
                            [
                                55.379466,
                                25.092189
                            ],
                            [
                                55.379897,
                                25.091816
                            ],
                            [
                                55.380096,
                                25.091356
                            ],
                            [
                                55.379259,
                                25.090771
                            ],
                            [
                                55.378575,
                                25.091225
                            ],
                            [
                                55.378707,
                                25.092265
                            ],
                            [
                                55.378659,
                                25.092384
                            ]
                        ]
                    ]
                ]
            }
        },
        {
            "type": "Feature",
            "properties": {
                "observation_date": "2019-05-16",
                "source": "LC08_L1TP_160043_20190516_20200828_02_T1_TCI",
                "sensor_name": "Landsat 8",
                "type": "observation",
                "current_phase": "Active Construction",
                "is_occluded": "False",
                "is_site_boundary": "True",
                "score": 1.0
            },
            "geometry": {
                "type": "MultiPolygon",
                "coordinates": [
                    [
                        [
                            [
                                55.378701,
                                25.092426
                            ],
                            [
                                55.378956,
                                25.092441
                            ],
                            [
                                55.379518,
                                25.092234
                            ],
                            [
                                55.379954,
                                25.091866
                            ],
                            [
                                55.380156,
                                25.091413
                            ],
                            [
                                55.379308,
                                25.090836
                            ],
                            [
                                55.378615,
                                25.091284
                            ],
                            [
                                55.378749,
                                25.092308
                            ],
                            [
                                55.378701,
                                25.092426
                            ]
                        ]
                    ]
                ]
            }
        },
        {
            "type": "Feature",
            "properties": {
                "observation_date": "2019-05-24",
                "source": "S2A_40RCN_20190524_0_L2A_TCI",
                "sensor_name": "Sentinel-2",
                "type": "observation",
                "current_phase": "Active Construction",
                "is_occluded": "False",
                "is_site_boundary": "True",
                "score": 1.0
            },
            "geometry": {
                "type": "MultiPolygon",
                "coordinates": [
                    [
                        [
                            [
                                55.378664,
                                25.092393
                            ],
                            [
                                55.378917,
                                25.092407
                            ],
                            [
                                55.379471,
                                25.092198
                            ],
                            [
                                55.379902,
                                25.091824
                            ],
                            [
                                55.380101,
                                25.091364
                            ],
                            [
                                55.379264,
                                25.090779
                            ],
                            [
                                55.37858,
                                25.091234
                            ],
                            [
                                55.378712,
                                25.092273
                            ],
                            [
                                55.378664,
                                25.092393
                            ]
                        ]
                    ]
                ]
            }
        },
        {
            "type": "Feature",
            "properties": {
                "observation_date": "2019-06-01",
                "source": "LC08_L1TP_160043_20190601_20200828_02_T1_TCI",
                "sensor_name": "Landsat 8",
                "type": "observation",
                "current_phase": "Active Construction",
                "is_occluded": "False",
                "is_site_boundary": "True",
                "score": 1.0
            },
            "geometry": {
                "type": "MultiPolygon",
                "coordinates": [
                    [
                        [
                            [
                                55.378704,
                                25.092432
                            ],
                            [
                                55.37896,
                                25.092446
                            ],
                            [
                                55.379522,
                                25.092239
                            ],
                            [
                                55.379958,
                                25.091872
                            ],
                            [
                                55.380159,
                                25.091418
                            ],
                            [
                                55.379311,
                                25.090841
                            ],
                            [
                                55.378618,
                                25.091289
                            ],
                            [
                                55.378753,
                                25.092314
                            ],
                            [
                                55.378704,
                                25.092432
                            ]
                        ]
                    ]
                ]
            }
        },
        {
            "type": "Feature",
            "properties": {
                "observation_date": "2019-06-13",
                "source": "S2A_40RCN_20190613_0_L2A_TCI",
                "sensor_name": "Sentinel-2",
                "type": "observation",
                "current_phase": "Active Construction",
                "is_occluded": "False",
                "is_site_boundary": "True",
                "score": 1.0
            },
            "geometry": {
                "type": "MultiPolygon",
                "coordinates": [
                    [
                        [
                            [
                                55.378667,
                                25.092398
                            ],
                            [
                                55.37892,
                                25.092413
                            ],
                            [
                                55.379475,
                                25.092203
                            ],
                            [
                                55.379905,
                                25.09183
                            ],
                            [
                                55.380104,
                                25.09137
                            ],
                            [
                                55.379267,
                                25.090785
                            ],
                            [
                                55.378583,
                                25.091239
                            ],
                            [
                                55.378715,
                                25.092279
                            ],
                            [
                                55.378667,
                                25.092398
                            ]
                        ]
                    ]
                ]
            }
        },
        {
            "type": "Feature",
            "properties": {
                "observation_date": "2019-06-24",
                "source": "19JUN24095642-P1BS-502619570010_01_P001",
                "sensor_name": "WorldView",
                "type": "observation",
                "current_phase": "Active Construction",
                "is_occluded": "False",
                "is_site_boundary": "True",
                "score": 1.0
            },
            "geometry": {
                "type": "MultiPolygon",
                "coordinates": [
                    [
                        [
                            [
                                55.378653,
                                25.092391
                            ],
                            [
                                55.378904,
                                25.092406
                            ],
                            [
                                55.379455,
                                25.092195
                            ],
                            [
                                55.379884,
                                25.091821
                            ],
                            [
                                55.380082,
                                25.091359
                            ],
                            [
                                55.379249,
                                25.090772
                            ],
                            [
                                55.378569,
                                25.091228
                            ],
                            [
                                55.3787,
                                25.092272
                            ],
                            [
                                55.378653,
                                25.092391
                            ]
                        ]
                    ]
                ]
            }
        },
        {
            "type": "Feature",
            "properties": {
                "observation_date": "2019-07-03",
                "source": "LC08_L1TP_160043_20190703_20200827_02_T1_TCI",
                "sensor_name": "Landsat 8",
                "type": "observation",
                "current_phase": "Active Construction",
                "is_occluded": "False",
                "is_site_boundary": "True",
                "score": 1.0
            },
            "geometry": {
                "type": "MultiPolygon",
                "coordinates": [
                    [
                        [
                            [
                                55.378709,
                                25.09244
                            ],
                            [
                                55.378965,
                                25.092455
                            ],
                            [
                                55.379527,
                                25.092248
                            ],
                            [
                                55.379963,
                                25.09188
                            ],
                            [
                                55.380164,
                                25.091427
                            ],
                            [
                                55.379316,
                                25.09085
                            ],
                            [
                                55.378623,
                                25.091297
                            ],
                            [
                                55.378758,
                                25.092322
                            ],
                            [
                                55.378709,
                                25.09244
                            ]
                        ]
                    ]
                ]
            }
        },
        {
            "type": "Feature",
            "properties": {
                "observation_date": "2019-07-28",
                "source": "S2B_40RCN_20190728_0_L2A_TCI",
                "sensor_name": "Sentinel-2",
                "type": "observation",
                "current_phase": "Active Construction",
                "is_occluded": "False",
                "is_site_boundary": "True",
                "score": 1.0
            },
            "geometry": {
                "type": "MultiPolygon",
                "coordinates": [
                    [
                        [
                            [
                                55.378672,
                                25.092407
                            ],
                            [
                                55.378925,
                                25.092422
                            ],
                            [
                                55.37948,
                                25.092212
                            ],
                            [
                                55.37991,
                                25.091838
                            ],
                            [
                                55.380109,
                                25.091378
                            ],
                            [
                                55.379272,
                                25.090793
                            ],
                            [
                                55.378588,
                                25.091248
                            ],
                            [
                                55.37872,
                                25.092287
                            ],
                            [
                                55.378672,
                                25.092407
                            ]
                        ]
                    ]
                ]
            }
        },
        {
            "type": "Feature",
            "properties": {
                "observation_date": "2019-08-07",
                "source": "S2B_40RCN_20190807_0_L2A_TCI",
                "sensor_name": "Sentinel-2",
                "type": "observation",
                "current_phase": "Active Construction",
                "is_occluded": "False",
                "is_site_boundary": "True",
                "score": 1.0
            },
            "geometry": {
                "type": "MultiPolygon",
                "coordinates": [
                    [
                        [
                            [
                                55.378676,
                                25.092412
                            ],
                            [
                                55.378928,
                                25.092427
                            ],
                            [
                                55.379483,
                                25.092217
                            ],
                            [
                                55.379914,
                                25.091844
                            ],
                            [
                                55.380112,
                                25.091384
                            ],
                            [
                                55.379276,
                                25.090799
                            ],
                            [
                                55.378591,
                                25.091253
                            ],
                            [
                                55.378724,
                                25.092293
                            ],
                            [
                                55.378676,
                                25.092412
                            ]
                        ]
                    ]
                ]
            }
        },
        {
            "type": "Feature",
            "properties": {
                "observation_date": "2019-08-24",
                "source": "19AUG24072402-M1BS-502626884040_04_P009",
                "sensor_name": "WorldView",
                "type": "observation",
                "current_phase": "Active Construction",
                "is_occluded": "False",
                "is_site_boundary": "True",
                "score": 1.0
            },
            "geometry": {
                "type": "MultiPolygon",
                "coordinates": [
                    [
                        [
                            [
                                55.378663,
                                25.092406
                            ],
                            [
                                55.378914,
                                25.092421
                            ],
                            [
                                55.379466,
                                25.09221
                            ],
                            [
                                55.379895,
                                25.091835
                            ],
                            [
                                55.380093,
                                25.091374
                            ],
                            [
                                55.37926,
                                25.090787
                            ],
                            [
                                55.378579,
                                25.091243
                            ],
                            [
                                55.378711,
                                25.092286
                            ],
                            [
                                55.378663,
                                25.092406
                            ]
                        ]
                    ]
                ]
            }
        },
        {
            "type": "Feature",
            "properties": {
                "observation_date": "2019-08-29",
                "source": "19AUG29070515-M1BS-502626884040_05_P018",
                "sensor_name": "WorldView",
                "type": "observation",
                "current_phase": "Active Construction",
                "is_occluded": "False",
                "is_site_boundary": "True",
                "score": 1.0
            },
            "geometry": {
                "type": "MultiPolygon",
                "coordinates": [
                    [
                        [
                            [
                                55.378664,
                                25.092409
                            ],
                            [
                                55.378916,
                                25.092424
                            ],
                            [
                                55.379468,
                                25.092213
                            ],
                            [
                                55.379896,
                                25.091838
                            ],
                            [
                                55.380094,
                                25.091377
                            ],
                            [
                                55.379262,
                                25.09079
                            ],
                            [
                                55.37858,
                                25.091246
                            ],
                            [
                                55.378712,
                                25.092289
                            ],
                            [
                                55.378664,
                                25.092409
                            ]
                        ]
                    ]
                ]
            }
        },
        {
            "type": "Feature",
            "properties": {
                "observation_date": "2019-09-21",
                "source": "LC08_L1TP_160043_20190921_20200826_02_T1_TCI",
                "sensor_name": "Landsat 8",
                "type": "observation",
                "current_phase": "Active Construction",
                "is_occluded": "False",
                "is_site_boundary": "True",
                "score": 1.0
            },
            "geometry": {
                "type": "MultiPolygon",
                "coordinates": [
                    [
                        [
                            [
                                55.378719,
                                25.092457
                            ],
                            [
                                55.378975,
                                25.092471
                            ],
                            [
                                55.379537,
                                25.092264
                            ],
                            [
                                55.379973,
                                25.091897
                            ],
                            [
                                55.380174,
                                25.091443
                            ],
                            [
                                55.379326,
                                25.090866
                            ],
                            [
                                55.378633,
                                25.091314
                            ],
                            [
                                55.378768,
                                25.092339
                            ],
                            [
                                55.378719,
                                25.092457
                            ]
                        ]
                    ]
                ]
            }
        },
        {
            "type": "Feature",
            "properties": {
                "observation_date": "2019-09-21",
                "source": "S2A_40RCN_20190921_0_L2A_TCI",
                "sensor_name": "Sentinel-2",
                "type": "observation",
                "current_phase": "Active Construction",
                "is_occluded": "False",
                "is_site_boundary": "True",
                "score": 1.0
            },
            "geometry": {
                "type": "MultiPolygon",
                "coordinates": [
                    [
                        [
                            [
                                55.378682,
                                25.092424
                            ],
                            [
                                55.378935,
                                25.092438
                            ],
                            [
                                55.37949,
                                25.092228
                            ],
                            [
                                55.37992,
                                25.091855
                            ],
                            [
                                55.380119,
                                25.091395
                            ],
                            [
                                55.379282,
                                25.09081
                            ],
                            [
                                55.378598,
                                25.091265
                            ],
                            [
                                55.37873,
                                25.092304
                            ],
                            [
                                55.378682,
                                25.092424
                            ]
                        ]
                    ]
                ]
            }
        },
        {
            "type": "Feature",
            "properties": {
                "observation_date": "2019-10-07",
                "source": "LC08_L1TP_160043_20191007_20200825_02_T1_TCI",
                "sensor_name": "Landsat 8",
                "type": "observation",
                "current_phase": "Active Construction",
                "is_occluded": "False",
                "is_site_boundary": "True",
                "score": 1.0
            },
            "geometry": {
                "type": "MultiPolygon",
                "coordinates": [
                    [
                        [
                            [
                                55.378722,
                                25.092462
                            ],
                            [
                                55.378978,
                                25.092477
                            ],
                            [
                                55.37954,
                                25.09227
                            ],
                            [
                                55.379976,
                                25.091902
                            ],
                            [
                                55.380177,
                                25.091449
                            ],
                            [
                                55.379329,
                                25.090872
                            ],
                            [
                                55.378636,
                                25.09132
                            ],
                            [
                                55.378771,
                                25.092344
                            ],
                            [
                                55.378722,
                                25.092462
                            ]
                        ]
                    ]
                ]
            }
        },
        {
            "type": "Feature",
            "properties": {
                "observation_date": "2019-10-11",
                "source": "S2A_40RCN_20191011_0_L2A_TCI",
                "sensor_name": "Sentinel-2",
                "type": "observation",
                "current_phase": "Active Construction",
                "is_occluded": "False",
                "is_site_boundary": "True",
                "score": 1.0
            },
            "geometry": {
                "type": "MultiPolygon",
                "coordinates": [
                    [
                        [
                            [
                                55.378686,
                                25.092429
                            ],
                            [
                                55.378938,
                                25.092444
                            ],
                            [
                                55.379493,
                                25.092234
                            ],
                            [
                                55.379923,
                                25.091861
                            ],
                            [
                                55.380122,
                                25.091401
                            ],
                            [
                                55.379285,
                                25.090816
                            ],
                            [
                                55.378601,
                                25.09127
                            ],
                            [
                                55.378734,
                                25.09231
                            ],
                            [
                                55.378686,
                                25.092429
                            ]
                        ]
                    ]
                ]
            }
        },
        {
            "type": "Feature",
            "properties": {
                "observation_date": "2019-11-08",
                "source": "LC08_L1TP_160043_20191108_20200825_02_T1_TCI",
                "sensor_name": "Landsat 8",
                "type": "observation",
                "current_phase": "Active Construction",
                "is_occluded": "False",
                "is_site_boundary": "True",
                "score": 1.0
            },
            "geometry": {
                "type": "MultiPolygon",
                "coordinates": [
                    [
                        [
                            [
                                55.378726,
                                25.092468
                            ],
                            [
                                55.378982,
                                25.092482
                            ],
                            [
                                55.379543,
                                25.092275
                            ],
                            [
                                55.379979,
                                25.091908
                            ],
                            [
                                55.380181,
                                25.091454
                            ],
                            [
                                55.379333,
                                25.090877
                            ],
                            [
                                55.37864,
                                25.091325
                            ],
                            [
                                55.378774,
                                25.09235
                            ],
                            [
                                55.378726,
                                25.092468
                            ]
                        ]
                    ]
                ]
            }
        },
        {
            "type": "Feature",
            "properties": {
                "observation_date": "2019-11-25",
                "source": "S2B_40RCN_20191125_0_L2A_TCI",
                "sensor_name": "Sentinel-2",
                "type": "observation",
                "current_phase": "Active Construction",
                "is_occluded": "False",
                "is_site_boundary": "True",
                "score": 1.0
            },
            "geometry": {
                "type": "MultiPolygon",
                "coordinates": [
                    [
                        [
                            [
                                55.378689,
                                25.092435
                            ],
                            [
                                55.378941,
                                25.09245
                            ],
                            [
                                55.379496,
                                25.09224
                            ],
                            [
                                55.379927,
                                25.091866
                            ],
                            [
                                55.380126,
                                25.091407
                            ],
                            [
                                55.379289,
                                25.090821
                            ],
                            [
                                55.378604,
                                25.091276
                            ],
                            [
                                55.378737,
                                25.092315
                            ],
                            [
                                55.378689,
                                25.092435
                            ]
                        ]
                    ]
                ]
            }
        },
        {
            "type": "Feature",
            "properties": {
                "observation_date": "2019-12-26",
                "source": "LC08_L1TP_160043_20191226_20200825_02_T1_TCI",
                "sensor_name": "Landsat 8",
                "type": "observation",
                "current_phase": "Active Construction",
                "is_occluded": "False",
                "is_site_boundary": "True",
                "score": 1.0
            },
            "geometry": {
                "type": "MultiPolygon",
                "coordinates": [
                    [
                        [
                            [
                                55.378731,
                                25.092476
                            ],
                            [
                                55.378987,
                                25.092491
                            ],
                            [
                                55.379548,
                                25.092284
                            ],
                            [
                                55.379984,
                                25.091916
                            ],
                            [
                                55.380186,
                                25.091463
                            ],
                            [
                                55.379338,
                                25.090886
                            ],
                            [
                                55.378645,
                                25.091334
                            ],
                            [
                                55.37878,
                                25.092358
                            ],
                            [
                                55.378731,
                                25.092476
                            ]
                        ]
                    ]
                ]
            }
        },
        {
            "type": "Feature",
            "properties": {
                "observation_date": "2020-01-04",
                "source": "S2B_40RCN_20200104_0_L2A_TCI",
                "sensor_name": "Sentinel-2",
                "type": "observation",
                "current_phase": "Active Construction",
                "is_occluded": "False",
                "is_site_boundary": "True",
                "score": 1.0
            },
            "geometry": {
                "type": "MultiPolygon",
                "coordinates": [
                    [
                        [
                            [
                                55.378694,
                                25.092443
                            ],
                            [
                                55.378946,
                                25.092458
                            ],
                            [
                                55.379501,
                                25.092248
                            ],
                            [
                                55.379932,
                                25.091875
                            ],
                            [
                                55.380131,
                                25.091415
                            ],
                            [
                                55.379294,
                                25.09083
                            ],
                            [
                                55.378609,
                                25.091284
                            ],
                            [
                                55.378742,
                                25.092324
                            ],
                            [
                                55.378694,
                                25.092443
                            ]
                        ]
                    ]
                ]
            }
        },
        {
            "type": "Feature",
            "properties": {
                "observation_date": "2020-02-13",
                "source": "S2B_40RCN_20200213_0_L2A_TCI",
                "sensor_name": "Sentinel-2",
                "type": "observation",
                "current_phase": "Active Construction",
                "is_occluded": "False",
                "is_site_boundary": "True",
                "score": 1.0
            },
            "geometry": {
                "type": "MultiPolygon",
                "coordinates": [
                    [
                        [
                            [
                                55.378697,
                                25.092449
                            ],
                            [
                                55.37895,
                                25.092464
                            ],
                            [
                                55.379504,
                                25.092254
                            ],
                            [
                                55.379935,
                                25.091881
                            ],
                            [
                                55.380134,
                                25.091421
                            ],
                            [
                                55.379297,
                                25.090836
                            ],
                            [
                                55.378613,
                                25.09129
                            ],
                            [
                                55.378745,
                                25.09233
                            ],
                            [
                                55.378697,
                                25.092449
                            ]
                        ]
                    ]
                ]
            }
        },
        {
            "type": "Feature",
            "properties": {
                "observation_date": "2020-02-28",
                "source": "LC08_L1TP_160043_20200228_20200822_02_T1_TCI",
                "sensor_name": "Landsat 8",
                "type": "observation",
                "current_phase": "Active Construction",
                "is_occluded": "False",
                "is_site_boundary": "True",
                "score": 1.0
            },
            "geometry": {
                "type": "MultiPolygon",
                "coordinates": [
                    [
                        [
                            [
                                55.378738,
                                25.092487
                            ],
                            [
                                55.378993,
                                25.092502
                            ],
                            [
                                55.379555,
                                25.092295
                            ],
                            [
                                55.379991,
                                25.091927
                            ],
                            [
                                55.380193,
                                25.091474
                            ],
                            [
                                55.379345,
                                25.090897
                            ],
                            [
                                55.378652,
                                25.091345
                            ],
                            [
                                55.378786,
                                25.092369
                            ],
                            [
                                55.378738,
                                25.092487
                            ]
                        ]
                    ]
                ]
            }
        },
        {
            "type": "Feature",
            "properties": {
                "observation_date": "2020-03-09",
                "source": "S2A_40RCN_20200309_0_L2A_TCI",
                "sensor_name": "Sentinel-2",
                "type": "observation",
                "current_phase": "Active Construction",
                "is_occluded": "False",
                "is_site_boundary": "True",
                "score": 1.0
            },
            "geometry": {
                "type": "MultiPolygon",
                "coordinates": [
                    [
                        [
                            [
                                55.3787,
                                25.092455
                            ],
                            [
                                55.378953,
                                25.092469
                            ],
                            [
                                55.379508,
                                25.092259
                            ],
                            [
                                55.379938,
                                25.091886
                            ],
                            [
                                55.380137,
                                25.091426
                            ],
                            [
                                55.3793,
                                25.090841
                            ],
                            [
                                55.378616,
                                25.091296
                            ],
                            [
                                55.378749,
                                25.092335
                            ],
                            [
                                55.3787,
                                25.092455
                            ]
                        ]
                    ]
                ]
            }
        },
        {
            "type": "Feature",
            "properties": {
                "observation_date": "2020-03-31",
                "source": "LC08_L1TP_160043_20200331_20200822_02_T1_TCI",
                "sensor_name": "Landsat 8",
                "type": "observation",
                "current_phase": "Active Construction",
                "is_occluded": "False",
                "is_site_boundary": "True",
                "score": 1.0
            },
            "geometry": {
                "type": "MultiPolygon",
                "coordinates": [
                    [
                        [
                            [
                                55.378741,
                                25.092493
                            ],
                            [
                                55.378997,
                                25.092507
                            ],
                            [
                                55.379559,
                                25.0923
                            ],
                            [
                                55.379995,
                                25.091933
                            ],
                            [
                                55.380196,
                                25.091479
                            ],
                            [
                                55.379348,
                                25.090902
                            ],
                            [
                                55.378655,
                                25.09135
                            ],
                            [
                                55.37879,
                                25.092375
                            ],
                            [
                                55.378741,
                                25.092493
                            ]
                        ]
                    ]
                ]
            }
        },
        {
            "type": "Feature",
            "properties": {
                "observation_date": "2020-04-28",
                "source": "S2A_40RCN_20200428_0_L2A_TCI",
                "sensor_name": "Sentinel-2",
                "type": "observation",
                "current_phase": "Active Construction",
                "is_occluded": "False",
                "is_site_boundary": "True",
                "score": 1.0
            },
            "geometry": {
                "type": "MultiPolygon",
                "coordinates": [
                    [
                        [
                            [
                                55.378704,
                                25.09246
                            ],
                            [
                                55.378956,
                                25.092475
                            ],
                            [
                                55.379511,
                                25.092265
                            ],
                            [
                                55.379942,
                                25.091892
                            ],
                            [
                                55.380141,
                                25.091432
                            ],
                            [
                                55.379304,
                                25.090847
                            ],
                            [
                                55.378619,
                                25.091301
                            ],
                            [
                                55.378752,
                                25.092341
                            ],
                            [
                                55.378704,
                                25.09246
                            ]
                        ]
                    ]
                ]
            }
        },
        {
            "type": "Feature",
            "properties": {
                "observation_date": "2020-05-15",
                "source": "20MAY15072040-M1BS-014466685010_01_P002",
                "sensor_name": "WorldView",
                "type": "observation",
                "current_phase": "Active Construction",
                "is_occluded": "False",
                "is_site_boundary": "True",
                "score": 1.0
            },
            "geometry": {
                "type": "MultiPolygon",
                "coordinates": [
                    [
                        [
                            [
                                55.378739,
                                25.092334
                            ],
                            [
                                55.378607,
                                25.091291
                            ],
                            [
                                55.379288,
                                25.090835
                            ],
                            [
                                55.380121,
                                25.091422
                            ],
                            [
                                55.379923,
                                25.091884
                            ],
                            [
                                55.379494,
                                25.092258
                            ],
                            [
                                55.378942,
                                25.092469
                            ],
                            [
                                55.378691,
                                25.092454
                            ],
                            [
                                55.378739,
                                25.092334
                            ]
                        ]
                    ]
                ]
            }
        },
        {
            "type": "Feature",
            "properties": {
                "observation_date": "2020-05-18",
                "source": "LC08_L1TP_160043_20200518_20200820_02_T1_TCI",
                "sensor_name": "Landsat 8",
                "type": "observation",
                "current_phase": "Active Construction",
                "is_occluded": "False",
                "is_site_boundary": "True",
                "score": 1.0
            },
            "geometry": {
                "type": "MultiPolygon",
                "coordinates": [
                    [
                        [
                            [
                                55.378738,
                                25.09249
                            ],
                            [
                                55.378994,
                                25.092504
                            ],
                            [
                                55.379556,
                                25.092297
                            ],
                            [
                                55.379992,
                                25.09193
                            ],
                            [
                                55.380193,
                                25.091476
                            ],
                            [
                                55.379345,
                                25.090899
                            ],
                            [
                                55.378652,
                                25.091347
                            ],
                            [
                                55.378787,
                                25.092372
                            ],
                            [
                                55.378738,
                                25.09249
                            ]
                        ]
                    ]
                ]
            }
        },
        {
            "type": "Feature",
            "properties": {
                "observation_date": "2020-05-28",
                "source": "S2A_40RCN_20200528_0_L2A_TCI",
                "sensor_name": "Sentinel-2",
                "type": "observation",
                "current_phase": "Active Construction",
                "is_occluded": "False",
                "is_site_boundary": "True",
                "score": 1.0
            },
            "geometry": {
                "type": "MultiPolygon",
                "coordinates": [
                    [
                        [
                            [
                                55.378693,
                                25.092446
                            ],
                            [
                                55.378946,
                                25.092461
                            ],
                            [
                                55.379501,
                                25.092251
                            ],
                            [
                                55.379931,
                                25.091877
                            ],
                            [
                                55.38013,
                                25.091417
                            ],
                            [
                                55.379293,
                                25.090832
                            ],
                            [
                                55.378609,
                                25.091287
                            ],
                            [
                                55.378742,
                                25.092326
                            ],
                            [
                                55.378693,
                                25.092446
                            ]
                        ]
                    ]
                ]
            }
        },
        {
            "type": "Feature",
            "properties": {
                "observation_date": "2020-06-19",
                "source": "LC08_L1TP_160043_20200619_20200823_02_T1_TCI",
                "sensor_name": "Landsat 8",
                "type": "observation",
                "current_phase": "Active Construction",
                "is_occluded": "False",
                "is_site_boundary": "True",
                "score": 1.0
            },
            "geometry": {
                "type": "MultiPolygon",
                "coordinates": [
                    [
                        [
                            [
                                55.378726,
                                25.092473
                            ],
                            [
                                55.378982,
                                25.092487
                            ],
                            [
                                55.379544,
                                25.09228
                            ],
                            [
                                55.37998,
                                25.091913
                            ],
                            [
                                55.380181,
                                25.091459
                            ],
                            [
                                55.379333,
                                25.090882
                            ],
                            [
                                55.37864,
                                25.09133
                            ],
                            [
                                55.378775,
                                25.092355
                            ],
                            [
                                55.378726,
                                25.092473
                            ]
                        ]
                    ]
                ]
            }
        },
        {
            "type": "Feature",
            "properties": {
                "observation_date": "2020-06-22",
                "source": "S2B_40RCN_20200622_0_L2A_TCI",
                "sensor_name": "Sentinel-2",
                "type": "observation",
                "current_phase": "Active Construction",
                "is_occluded": "False",
                "is_site_boundary": "True",
                "score": 1.0
            },
            "geometry": {
                "type": "MultiPolygon",
                "coordinates": [
                    [
                        [
                            [
                                55.378682,
                                25.092428
                            ],
                            [
                                55.378934,
                                25.092443
                            ],
                            [
                                55.379489,
                                25.092233
                            ],
                            [
                                55.379919,
                                25.09186
                            ],
                            [
                                55.380118,
                                25.0914
                            ],
                            [
                                55.379281,
                                25.090815
                            ],
                            [
                                55.378597,
                                25.091269
                            ],
                            [
                                55.37873,
                                25.092309
                            ],
                            [
                                55.378682,
                                25.092428
                            ]
                        ]
                    ]
                ]
            }
        },
        {
            "type": "Feature",
            "properties": {
                "observation_date": "2020-07-05",
                "source": "LC08_L1TP_160043_20200705_20200913_02_T1_TCI",
                "sensor_name": "Landsat 8",
                "type": "observation",
                "current_phase": "Active Construction",
                "is_occluded": "False",
                "is_site_boundary": "True",
                "score": 1.0
            },
            "geometry": {
                "type": "MultiPolygon",
                "coordinates": [
                    [
                        [
                            [
                                55.378714,
                                25.092455
                            ],
                            [
                                55.37897,
                                25.09247
                            ],
                            [
                                55.379532,
                                25.092263
                            ],
                            [
                                55.379968,
                                25.091895
                            ],
                            [
                                55.380169,
                                25.091442
                            ],
                            [
                                55.379321,
                                25.090865
                            ],
                            [
                                55.378628,
                                25.091313
                            ],
                            [
                                55.378763,
                                25.092338
                            ],
                            [
                                55.378714,
                                25.092455
                            ]
                        ]
                    ]
                ]
            }
        },
        {
            "type": "Feature",
            "properties": {
                "observation_date": "2020-07-22",
                "source": "S2B_40RCN_20200722_0_L2A_TCI",
                "sensor_name": "Sentinel-2",
                "type": "observation",
                "current_phase": "Active Construction",
                "is_occluded": "False",
                "is_site_boundary": "True",
                "score": 1.0
            },
            "geometry": {
                "type": "MultiPolygon",
                "coordinates": [
                    [
                        [
                            [
                                55.37867,
                                25.092411
                            ],
                            [
                                55.378922,
                                25.092426
                            ],
                            [
                                55.379477,
                                25.092216
                            ],
                            [
                                55.379908,
                                25.091843
                            ],
                            [
                                55.380106,
                                25.091383
                            ],
                            [
                                55.37927,
                                25.090798
                            ],
                            [
                                55.378585,
                                25.091252
                            ],
                            [
                                55.378718,
                                25.092292
                            ],
                            [
                                55.37867,
                                25.092411
                            ]
                        ]
                    ]
                ]
            }
        },
        {
            "type": "Feature",
            "properties": {
                "observation_date": "2020-08-06",
                "source": "LC08_L1TP_160043_20200806_20200916_02_T1_TCI",
                "sensor_name": "Landsat 8",
                "type": "observation",
                "current_phase": "Active Construction",
                "is_occluded": "False",
                "is_site_boundary": "True",
                "score": 1.0
            },
            "geometry": {
                "type": "MultiPolygon",
                "coordinates": [
                    [
                        [
                            [
                                55.378702,
                                25.092438
                            ],
                            [
                                55.378958,
                                25.092453
                            ],
                            [
                                55.37952,
                                25.092246
                            ],
                            [
                                55.379956,
                                25.091878
                            ],
                            [
                                55.380157,
                                25.091425
                            ],
                            [
                                55.379309,
                                25.090848
                            ],
                            [
                                55.378616,
                                25.091296
                            ],
                            [
                                55.378751,
                                25.092321
                            ],
                            [
                                55.378702,
                                25.092438
                            ]
                        ]
                    ]
                ]
            }
        },
        {
            "type": "Feature",
            "properties": {
                "observation_date": "2020-08-31",
                "source": "S2B_40RCN_20200831_0_L2A_TCI",
                "sensor_name": "Sentinel-2",
                "type": "observation",
                "current_phase": "Active Construction",
                "is_occluded": "False",
                "is_site_boundary": "True",
                "score": 1.0
            },
            "geometry": {
                "type": "MultiPolygon",
                "coordinates": [
                    [
                        [
                            [
                                55.378658,
                                25.092394
                            ],
                            [
                                55.37891,
                                25.092408
                            ],
                            [
                                55.379465,
                                25.092198
                            ],
                            [
                                55.379896,
                                25.091825
                            ],
                            [
                                55.380095,
                                25.091365
                            ],
                            [
                                55.379258,
                                25.09078
                            ],
                            [
                                55.378573,
                                25.091235
                            ],
                            [
                                55.378706,
                                25.092274
                            ],
                            [
                                55.378658,
                                25.092394
                            ]
                        ]
                    ]
                ]
            }
        },
        {
            "type": "Feature",
            "properties": {
                "observation_date": "2020-09-10",
                "source": "S2B_40RCN_20200910_0_L2A_TCI",
                "sensor_name": "Sentinel-2",
                "type": "observation",
                "current_phase": "Active Construction",
                "is_occluded": "False",
                "is_site_boundary": "True",
                "score": 1.0
            },
            "geometry": {
                "type": "MultiPolygon",
                "coordinates": [
                    [
                        [
                            [
                                55.378652,
                                25.092385
                            ],
                            [
                                55.378904,
                                25.0924
                            ],
                            [
                                55.379459,
                                25.09219
                            ],
                            [
                                55.37989,
                                25.091816
                            ],
                            [
                                55.380089,
                                25.091357
                            ],
                            [
                                55.379252,
                                25.090771
                            ],
                            [
                                55.378567,
                                25.091226
                            ],
                            [
                                55.3787,
                                25.092266
                            ],
                            [
                                55.378652,
                                25.092385
                            ]
                        ]
                    ]
                ]
            }
        },
        {
            "type": "Feature",
            "properties": {
                "observation_date": "2020-09-10",
                "source": "20SEP10064315-M1BS-014464473010_01_P004",
                "sensor_name": "WorldView",
                "type": "observation",
                "current_phase": "Active Construction",
                "is_occluded": "False",
                "is_site_boundary": "True",
                "score": 1.0
            },
            "geometry": {
                "type": "MultiPolygon",
                "coordinates": [
                    [
                        [
                            [
                                55.378737,
                                25.092488
                            ],
                            [
                                55.378989,
                                25.092503
                            ],
                            [
                                55.379541,
                                25.092292
                            ],
                            [
                                55.379969,
                                25.091917
                            ],
                            [
                                55.380167,
                                25.091456
                            ],
                            [
                                55.379334,
                                25.090869
                            ],
                            [
                                55.378653,
                                25.091325
                            ],
                            [
                                55.378785,
                                25.092368
                            ],
                            [
                                55.378737,
                                25.092488
                            ]
                        ]
                    ]
                ]
            }
        },
        {
            "type": "Feature",
            "properties": {
                "observation_date": "2020-09-23",
                "source": "LC08_L1TP_160043_20200923_20201006_02_T1_TCI",
                "sensor_name": "Landsat 8",
                "type": "observation",
                "current_phase": "Active Construction",
                "is_occluded": "False",
                "is_site_boundary": "True",
                "score": 1.0
            },
            "geometry": {
                "type": "MultiPolygon",
                "coordinates": [
                    [
                        [
                            [
                                55.378753,
                                25.092503
                            ],
                            [
                                55.379009,
                                25.092518
                            ],
                            [
                                55.379571,
                                25.092311
                            ],
                            [
                                55.380007,
                                25.091943
                            ],
                            [
                                55.380208,
                                25.09149
                            ],
                            [
                                55.37936,
                                25.090913
                            ],
                            [
                                55.378667,
                                25.091361
                            ],
                            [
                                55.378802,
                                25.092386
                            ],
                            [
                                55.378753,
                                25.092503
                            ]
                        ]
                    ]
                ]
            }
        },
        {
            "type": "Feature",
            "properties": {
                "observation_date": "2020-10-05",
                "source": "S2A_40RCN_20201005_0_L2A_TCI",
                "sensor_name": "Sentinel-2",
                "type": "observation",
                "current_phase": "Active Construction",
                "is_occluded": "False",
                "is_site_boundary": "True",
                "score": 1.0
            },
            "geometry": {
                "type": "MultiPolygon",
                "coordinates": [
                    [
                        [
                            [
                                55.378676,
                                25.09244
                            ],
                            [
                                55.378929,
                                25.092454
                            ],
                            [
                                55.379484,
                                25.092245
                            ],
                            [
                                55.379914,
                                25.091871
                            ],
                            [
                                55.380113,
                                25.091411
                            ],
                            [
                                55.379276,
                                25.090826
                            ],
                            [
                                55.378592,
                                25.091281
                            ],
                            [
                                55.378725,
                                25.09232
                            ],
                            [
                                55.378676,
                                25.09244
                            ]
                        ]
                    ]
                ]
            }
        },
        {
            "type": "Feature",
            "properties": {
                "observation_date": "2020-10-09",
                "source": "LC08_L1TP_160043_20201009_20201016_02_T1_TCI",
                "sensor_name": "Landsat 8",
                "type": "observation",
                "current_phase": "Active Construction",
                "is_occluded": "False",
                "is_site_boundary": "True",
                "score": 1.0
            },
            "geometry": {
                "type": "MultiPolygon",
                "coordinates": [
                    [
                        [
                            [
                                55.378719,
                                25.092473
                            ],
                            [
                                55.378975,
                                25.092488
                            ],
                            [
                                55.379537,
                                25.092281
                            ],
                            [
                                55.379973,
                                25.091913
                            ],
                            [
                                55.380174,
                                25.09146
                            ],
                            [
                                55.379326,
                                25.090883
                            ],
                            [
                                55.378633,
                                25.091331
                            ],
                            [
                                55.378768,
                                25.092356
                            ],
                            [
                                55.378719,
                                25.092473
                            ]
                        ]
                    ]
                ]
            }
        },
        {
            "type": "Feature",
            "properties": {
                "observation_date": "2020-11-10",
                "source": "LC08_L1TP_160043_20201110_20210316_02_T1_TCI",
                "sensor_name": "Landsat 8",
                "type": "observation",
                "current_phase": "Active Construction",
                "is_occluded": "False",
                "is_site_boundary": "True",
                "score": 1.0
            },
            "geometry": {
                "type": "MultiPolygon",
                "coordinates": [
                    [
                        [
                            [
                                55.378728,
                                25.09247
                            ],
                            [
                                55.378984,
                                25.092485
                            ],
                            [
                                55.379546,
                                25.092278
                            ],
                            [
                                55.379982,
                                25.09191
                            ],
                            [
                                55.380183,
                                25.091457
                            ],
                            [
                                55.379335,
                                25.09088
                            ],
                            [
                                55.378642,
                                25.091328
                            ],
                            [
                                55.378777,
                                25.092352
                            ],
                            [
                                55.378728,
                                25.09247
                            ]
                        ]
                    ]
                ]
            }
        },
        {
            "type": "Feature",
            "properties": {
                "observation_date": "2020-11-14",
                "source": "S2A_40RCN_20201114_0_L2A_TCI",
                "sensor_name": "Sentinel-2",
                "type": "observation",
                "current_phase": "Active Construction",
                "is_occluded": "False",
                "is_site_boundary": "True",
                "score": 1.0
            },
            "geometry": {
                "type": "MultiPolygon",
                "coordinates": [
                    [
                        [
                            [
                                55.378694,
                                25.092433
                            ],
                            [
                                55.378946,
                                25.092448
                            ],
                            [
                                55.379501,
                                25.092238
                            ],
                            [
                                55.379932,
                                25.091865
                            ],
                            [
                                55.380131,
                                25.091405
                            ],
                            [
                                55.379294,
                                25.09082
                            ],
                            [
                                55.378609,
                                25.091274
                            ],
                            [
                                55.378742,
                                25.092314
                            ],
                            [
                                55.378694,
                                25.092433
                            ]
                        ]
                    ]
                ]
            }
        },
        {
            "type": "Feature",
            "properties": {
                "observation_date": "2020-12-04",
                "source": "S2A_40RCN_20201204_0_L2A_TCI",
                "sensor_name": "Sentinel-2",
                "type": "observation",
                "current_phase": "Active Construction",
                "is_occluded": "False",
                "is_site_boundary": "True",
                "score": 1.0
            },
            "geometry": {
                "type": "MultiPolygon",
                "coordinates": [
                    [
                        [
                            [
                                55.378698,
                                25.092431
                            ],
                            [
                                55.378951,
                                25.092446
                            ],
                            [
                                55.379506,
                                25.092236
                            ],
                            [
                                55.379936,
                                25.091863
                            ],
                            [
                                55.380135,
                                25.091403
                            ],
                            [
                                55.379298,
                                25.090818
                            ],
                            [
                                55.378614,
                                25.091272
                            ],
                            [
                                55.378746,
                                25.092312
                            ],
                            [
                                55.378698,
                                25.092431
                            ]
                        ]
                    ]
                ]
            }
        },
        {
            "type": "Feature",
            "properties": {
                "observation_date": "2020-12-12",
                "source": "LC08_L1TP_160043_20201212_20210313_02_T1_TCI",
                "sensor_name": "Landsat 8",
                "type": "observation",
                "current_phase": "Active Construction",
                "is_occluded": "False",
                "is_site_boundary": "True",
                "score": 1.0
            },
            "geometry": {
                "type": "MultiPolygon",
                "coordinates": [
                    [
                        [
                            [
                                55.378741,
                                25.092465
                            ],
                            [
                                55.378997,
                                25.09248
                            ],
                            [
                                55.379559,
                                25.092273
                            ],
                            [
                                55.379995,
                                25.091905
                            ],
                            [
                                55.380196,
                                25.091452
                            ],
                            [
                                55.379348,
                                25.090875
                            ],
                            [
                                55.378655,
                                25.091323
                            ],
                            [
                                55.37879,
                                25.092348
                            ],
                            [
                                55.378741,
                                25.092465
                            ]
                        ]
                    ]
                ]
            }
        },
        {
            "type": "Feature",
            "properties": {
                "observation_date": "2021-01-13",
                "source": "LC08_L1TP_160043_20210113_20210308_02_T1_TCI",
                "sensor_name": "Landsat 8",
                "type": "observation",
                "current_phase": "Active Construction",
                "is_occluded": "False",
                "is_site_boundary": "True",
                "score": 1.0
            },
            "geometry": {
                "type": "MultiPolygon",
                "coordinates": [
                    [
                        [
                            [
                                55.37875,
                                25.092462
                            ],
                            [
                                55.379006,
                                25.092477
                            ],
                            [
                                55.379568,
                                25.09227
                            ],
                            [
                                55.380004,
                                25.091902
                            ],
                            [
                                55.380205,
                                25.091449
                            ],
                            [
                                55.379357,
                                25.090872
                            ],
                            [
                                55.378664,
                                25.09132
                            ],
                            [
                                55.378799,
                                25.092344
                            ],
                            [
                                55.37875,
                                25.092462
                            ]
                        ]
                    ]
                ]
            }
        },
        {
            "type": "Feature",
            "properties": {
                "observation_date": "2021-02-27",
                "source": "S2B_40RCN_20210227_0_L2A_TCI",
                "sensor_name": "Sentinel-2",
                "type": "observation",
                "current_phase": "Active Construction",
                "is_occluded": "False",
                "is_site_boundary": "True",
                "score": 1.0
            },
            "geometry": {
                "type": "MultiPolygon",
                "coordinates": [
                    [
                        [
                            [
                                55.37872,
                                25.092423
                            ],
                            [
                                55.378973,
                                25.092438
                            ],
                            [
                                55.379527,
                                25.092228
                            ],
                            [
                                55.379958,
                                25.091855
                            ],
                            [
                                55.380157,
                                25.091395
                            ],
                            [
                                55.37932,
                                25.09081
                            ],
                            [
                                55.378636,
                                25.091264
                            ],
                            [
                                55.378768,
                                25.092304
                            ],
                            [
                                55.37872,
                                25.092423
                            ]
                        ]
                    ]
                ]
            }
        },
        {
            "type": "Feature",
            "properties": {
                "observation_date": "2021-03-01",
                "source": "21MAR01065228-M1BS-014466660010_01_P005",
                "sensor_name": "WorldView",
                "type": "observation",
                "current_phase": "Active Construction",
                "is_occluded": "False",
                "is_site_boundary": "True",
                "score": 1.0
            },
            "geometry": {
                "type": "MultiPolygon",
                "coordinates": [
                    [
                        [
                            [
                                55.37871,
                                25.092412
                            ],
                            [
                                55.378961,
                                25.092427
                            ],
                            [
                                55.379513,
                                25.092216
                            ],
                            [
                                55.379942,
                                25.091842
                            ],
                            [
                                55.38014,
                                25.09138
                            ],
                            [
                                55.379307,
                                25.090793
                            ],
                            [
                                55.378626,
                                25.091249
                            ],
                            [
                                55.378758,
                                25.092292
                            ],
                            [
                                55.37871,
                                25.092412
                            ]
                        ]
                    ]
                ]
            }
        },
        {
            "type": "Feature",
            "properties": {
                "observation_date": "2021-03-02",
                "source": "21MAR02100900-P1BS-014469615010_01_P002",
                "sensor_name": "WorldView",
                "type": "observation",
                "current_phase": "Active Construction",
                "is_occluded": "False",
                "is_site_boundary": "True",
                "score": 1.0
            },
            "geometry": {
                "type": "MultiPolygon",
                "coordinates": [
                    [
                        [
                            [
                                55.378712,
                                25.09241
                            ],
                            [
                                55.378963,
                                25.092425
                            ],
                            [
                                55.379515,
                                25.092214
                            ],
                            [
                                55.379943,
                                25.091839
                            ],
                            [
                                55.380141,
                                25.091378
                            ],
                            [
                                55.379309,
                                25.09079
                            ],
                            [
                                55.378628,
                                25.091247
                            ],
                            [
                                55.37876,
                                25.09229
                            ],
                            [
                                55.378712,
                                25.09241
                            ]
                        ]
                    ]
                ]
            }
        },
        {
            "type": "Feature",
            "properties": {
                "observation_date": "2021-03-14",
                "source": "S2A_40RCN_20210314_0_L2A_TCI",
                "sensor_name": "Sentinel-2",
                "type": "observation",
                "current_phase": "Active Construction",
                "is_occluded": "False",
                "is_site_boundary": "True",
                "score": 1.0
            },
            "geometry": {
                "type": "MultiPolygon",
                "coordinates": [
                    [
                        [
                            [
                                55.378726,
                                25.09242
                            ],
                            [
                                55.378979,
                                25.092435
                            ],
                            [
                                55.379534,
                                25.092225
                            ],
                            [
                                55.379964,
                                25.091852
                            ],
                            [
                                55.380163,
                                25.091392
                            ],
                            [
                                55.379326,
                                25.090807
                            ],
                            [
                                55.378642,
                                25.091261
                            ],
                            [
                                55.378774,
                                25.092301
                            ],
                            [
                                55.378726,
                                25.09242
                            ]
                        ]
                    ]
                ]
            }
        },
        {
            "type": "Feature",
            "properties": {
                "observation_date": "2021-03-18",
                "source": "LC08_L1TP_160043_20210318_20210328_02_T1_TCI",
                "sensor_name": "Landsat 8",
                "type": "observation",
                "current_phase": "Active Construction",
                "is_occluded": "False",
                "is_site_boundary": "True",
                "score": 1.0
            },
            "geometry": {
                "type": "MultiPolygon",
                "coordinates": [
                    [
                        [
                            [
                                55.378763,
                                25.092456
                            ],
                            [
                                55.379019,
                                25.092471
                            ],
                            [
                                55.379581,
                                25.092264
                            ],
                            [
                                55.380017,
                                25.091896
                            ],
                            [
                                55.380218,
                                25.091443
                            ],
                            [
                                55.37937,
                                25.090866
                            ],
                            [
                                55.378677,
                                25.091314
                            ],
                            [
                                55.378812,
                                25.092339
                            ],
                            [
                                55.378763,
                                25.092456
                            ]
                        ]
                    ]
                ]
            }
        },
        {
            "type": "Feature",
            "properties": {
                "observation_date": "2021-03-27",
                "source": "21MAR27070023-M1BS-014466658010_01_P005",
                "sensor_name": "WorldView",
                "type": "observation",
                "current_phase": "Active Construction",
                "is_occluded": "False",
                "is_site_boundary": "True",
                "score": 1.0
            },
            "geometry": {
                "type": "MultiPolygon",
                "coordinates": [
                    [
                        [
                            [
                                55.378731,
                                25.092457
                            ],
                            [
                                55.378982,
                                25.092472
                            ],
                            [
                                55.379534,
                                25.092261
                            ],
                            [
                                55.379962,
                                25.091886
                            ],
                            [
                                55.38016,
                                25.091425
                            ],
                            [
                                55.379328,
                                25.090838
                            ],
                            [
                                55.378647,
                                25.091294
                            ],
                            [
                                55.378778,
                                25.092337
                            ],
                            [
                                55.378731,
                                25.092457
                            ]
                        ]
                    ]
                ]
            }
        },
        {
            "type": "Feature",
            "properties": {
                "observation_date": "2021-04-03",
                "source": "LC08_L1TP_160043_20210403_20210409_02_T1_TCI",
                "sensor_name": "Landsat 8",
                "type": "observation",
                "current_phase": "Active Construction",
                "is_occluded": "False",
                "is_site_boundary": "True",
                "score": 1.0
            },
            "geometry": {
                "type": "MultiPolygon",
                "coordinates": [
                    [
                        [
                            [
                                55.37878,
                                25.092497
                            ],
                            [
                                55.379036,
                                25.092512
                            ],
                            [
                                55.379598,
                                25.092305
                            ],
                            [
                                55.380034,
                                25.091937
                            ],
                            [
                                55.380235,
                                25.091484
                            ],
                            [
                                55.379387,
                                25.090907
                            ],
                            [
                                55.378694,
                                25.091355
                            ],
                            [
                                55.378829,
                                25.09238
                            ],
                            [
                                55.37878,
                                25.092497
                            ]
                        ]
                    ]
                ]
            }
        },
        {
            "type": "Feature",
            "properties": {
                "observation_date": "2021-04-12",
                "source": "21APR12065451-M1BS-014464520010_01_P002",
                "sensor_name": "WorldView",
                "type": "observation",
                "current_phase": "Active Construction",
                "is_occluded": "False",
                "is_site_boundary": "True",
                "score": 1.0
            },
            "geometry": {
                "type": "MultiPolygon",
                "coordinates": [
                    [
                        [
                            [
                                55.378721,
                                25.09245
                            ],
                            [
                                55.378973,
                                25.092465
                            ],
                            [
                                55.379525,
                                25.092254
                            ],
                            [
                                55.379953,
                                25.091879
                            ],
                            [
                                55.380151,
                                25.091418
                            ],
                            [
                                55.379318,
                                25.09083
                            ],
                            [
                                55.378637,
                                25.091287
                            ],
                            [
                                55.378769,
                                25.09233
                            ],
                            [
                                55.378721,
                                25.09245
                            ]
                        ]
                    ]
                ]
            }
        },
        {
            "type": "Feature",
            "properties": {
                "observation_date": "2021-04-18",
                "source": "S2B_40RCN_20210418_0_L2A_TCI",
                "sensor_name": "Sentinel-2",
                "type": "observation",
                "current_phase": "Active Construction",
                "is_occluded": "False",
                "is_site_boundary": "True",
                "score": 1.0
            },
            "geometry": {
                "type": "MultiPolygon",
                "coordinates": [
                    [
                        [
                            [
                                55.378731,
                                25.092455
                            ],
                            [
                                55.378984,
                                25.09247
                            ],
                            [
                                55.379539,
                                25.09226
                            ],
                            [
                                55.379969,
                                25.091887
                            ],
                            [
                                55.380168,
                                25.091427
                            ],
                            [
                                55.379331,
                                25.090842
                            ],
                            [
                                55.378647,
                                25.091296
                            ],
                            [
                                55.37878,
                                25.092336
                            ],
                            [
                                55.378731,
                                25.092455
                            ]
                        ]
                    ]
                ]
            }
        },
        {
            "type": "Feature",
            "properties": {
                "observation_date": "2021-05-13",
                "source": "S2A_40RCN_20210513_0_L2A_TCI",
                "sensor_name": "Sentinel-2",
                "type": "observation",
                "current_phase": "Active Construction",
                "is_occluded": "False",
                "is_site_boundary": "True",
                "score": 1.0
            },
            "geometry": {
                "type": "MultiPolygon",
                "coordinates": [
                    [
                        [
                            [
                                55.378727,
                                25.092452
                            ],
                            [
                                55.378979,
                                25.092467
                            ],
                            [
                                55.379534,
                                25.092257
                            ],
                            [
                                55.379965,
                                25.091883
                            ],
                            [
                                55.380164,
                                25.091423
                            ],
                            [
                                55.379327,
                                25.090838
                            ],
                            [
                                55.378642,
                                25.091293
                            ],
                            [
                                55.378775,
                                25.092332
                            ],
                            [
                                55.378727,
                                25.092452
                            ]
                        ]
                    ]
                ]
            }
        },
        {
            "type": "Feature",
            "properties": {
                "observation_date": "2021-05-21",
                "source": "LC08_L1TP_160043_20210521_20210528_02_T1_TCI",
                "sensor_name": "Landsat 8",
                "type": "observation",
                "current_phase": "Active Construction",
                "is_occluded": "False",
                "is_site_boundary": "True",
                "score": 1.0
            },
            "geometry": {
                "type": "MultiPolygon",
                "coordinates": [
                    [
                        [
                            [
                                55.378761,
                                25.092484
                            ],
                            [
                                55.379017,
                                25.092498
                            ],
                            [
                                55.379579,
                                25.092291
                            ],
                            [
                                55.380015,
                                25.091924
                            ],
                            [
                                55.380216,
                                25.09147
                            ],
                            [
                                55.379368,
                                25.090893
                            ],
                            [
                                55.378675,
                                25.091341
                            ],
                            [
                                55.37881,
                                25.092366
                            ],
                            [
                                55.378761,
                                25.092484
                            ]
                        ]
                    ]
                ]
            }
        },
        {
            "type": "Feature",
            "properties": {
                "observation_date": "2021-06-02",
                "source": "S2A_40RCN_20210602_0_L2A_TCI",
                "sensor_name": "Sentinel-2",
                "type": "observation",
                "current_phase": "Active Construction",
                "is_occluded": "False",
                "is_site_boundary": "True",
                "score": 1.0
            },
            "geometry": {
                "type": "MultiPolygon",
                "coordinates": [
                    [
                        [
                            [
                                55.378718,
                                25.092445
                            ],
                            [
                                55.37897,
                                25.092459
                            ],
                            [
                                55.379525,
                                25.09225
                            ],
                            [
                                55.379955,
                                25.091876
                            ],
                            [
                                55.380154,
                                25.091416
                            ],
                            [
                                55.379317,
                                25.090831
                            ],
                            [
                                55.378633,
                                25.091286
                            ],
                            [
                                55.378766,
                                25.092325
                            ],
                            [
                                55.378718,
                                25.092445
                            ]
                        ]
                    ]
                ]
            }
        },
        {
            "type": "Feature",
            "properties": {
                "observation_date": "2021-06-06",
                "source": "LC08_L1TP_160043_20210606_20210615_02_T1_TCI",
                "sensor_name": "Landsat 8",
                "type": "observation",
                "current_phase": "Active Construction",
                "is_occluded": "False",
                "is_site_boundary": "True",
                "score": 1.0
            },
            "geometry": {
                "type": "MultiPolygon",
                "coordinates": [
                    [
                        [
                            [
                                55.378752,
                                25.092477
                            ],
                            [
                                55.379008,
                                25.092491
                            ],
                            [
                                55.379569,
                                25.092284
                            ],
                            [
                                55.380005,
                                25.091917
                            ],
                            [
                                55.380207,
                                25.091463
                            ],
                            [
                                55.379359,
                                25.090886
                            ],
                            [
                                55.378666,
                                25.091334
                            ],
                            [
                                55.3788,
                                25.092359
                            ],
                            [
                                55.378752,
                                25.092477
                            ]
                        ]
                    ]
                ]
            }
        },
        {
            "type": "Feature",
            "properties": {
                "observation_date": "2021-06-24",
                "source": "21JUN24070502-P1BS-014464089010_01_P002",
                "sensor_name": "WorldView",
                "type": "observation",
                "current_phase": "Active Construction",
                "is_occluded": "False",
                "is_site_boundary": "True",
                "score": 1.0
            },
            "geometry": {
                "type": "MultiPolygon",
                "coordinates": [
                    [
                        [
                            [
                                55.378724,
                                25.092473
                            ],
                            [
                                55.378975,
                                25.092488
                            ],
                            [
                                55.379526,
                                25.092277
                            ],
                            [
                                55.379955,
                                25.091902
                            ],
                            [
                                55.380153,
                                25.091441
                            ],
                            [
                                55.37932,
                                25.090853
                            ],
                            [
                                55.37864,
                                25.09131
                            ],
                            [
                                55.378771,
                                25.092353
                            ],
                            [
                                55.378724,
                                25.092473
                            ]
                        ]
                    ]
                ]
            }
        },
        {
            "type": "Feature",
            "properties": {
                "observation_date": "2021-07-19",
                "source": "21JUL19070314-M1BS-014466584010_01_P004",
                "sensor_name": "WorldView",
                "type": "observation",
                "current_phase": "Active Construction",
                "is_occluded": "True",
                "is_site_boundary": "True",
                "score": 1.0
            },
            "geometry": {
                "type": "MultiPolygon",
                "coordinates": [
                    [
                        [
                            [
                                55.37871,
                                25.092455
                            ],
                            [
                                55.378962,
                                25.09247
                            ],
                            [
                                55.379514,
                                25.092259
                            ],
                            [
                                55.379942,
                                25.091884
                            ],
                            [
                                55.38014,
                                25.091423
                            ],
                            [
                                55.379307,
                                25.090836
                            ],
                            [
                                55.378626,
                                25.091292
                            ],
                            [
                                55.378758,
                                25.092335
                            ],
                            [
                                55.37871,
                                25.092455
                            ]
                        ]
                    ]
                ]
            }
        },
        {
            "type": "Feature",
            "properties": {
                "observation_date": "2021-07-22",
                "source": "S2A_40RCN_20210722_0_L2A_TCI",
                "sensor_name": "Sentinel-2",
                "type": "observation",
                "current_phase": "Active Construction",
                "is_occluded": "False",
                "is_site_boundary": "True",
                "score": 1.0
            },
            "geometry": {
                "type": "MultiPolygon",
                "coordinates": [
                    [
                        [
                            [
                                55.37871,
                                25.092445
                            ],
                            [
                                55.378962,
                                25.09246
                            ],
                            [
                                55.379517,
                                25.09225
                            ],
                            [
                                55.379948,
                                25.091877
                            ],
                            [
                                55.380146,
                                25.091417
                            ],
                            [
                                55.37931,
                                25.090832
                            ],
                            [
                                55.378625,
                                25.091287
                            ],
                            [
                                55.378758,
                                25.092326
                            ],
                            [
                                55.37871,
                                25.092445
                            ]
                        ]
                    ]
                ]
            }
        },
        {
            "type": "Feature",
            "properties": {
                "observation_date": "2021-08-16",
                "source": "S2B_40RCN_20210816_0_L2A_TCI",
                "sensor_name": "Sentinel-2",
                "type": "observation",
                "current_phase": "Active Construction",
                "is_occluded": "False",
                "is_site_boundary": "True",
                "score": 1.0
            },
            "geometry": {
                "type": "MultiPolygon",
                "coordinates": [
                    [
                        [
                            [
                                55.378694,
                                25.092427
                            ],
                            [
                                55.378947,
                                25.092442
                            ],
                            [
                                55.379502,
                                25.092232
                            ],
                            [
                                55.379932,
                                25.091859
                            ],
                            [
                                55.380131,
                                25.091399
                            ],
                            [
                                55.379294,
                                25.090814
                            ],
                            [
                                55.37861,
                                25.091268
                            ],
                            [
                                55.378742,
                                25.092308
                            ],
                            [
                                55.378694,
                                25.092427
                            ]
                        ]
                    ]
                ]
            }
        },
        {
            "type": "Feature",
            "properties": {
                "observation_date": "2021-09-05",
                "source": "S2B_40RCN_20210905_0_L2A_TCI",
                "sensor_name": "Sentinel-2",
                "type": "observation",
                "current_phase": "Active Construction",
                "is_occluded": "False",
                "is_site_boundary": "True",
                "score": 1.0
            },
            "geometry": {
                "type": "MultiPolygon",
                "coordinates": [
                    [
                        [
                            [
                                55.378651,
                                25.092481
                            ],
                            [
                                55.378903,
                                25.092496
                            ],
                            [
                                55.379458,
                                25.092286
                            ],
                            [
                                55.379888,
                                25.091912
                            ],
                            [
                                55.380087,
                                25.091453
                            ],
                            [
                                55.37925,
                                25.090867
                            ],
                            [
                                55.378566,
                                25.091322
                            ],
                            [
                                55.378699,
                                25.092361
                            ],
                            [
                                55.378651,
                                25.092481
                            ]
                        ]
                    ]
                ]
            }
        },
        {
            "type": "Feature",
            "properties": {
                "observation_date": "2021-09-14",
                "source": "21SEP14070741-P1BS-014859413010_01_P004",
                "sensor_name": "WorldView",
                "type": "observation",
                "current_phase": "Active Construction",
                "is_occluded": "False",
                "is_site_boundary": "True",
                "score": 1.0
            },
            "geometry": {
                "type": "MultiPolygon",
                "coordinates": [
                    [
                        [
                            [
                                55.378662,
                                25.092463
                            ],
                            [
                                55.378913,
                                25.092477
                            ],
                            [
                                55.379464,
                                25.092267
                            ],
                            [
                                55.379893,
                                25.091892
                            ],
                            [
                                55.380091,
                                25.09143
                            ],
                            [
                                55.379258,
                                25.090843
                            ],
                            [
                                55.378578,
                                25.091299
                            ],
                            [
                                55.378709,
                                25.092343
                            ],
                            [
                                55.378662,
                                25.092463
                            ]
                        ]
                    ]
                ]
            }
        },
        {
            "type": "Feature",
            "properties": {
                "observation_date": "2021-09-26",
                "source": "21SEP26065740-M1BS-014859378010_01_P004",
                "sensor_name": "WorldView",
                "type": "observation",
                "current_phase": "Active Construction",
                "is_occluded": "False",
                "is_site_boundary": "True",
                "score": 1.0
            },
            "geometry": {
                "type": "MultiPolygon",
                "coordinates": [
                    [
                        [
                            [
                                55.378739,
                                25.092334
                            ],
                            [
                                55.378607,
                                25.091291
                            ],
                            [
                                55.379288,
                                25.090835
                            ],
                            [
                                55.380121,
                                25.091422
                            ],
                            [
                                55.379923,
                                25.091884
                            ],
                            [
                                55.379494,
                                25.092258
                            ],
                            [
                                55.378942,
                                25.092469
                            ],
                            [
                                55.378691,
                                25.092454
                            ],
                            [
                                55.378739,
                                25.092334
                            ]
                        ]
                    ]
                ]
            }
        },
        {
            "type": "Feature",
            "properties": {
                "observation_date": "2021-10-20",
                "source": "S2A_40RCN_20211020_0_L2A_TCI",
                "sensor_name": "Sentinel-2",
                "type": "observation",
                "current_phase": "Unknown",
                "is_occluded": "False",
                "is_site_boundary": "True",
                "score": 1.0
            },
            "geometry": {
                "type": "MultiPolygon",
                "coordinates": [
                    [
                        [
                            [
                                55.378754,
                                25.092344
                            ],
                            [
                                55.378621,
                                25.091304
                            ],
                            [
                                55.379305,
                                25.09085
                            ],
                            [
                                55.380142,
                                25.091435
                            ],
                            [
                                55.379943,
                                25.091895
                            ],
                            [
                                55.379513,
                                25.092268
                            ],
                            [
                                55.378958,
                                25.092478
                            ],
                            [
                                55.378705,
                                25.092463
                            ],
                            [
                                55.378754,
                                25.092344
                            ]
                        ]
                    ]
                ]
            }
        },
        {
            "type": "Feature",
            "properties": {
                "observation_date": "2021-11-29",
                "source": "S2A_40RCN_20211129_0_L2A_TCI",
                "sensor_name": "Sentinel-2",
                "type": "observation",
                "current_phase": "Unknown",
                "is_occluded": "False",
                "is_site_boundary": "True",
                "score": 1.0
            },
            "geometry": {
                "type": "MultiPolygon",
                "coordinates": [
                    [
                        [
                            [
                                55.378705,
                                25.092463
                            ],
                            [
                                55.378958,
                                25.092478
                            ],
                            [
                                55.379513,
                                25.092268
                            ],
                            [
                                55.379943,
                                25.091895
                            ],
                            [
                                55.380142,
                                25.091435
                            ],
                            [
                                55.379305,
                                25.09085
                            ],
                            [
                                55.378621,
                                25.091304
                            ],
                            [
                                55.378754,
                                25.092344
                            ],
                            [
                                55.378705,
                                25.092463
                            ]
                        ]
                    ]
                ]
            }
        },
        {
            "type": "Feature",
            "properties": {
                "observation_date": "2021-12-09",
                "source": "S2A_40RCN_20211209_0_L2A_TCI",
                "sensor_name": "Sentinel-2",
                "type": "observation",
                "current_phase": "Unknown",
                "is_occluded": "False",
                "is_site_boundary": "True",
                "score": 1.0
            },
            "geometry": {
                "type": "MultiPolygon",
                "coordinates": [
                    [
                        [
                            [
                                55.378705,
                                25.092463
                            ],
                            [
                                55.378958,
                                25.092478
                            ],
                            [
                                55.379513,
                                25.092268
                            ],
                            [
                                55.379943,
                                25.091895
                            ],
                            [
                                55.380142,
                                25.091435
                            ],
                            [
                                55.379305,
                                25.09085
                            ],
                            [
                                55.378621,
                                25.091304
                            ],
                            [
                                55.378754,
                                25.092344
                            ],
                            [
                                55.378705,
                                25.092463
                            ]
                        ]
                    ]
                ]
            }
        },
        {
            "type": "Feature",
            "properties": {
                "observation_date": "2022-01-18",
                "source": "S2A_40RCN_20220118_0_L2A_TCI",
                "sensor_name": "Sentinel-2",
                "type": "observation",
                "current_phase": "Unknown",
                "is_occluded": "False",
                "is_site_boundary": "True",
                "score": 1.0
            },
            "geometry": {
                "type": "MultiPolygon",
                "coordinates": [
                    [
                        [
                            [
                                55.378705,
                                25.092463
                            ],
                            [
                                55.378958,
                                25.092478
                            ],
                            [
                                55.379513,
                                25.092268
                            ],
                            [
                                55.379943,
                                25.091895
                            ],
                            [
                                55.380142,
                                25.091435
                            ],
                            [
                                55.379305,
                                25.09085
                            ],
                            [
                                55.378621,
                                25.091304
                            ],
                            [
                                55.378754,
                                25.092344
                            ],
                            [
                                55.378705,
                                25.092463
                            ]
                        ]
                    ]
                ]
            }
        },
        {
            "type": "Feature",
            "properties": {
                "observation_date": "2022-02-17",
                "source": "S2A_40RCN_20220217_0_L2A_TCI",
                "sensor_name": "Sentinel-2",
                "type": "observation",
                "current_phase": "Unknown",
                "is_occluded": "False",
                "is_site_boundary": "True",
                "score": 1.0
            },
            "geometry": {
                "type": "MultiPolygon",
                "coordinates": [
                    [
                        [
                            [
                                55.378754,
                                25.092344
                            ],
                            [
                                55.378621,
                                25.091304
                            ],
                            [
                                55.379305,
                                25.09085
                            ],
                            [
                                55.380142,
                                25.091435
                            ],
                            [
                                55.379943,
                                25.091895
                            ],
                            [
                                55.379513,
                                25.092268
                            ],
                            [
                                55.378958,
                                25.092478
                            ],
                            [
                                55.378705,
                                25.092463
                            ],
                            [
                                55.378754,
                                25.092344
                            ]
                        ]
                    ]
                ]
            }
        }
    ]
}