{
    "type": "FeatureCollection",
    "features": [
        {
            "type": "Feature",
            "properties": {
                "type": "site",
                "region_id": "AE_R002",
                "site_id": "AE_R002_0060",
                "version": "2.0.0",
                "status": "positive_partial",
                "mgrs": "40RCN",
                "score": 1.0,
                "start_date": "2016-08-13",
                "end_date": "2022-03-09",
                "model_content": "annotation",
                "originator": "te",
                "validated": "True",
                "misc_info": {
                    "commit_hash": "dbdea3485a8eb34730f81ec01861c62e6358b0b5"
                }
            },
            "geometry": {
                "type": "Polygon",
                "coordinates": [
                    [
                        [
                            55.248294,
                            25.067216
                        ],
                        [
                            55.247787,
                            25.066941
                        ],
                        [
                            55.247172,
                            25.067698
                        ],
                        [
                            55.247172,
                            25.067716
                        ],
                        [
                            55.247166,
                            25.067723
                        ],
                        [
                            55.247166,
                            25.067742
                        ],
                        [
                            55.247163,
                            25.067745
                        ],
                        [
                            55.247163,
                            25.067763
                        ],
                        [
                            55.247157,
                            25.06777
                        ],
                        [
                            55.247156,
                            25.067788
                        ],
                        [
                            55.247154,
                            25.067791
                        ],
                        [
                            55.247147,
                            25.068075
                        ],
                        [
                            55.247157,
                            25.068074
                        ],
                        [
                            55.247155,
                            25.06816
                        ],
                        [
                            55.247207,
                            25.068156
                        ],
                        [
                            55.247207,
                            25.068162
                        ],
                        [
                            55.247207,
                            25.068164
                        ],
                        [
                            55.247209,
                            25.068164
                        ],
                        [
                            55.247211,
                            25.068164
                        ],
                        [
                            55.247213,
                            25.068164
                        ],
                        [
                            55.247212,
                            25.068183
                        ],
                        [
                            55.24725,
                            25.06818
                        ],
                        [
                            55.24725,
                            25.068183
                        ],
                        [
                            55.247255,
                            25.068183
                        ],
                        [
                            55.247258,
                            25.068183
                        ],
                        [
                            55.247259,
                            25.068183
                        ],
                        [
                            55.247263,
                            25.068183
                        ],
                        [
                            55.247266,
                            25.068183
                        ],
                        [
                            55.247267,
                            25.068183
                        ],
                        [
                            55.247267,
                            25.068202
                        ],
                        [
                            55.248438,
                            25.068102
                        ],
                        [
                            55.248438,
                            25.068101
                        ],
                        [
                            55.248455,
                            25.0681
                        ],
                        [
                            55.248455,
                            25.068076
                        ],
                        [
                            55.248457,
                            25.068076
                        ],
                        [
                            55.248457,
                            25.068073
                        ],
                        [
                            55.248458,
                            25.068073
                        ],
                        [
                            55.248458,
                            25.068067
                        ],
                        [
                            55.248461,
                            25.068067
                        ],
                        [
                            55.248461,
                            25.068061
                        ],
                        [
                            55.248463,
                            25.068061
                        ],
                        [
                            55.248464,
                            25.068021
                        ],
                        [
                            55.248475,
                            25.06802
                        ],
                        [
                            55.248475,
                            25.067986
                        ],
                        [
                            55.248484,
                            25.067985
                        ],
                        [
                            55.248493,
                            25.067349
                        ],
                        [
                            55.248426,
                            25.067313
                        ],
                        [
                            55.248425,
                            25.067267
                        ],
                        [
                            55.248411,
                            25.067263
                        ],
                        [
                            55.248411,
                            25.06725
                        ],
                        [
                            55.248389,
                            25.067244
                        ],
                        [
                            55.248389,
                            25.067243
                        ],
                        [
                            55.248294,
                            25.067216
                        ]
                    ]
                ]
            }
        },
        {
            "type": "Feature",
            "properties": {
                "observation_date": "2016-08-13",
                "source": "16AUG13071752-P1BS-014855184010_01_P002",
                "sensor_name": "WorldView",
                "type": "observation",
                "current_phase": "No Activity",
                "is_occluded": "False",
                "is_site_boundary": "True",
                "score": 1.0
            },
            "geometry": {
                "type": "MultiPolygon",
                "coordinates": [
                    [
                        [
                            [
                                55.248422,
                                25.068073
                            ],
                            [
                                55.248404,
                                25.067271
                            ],
                            [
                                55.248151,
                                25.067198
                            ],
                            [
                                55.247906,
                                25.067075
                            ],
                            [
                                55.24727,
                                25.067867
                            ],
                            [
                                55.247262,
                                25.068152
                            ],
                            [
                                55.248422,
                                25.068073
                            ]
                        ]
                    ]
                ]
            }
        },
        {
            "type": "Feature",
            "properties": {
                "observation_date": "2016-08-27",
                "source": "LC08_L1TP_160043_20160827_20200906_02_T1_TCI",
                "sensor_name": "Landsat 8",
                "type": "observation",
                "current_phase": "No Activity",
                "is_occluded": "False",
                "is_site_boundary": "True",
                "score": 1.0
            },
            "geometry": {
                "type": "MultiPolygon",
                "coordinates": [
                    [
                        [
                            [
                                55.248439,
                                25.068086
                            ],
                            [
                                55.248421,
                                25.067288
                            ],
                            [
                                55.248167,
                                25.067215
                            ],
                            [
                                55.24792,
                                25.067093
                            ],
                            [
                                55.247282,
                                25.067881
                            ],
                            [
                                55.247275,
                                25.068164
                            ],
                            [
                                55.248439,
                                25.068086
                            ]
                        ]
                    ]
                ]
            }
        },
        {
            "type": "Feature",
            "properties": {
                "observation_date": "2016-09-12",
                "source": "LC08_L1TP_160043_20160912_20200906_02_T1_TCI",
                "sensor_name": "Landsat 8",
                "type": "observation",
                "current_phase": "No Activity",
                "is_occluded": "False",
                "is_site_boundary": "True",
                "score": 1.0
            },
            "geometry": {
                "type": "MultiPolygon",
                "coordinates": [
                    [
                        [
                            [
                                55.248439,
                                25.068086
                            ],
                            [
                                55.248421,
                                25.067288
                            ],
                            [
                                55.248167,
                                25.067215
                            ],
                            [
                                55.24792,
                                25.067093
                            ],
                            [
                                55.247282,
                                25.067881
                            ],
                            [
                                55.247275,
                                25.068164
                            ],
                            [
                                55.248439,
                                25.068086
                            ]
                        ]
                    ]
                ]
            }
        },
        {
            "type": "Feature",
            "properties": {
                "observation_date": "2016-09-16",
                "source": "S2A_40RCN_20160916_0_L1C_TCI",
                "sensor_name": "Sentinel-2",
                "type": "observation",
                "current_phase": "No Activity",
                "is_occluded": "False",
                "is_site_boundary": "True",
                "score": 1.0
            },
            "geometry": {
                "type": "MultiPolygon",
                "coordinates": [
                    [
                        [
                            [
                                55.248442,
                                25.068085
                            ],
                            [
                                55.248424,
                                25.067286
                            ],
                            [
                                55.248169,
                                25.067213
                            ],
                            [
                                55.247923,
                                25.06709
                            ],
                            [
                                55.247284,
                                25.067879
                            ],
                            [
                                55.247277,
                                25.068163
                            ],
                            [
                                55.248442,
                                25.068085
                            ]
                        ]
                    ]
                ]
            }
        },
        {
            "type": "Feature",
            "properties": {
                "observation_date": "2016-10-26",
                "source": "S2A_40RCN_20161026_0_L1C_TCI",
                "sensor_name": "Sentinel-2",
                "type": "observation",
                "current_phase": "No Activity",
                "is_occluded": "False",
                "is_site_boundary": "True",
                "score": 1.0
            },
            "geometry": {
                "type": "MultiPolygon",
                "coordinates": [
                    [
                        [
                            [
                                55.248442,
                                25.068085
                            ],
                            [
                                55.248424,
                                25.067286
                            ],
                            [
                                55.248169,
                                25.067213
                            ],
                            [
                                55.247923,
                                25.06709
                            ],
                            [
                                55.247284,
                                25.067879
                            ],
                            [
                                55.247277,
                                25.068163
                            ],
                            [
                                55.248442,
                                25.068085
                            ]
                        ]
                    ]
                ]
            }
        },
        {
            "type": "Feature",
            "properties": {
                "observation_date": "2016-10-30",
                "source": "LC08_L1TP_160043_20161030_20200905_02_T1_TCI",
                "sensor_name": "Landsat 8",
                "type": "observation",
                "current_phase": "No Activity",
                "is_occluded": "False",
                "is_site_boundary": "True",
                "score": 1.0
            },
            "geometry": {
                "type": "MultiPolygon",
                "coordinates": [
                    [
                        [
                            [
                                55.248439,
                                25.068086
                            ],
                            [
                                55.248421,
                                25.067288
                            ],
                            [
                                55.248167,
                                25.067215
                            ],
                            [
                                55.24792,
                                25.067093
                            ],
                            [
                                55.247282,
                                25.067881
                            ],
                            [
                                55.247275,
                                25.068164
                            ],
                            [
                                55.248439,
                                25.068086
                            ]
                        ]
                    ]
                ]
            }
        },
        {
            "type": "Feature",
            "properties": {
                "observation_date": "2016-11-15",
                "source": "LC08_L1TP_160043_20161115_20200905_02_T1_TCI",
                "sensor_name": "Landsat 8",
                "type": "observation",
                "current_phase": "No Activity",
                "is_occluded": "False",
                "is_site_boundary": "True",
                "score": 1.0
            },
            "geometry": {
                "type": "MultiPolygon",
                "coordinates": [
                    [
                        [
                            [
                                55.248439,
                                25.068086
                            ],
                            [
                                55.248421,
                                25.067288
                            ],
                            [
                                55.248167,
                                25.067215
                            ],
                            [
                                55.24792,
                                25.067093
                            ],
                            [
                                55.247282,
                                25.067881
                            ],
                            [
                                55.247275,
                                25.068164
                            ],
                            [
                                55.248439,
                                25.068086
                            ]
                        ]
                    ]
                ]
            }
        },
        {
            "type": "Feature",
            "properties": {
                "observation_date": "2016-11-15",
                "source": "S2A_40RCN_20161115_0_L1C_TCI",
                "sensor_name": "Sentinel-2",
                "type": "observation",
                "current_phase": "No Activity",
                "is_occluded": "False",
                "is_site_boundary": "True",
                "score": 1.0
            },
            "geometry": {
                "type": "MultiPolygon",
                "coordinates": [
                    [
                        [
                            [
                                55.248442,
                                25.068085
                            ],
                            [
                                55.248424,
                                25.067286
                            ],
                            [
                                55.248169,
                                25.067213
                            ],
                            [
                                55.247923,
                                25.06709
                            ],
                            [
                                55.247284,
                                25.067879
                            ],
                            [
                                55.247277,
                                25.068163
                            ],
                            [
                                55.248442,
                                25.068085
                            ]
                        ]
                    ]
                ]
            }
        },
        {
            "type": "Feature",
            "properties": {
                "observation_date": "2016-12-01",
                "source": "LC08_L1TP_160043_20161201_20200905_02_T1_TCI",
                "sensor_name": "Landsat 8",
                "type": "observation",
                "current_phase": "No Activity",
                "is_occluded": "False",
                "is_site_boundary": "True",
                "score": 1.0
            },
            "geometry": {
                "type": "MultiPolygon",
                "coordinates": [
                    [
                        [
                            [
                                55.248439,
                                25.068086
                            ],
                            [
                                55.248421,
                                25.067288
                            ],
                            [
                                55.248167,
                                25.067215
                            ],
                            [
                                55.24792,
                                25.067093
                            ],
                            [
                                55.247282,
                                25.067881
                            ],
                            [
                                55.247275,
                                25.068164
                            ],
                            [
                                55.248439,
                                25.068086
                            ]
                        ]
                    ]
                ]
            }
        },
        {
            "type": "Feature",
            "properties": {
                "observation_date": "2016-12-05",
                "source": "S2A_40RCN_20161205_0_L1C_TCI",
                "sensor_name": "Sentinel-2",
                "type": "observation",
                "current_phase": "No Activity",
                "is_occluded": "False",
                "is_site_boundary": "True",
                "score": 1.0
            },
            "geometry": {
                "type": "MultiPolygon",
                "coordinates": [
                    [
                        [
                            [
                                55.248442,
                                25.068085
                            ],
                            [
                                55.248424,
                                25.067286
                            ],
                            [
                                55.248169,
                                25.067213
                            ],
                            [
                                55.247923,
                                25.06709
                            ],
                            [
                                55.247284,
                                25.067879
                            ],
                            [
                                55.247277,
                                25.068163
                            ],
                            [
                                55.248442,
                                25.068085
                            ]
                        ]
                    ]
                ]
            }
        },
        {
            "type": "Feature",
            "properties": {
                "observation_date": "2017-01-04",
                "source": "S2A_40RCN_20170104_0_L2A_TCI",
                "sensor_name": "Sentinel-2",
                "type": "observation",
                "current_phase": "No Activity",
                "is_occluded": "False",
                "is_site_boundary": "True",
                "score": 1.0
            },
            "geometry": {
                "type": "MultiPolygon",
                "coordinates": [
                    [
                        [
                            [
                                55.248442,
                                25.068085
                            ],
                            [
                                55.248424,
                                25.067286
                            ],
                            [
                                55.248169,
                                25.067213
                            ],
                            [
                                55.247923,
                                25.06709
                            ],
                            [
                                55.247284,
                                25.067879
                            ],
                            [
                                55.247277,
                                25.068163
                            ],
                            [
                                55.248442,
                                25.068085
                            ]
                        ]
                    ]
                ]
            }
        },
        {
            "type": "Feature",
            "properties": {
                "observation_date": "2017-01-18",
                "source": "LC08_L1TP_160043_20170118_20200905_02_T1_TCI",
                "sensor_name": "Landsat 8",
                "type": "observation",
                "current_phase": "No Activity",
                "is_occluded": "False",
                "is_site_boundary": "True",
                "score": 1.0
            },
            "geometry": {
                "type": "MultiPolygon",
                "coordinates": [
                    [
                        [
                            [
                                55.248439,
                                25.068086
                            ],
                            [
                                55.248421,
                                25.067288
                            ],
                            [
                                55.248167,
                                25.067215
                            ],
                            [
                                55.24792,
                                25.067093
                            ],
                            [
                                55.247282,
                                25.067881
                            ],
                            [
                                55.247275,
                                25.068164
                            ],
                            [
                                55.248439,
                                25.068086
                            ]
                        ]
                    ]
                ]
            }
        },
        {
            "type": "Feature",
            "properties": {
                "observation_date": "2017-03-07",
                "source": "LC08_L1TP_160043_20170307_20200905_02_T1_TCI",
                "sensor_name": "Landsat 8",
                "type": "observation",
                "current_phase": "Unknown",
                "is_occluded": "False",
                "is_site_boundary": "True",
                "score": 1.0
            },
            "geometry": {
                "type": "MultiPolygon",
                "coordinates": [
                    [
                        [
                            [
                                55.247277,
                                25.068168
                            ],
                            [
                                55.247285,
                                25.067884
                            ],
                            [
                                55.247899,
                                25.067127
                            ],
                            [
                                55.248463,
                                25.067434
                            ],
                            [
                                55.248454,
                                25.068069
                            ],
                            [
                                55.247277,
                                25.068168
                            ]
                        ]
                    ]
                ]
            }
        },
        {
            "type": "Feature",
            "properties": {
                "observation_date": "2017-03-15",
                "source": "S2A_40RCN_20170315_0_L2A_TCI",
                "sensor_name": "Sentinel-2",
                "type": "observation",
                "current_phase": "Unknown",
                "is_occluded": "False",
                "is_site_boundary": "True",
                "score": 1.0
            },
            "geometry": {
                "type": "MultiPolygon",
                "coordinates": [
                    [
                        [
                            [
                                55.248456,
                                25.068067
                            ],
                            [
                                55.248465,
                                25.067432
                            ],
                            [
                                55.247901,
                                25.067125
                            ],
                            [
                                55.247287,
                                25.067883
                            ],
                            [
                                55.247279,
                                25.068166
                            ],
                            [
                                55.248456,
                                25.068067
                            ]
                        ]
                    ]
                ]
            }
        },
        {
            "type": "Feature",
            "properties": {
                "observation_date": "2017-04-04",
                "source": "S2A_40RCN_20170404_0_L2A_TCI",
                "sensor_name": "Sentinel-2",
                "type": "observation",
                "current_phase": "Unknown",
                "is_occluded": "False",
                "is_site_boundary": "True",
                "score": 1.0
            },
            "geometry": {
                "type": "MultiPolygon",
                "coordinates": [
                    [
                        [
                            [
                                55.248456,
                                25.068067
                            ],
                            [
                                55.248465,
                                25.067432
                            ],
                            [
                                55.247901,
                                25.067125
                            ],
                            [
                                55.247287,
                                25.067883
                            ],
                            [
                                55.247279,
                                25.068166
                            ],
                            [
                                55.248456,
                                25.068067
                            ]
                        ]
                    ]
                ]
            }
        },
        {
            "type": "Feature",
            "properties": {
                "observation_date": "2017-04-08",
                "source": "LC08_L1TP_160043_20170408_20200904_02_T1_TCI",
                "sensor_name": "Landsat 8",
                "type": "observation",
                "current_phase": "Unknown",
                "is_occluded": "False",
                "is_site_boundary": "True",
                "score": 1.0
            },
            "geometry": {
                "type": "MultiPolygon",
                "coordinates": [
                    [
                        [
                            [
                                55.247277,
                                25.068168
                            ],
                            [
                                55.247285,
                                25.067884
                            ],
                            [
                                55.247899,
                                25.067127
                            ],
                            [
                                55.248463,
                                25.067434
                            ],
                            [
                                55.248454,
                                25.068069
                            ],
                            [
                                55.247277,
                                25.068168
                            ]
                        ]
                    ]
                ]
            }
        },
        {
            "type": "Feature",
            "properties": {
                "observation_date": "2017-05-14",
                "source": "S2A_40RCN_20170514_0_L2A_TCI",
                "sensor_name": "Sentinel-2",
                "type": "observation",
                "current_phase": "Site Preparation",
                "is_occluded": "False",
                "is_site_boundary": "True",
                "score": 1.0
            },
            "geometry": {
                "type": "MultiPolygon",
                "coordinates": [
                    [
                        [
                            [
                                55.247223,
                                25.06814
                            ],
                            [
                                55.247231,
                                25.067856
                            ],
                            [
                                55.247845,
                                25.067099
                            ],
                            [
                                55.248409,
                                25.067406
                            ],
                            [
                                55.2484,
                                25.068041
                            ],
                            [
                                55.247223,
                                25.06814
                            ]
                        ]
                    ]
                ]
            }
        },
        {
            "type": "Feature",
            "properties": {
                "observation_date": "2017-05-26",
                "source": "LC08_L1TP_160043_20170526_20200903_02_T1_TCI",
                "sensor_name": "Landsat 8",
                "type": "observation",
                "current_phase": "Site Preparation",
                "is_occluded": "False",
                "is_site_boundary": "True",
                "score": 1.0
            },
            "geometry": {
                "type": "MultiPolygon",
                "coordinates": [
                    [
                        [
                            [
                                55.248375,
                                25.068049
                            ],
                            [
                                55.248384,
                                25.067414
                            ],
                            [
                                55.247821,
                                25.067108
                            ],
                            [
                                55.247206,
                                25.067865
                            ],
                            [
                                55.247199,
                                25.068148
                            ],
                            [
                                55.248375,
                                25.068049
                            ]
                        ]
                    ]
                ]
            }
        },
        {
            "type": "Feature",
            "properties": {
                "observation_date": "2017-06-11",
                "source": "LC08_L1TP_160043_20170611_20200903_02_T1_TCI",
                "sensor_name": "Landsat 8",
                "type": "observation",
                "current_phase": "Site Preparation",
                "is_occluded": "False",
                "is_site_boundary": "True",
                "score": 1.0
            },
            "geometry": {
                "type": "MultiPolygon",
                "coordinates": [
                    [
                        [
                            [
                                55.248352,
                                25.068056
                            ],
                            [
                                55.248361,
                                25.067421
                            ],
                            [
                                55.247798,
                                25.067114
                            ],
                            [
                                55.247183,
                                25.067871
                            ],
                            [
                                55.247176,
                                25.068155
                            ],
                            [
                                55.248352,
                                25.068056
                            ]
                        ]
                    ]
                ]
            }
        },
        {
            "type": "Feature",
            "properties": {
                "observation_date": "2017-06-23",
                "source": "S2A_40RCN_20170623_0_L2A_TCI",
                "sensor_name": "Sentinel-2",
                "type": "observation",
                "current_phase": "Site Preparation",
                "is_occluded": "False",
                "is_site_boundary": "True",
                "score": 1.0
            },
            "geometry": {
                "type": "MultiPolygon",
                "coordinates": [
                    [
                        [
                            [
                                55.248332,
                                25.068061
                            ],
                            [
                                55.248341,
                                25.067425
                            ],
                            [
                                55.247777,
                                25.067119
                            ],
                            [
                                55.247162,
                                25.067876
                            ],
                            [
                                55.247155,
                                25.06816
                            ],
                            [
                                55.248332,
                                25.068061
                            ]
                        ]
                    ]
                ]
            }
        },
        {
            "type": "Feature",
            "properties": {
                "observation_date": "2017-07-28",
                "source": "S2B_40RCN_20170728_0_L2A_TCI",
                "sensor_name": "Sentinel-2",
                "type": "observation",
                "current_phase": "Site Preparation",
                "is_occluded": "False",
                "is_site_boundary": "True",
                "score": 1.0
            },
            "geometry": {
                "type": "MultiPolygon",
                "coordinates": [
                    [
                        [
                            [
                                55.248323,
                                25.067976
                            ],
                            [
                                55.248333,
                                25.067341
                            ],
                            [
                                55.247769,
                                25.067034
                            ],
                            [
                                55.247154,
                                25.067791
                            ],
                            [
                                55.247147,
                                25.068075
                            ],
                            [
                                55.248323,
                                25.067976
                            ]
                        ]
                    ]
                ]
            }
        },
        {
            "type": "Feature",
            "properties": {
                "observation_date": "2017-07-29",
                "source": "LC08_L1TP_160043_20170729_20200903_02_T1_TCI",
                "sensor_name": "Landsat 8",
                "type": "observation",
                "current_phase": "Site Preparation",
                "is_occluded": "False",
                "is_site_boundary": "True",
                "score": 1.0
            },
            "geometry": {
                "type": "MultiPolygon",
                "coordinates": [
                    [
                        [
                            [
                                55.248326,
                                25.067954
                            ],
                            [
                                55.248335,
                                25.067319
                            ],
                            [
                                55.247771,
                                25.067013
                            ],
                            [
                                55.247157,
                                25.06777
                            ],
                            [
                                55.247149,
                                25.068053
                            ],
                            [
                                55.248326,
                                25.067954
                            ]
                        ]
                    ]
                ]
            }
        },
        {
            "type": "Feature",
            "properties": {
                "observation_date": "2017-08-27",
                "source": "S2B_40RCN_20170827_0_L2A_TCI",
                "sensor_name": "Sentinel-2",
                "type": "observation",
                "current_phase": "Site Preparation",
                "is_occluded": "False",
                "is_site_boundary": "True",
                "score": 1.0
            },
            "geometry": {
                "type": "MultiPolygon",
                "coordinates": [
                    [
                        [
                            [
                                55.248333,
                                25.067929
                            ],
                            [
                                55.248342,
                                25.067294
                            ],
                            [
                                55.247778,
                                25.066987
                            ],
                            [
                                55.247163,
                                25.067745
                            ],
                            [
                                55.247156,
                                25.068028
                            ],
                            [
                                55.248333,
                                25.067929
                            ]
                        ]
                    ]
                ]
            }
        },
        {
            "type": "Feature",
            "properties": {
                "observation_date": "2017-08-30",
                "source": "LC08_L1TP_160043_20170830_20200903_02_T1_TCI",
                "sensor_name": "Landsat 8",
                "type": "observation",
                "current_phase": "Site Preparation",
                "is_occluded": "False",
                "is_site_boundary": "True",
                "score": 1.0
            },
            "geometry": {
                "type": "MultiPolygon",
                "coordinates": [
                    [
                        [
                            [
                                55.248335,
                                25.067908
                            ],
                            [
                                55.248344,
                                25.067273
                            ],
                            [
                                55.24778,
                                25.066966
                            ],
                            [
                                55.247166,
                                25.067723
                            ],
                            [
                                55.247159,
                                25.068007
                            ],
                            [
                                55.248335,
                                25.067908
                            ]
                        ]
                    ]
                ]
            }
        },
        {
            "type": "Feature",
            "properties": {
                "observation_date": "2017-09-06",
                "source": "S2B_40RCN_20170906_0_L2A_TCI",
                "sensor_name": "Sentinel-2",
                "type": "observation",
                "current_phase": "Site Preparation",
                "is_occluded": "False",
                "is_site_boundary": "True",
                "score": 1.0
            },
            "geometry": {
                "type": "MultiPolygon",
                "coordinates": [
                    [
                        [
                            [
                                55.248342,
                                25.067883
                            ],
                            [
                                55.248351,
                                25.067247
                            ],
                            [
                                55.247787,
                                25.066941
                            ],
                            [
                                55.247172,
                                25.067698
                            ],
                            [
                                55.247165,
                                25.067982
                            ],
                            [
                                55.248342,
                                25.067883
                            ]
                        ]
                    ]
                ]
            }
        },
        {
            "type": "Feature",
            "properties": {
                "observation_date": "2017-09-15",
                "source": "LC08_L1TP_160043_20170915_20200903_02_T1_TCI",
                "sensor_name": "Landsat 8",
                "type": "observation",
                "current_phase": "Site Preparation",
                "is_occluded": "False",
                "is_site_boundary": "True",
                "score": 1.0
            },
            "geometry": {
                "type": "MultiPolygon",
                "coordinates": [
                    [
                        [
                            [
                                55.248363,
                                25.067925
                            ],
                            [
                                55.248372,
                                25.06729
                            ],
                            [
                                55.247809,
                                25.066984
                            ],
                            [
                                55.247195,
                                25.067741
                            ],
                            [
                                55.247187,
                                25.068024
                            ],
                            [
                                55.248363,
                                25.067925
                            ]
                        ]
                    ]
                ]
            }
        },
        {
            "type": "Feature",
            "properties": {
                "observation_date": "2017-10-06",
                "source": "S2B_40RCN_20171006_0_L2A_TCI",
                "sensor_name": "Sentinel-2",
                "type": "observation",
                "current_phase": "Site Preparation",
                "is_occluded": "False",
                "is_site_boundary": "True",
                "score": 1.0
            },
            "geometry": {
                "type": "MultiPolygon",
                "coordinates": [
                    [
                        [
                            [
                                55.24839,
                                25.067964
                            ],
                            [
                                55.248399,
                                25.067329
                            ],
                            [
                                55.247835,
                                25.067022
                            ],
                            [
                                55.24722,
                                25.06778
                            ],
                            [
                                55.247213,
                                25.068063
                            ],
                            [
                                55.24839,
                                25.067964
                            ]
                        ]
                    ]
                ]
            }
        },
        {
            "type": "Feature",
            "properties": {
                "observation_date": "2017-10-17",
                "source": "LC08_L1TP_160043_20171017_20200902_02_T1_TCI",
                "sensor_name": "Landsat 8",
                "type": "observation",
                "current_phase": "Site Preparation",
                "is_occluded": "False",
                "is_site_boundary": "True",
                "score": 1.0
            },
            "geometry": {
                "type": "MultiPolygon",
                "coordinates": [
                    [
                        [
                            [
                                55.248411,
                                25.068007
                            ],
                            [
                                55.24842,
                                25.067372
                            ],
                            [
                                55.247857,
                                25.067065
                            ],
                            [
                                55.247243,
                                25.067822
                            ],
                            [
                                55.247235,
                                25.068106
                            ],
                            [
                                55.248411,
                                25.068007
                            ]
                        ]
                    ]
                ]
            }
        },
        {
            "type": "Feature",
            "properties": {
                "observation_date": "2017-11-05",
                "source": "S2B_40RCN_20171105_0_L2A_TCI",
                "sensor_name": "Sentinel-2",
                "type": "observation",
                "current_phase": "Site Preparation",
                "is_occluded": "False",
                "is_site_boundary": "True",
                "score": 1.0
            },
            "geometry": {
                "type": "MultiPolygon",
                "coordinates": [
                    [
                        [
                            [
                                55.248438,
                                25.068046
                            ],
                            [
                                55.248447,
                                25.067411
                            ],
                            [
                                55.247883,
                                25.067104
                            ],
                            [
                                55.247268,
                                25.067861
                            ],
                            [
                                55.247261,
                                25.068145
                            ],
                            [
                                55.248438,
                                25.068046
                            ]
                        ]
                    ]
                ]
            }
        },
        {
            "type": "Feature",
            "properties": {
                "observation_date": "2017-11-13",
                "source": "17NOV13095918-P1BS-501764823010_01_P002",
                "sensor_name": "WorldView",
                "type": "observation",
                "current_phase": "Site Preparation",
                "is_occluded": "False",
                "is_site_boundary": "True",
                "score": 1.0
            },
            "geometry": {
                "type": "MultiPolygon",
                "coordinates": [
                    [
                        [
                            [
                                55.248438,
                                25.068102
                            ],
                            [
                                55.248447,
                                25.067464
                            ],
                            [
                                55.247886,
                                25.067157
                            ],
                            [
                                55.247274,
                                25.067917
                            ],
                            [
                                55.247267,
                                25.068202
                            ],
                            [
                                55.248438,
                                25.068102
                            ]
                        ]
                    ]
                ]
            }
        },
        {
            "type": "Feature",
            "properties": {
                "observation_date": "2017-11-18",
                "source": "LC08_L1TP_160043_20171118_20200902_02_T1_TCI",
                "sensor_name": "Landsat 8",
                "type": "observation",
                "current_phase": "Site Preparation",
                "is_occluded": "False",
                "is_site_boundary": "True",
                "score": 1.0
            },
            "geometry": {
                "type": "MultiPolygon",
                "coordinates": [
                    [
                        [
                            [
                                55.248455,
                                25.0681
                            ],
                            [
                                55.248464,
                                25.067465
                            ],
                            [
                                55.247901,
                                25.067159
                            ],
                            [
                                55.247286,
                                25.067916
                            ],
                            [
                                55.247279,
                                25.068199
                            ],
                            [
                                55.248455,
                                25.0681
                            ]
                        ]
                    ]
                ]
            }
        },
        {
            "type": "Feature",
            "properties": {
                "observation_date": "2017-12-20",
                "source": "LC08_L1TP_160043_20171220_20200902_02_T1_TCI",
                "sensor_name": "Landsat 8",
                "type": "observation",
                "current_phase": "Site Preparation",
                "is_occluded": "False",
                "is_site_boundary": "True",
                "score": 1.0
            },
            "geometry": {
                "type": "MultiPolygon",
                "coordinates": [
                    [
                        [
                            [
                                55.248455,
                                25.068085
                            ],
                            [
                                55.248464,
                                25.06745
                            ],
                            [
                                55.2479,
                                25.067144
                            ],
                            [
                                55.247286,
                                25.067901
                            ],
                            [
                                55.247278,
                                25.068184
                            ],
                            [
                                55.248455,
                                25.068085
                            ]
                        ]
                    ]
                ]
            }
        },
        {
            "type": "Feature",
            "properties": {
                "observation_date": "2017-12-25",
                "source": "S2B_40RCN_20171225_0_L2A_TCI",
                "sensor_name": "Sentinel-2",
                "type": "observation",
                "current_phase": "Site Preparation",
                "is_occluded": "False",
                "is_site_boundary": "True",
                "score": 1.0
            },
            "geometry": {
                "type": "MultiPolygon",
                "coordinates": [
                    [
                        [
                            [
                                55.248456,
                                25.068069
                            ],
                            [
                                55.248466,
                                25.067433
                            ],
                            [
                                55.247902,
                                25.067127
                            ],
                            [
                                55.247287,
                                25.067884
                            ],
                            [
                                55.24728,
                                25.068168
                            ],
                            [
                                55.248456,
                                25.068069
                            ]
                        ]
                    ]
                ]
            }
        },
        {
            "type": "Feature",
            "properties": {
                "observation_date": "2017-12-30",
                "source": "17DEC30095332-P1BS-501824017010_01_P001",
                "sensor_name": "WorldView",
                "type": "observation",
                "current_phase": "Site Preparation",
                "is_occluded": "False",
                "is_site_boundary": "True",
                "score": 1.0
            },
            "geometry": {
                "type": "MultiPolygon",
                "coordinates": [
                    [
                        [
                            [
                                55.248436,
                                25.068042
                            ],
                            [
                                55.248445,
                                25.067404
                            ],
                            [
                                55.247884,
                                25.067097
                            ],
                            [
                                55.247273,
                                25.067857
                            ],
                            [
                                55.247265,
                                25.068142
                            ],
                            [
                                55.248436,
                                25.068042
                            ]
                        ]
                    ]
                ]
            }
        },
        {
            "type": "Feature",
            "properties": {
                "observation_date": "2018-01-05",
                "source": "LC08_L1TP_160043_20180105_20200902_02_T1_TCI",
                "sensor_name": "Landsat 8",
                "type": "observation",
                "current_phase": "Site Preparation",
                "is_occluded": "False",
                "is_site_boundary": "True",
                "score": 1.0
            },
            "geometry": {
                "type": "MultiPolygon",
                "coordinates": [
                    [
                        [
                            [
                                55.248442,
                                25.068033
                            ],
                            [
                                55.248451,
                                25.067398
                            ],
                            [
                                55.247887,
                                25.067092
                            ],
                            [
                                55.247273,
                                25.067849
                            ],
                            [
                                55.247265,
                                25.068132
                            ],
                            [
                                55.248442,
                                25.068033
                            ]
                        ]
                    ]
                ]
            }
        },
        {
            "type": "Feature",
            "properties": {
                "observation_date": "2018-01-24",
                "source": "S2B_40RCN_20180124_0_L2A_TCI",
                "sensor_name": "Sentinel-2",
                "type": "observation",
                "current_phase": "Site Preparation",
                "is_occluded": "False",
                "is_site_boundary": "True",
                "score": 1.0
            },
            "geometry": {
                "type": "MultiPolygon",
                "coordinates": [
                    [
                        [
                            [
                                55.248432,
                                25.068009
                            ],
                            [
                                55.248441,
                                25.067374
                            ],
                            [
                                55.247877,
                                25.067067
                            ],
                            [
                                55.247263,
                                25.067824
                            ],
                            [
                                55.247255,
                                25.068108
                            ],
                            [
                                55.248432,
                                25.068009
                            ]
                        ]
                    ]
                ]
            }
        },
        {
            "type": "Feature",
            "properties": {
                "observation_date": "2018-02-03",
                "source": "S2B_40RCN_20180203_0_L2A_TCI",
                "sensor_name": "Sentinel-2",
                "type": "observation",
                "current_phase": "Site Preparation",
                "is_occluded": "False",
                "is_site_boundary": "True",
                "score": 1.0
            },
            "geometry": {
                "type": "MultiPolygon",
                "coordinates": [
                    [
                        [
                            [
                                55.248436,
                                25.068026
                            ],
                            [
                                55.248446,
                                25.067391
                            ],
                            [
                                55.247882,
                                25.067084
                            ],
                            [
                                55.247267,
                                25.067842
                            ],
                            [
                                55.24726,
                                25.068125
                            ],
                            [
                                55.248436,
                                25.068026
                            ]
                        ]
                    ]
                ]
            }
        },
        {
            "type": "Feature",
            "properties": {
                "observation_date": "2018-02-06",
                "source": "LC08_L1TP_160043_20180206_20200902_02_T1_TCI",
                "sensor_name": "Landsat 8",
                "type": "observation",
                "current_phase": "Site Preparation",
                "is_occluded": "False",
                "is_site_boundary": "True",
                "score": 1.0
            },
            "geometry": {
                "type": "MultiPolygon",
                "coordinates": [
                    [
                        [
                            [
                                55.248439,
                                25.068045
                            ],
                            [
                                55.248448,
                                25.06741
                            ],
                            [
                                55.247884,
                                25.067104
                            ],
                            [
                                55.24727,
                                25.06786
                            ],
                            [
                                55.247262,
                                25.068144
                            ],
                            [
                                55.248439,
                                25.068045
                            ]
                        ]
                    ]
                ]
            }
        },
        {
            "type": "Feature",
            "properties": {
                "observation_date": "2018-03-05",
                "source": "S2B_40RCN_20180305_0_L2A_TCI",
                "sensor_name": "Sentinel-2",
                "type": "observation",
                "current_phase": "Site Preparation",
                "is_occluded": "False",
                "is_site_boundary": "True",
                "score": 1.0
            },
            "geometry": {
                "type": "MultiPolygon",
                "coordinates": [
                    [
                        [
                            [
                                55.248445,
                                25.068061
                            ],
                            [
                                55.248454,
                                25.067425
                            ],
                            [
                                55.247891,
                                25.067119
                            ],
                            [
                                55.247276,
                                25.067876
                            ],
                            [
                                55.247269,
                                25.06816
                            ],
                            [
                                55.248445,
                                25.068061
                            ]
                        ]
                    ]
                ]
            }
        },
        {
            "type": "Feature",
            "properties": {
                "observation_date": "2018-03-08",
                "source": "18MAR08072034-M1BS-502009134020_01_P003",
                "sensor_name": "WorldView",
                "type": "observation",
                "current_phase": "Site Preparation",
                "is_occluded": "False",
                "is_site_boundary": "True",
                "score": 1.0
            },
            "geometry": {
                "type": "MultiPolygon",
                "coordinates": [
                    [
                        [
                            [
                                55.24843,
                                25.068066
                            ],
                            [
                                55.248439,
                                25.067428
                            ],
                            [
                                55.247878,
                                25.06712
                            ],
                            [
                                55.247267,
                                25.067881
                            ],
                            [
                                55.247259,
                                25.068166
                            ],
                            [
                                55.24843,
                                25.068066
                            ]
                        ]
                    ]
                ]
            }
        },
        {
            "type": "Feature",
            "properties": {
                "observation_date": "2018-03-10",
                "source": "LC08_L1TP_160043_20180310_20200901_02_T1_TCI",
                "sensor_name": "Landsat 8",
                "type": "observation",
                "current_phase": "Site Preparation",
                "is_occluded": "False",
                "is_site_boundary": "True",
                "score": 1.0
            },
            "geometry": {
                "type": "MultiPolygon",
                "coordinates": [
                    [
                        [
                            [
                                55.24845,
                                25.068081
                            ],
                            [
                                55.248459,
                                25.067446
                            ],
                            [
                                55.247896,
                                25.06714
                            ],
                            [
                                55.247281,
                                25.067897
                            ],
                            [
                                55.247274,
                                25.06818
                            ],
                            [
                                55.24845,
                                25.068081
                            ]
                        ]
                    ]
                ]
            }
        },
        {
            "type": "Feature",
            "properties": {
                "observation_date": "2018-04-08",
                "source": "18APR08071428-P1BS-502020813010_01_P001",
                "sensor_name": "WorldView",
                "type": "observation",
                "current_phase": "Site Preparation",
                "is_occluded": "False",
                "is_site_boundary": "True",
                "score": 1.0
            },
            "geometry": {
                "type": "MultiPolygon",
                "coordinates": [
                    [
                        [
                            [
                                55.248435,
                                25.068071
                            ],
                            [
                                55.248444,
                                25.067433
                            ],
                            [
                                55.247883,
                                25.067125
                            ],
                            [
                                55.247271,
                                25.067885
                            ],
                            [
                                55.247264,
                                25.06817
                            ],
                            [
                                55.248435,
                                25.068071
                            ]
                        ]
                    ]
                ]
            }
        },
        {
            "type": "Feature",
            "properties": {
                "observation_date": "2018-04-11",
                "source": "LC08_L1TP_160043_20180411_20201015_02_T1_TCI",
                "sensor_name": "Landsat 8",
                "type": "observation",
                "current_phase": "Site Preparation",
                "is_occluded": "False",
                "is_site_boundary": "True",
                "score": 1.0
            },
            "geometry": {
                "type": "MultiPolygon",
                "coordinates": [
                    [
                        [
                            [
                                55.248454,
                                25.068081
                            ],
                            [
                                55.248463,
                                25.067446
                            ],
                            [
                                55.247899,
                                25.067139
                            ],
                            [
                                55.247285,
                                25.067896
                            ],
                            [
                                55.247277,
                                25.06818
                            ],
                            [
                                55.248454,
                                25.068081
                            ]
                        ]
                    ]
                ]
            }
        },
        {
            "type": "Feature",
            "properties": {
                "observation_date": "2018-04-24",
                "source": "S2B_40RCN_20180424_0_L2A_TCI",
                "sensor_name": "Sentinel-2",
                "type": "observation",
                "current_phase": "Site Preparation",
                "is_occluded": "False",
                "is_site_boundary": "True",
                "score": 1.0
            },
            "geometry": {
                "type": "MultiPolygon",
                "coordinates": [
                    [
                        [
                            [
                                55.248457,
                                25.068076
                            ],
                            [
                                55.248466,
                                25.067441
                            ],
                            [
                                55.247903,
                                25.067134
                            ],
                            [
                                55.247288,
                                25.067891
                            ],
                            [
                                55.24728,
                                25.068175
                            ],
                            [
                                55.248457,
                                25.068076
                            ]
                        ]
                    ]
                ]
            }
        },
        {
            "type": "Feature",
            "properties": {
                "observation_date": "2018-05-09",
                "source": "S2A_40RCN_20180509_0_L2A_TCI",
                "sensor_name": "Sentinel-2",
                "type": "observation",
                "current_phase": "Site Preparation",
                "is_occluded": "False",
                "is_site_boundary": "True",
                "score": 1.0
            },
            "geometry": {
                "type": "MultiPolygon",
                "coordinates": [
                    [
                        [
                            [
                                55.248458,
                                25.068073
                            ],
                            [
                                55.248468,
                                25.067438
                            ],
                            [
                                55.247904,
                                25.067131
                            ],
                            [
                                55.247289,
                                25.067888
                            ],
                            [
                                55.247282,
                                25.068172
                            ],
                            [
                                55.248458,
                                25.068073
                            ]
                        ]
                    ]
                ]
            }
        },
        {
            "type": "Feature",
            "properties": {
                "observation_date": "2018-05-29",
                "source": "LC08_L1TP_160043_20180529_20201015_02_T1_TCI",
                "sensor_name": "Landsat 8",
                "type": "observation",
                "current_phase": "Site Preparation",
                "is_occluded": "False",
                "is_site_boundary": "True",
                "score": 1.0
            },
            "geometry": {
                "type": "MultiPolygon",
                "coordinates": [
                    [
                        [
                            [
                                55.248457,
                                25.068072
                            ],
                            [
                                55.248466,
                                25.067437
                            ],
                            [
                                55.247903,
                                25.06713
                            ],
                            [
                                55.247289,
                                25.067887
                            ],
                            [
                                55.247281,
                                25.068171
                            ],
                            [
                                55.248457,
                                25.068072
                            ]
                        ]
                    ]
                ]
            }
        },
        {
            "type": "Feature",
            "properties": {
                "observation_date": "2018-06-13",
                "source": "S2B_40RCN_20180613_0_L2A_TCI",
                "sensor_name": "Sentinel-2",
                "type": "observation",
                "current_phase": "Site Preparation",
                "is_occluded": "False",
                "is_site_boundary": "True",
                "score": 1.0
            },
            "geometry": {
                "type": "MultiPolygon",
                "coordinates": [
                    [
                        [
                            [
                                55.248461,
                                25.068067
                            ],
                            [
                                55.24847,
                                25.067432
                            ],
                            [
                                55.247906,
                                25.067125
                            ],
                            [
                                55.247292,
                                25.067883
                            ],
                            [
                                55.247284,
                                25.068166
                            ],
                            [
                                55.248461,
                                25.068067
                            ]
                        ]
                    ]
                ]
            }
        },
        {
            "type": "Feature",
            "properties": {
                "observation_date": "2018-06-14",
                "source": "LC08_L1TP_160043_20180614_20200831_02_T1_TCI",
                "sensor_name": "Landsat 8",
                "type": "observation",
                "current_phase": "Site Preparation",
                "is_occluded": "False",
                "is_site_boundary": "True",
                "score": 1.0
            },
            "geometry": {
                "type": "MultiPolygon",
                "coordinates": [
                    [
                        [
                            [
                                55.24846,
                                25.068066
                            ],
                            [
                                55.248469,
                                25.067431
                            ],
                            [
                                55.247905,
                                25.067124
                            ],
                            [
                                55.247291,
                                25.067881
                            ],
                            [
                                55.247283,
                                25.068165
                            ],
                            [
                                55.24846,
                                25.068066
                            ]
                        ]
                    ]
                ]
            }
        },
        {
            "type": "Feature",
            "properties": {
                "observation_date": "2018-07-08",
                "source": "S2A_40RCN_20180708_0_L2A_TCI",
                "sensor_name": "Sentinel-2",
                "type": "observation",
                "current_phase": "Site Preparation",
                "is_occluded": "False",
                "is_site_boundary": "True",
                "score": 1.0
            },
            "geometry": {
                "type": "MultiPolygon",
                "coordinates": [
                    [
                        [
                            [
                                55.248463,
                                25.068061
                            ],
                            [
                                55.248472,
                                25.067426
                            ],
                            [
                                55.247909,
                                25.067119
                            ],
                            [
                                55.247294,
                                25.067877
                            ],
                            [
                                55.247286,
                                25.068161
                            ],
                            [
                                55.248463,
                                25.068061
                            ]
                        ]
                    ]
                ]
            }
        },
        {
            "type": "Feature",
            "properties": {
                "observation_date": "2018-07-16",
                "source": "LC08_L1TP_160043_20180716_20200831_02_T1_TCI",
                "sensor_name": "Landsat 8",
                "type": "observation",
                "current_phase": "Site Preparation",
                "is_occluded": "False",
                "is_site_boundary": "True",
                "score": 1.0
            },
            "geometry": {
                "type": "MultiPolygon",
                "coordinates": [
                    [
                        [
                            [
                                55.248462,
                                25.06806
                            ],
                            [
                                55.248471,
                                25.067425
                            ],
                            [
                                55.247908,
                                25.067119
                            ],
                            [
                                55.247293,
                                25.067875
                            ],
                            [
                                55.247286,
                                25.068159
                            ],
                            [
                                55.248462,
                                25.06806
                            ]
                        ]
                    ]
                ]
            }
        },
        {
            "type": "Feature",
            "properties": {
                "observation_date": "2018-08-17",
                "source": "LC08_L1TP_160043_20180817_20200831_02_T1_TCI",
                "sensor_name": "Landsat 8",
                "type": "observation",
                "current_phase": "Site Preparation",
                "is_occluded": "False",
                "is_site_boundary": "True",
                "score": 1.0
            },
            "geometry": {
                "type": "MultiPolygon",
                "coordinates": [
                    [
                        [
                            [
                                55.248463,
                                25.068057
                            ],
                            [
                                55.248472,
                                25.067422
                            ],
                            [
                                55.247909,
                                25.067116
                            ],
                            [
                                55.247295,
                                25.067873
                            ],
                            [
                                55.247287,
                                25.068156
                            ],
                            [
                                55.248463,
                                25.068057
                            ]
                        ]
                    ]
                ]
            }
        },
        {
            "type": "Feature",
            "properties": {
                "observation_date": "2018-08-22",
                "source": "S2B_40RCN_20180822_0_L2A_TCI",
                "sensor_name": "Sentinel-2",
                "type": "observation",
                "current_phase": "Site Preparation",
                "is_occluded": "False",
                "is_site_boundary": "True",
                "score": 1.0
            },
            "geometry": {
                "type": "MultiPolygon",
                "coordinates": [
                    [
                        [
                            [
                                55.248475,
                                25.06802
                            ],
                            [
                                55.248484,
                                25.067385
                            ],
                            [
                                55.24792,
                                25.067078
                            ],
                            [
                                55.247305,
                                25.067835
                            ],
                            [
                                55.247298,
                                25.068119
                            ],
                            [
                                55.248475,
                                25.06802
                            ]
                        ]
                    ]
                ]
            }
        },
        {
            "type": "Feature",
            "properties": {
                "observation_date": "2018-09-11",
                "source": "S2B_40RCN_20180911_0_L2A_TCI",
                "sensor_name": "Sentinel-2",
                "type": "observation",
                "current_phase": "Site Preparation",
                "is_occluded": "False",
                "is_site_boundary": "True",
                "score": 1.0
            },
            "geometry": {
                "type": "MultiPolygon",
                "coordinates": [
                    [
                        [
                            [
                                55.248484,
                                25.067985
                            ],
                            [
                                55.248493,
                                25.067349
                            ],
                            [
                                55.247929,
                                25.067042
                            ],
                            [
                                55.247314,
                                25.0678
                            ],
                            [
                                55.247307,
                                25.068084
                            ],
                            [
                                55.248484,
                                25.067985
                            ]
                        ]
                    ]
                ]
            }
        },
        {
            "type": "Feature",
            "properties": {
                "observation_date": "2018-09-18",
                "source": "LC08_L1TP_160043_20180918_20200830_02_T1_TCI",
                "sensor_name": "Landsat 8",
                "type": "observation",
                "current_phase": "Site Preparation",
                "is_occluded": "False",
                "is_site_boundary": "True",
                "score": 1.0
            },
            "geometry": {
                "type": "MultiPolygon",
                "coordinates": [
                    [
                        [
                            [
                                55.248455,
                                25.068
                            ],
                            [
                                55.248464,
                                25.067365
                            ],
                            [
                                55.2479,
                                25.067059
                            ],
                            [
                                55.247286,
                                25.067815
                            ],
                            [
                                55.247278,
                                25.068099
                            ],
                            [
                                55.248455,
                                25.068
                            ]
                        ]
                    ]
                ]
            }
        },
        {
            "type": "Feature",
            "properties": {
                "observation_date": "2018-10-04",
                "source": "LC08_L1TP_160043_20181004_20200830_02_T1_TCI",
                "sensor_name": "Landsat 8",
                "type": "observation",
                "current_phase": "Site Preparation",
                "is_occluded": "False",
                "is_site_boundary": "True",
                "score": 1.0
            },
            "geometry": {
                "type": "MultiPolygon",
                "coordinates": [
                    [
                        [
                            [
                                55.248428,
                                25.068014
                            ],
                            [
                                55.248437,
                                25.067379
                            ],
                            [
                                55.247874,
                                25.067072
                            ],
                            [
                                55.24726,
                                25.067829
                            ],
                            [
                                55.247252,
                                25.068113
                            ],
                            [
                                55.248428,
                                25.068014
                            ]
                        ]
                    ]
                ]
            }
        },
        {
            "type": "Feature",
            "properties": {
                "observation_date": "2018-10-21",
                "source": "S2B_40RCN_20181021_0_L2A_TCI",
                "sensor_name": "Sentinel-2",
                "type": "observation",
                "current_phase": "Site Preparation",
                "is_occluded": "False",
                "is_site_boundary": "True",
                "score": 1.0
            },
            "geometry": {
                "type": "MultiPolygon",
                "coordinates": [
                    [
                        [
                            [
                                55.248404,
                                25.068026
                            ],
                            [
                                55.248413,
                                25.067391
                            ],
                            [
                                55.247849,
                                25.067084
                            ],
                            [
                                55.247235,
                                25.067841
                            ],
                            [
                                55.247227,
                                25.068125
                            ],
                            [
                                55.248404,
                                25.068026
                            ]
                        ]
                    ]
                ]
            }
        },
        {
            "type": "Feature",
            "properties": {
                "observation_date": "2018-11-05",
                "source": "S2A_40RCN_20181105_0_L2A_TCI",
                "sensor_name": "Sentinel-2",
                "type": "observation",
                "current_phase": "Site Preparation",
                "is_occluded": "False",
                "is_site_boundary": "True",
                "score": 1.0
            },
            "geometry": {
                "type": "MultiPolygon",
                "coordinates": [
                    [
                        [
                            [
                                55.248378,
                                25.06804
                            ],
                            [
                                55.248387,
                                25.067405
                            ],
                            [
                                55.247823,
                                25.067098
                            ],
                            [
                                55.247208,
                                25.067855
                            ],
                            [
                                55.247201,
                                25.068139
                            ],
                            [
                                55.248378,
                                25.06804
                            ]
                        ]
                    ]
                ]
            }
        },
        {
            "type": "Feature",
            "properties": {
                "observation_date": "2018-11-21",
                "source": "LC08_L1TP_160043_20181121_20200830_02_T1_TCI",
                "sensor_name": "Landsat 8",
                "type": "observation",
                "current_phase": "Site Preparation",
                "is_occluded": "False",
                "is_site_boundary": "True",
                "score": 1.0
            },
            "geometry": {
                "type": "MultiPolygon",
                "coordinates": [
                    [
                        [
                            [
                                55.24839,
                                25.06805
                            ],
                            [
                                55.248399,
                                25.067415
                            ],
                            [
                                55.247836,
                                25.067109
                            ],
                            [
                                55.247222,
                                25.067866
                            ],
                            [
                                55.247214,
                                25.068149
                            ],
                            [
                                55.24839,
                                25.06805
                            ]
                        ]
                    ]
                ]
            }
        },
        {
            "type": "Feature",
            "properties": {
                "observation_date": "2018-12-30",
                "source": "S2B_40RCN_20181230_0_L2A_TCI",
                "sensor_name": "Sentinel-2",
                "type": "observation",
                "current_phase": "Site Preparation",
                "is_occluded": "False",
                "is_site_boundary": "True",
                "score": 1.0
            },
            "geometry": {
                "type": "MultiPolygon",
                "coordinates": [
                    [
                        [
                            [
                                55.248422,
                                25.068065
                            ],
                            [
                                55.248432,
                                25.06743
                            ],
                            [
                                55.247868,
                                25.067123
                            ],
                            [
                                55.247253,
                                25.067881
                            ],
                            [
                                55.247246,
                                25.068164
                            ],
                            [
                                55.248422,
                                25.068065
                            ]
                        ]
                    ]
                ]
            }
        },
        {
            "type": "Feature",
            "properties": {
                "observation_date": "2019-01-08",
                "source": "LC08_L1TP_160043_20190108_20200829_02_T1_TCI",
                "sensor_name": "Landsat 8",
                "type": "observation",
                "current_phase": "Site Preparation",
                "is_occluded": "False",
                "is_site_boundary": "True",
                "score": 1.0
            },
            "geometry": {
                "type": "MultiPolygon",
                "coordinates": [
                    [
                        [
                            [
                                55.248435,
                                25.068075
                            ],
                            [
                                55.248444,
                                25.06744
                            ],
                            [
                                55.247881,
                                25.067134
                            ],
                            [
                                55.247266,
                                25.067891
                            ],
                            [
                                55.247259,
                                25.068174
                            ],
                            [
                                55.248435,
                                25.068075
                            ]
                        ]
                    ]
                ]
            }
        },
        {
            "type": "Feature",
            "properties": {
                "observation_date": "2019-01-26",
                "source": "19JAN26071819-P1BS-014858848010_01_P003",
                "sensor_name": "WorldView",
                "type": "observation",
                "current_phase": "Site Preparation",
                "is_occluded": "False",
                "is_site_boundary": "True",
                "score": 1.0
            },
            "geometry": {
                "type": "MultiPolygon",
                "coordinates": [
                    [
                        [
                            [
                                55.248433,
                                25.068071
                            ],
                            [
                                55.248442,
                                25.067433
                            ],
                            [
                                55.247881,
                                25.067125
                            ],
                            [
                                55.247269,
                                25.067885
                            ],
                            [
                                55.247261,
                                25.06817
                            ],
                            [
                                55.248433,
                                25.068071
                            ]
                        ]
                    ]
                ]
            }
        },
        {
            "type": "Feature",
            "properties": {
                "observation_date": "2019-01-29",
                "source": "S2B_40RCN_20190129_0_L2A_TCI",
                "sensor_name": "Sentinel-2",
                "type": "observation",
                "current_phase": "Site Preparation",
                "is_occluded": "False",
                "is_site_boundary": "True",
                "score": 1.0
            },
            "geometry": {
                "type": "MultiPolygon",
                "coordinates": [
                    [
                        [
                            [
                                55.248451,
                                25.068082
                            ],
                            [
                                55.24846,
                                25.067447
                            ],
                            [
                                55.247896,
                                25.06714
                            ],
                            [
                                55.247281,
                                25.067897
                            ],
                            [
                                55.247274,
                                25.068181
                            ],
                            [
                                55.248451,
                                25.068082
                            ]
                        ]
                    ]
                ]
            }
        },
        {
            "type": "Feature",
            "properties": {
                "observation_date": "2019-02-23",
                "source": "S2A_40RCN_20190223_0_L2A_TCI",
                "sensor_name": "Sentinel-2",
                "type": "observation",
                "current_phase": "Site Preparation",
                "is_occluded": "False",
                "is_site_boundary": "True",
                "score": 1.0
            },
            "geometry": {
                "type": "MultiPolygon",
                "coordinates": [
                    [
                        [
                            [
                                55.248449,
                                25.068082
                            ],
                            [
                                55.248458,
                                25.067447
                            ],
                            [
                                55.247894,
                                25.06714
                            ],
                            [
                                55.24728,
                                25.067897
                            ],
                            [
                                55.247272,
                                25.068181
                            ],
                            [
                                55.248449,
                                25.068082
                            ]
                        ]
                    ]
                ]
            }
        },
        {
            "type": "Feature",
            "properties": {
                "observation_date": "2019-02-25",
                "source": "LC08_L1TP_160043_20190225_20200829_02_T1_TCI",
                "sensor_name": "Landsat 8",
                "type": "observation",
                "current_phase": "Site Preparation",
                "is_occluded": "False",
                "is_site_boundary": "True",
                "score": 1.0
            },
            "geometry": {
                "type": "MultiPolygon",
                "coordinates": [
                    [
                        [
                            [
                                55.248445,
                                25.068084
                            ],
                            [
                                55.248454,
                                25.067449
                            ],
                            [
                                55.247891,
                                25.067142
                            ],
                            [
                                55.247277,
                                25.067899
                            ],
                            [
                                55.247269,
                                25.068183
                            ],
                            [
                                55.248445,
                                25.068084
                            ]
                        ]
                    ]
                ]
            }
        },
        {
            "type": "Feature",
            "properties": {
                "observation_date": "2019-03-05",
                "source": "S2A_40RCN_20190305_0_L2A_TCI",
                "sensor_name": "Sentinel-2",
                "type": "observation",
                "current_phase": "Site Preparation",
                "is_occluded": "False",
                "is_site_boundary": "True",
                "score": 1.0
            },
            "geometry": {
                "type": "MultiPolygon",
                "coordinates": [
                    [
                        [
                            [
                                55.248446,
                                25.068082
                            ],
                            [
                                55.248455,
                                25.067447
                            ],
                            [
                                55.247891,
                                25.06714
                            ],
                            [
                                55.247277,
                                25.067898
                            ],
                            [
                                55.247269,
                                25.068181
                            ],
                            [
                                55.248446,
                                25.068082
                            ]
                        ]
                    ]
                ]
            }
        },
        {
            "type": "Feature",
            "properties": {
                "observation_date": "2019-03-29",
                "source": "LC08_L1TP_160043_20190329_20200829_02_T1_TCI",
                "sensor_name": "Landsat 8",
                "type": "observation",
                "current_phase": "Site Preparation",
                "is_occluded": "False",
                "is_site_boundary": "True",
                "score": 1.0
            },
            "geometry": {
                "type": "MultiPolygon",
                "coordinates": [
                    [
                        [
                            [
                                55.248442,
                                25.068084
                            ],
                            [
                                55.248451,
                                25.067449
                            ],
                            [
                                55.247888,
                                25.067142
                            ],
                            [
                                55.247273,
                                25.067899
                            ],
                            [
                                55.247266,
                                25.068183
                            ],
                            [
                                55.248442,
                                25.068084
                            ]
                        ]
                    ]
                ]
            }
        },
        {
            "type": "Feature",
            "properties": {
                "observation_date": "2019-04-19",
                "source": "S2B_40RCN_20190419_0_L2A_TCI",
                "sensor_name": "Sentinel-2",
                "type": "observation",
                "current_phase": "Site Preparation",
                "is_occluded": "False",
                "is_site_boundary": "True",
                "score": 1.0
            },
            "geometry": {
                "type": "MultiPolygon",
                "coordinates": [
                    [
                        [
                            [
                                55.248443,
                                25.068082
                            ],
                            [
                                55.248452,
                                25.067447
                            ],
                            [
                                55.247888,
                                25.06714
                            ],
                            [
                                55.247273,
                                25.067898
                            ],
                            [
                                55.247266,
                                25.068181
                            ],
                            [
                                55.248443,
                                25.068082
                            ]
                        ]
                    ]
                ]
            }
        },
        {
            "type": "Feature",
            "properties": {
                "observation_date": "2019-04-30",
                "source": "LC08_L1TP_160043_20190430_20200828_02_T1_TCI",
                "sensor_name": "Landsat 8",
                "type": "observation",
                "current_phase": "Site Preparation",
                "is_occluded": "False",
                "is_site_boundary": "True",
                "score": 1.0
            },
            "geometry": {
                "type": "MultiPolygon",
                "coordinates": [
                    [
                        [
                            [
                                55.248439,
                                25.068084
                            ],
                            [
                                55.248448,
                                25.067449
                            ],
                            [
                                55.247884,
                                25.067142
                            ],
                            [
                                55.24727,
                                25.067899
                            ],
                            [
                                55.247263,
                                25.068183
                            ],
                            [
                                55.248439,
                                25.068084
                            ]
                        ]
                    ]
                ]
            }
        },
        {
            "type": "Feature",
            "properties": {
                "observation_date": "2019-05-14",
                "source": "S2A_40RCN_20190514_0_L2A_TCI",
                "sensor_name": "Sentinel-2",
                "type": "observation",
                "current_phase": "Site Preparation",
                "is_occluded": "False",
                "is_site_boundary": "True",
                "score": 1.0
            },
            "geometry": {
                "type": "MultiPolygon",
                "coordinates": [
                    [
                        [
                            [
                                55.24844,
                                25.068082
                            ],
                            [
                                55.248449,
                                25.067447
                            ],
                            [
                                55.247885,
                                25.06714
                            ],
                            [
                                55.24727,
                                25.067898
                            ],
                            [
                                55.247263,
                                25.068181
                            ],
                            [
                                55.24844,
                                25.068082
                            ]
                        ]
                    ]
                ]
            }
        },
        {
            "type": "Feature",
            "properties": {
                "observation_date": "2019-05-16",
                "source": "LC08_L1TP_160043_20190516_20200828_02_T1_TCI",
                "sensor_name": "Landsat 8",
                "type": "observation",
                "current_phase": "Site Preparation",
                "is_occluded": "False",
                "is_site_boundary": "True",
                "score": 1.0
            },
            "geometry": {
                "type": "MultiPolygon",
                "coordinates": [
                    [
                        [
                            [
                                55.248436,
                                25.068084
                            ],
                            [
                                55.248445,
                                25.067449
                            ],
                            [
                                55.247881,
                                25.067142
                            ],
                            [
                                55.247267,
                                25.067899
                            ],
                            [
                                55.247259,
                                25.068183
                            ],
                            [
                                55.248436,
                                25.068084
                            ]
                        ]
                    ]
                ]
            }
        },
        {
            "type": "Feature",
            "properties": {
                "observation_date": "2019-06-01",
                "source": "LC08_L1TP_160043_20190601_20200828_02_T1_TCI",
                "sensor_name": "Landsat 8",
                "type": "observation",
                "current_phase": "Site Preparation",
                "is_occluded": "False",
                "is_site_boundary": "True",
                "score": 1.0
            },
            "geometry": {
                "type": "MultiPolygon",
                "coordinates": [
                    [
                        [
                            [
                                55.248434,
                                25.068084
                            ],
                            [
                                55.248443,
                                25.067449
                            ],
                            [
                                55.24788,
                                25.067143
                            ],
                            [
                                55.247265,
                                25.067899
                            ],
                            [
                                55.247258,
                                25.068183
                            ],
                            [
                                55.248434,
                                25.068084
                            ]
                        ]
                    ]
                ]
            }
        },
        {
            "type": "Feature",
            "properties": {
                "observation_date": "2019-06-03",
                "source": "S2A_40RCN_20190603_0_L2A_TCI",
                "sensor_name": "Sentinel-2",
                "type": "observation",
                "current_phase": "Site Preparation",
                "is_occluded": "False",
                "is_site_boundary": "True",
                "score": 1.0
            },
            "geometry": {
                "type": "MultiPolygon",
                "coordinates": [
                    [
                        [
                            [
                                55.248435,
                                25.068083
                            ],
                            [
                                55.248444,
                                25.067447
                            ],
                            [
                                55.24788,
                                25.06714
                            ],
                            [
                                55.247266,
                                25.067898
                            ],
                            [
                                55.247258,
                                25.068182
                            ],
                            [
                                55.248435,
                                25.068083
                            ]
                        ]
                    ]
                ]
            }
        },
        {
            "type": "Feature",
            "properties": {
                "observation_date": "2019-07-03",
                "source": "LC08_L1TP_160043_20190703_20200827_02_T1_TCI",
                "sensor_name": "Landsat 8",
                "type": "observation",
                "current_phase": "Site Preparation",
                "is_occluded": "False",
                "is_site_boundary": "True",
                "score": 1.0
            },
            "geometry": {
                "type": "MultiPolygon",
                "coordinates": [
                    [
                        [
                            [
                                55.248431,
                                25.068084
                            ],
                            [
                                55.24844,
                                25.067449
                            ],
                            [
                                55.247876,
                                25.067143
                            ],
                            [
                                55.247262,
                                25.067899
                            ],
                            [
                                55.247255,
                                25.068183
                            ],
                            [
                                55.248431,
                                25.068084
                            ]
                        ]
                    ]
                ]
            }
        },
        {
            "type": "Feature",
            "properties": {
                "observation_date": "2019-07-03",
                "source": "S2A_40RCN_20190703_0_L2A_TCI",
                "sensor_name": "Sentinel-2",
                "type": "observation",
                "current_phase": "Site Preparation",
                "is_occluded": "False",
                "is_site_boundary": "True",
                "score": 1.0
            },
            "geometry": {
                "type": "MultiPolygon",
                "coordinates": [
                    [
                        [
                            [
                                55.248432,
                                25.068083
                            ],
                            [
                                55.248441,
                                25.067447
                            ],
                            [
                                55.247877,
                                25.067141
                            ],
                            [
                                55.247262,
                                25.067898
                            ],
                            [
                                55.247255,
                                25.068182
                            ],
                            [
                                55.248432,
                                25.068083
                            ]
                        ]
                    ]
                ]
            }
        },
        {
            "type": "Feature",
            "properties": {
                "observation_date": "2019-08-02",
                "source": "S2A_40RCN_20190802_0_L2A_TCI",
                "sensor_name": "Sentinel-2",
                "type": "observation",
                "current_phase": "Site Preparation",
                "is_occluded": "False",
                "is_site_boundary": "True",
                "score": 1.0
            },
            "geometry": {
                "type": "MultiPolygon",
                "coordinates": [
                    [
                        [
                            [
                                55.24843,
                                25.068083
                            ],
                            [
                                55.248439,
                                25.067447
                            ],
                            [
                                55.247875,
                                25.067141
                            ],
                            [
                                55.247261,
                                25.067898
                            ],
                            [
                                55.247253,
                                25.068182
                            ],
                            [
                                55.24843,
                                25.068083
                            ]
                        ]
                    ]
                ]
            }
        },
        {
            "type": "Feature",
            "properties": {
                "observation_date": "2019-08-20",
                "source": "LC08_L1TP_160043_20190820_20200827_02_T1_TCI",
                "sensor_name": "Landsat 8",
                "type": "observation",
                "current_phase": "Site Preparation",
                "is_occluded": "False",
                "is_site_boundary": "True",
                "score": 1.0
            },
            "geometry": {
                "type": "MultiPolygon",
                "coordinates": [
                    [
                        [
                            [
                                55.248426,
                                25.068084
                            ],
                            [
                                55.248435,
                                25.067449
                            ],
                            [
                                55.247872,
                                25.067143
                            ],
                            [
                                55.247257,
                                25.0679
                            ],
                            [
                                55.24725,
                                25.068183
                            ],
                            [
                                55.248426,
                                25.068084
                            ]
                        ]
                    ]
                ]
            }
        },
        {
            "type": "Feature",
            "properties": {
                "observation_date": "2019-08-29",
                "source": "19AUG29070526-M1BS-502626884040_05_P001",
                "sensor_name": "WorldView",
                "type": "observation",
                "current_phase": "Site Preparation",
                "is_occluded": "False",
                "is_site_boundary": "True",
                "score": 1.0
            },
            "geometry": {
                "type": "MultiPolygon",
                "coordinates": [
                    [
                        [
                            [
                                55.248407,
                                25.068071
                            ],
                            [
                                55.248416,
                                25.067433
                            ],
                            [
                                55.247855,
                                25.067125
                            ],
                            [
                                55.247244,
                                25.067886
                            ],
                            [
                                55.247236,
                                25.068171
                            ],
                            [
                                55.248407,
                                25.068071
                            ]
                        ]
                    ]
                ]
            }
        },
        {
            "type": "Feature",
            "properties": {
                "observation_date": "2019-09-21",
                "source": "LC08_L1TP_160043_20190921_20200826_02_T1_TCI",
                "sensor_name": "Landsat 8",
                "type": "observation",
                "current_phase": "Site Preparation",
                "is_occluded": "False",
                "is_site_boundary": "True",
                "score": 1.0
            },
            "geometry": {
                "type": "MultiPolygon",
                "coordinates": [
                    [
                        [
                            [
                                55.24843,
                                25.068082
                            ],
                            [
                                55.248439,
                                25.067447
                            ],
                            [
                                55.247876,
                                25.06714
                            ],
                            [
                                55.247261,
                                25.067897
                            ],
                            [
                                55.247254,
                                25.068181
                            ],
                            [
                                55.24843,
                                25.068082
                            ]
                        ]
                    ]
                ]
            }
        },
        {
            "type": "Feature",
            "properties": {
                "observation_date": "2019-09-21",
                "source": "S2A_40RCN_20190921_0_L2A_TCI",
                "sensor_name": "Sentinel-2",
                "type": "observation",
                "current_phase": "Site Preparation",
                "is_occluded": "False",
                "is_site_boundary": "True",
                "score": 1.0
            },
            "geometry": {
                "type": "MultiPolygon",
                "coordinates": [
                    [
                        [
                            [
                                55.248438,
                                25.068078
                            ],
                            [
                                55.248447,
                                25.067443
                            ],
                            [
                                55.247883,
                                25.067136
                            ],
                            [
                                55.247269,
                                25.067893
                            ],
                            [
                                55.247261,
                                25.068177
                            ],
                            [
                                55.248438,
                                25.068078
                            ]
                        ]
                    ]
                ]
            }
        },
        {
            "type": "Feature",
            "properties": {
                "observation_date": "2019-10-07",
                "source": "LC08_L1TP_160043_20191007_20200825_02_T1_TCI",
                "sensor_name": "Landsat 8",
                "type": "observation",
                "current_phase": "Site Preparation",
                "is_occluded": "False",
                "is_site_boundary": "True",
                "score": 1.0
            },
            "geometry": {
                "type": "MultiPolygon",
                "coordinates": [
                    [
                        [
                            [
                                55.248441,
                                25.068077
                            ],
                            [
                                55.24845,
                                25.067442
                            ],
                            [
                                55.247887,
                                25.067136
                            ],
                            [
                                55.247272,
                                25.067893
                            ],
                            [
                                55.247265,
                                25.068176
                            ],
                            [
                                55.248441,
                                25.068077
                            ]
                        ]
                    ]
                ]
            }
        },
        {
            "type": "Feature",
            "properties": {
                "observation_date": "2019-10-08",
                "source": "19OCT08100746-P1BS_R4C1-502704253040_06_P001",
                "sensor_name": "WorldView",
                "type": "observation",
                "current_phase": "Site Preparation",
                "is_occluded": "False",
                "is_site_boundary": "True",
                "score": 1.0
            },
            "geometry": {
                "type": "MultiPolygon",
                "coordinates": [
                    [
                        [
                            [
                                55.247258,
                                25.068162
                            ],
                            [
                                55.247265,
                                25.067877
                            ],
                            [
                                55.247877,
                                25.067116
                            ],
                            [
                                55.248438,
                                25.067424
                            ],
                            [
                                55.248429,
                                25.068062
                            ],
                            [
                                55.247258,
                                25.068162
                            ]
                        ]
                    ]
                ]
            }
        },
        {
            "type": "Feature",
            "properties": {
                "observation_date": "2019-10-11",
                "source": "S2A_40RCN_20191011_0_L2A_TCI",
                "sensor_name": "Sentinel-2",
                "type": "observation",
                "current_phase": "Unknown",
                "is_occluded": "False",
                "is_site_boundary": "True",
                "score": 1.0
            },
            "geometry": {
                "type": "MultiPolygon",
                "coordinates": [
                    [
                        [
                            [
                                55.248442,
                                25.068085
                            ],
                            [
                                55.248424,
                                25.067286
                            ],
                            [
                                55.248169,
                                25.067213
                            ],
                            [
                                55.247923,
                                25.06709
                            ],
                            [
                                55.247284,
                                25.067879
                            ],
                            [
                                55.247277,
                                25.068163
                            ],
                            [
                                55.248442,
                                25.068085
                            ]
                        ]
                    ]
                ]
            }
        },
        {
            "type": "Feature",
            "properties": {
                "observation_date": "2019-11-05",
                "source": "S2B_40RCN_20191105_0_L2A_TCI",
                "sensor_name": "Sentinel-2",
                "type": "observation",
                "current_phase": "Unknown",
                "is_occluded": "False",
                "is_site_boundary": "True",
                "score": 1.0
            },
            "geometry": {
                "type": "MultiPolygon",
                "coordinates": [
                    [
                        [
                            [
                                55.248442,
                                25.068085
                            ],
                            [
                                55.248424,
                                25.067286
                            ],
                            [
                                55.248169,
                                25.067213
                            ],
                            [
                                55.247923,
                                25.06709
                            ],
                            [
                                55.247284,
                                25.067879
                            ],
                            [
                                55.247277,
                                25.068163
                            ],
                            [
                                55.248442,
                                25.068085
                            ]
                        ]
                    ]
                ]
            }
        },
        {
            "type": "Feature",
            "properties": {
                "observation_date": "2019-11-24",
                "source": "LC08_L1TP_160043_20191124_20200825_02_T1_TCI",
                "sensor_name": "Landsat 8",
                "type": "observation",
                "current_phase": "Unknown",
                "is_occluded": "False",
                "is_site_boundary": "True",
                "score": 1.0
            },
            "geometry": {
                "type": "MultiPolygon",
                "coordinates": [
                    [
                        [
                            [
                                55.248439,
                                25.068086
                            ],
                            [
                                55.248421,
                                25.067288
                            ],
                            [
                                55.248167,
                                25.067215
                            ],
                            [
                                55.24792,
                                25.067093
                            ],
                            [
                                55.247282,
                                25.067881
                            ],
                            [
                                55.247275,
                                25.068164
                            ],
                            [
                                55.248439,
                                25.068086
                            ]
                        ]
                    ]
                ]
            }
        },
        {
            "type": "Feature",
            "properties": {
                "observation_date": "2019-12-20",
                "source": "S2A_40RCN_20191220_0_L2A_TCI",
                "sensor_name": "Sentinel-2",
                "type": "observation",
                "current_phase": "Active Construction",
                "is_occluded": "False",
                "is_site_boundary": "True",
                "score": 1.0
            },
            "geometry": {
                "type": "MultiPolygon",
                "coordinates": [
                    [
                        [
                            [
                                55.248407,
                                25.068042
                            ],
                            [
                                55.248389,
                                25.067243
                            ],
                            [
                                55.248135,
                                25.067171
                            ],
                            [
                                55.247888,
                                25.067048
                            ],
                            [
                                55.24725,
                                25.067837
                            ],
                            [
                                55.247242,
                                25.06812
                            ],
                            [
                                55.248407,
                                25.068042
                            ]
                        ]
                    ]
                ]
            }
        },
        {
            "type": "Feature",
            "properties": {
                "observation_date": "2019-12-26",
                "source": "LC08_L1TP_160043_20191226_20200825_02_T1_TCI",
                "sensor_name": "Landsat 8",
                "type": "observation",
                "current_phase": "Active Construction",
                "is_occluded": "False",
                "is_site_boundary": "True",
                "score": 1.0
            },
            "geometry": {
                "type": "MultiPolygon",
                "coordinates": [
                    [
                        [
                            [
                                55.248393,
                                25.068065
                            ],
                            [
                                55.248375,
                                25.067266
                            ],
                            [
                                55.248121,
                                25.067194
                            ],
                            [
                                55.247874,
                                25.067071
                            ],
                            [
                                55.247236,
                                25.067859
                            ],
                            [
                                55.247229,
                                25.068143
                            ],
                            [
                                55.248393,
                                25.068065
                            ]
                        ]
                    ]
                ]
            }
        },
        {
            "type": "Feature",
            "properties": {
                "observation_date": "2020-01-04",
                "source": "S2B_40RCN_20200104_0_L2A_TCI",
                "sensor_name": "Sentinel-2",
                "type": "observation",
                "current_phase": "Active Construction",
                "is_occluded": "False",
                "is_site_boundary": "True",
                "score": 1.0
            },
            "geometry": {
                "type": "MultiPolygon",
                "coordinates": [
                    [
                        [
                            [
                                55.248383,
                                25.068084
                            ],
                            [
                                55.248366,
                                25.067285
                            ],
                            [
                                55.248111,
                                25.067213
                            ],
                            [
                                55.247864,
                                25.06709
                            ],
                            [
                                55.247226,
                                25.067878
                            ],
                            [
                                55.247218,
                                25.068162
                            ],
                            [
                                55.248383,
                                25.068084
                            ]
                        ]
                    ]
                ]
            }
        },
        {
            "type": "Feature",
            "properties": {
                "observation_date": "2020-02-03",
                "source": "S2B_40RCN_20200203_0_L2A_TCI",
                "sensor_name": "Sentinel-2",
                "type": "observation",
                "current_phase": "Active Construction",
                "is_occluded": "False",
                "is_site_boundary": "True",
                "score": 1.0
            },
            "geometry": {
                "type": "MultiPolygon",
                "coordinates": [
                    [
                        [
                            [
                                55.248381,
                                25.068084
                            ],
                            [
                                55.248363,
                                25.067285
                            ],
                            [
                                55.248109,
                                25.067213
                            ],
                            [
                                55.247862,
                                25.06709
                            ],
                            [
                                55.247224,
                                25.067878
                            ],
                            [
                                55.247216,
                                25.068162
                            ],
                            [
                                55.248381,
                                25.068084
                            ]
                        ]
                    ]
                ]
            }
        },
        {
            "type": "Feature",
            "properties": {
                "observation_date": "2020-03-04",
                "source": "S2B_40RCN_20200304_0_L2A_TCI",
                "sensor_name": "Sentinel-2",
                "type": "observation",
                "current_phase": "Active Construction",
                "is_occluded": "False",
                "is_site_boundary": "True",
                "score": 1.0
            },
            "geometry": {
                "type": "MultiPolygon",
                "coordinates": [
                    [
                        [
                            [
                                55.248379,
                                25.068084
                            ],
                            [
                                55.248361,
                                25.067285
                            ],
                            [
                                55.248107,
                                25.067213
                            ],
                            [
                                55.24786,
                                25.06709
                            ],
                            [
                                55.247222,
                                25.067878
                            ],
                            [
                                55.247214,
                                25.068162
                            ],
                            [
                                55.248379,
                                25.068084
                            ]
                        ]
                    ]
                ]
            }
        },
        {
            "type": "Feature",
            "properties": {
                "observation_date": "2020-03-15",
                "source": "LC08_L1TP_160043_20200315_20200822_02_T1_TCI",
                "sensor_name": "Landsat 8",
                "type": "observation",
                "current_phase": "Active Construction",
                "is_occluded": "False",
                "is_site_boundary": "True",
                "score": 1.0
            },
            "geometry": {
                "type": "MultiPolygon",
                "coordinates": [
                    [
                        [
                            [
                                55.248376,
                                25.068086
                            ],
                            [
                                55.248358,
                                25.067287
                            ],
                            [
                                55.248104,
                                25.067215
                            ],
                            [
                                55.247857,
                                25.067092
                            ],
                            [
                                55.247219,
                                25.06788
                            ],
                            [
                                55.247211,
                                25.068164
                            ],
                            [
                                55.248376,
                                25.068086
                            ]
                        ]
                    ]
                ]
            }
        },
        {
            "type": "Feature",
            "properties": {
                "observation_date": "2020-04-18",
                "source": "S2A_40RCN_20200418_0_L2A_TCI",
                "sensor_name": "Sentinel-2",
                "type": "observation",
                "current_phase": "Active Construction",
                "is_occluded": "False",
                "is_site_boundary": "True",
                "score": 1.0
            },
            "geometry": {
                "type": "MultiPolygon",
                "coordinates": [
                    [
                        [
                            [
                                55.248377,
                                25.068084
                            ],
                            [
                                55.248359,
                                25.067285
                            ],
                            [
                                55.248105,
                                25.067212
                            ],
                            [
                                55.247858,
                                25.06709
                            ],
                            [
                                55.24722,
                                25.067878
                            ],
                            [
                                55.247212,
                                25.068162
                            ],
                            [
                                55.248377,
                                25.068084
                            ]
                        ]
                    ]
                ]
            }
        },
        {
            "type": "Feature",
            "properties": {
                "observation_date": "2020-05-18",
                "source": "LC08_L1TP_160043_20200518_20200820_02_T1_TCI",
                "sensor_name": "Landsat 8",
                "type": "observation",
                "current_phase": "Active Construction",
                "is_occluded": "False",
                "is_site_boundary": "True",
                "score": 1.0
            },
            "geometry": {
                "type": "MultiPolygon",
                "coordinates": [
                    [
                        [
                            [
                                55.248374,
                                25.068086
                            ],
                            [
                                55.248356,
                                25.067287
                            ],
                            [
                                55.248101,
                                25.067215
                            ],
                            [
                                55.247855,
                                25.067092
                            ],
                            [
                                55.247217,
                                25.06788
                            ],
                            [
                                55.247209,
                                25.068164
                            ],
                            [
                                55.248374,
                                25.068086
                            ]
                        ]
                    ]
                ]
            }
        },
        {
            "type": "Feature",
            "properties": {
                "observation_date": "2020-05-23",
                "source": "S2B_40RCN_20200523_0_L2A_TCI",
                "sensor_name": "Sentinel-2",
                "type": "observation",
                "current_phase": "Active Construction",
                "is_occluded": "False",
                "is_site_boundary": "True",
                "score": 1.0
            },
            "geometry": {
                "type": "MultiPolygon",
                "coordinates": [
                    [
                        [
                            [
                                55.248375,
                                25.068084
                            ],
                            [
                                55.248357,
                                25.067285
                            ],
                            [
                                55.248103,
                                25.067212
                            ],
                            [
                                55.247856,
                                25.06709
                            ],
                            [
                                55.247218,
                                25.067878
                            ],
                            [
                                55.24721,
                                25.068162
                            ],
                            [
                                55.248375,
                                25.068084
                            ]
                        ]
                    ]
                ]
            }
        },
        {
            "type": "Feature",
            "properties": {
                "observation_date": "2020-06-03",
                "source": "LC08_L1TP_160043_20200603_20200824_02_T1_TCI",
                "sensor_name": "Landsat 8",
                "type": "observation",
                "current_phase": "Active Construction",
                "is_occluded": "False",
                "is_site_boundary": "True",
                "score": 1.0
            },
            "geometry": {
                "type": "MultiPolygon",
                "coordinates": [
                    [
                        [
                            [
                                55.248371,
                                25.068086
                            ],
                            [
                                55.248354,
                                25.067287
                            ],
                            [
                                55.248099,
                                25.067215
                            ],
                            [
                                55.247853,
                                25.067092
                            ],
                            [
                                55.247215,
                                25.06788
                            ],
                            [
                                55.247207,
                                25.068164
                            ],
                            [
                                55.248371,
                                25.068086
                            ]
                        ]
                    ]
                ]
            }
        },
        {
            "type": "Feature",
            "properties": {
                "observation_date": "2020-06-07",
                "source": "S2A_40RCN_20200607_0_L2A_TCI",
                "sensor_name": "Sentinel-2",
                "type": "observation",
                "current_phase": "Active Construction",
                "is_occluded": "False",
                "is_site_boundary": "True",
                "score": 1.0
            },
            "geometry": {
                "type": "MultiPolygon",
                "coordinates": [
                    [
                        [
                            [
                                55.248373,
                                25.068084
                            ],
                            [
                                55.248355,
                                25.067285
                            ],
                            [
                                55.248101,
                                25.067212
                            ],
                            [
                                55.247854,
                                25.06709
                            ],
                            [
                                55.247215,
                                25.067878
                            ],
                            [
                                55.247208,
                                25.068162
                            ],
                            [
                                55.248373,
                                25.068084
                            ]
                        ]
                    ]
                ]
            }
        },
        {
            "type": "Feature",
            "properties": {
                "observation_date": "2020-07-07",
                "source": "S2A_40RCN_20200707_0_L2A_TCI",
                "sensor_name": "Sentinel-2",
                "type": "observation",
                "current_phase": "Active Construction",
                "is_occluded": "False",
                "is_site_boundary": "True",
                "score": 1.0
            },
            "geometry": {
                "type": "MultiPolygon",
                "coordinates": [
                    [
                        [
                            [
                                55.248372,
                                25.068084
                            ],
                            [
                                55.248354,
                                25.067285
                            ],
                            [
                                55.248099,
                                25.067212
                            ],
                            [
                                55.247853,
                                25.06709
                            ],
                            [
                                55.247214,
                                25.067878
                            ],
                            [
                                55.247207,
                                25.068162
                            ],
                            [
                                55.248372,
                                25.068084
                            ]
                        ]
                    ]
                ]
            }
        },
        {
            "type": "Feature",
            "properties": {
                "observation_date": "2020-07-21",
                "source": "LC08_L1TP_160043_20200721_20200911_02_T1_TCI",
                "sensor_name": "Landsat 8",
                "type": "observation",
                "current_phase": "Active Construction",
                "is_occluded": "False",
                "is_site_boundary": "True",
                "score": 1.0
            },
            "geometry": {
                "type": "MultiPolygon",
                "coordinates": [
                    [
                        [
                            [
                                55.248377,
                                25.068088
                            ],
                            [
                                55.248359,
                                25.06729
                            ],
                            [
                                55.248105,
                                25.067217
                            ],
                            [
                                55.247858,
                                25.067095
                            ],
                            [
                                55.24722,
                                25.067883
                            ],
                            [
                                55.247213,
                                25.068166
                            ],
                            [
                                55.248377,
                                25.068088
                            ]
                        ]
                    ]
                ]
            }
        },
        {
            "type": "Feature",
            "properties": {
                "observation_date": "2020-08-06",
                "source": "S2A_40RCN_20200806_1_L2A_TCI",
                "sensor_name": "Sentinel-2",
                "type": "observation",
                "current_phase": "Active Construction",
                "is_occluded": "False",
                "is_site_boundary": "True",
                "score": 1.0
            },
            "geometry": {
                "type": "MultiPolygon",
                "coordinates": [
                    [
                        [
                            [
                                55.248387,
                                25.068089
                            ],
                            [
                                55.248369,
                                25.067291
                            ],
                            [
                                55.248115,
                                25.067218
                            ],
                            [
                                55.247868,
                                25.067095
                            ],
                            [
                                55.24723,
                                25.067884
                            ],
                            [
                                55.247222,
                                25.068168
                            ],
                            [
                                55.248387,
                                25.068089
                            ]
                        ]
                    ]
                ]
            }
        },
        {
            "type": "Feature",
            "properties": {
                "observation_date": "2020-08-22",
                "source": "LC08_L1TP_160043_20200822_20200905_02_T1_TCI",
                "sensor_name": "Landsat 8",
                "type": "observation",
                "current_phase": "Active Construction",
                "is_occluded": "False",
                "is_site_boundary": "True",
                "score": 1.0
            },
            "geometry": {
                "type": "MultiPolygon",
                "coordinates": [
                    [
                        [
                            [
                                55.248392,
                                25.068094
                            ],
                            [
                                55.248375,
                                25.067295
                            ],
                            [
                                55.24812,
                                25.067223
                            ],
                            [
                                55.247874,
                                25.0671
                            ],
                            [
                                55.247236,
                                25.067888
                            ],
                            [
                                55.247228,
                                25.068172
                            ],
                            [
                                55.248392,
                                25.068094
                            ]
                        ]
                    ]
                ]
            }
        },
        {
            "type": "Feature",
            "properties": {
                "observation_date": "2020-09-05",
                "source": "S2A_40RCN_20200905_0_L2A_TCI",
                "sensor_name": "Sentinel-2",
                "type": "observation",
                "current_phase": "Active Construction",
                "is_occluded": "False",
                "is_site_boundary": "True",
                "score": 1.0
            },
            "geometry": {
                "type": "MultiPolygon",
                "coordinates": [
                    [
                        [
                            [
                                55.248403,
                                25.068095
                            ],
                            [
                                55.248385,
                                25.067296
                            ],
                            [
                                55.24813,
                                25.067223
                            ],
                            [
                                55.247884,
                                25.067101
                            ],
                            [
                                55.247245,
                                25.067889
                            ],
                            [
                                55.247238,
                                25.068173
                            ],
                            [
                                55.248403,
                                25.068095
                            ]
                        ]
                    ]
                ]
            }
        },
        {
            "type": "Feature",
            "properties": {
                "observation_date": "2020-09-07",
                "source": "LC08_L1TP_160043_20200907_20200918_02_T1_TCI",
                "sensor_name": "Landsat 8",
                "type": "observation",
                "current_phase": "Active Construction",
                "is_occluded": "False",
                "is_site_boundary": "True",
                "score": 1.0
            },
            "geometry": {
                "type": "MultiPolygon",
                "coordinates": [
                    [
                        [
                            [
                                55.248408,
                                25.068099
                            ],
                            [
                                55.24839,
                                25.067301
                            ],
                            [
                                55.248136,
                                25.067228
                            ],
                            [
                                55.247889,
                                25.067105
                            ],
                            [
                                55.247251,
                                25.067894
                            ],
                            [
                                55.247244,
                                25.068177
                            ],
                            [
                                55.248408,
                                25.068099
                            ]
                        ]
                    ]
                ]
            }
        },
        {
            "type": "Feature",
            "properties": {
                "observation_date": "2020-09-10",
                "source": "20SEP10064315-M1BS-014464473010_01_P004",
                "sensor_name": "WorldView",
                "type": "observation",
                "current_phase": "Active Construction",
                "is_occluded": "False",
                "is_site_boundary": "True",
                "score": 1.0
            },
            "geometry": {
                "type": "MultiPolygon",
                "coordinates": [
                    [
                        [
                            [
                                55.248399,
                                25.068089
                            ],
                            [
                                55.248381,
                                25.067287
                            ],
                            [
                                55.248128,
                                25.067214
                            ],
                            [
                                55.247882,
                                25.067091
                            ],
                            [
                                55.247247,
                                25.067882
                            ],
                            [
                                55.247239,
                                25.068167
                            ],
                            [
                                55.248399,
                                25.068089
                            ]
                        ]
                    ]
                ]
            }
        },
        {
            "type": "Feature",
            "properties": {
                "observation_date": "2020-10-07",
                "source": "20OCT07071050-P1BS-014466698010_01_P001",
                "sensor_name": "WorldView",
                "type": "observation",
                "current_phase": "Active Construction",
                "is_occluded": "False",
                "is_site_boundary": "True",
                "score": 1.0
            },
            "geometry": {
                "type": "MultiPolygon",
                "coordinates": [
                    [
                        [
                            [
                                55.248393,
                                25.068078
                            ],
                            [
                                55.248375,
                                25.067276
                            ],
                            [
                                55.248122,
                                25.067203
                            ],
                            [
                                55.247876,
                                25.06708
                            ],
                            [
                                55.247241,
                                25.067872
                            ],
                            [
                                55.247233,
                                25.068157
                            ],
                            [
                                55.248393,
                                25.068078
                            ]
                        ]
                    ]
                ]
            }
        },
        {
            "type": "Feature",
            "properties": {
                "observation_date": "2020-10-09",
                "source": "LC08_L1TP_160043_20201009_20201016_02_T1_TCI",
                "sensor_name": "Landsat 8",
                "type": "observation",
                "current_phase": "Active Construction",
                "is_occluded": "False",
                "is_site_boundary": "True",
                "score": 1.0
            },
            "geometry": {
                "type": "MultiPolygon",
                "coordinates": [
                    [
                        [
                            [
                                55.248407,
                                25.068089
                            ],
                            [
                                55.248389,
                                25.06729
                            ],
                            [
                                55.248135,
                                25.067218
                            ],
                            [
                                55.247888,
                                25.067095
                            ],
                            [
                                55.24725,
                                25.067883
                            ],
                            [
                                55.247243,
                                25.068167
                            ],
                            [
                                55.248407,
                                25.068089
                            ]
                        ]
                    ]
                ]
            }
        },
        {
            "type": "Feature",
            "properties": {
                "observation_date": "2020-10-15",
                "source": "S2A_40RCN_20201015_0_L2A_TCI",
                "sensor_name": "Sentinel-2",
                "type": "observation",
                "current_phase": "Active Construction",
                "is_occluded": "False",
                "is_site_boundary": "True",
                "score": 1.0
            },
            "geometry": {
                "type": "MultiPolygon",
                "coordinates": [
                    [
                        [
                            [
                                55.248407,
                                25.068084
                            ],
                            [
                                55.248389,
                                25.067286
                            ],
                            [
                                55.248134,
                                25.067213
                            ],
                            [
                                55.247888,
                                25.06709
                            ],
                            [
                                55.247249,
                                25.067879
                            ],
                            [
                                55.247242,
                                25.068162
                            ],
                            [
                                55.248407,
                                25.068084
                            ]
                        ]
                    ]
                ]
            }
        },
        {
            "type": "Feature",
            "properties": {
                "observation_date": "2020-11-26",
                "source": "LC08_L1TP_160043_20201126_20210316_02_T1_TCI",
                "sensor_name": "Landsat 8",
                "type": "observation",
                "current_phase": "Active Construction",
                "is_occluded": "False",
                "is_site_boundary": "True",
                "score": 1.0
            },
            "geometry": {
                "type": "MultiPolygon",
                "coordinates": [
                    [
                        [
                            [
                                55.248409,
                                25.068084
                            ],
                            [
                                55.248391,
                                25.067285
                            ],
                            [
                                55.248137,
                                25.067213
                            ],
                            [
                                55.24789,
                                25.06709
                            ],
                            [
                                55.247252,
                                25.067878
                            ],
                            [
                                55.247244,
                                25.068162
                            ],
                            [
                                55.248409,
                                25.068084
                            ]
                        ]
                    ]
                ]
            }
        },
        {
            "type": "Feature",
            "properties": {
                "observation_date": "2020-11-29",
                "source": "S2B_40RCN_20201129_0_L2A_TCI",
                "sensor_name": "Sentinel-2",
                "type": "observation",
                "current_phase": "Active Construction",
                "is_occluded": "False",
                "is_site_boundary": "True",
                "score": 1.0
            },
            "geometry": {
                "type": "MultiPolygon",
                "coordinates": [
                    [
                        [
                            [
                                55.248416,
                                25.06808
                            ],
                            [
                                55.248398,
                                25.067281
                            ],
                            [
                                55.248144,
                                25.067208
                            ],
                            [
                                55.247897,
                                25.067086
                            ],
                            [
                                55.247258,
                                25.067874
                            ],
                            [
                                55.247251,
                                25.068158
                            ],
                            [
                                55.248416,
                                25.06808
                            ]
                        ]
                    ]
                ]
            }
        },
        {
            "type": "Feature",
            "properties": {
                "observation_date": "2020-12-14",
                "source": "S2A_40RCN_20201214_0_L2A_TCI",
                "sensor_name": "Sentinel-2",
                "type": "observation",
                "current_phase": "Active Construction",
                "is_occluded": "False",
                "is_site_boundary": "True",
                "score": 1.0
            },
            "geometry": {
                "type": "MultiPolygon",
                "coordinates": [
                    [
                        [
                            [
                                55.248425,
                                25.068075
                            ],
                            [
                                55.248407,
                                25.067276
                            ],
                            [
                                55.248153,
                                25.067204
                            ],
                            [
                                55.247906,
                                25.067081
                            ],
                            [
                                55.247268,
                                25.06787
                            ],
                            [
                                55.24726,
                                25.068153
                            ],
                            [
                                55.248425,
                                25.068075
                            ]
                        ]
                    ]
                ]
            }
        },
        {
            "type": "Feature",
            "properties": {
                "observation_date": "2021-01-13",
                "source": "LC08_L1TP_160043_20210113_20210308_02_T1_TCI",
                "sensor_name": "Landsat 8",
                "type": "observation",
                "current_phase": "Active Construction",
                "is_occluded": "False",
                "is_site_boundary": "True",
                "score": 1.0
            },
            "geometry": {
                "type": "MultiPolygon",
                "coordinates": [
                    [
                        [
                            [
                                55.248427,
                                25.068075
                            ],
                            [
                                55.248409,
                                25.067276
                            ],
                            [
                                55.248155,
                                25.067203
                            ],
                            [
                                55.247908,
                                25.067081
                            ],
                            [
                                55.24727,
                                25.067869
                            ],
                            [
                                55.247263,
                                25.068153
                            ],
                            [
                                55.248427,
                                25.068075
                            ]
                        ]
                    ]
                ]
            }
        },
        {
            "type": "Feature",
            "properties": {
                "observation_date": "2021-01-18",
                "source": "S2B_40RCN_20210118_0_L2A_TCI",
                "sensor_name": "Sentinel-2",
                "type": "observation",
                "current_phase": "Active Construction",
                "is_occluded": "False",
                "is_site_boundary": "True",
                "score": 1.0
            },
            "geometry": {
                "type": "MultiPolygon",
                "coordinates": [
                    [
                        [
                            [
                                55.248434,
                                25.068071
                            ],
                            [
                                55.248416,
                                25.067272
                            ],
                            [
                                55.248162,
                                25.067199
                            ],
                            [
                                55.247915,
                                25.067076
                            ],
                            [
                                55.247277,
                                25.067865
                            ],
                            [
                                55.247269,
                                25.068149
                            ],
                            [
                                55.248434,
                                25.068071
                            ]
                        ]
                    ]
                ]
            }
        },
        {
            "type": "Feature",
            "properties": {
                "observation_date": "2021-02-14",
                "source": "LC08_L1TP_160043_20210214_20210301_02_T1_TCI",
                "sensor_name": "Landsat 8",
                "type": "observation",
                "current_phase": "Active Construction",
                "is_occluded": "False",
                "is_site_boundary": "True",
                "score": 1.0
            },
            "geometry": {
                "type": "MultiPolygon",
                "coordinates": [
                    [
                        [
                            [
                                55.248436,
                                25.06807
                            ],
                            [
                                55.248418,
                                25.067272
                            ],
                            [
                                55.248164,
                                25.067199
                            ],
                            [
                                55.247917,
                                25.067076
                            ],
                            [
                                55.247279,
                                25.067864
                            ],
                            [
                                55.247272,
                                25.068148
                            ],
                            [
                                55.248436,
                                25.06807
                            ]
                        ]
                    ]
                ]
            }
        },
        {
            "type": "Feature",
            "properties": {
                "observation_date": "2021-02-17",
                "source": "S2B_40RCN_20210217_0_L2A_TCI",
                "sensor_name": "Sentinel-2",
                "type": "observation",
                "current_phase": "Active Construction",
                "is_occluded": "False",
                "is_site_boundary": "True",
                "score": 1.0
            },
            "geometry": {
                "type": "MultiPolygon",
                "coordinates": [
                    [
                        [
                            [
                                55.248443,
                                25.068066
                            ],
                            [
                                55.248425,
                                25.067267
                            ],
                            [
                                55.248171,
                                25.067195
                            ],
                            [
                                55.247924,
                                25.067072
                            ],
                            [
                                55.247286,
                                25.06786
                            ],
                            [
                                55.247278,
                                25.068144
                            ],
                            [
                                55.248443,
                                25.068066
                            ]
                        ]
                    ]
                ]
            }
        },
        {
            "type": "Feature",
            "properties": {
                "observation_date": "2021-02-24",
                "source": "21FEB24071355-M1BS-014466653010_01_P002",
                "sensor_name": "WorldView",
                "type": "observation",
                "current_phase": "Active Construction",
                "is_occluded": "False",
                "is_site_boundary": "True",
                "score": 1.0
            },
            "geometry": {
                "type": "MultiPolygon",
                "coordinates": [
                    [
                        [
                            [
                                55.248428,
                                25.068052
                            ],
                            [
                                55.248411,
                                25.06725
                            ],
                            [
                                55.248157,
                                25.067177
                            ],
                            [
                                55.247912,
                                25.067054
                            ],
                            [
                                55.247276,
                                25.067846
                            ],
                            [
                                55.247269,
                                25.068131
                            ],
                            [
                                55.248428,
                                25.068052
                            ]
                        ]
                    ]
                ]
            }
        },
        {
            "type": "Feature",
            "properties": {
                "observation_date": "2021-03-15",
                "source": "21MAR15071252-P1BS-014466692010_01_P005",
                "sensor_name": "WorldView",
                "type": "observation",
                "current_phase": "Active Construction",
                "is_occluded": "False",
                "is_site_boundary": "True",
                "score": 1.0
            },
            "geometry": {
                "type": "MultiPolygon",
                "coordinates": [
                    [
                        [
                            [
                                55.248399,
                                25.068073
                            ],
                            [
                                55.248381,
                                25.067271
                            ],
                            [
                                55.248128,
                                25.067198
                            ],
                            [
                                55.247882,
                                25.067075
                            ],
                            [
                                55.247247,
                                25.067867
                            ],
                            [
                                55.247239,
                                25.068152
                            ],
                            [
                                55.248399,
                                25.068073
                            ]
                        ]
                    ]
                ]
            }
        },
        {
            "type": "Feature",
            "properties": {
                "observation_date": "2021-03-18",
                "source": "LC08_L1TP_160043_20210318_20210328_02_T1_TCI",
                "sensor_name": "Landsat 8",
                "type": "observation",
                "current_phase": "Active Construction",
                "is_occluded": "False",
                "is_site_boundary": "True",
                "score": 1.0
            },
            "geometry": {
                "type": "MultiPolygon",
                "coordinates": [
                    [
                        [
                            [
                                55.248418,
                                25.068086
                            ],
                            [
                                55.2484,
                                25.067288
                            ],
                            [
                                55.248146,
                                25.067215
                            ],
                            [
                                55.247899,
                                25.067092
                            ],
                            [
                                55.247261,
                                25.067881
                            ],
                            [
                                55.247253,
                                25.068164
                            ],
                            [
                                55.248418,
                                25.068086
                            ]
                        ]
                    ]
                ]
            }
        },
        {
            "type": "Feature",
            "properties": {
                "observation_date": "2021-03-24",
                "source": "S2A_40RCN_20210324_0_L2A_TCI",
                "sensor_name": "Sentinel-2",
                "type": "observation",
                "current_phase": "Active Construction",
                "is_occluded": "False",
                "is_site_boundary": "True",
                "score": 1.0
            },
            "geometry": {
                "type": "MultiPolygon",
                "coordinates": [
                    [
                        [
                            [
                                55.248422,
                                25.068085
                            ],
                            [
                                55.248404,
                                25.067286
                            ],
                            [
                                55.24815,
                                25.067213
                            ],
                            [
                                55.247903,
                                25.06709
                            ],
                            [
                                55.247265,
                                25.067879
                            ],
                            [
                                55.247257,
                                25.068163
                            ],
                            [
                                55.248422,
                                25.068085
                            ]
                        ]
                    ]
                ]
            }
        },
        {
            "type": "Feature",
            "properties": {
                "observation_date": "2021-03-27",
                "source": "21MAR27070023-P1BS-014466658010_01_P005",
                "sensor_name": "WorldView",
                "type": "observation",
                "current_phase": "Active Construction",
                "is_occluded": "False",
                "is_site_boundary": "True",
                "score": 1.0
            },
            "geometry": {
                "type": "MultiPolygon",
                "coordinates": [
                    [
                        [
                            [
                                55.248404,
                                25.068073
                            ],
                            [
                                55.248387,
                                25.067271
                            ],
                            [
                                55.248133,
                                25.067198
                            ],
                            [
                                55.247888,
                                25.067075
                            ],
                            [
                                55.247252,
                                25.067867
                            ],
                            [
                                55.247245,
                                25.068152
                            ],
                            [
                                55.248404,
                                25.068073
                            ]
                        ]
                    ]
                ]
            }
        },
        {
            "type": "Feature",
            "properties": {
                "observation_date": "2021-04-19",
                "source": "LC08_L1TP_160043_20210419_20210424_02_T1_TCI",
                "sensor_name": "Landsat 8",
                "type": "observation",
                "current_phase": "Active Construction",
                "is_occluded": "False",
                "is_site_boundary": "True",
                "score": 1.0
            },
            "geometry": {
                "type": "MultiPolygon",
                "coordinates": [
                    [
                        [
                            [
                                55.248423,
                                25.068086
                            ],
                            [
                                55.248405,
                                25.067288
                            ],
                            [
                                55.248151,
                                25.067215
                            ],
                            [
                                55.247904,
                                25.067092
                            ],
                            [
                                55.247266,
                                25.067881
                            ],
                            [
                                55.247259,
                                25.068164
                            ],
                            [
                                55.248423,
                                25.068086
                            ]
                        ]
                    ]
                ]
            }
        },
        {
            "type": "Feature",
            "properties": {
                "observation_date": "2021-04-20",
                "source": "21APR20065915-P1BS-014464509010_01_P004",
                "sensor_name": "WorldView",
                "type": "observation",
                "current_phase": "Active Construction",
                "is_occluded": "False",
                "is_site_boundary": "True",
                "score": 1.0
            },
            "geometry": {
                "type": "MultiPolygon",
                "coordinates": [
                    [
                        [
                            [
                                55.248408,
                                25.068073
                            ],
                            [
                                55.24839,
                                25.067271
                            ],
                            [
                                55.248137,
                                25.067198
                            ],
                            [
                                55.247891,
                                25.067075
                            ],
                            [
                                55.247256,
                                25.067867
                            ],
                            [
                                55.247248,
                                25.068152
                            ],
                            [
                                55.248408,
                                25.068073
                            ]
                        ]
                    ]
                ]
            }
        },
        {
            "type": "Feature",
            "properties": {
                "observation_date": "2021-04-23",
                "source": "S2A_40RCN_20210423_0_L2A_TCI",
                "sensor_name": "Sentinel-2",
                "type": "observation",
                "current_phase": "Active Construction",
                "is_occluded": "False",
                "is_site_boundary": "True",
                "score": 1.0
            },
            "geometry": {
                "type": "MultiPolygon",
                "coordinates": [
                    [
                        [
                            [
                                55.248429,
                                25.068085
                            ],
                            [
                                55.248411,
                                25.067286
                            ],
                            [
                                55.248157,
                                25.067213
                            ],
                            [
                                55.24791,
                                25.06709
                            ],
                            [
                                55.247272,
                                25.067879
                            ],
                            [
                                55.247264,
                                25.068163
                            ],
                            [
                                55.248429,
                                25.068085
                            ]
                        ]
                    ]
                ]
            }
        },
        {
            "type": "Feature",
            "properties": {
                "observation_date": "2021-05-05",
                "source": "LC08_L1TP_160043_20210505_20210517_02_T1_TCI",
                "sensor_name": "Landsat 8",
                "type": "observation",
                "current_phase": "Active Construction",
                "is_occluded": "False",
                "is_site_boundary": "True",
                "score": 1.0
            },
            "geometry": {
                "type": "MultiPolygon",
                "coordinates": [
                    [
                        [
                            [
                                55.248428,
                                25.068086
                            ],
                            [
                                55.248411,
                                25.067288
                            ],
                            [
                                55.248156,
                                25.067215
                            ],
                            [
                                55.24791,
                                25.067092
                            ],
                            [
                                55.247272,
                                25.067881
                            ],
                            [
                                55.247264,
                                25.068164
                            ],
                            [
                                55.248428,
                                25.068086
                            ]
                        ]
                    ]
                ]
            }
        },
        {
            "type": "Feature",
            "properties": {
                "observation_date": "2021-05-18",
                "source": "S2B_40RCN_20210518_0_L2A_TCI",
                "sensor_name": "Sentinel-2",
                "type": "observation",
                "current_phase": "Active Construction",
                "is_occluded": "False",
                "is_site_boundary": "True",
                "score": 1.0
            },
            "geometry": {
                "type": "MultiPolygon",
                "coordinates": [
                    [
                        [
                            [
                                55.248433,
                                25.068085
                            ],
                            [
                                55.248415,
                                25.067286
                            ],
                            [
                                55.24816,
                                25.067213
                            ],
                            [
                                55.247914,
                                25.06709
                            ],
                            [
                                55.247275,
                                25.067879
                            ],
                            [
                                55.247268,
                                25.068163
                            ],
                            [
                                55.248433,
                                25.068085
                            ]
                        ]
                    ]
                ]
            }
        },
        {
            "type": "Feature",
            "properties": {
                "observation_date": "2021-06-06",
                "source": "LC08_L1TP_160043_20210606_20210615_02_T1_TCI",
                "sensor_name": "Landsat 8",
                "type": "observation",
                "current_phase": "Active Construction",
                "is_occluded": "False",
                "is_site_boundary": "True",
                "score": 1.0
            },
            "geometry": {
                "type": "MultiPolygon",
                "coordinates": [
                    [
                        [
                            [
                                55.248432,
                                25.068086
                            ],
                            [
                                55.248414,
                                25.067288
                            ],
                            [
                                55.24816,
                                25.067215
                            ],
                            [
                                55.247913,
                                25.067093
                            ],
                            [
                                55.247275,
                                25.067881
                            ],
                            [
                                55.247268,
                                25.068164
                            ],
                            [
                                55.248432,
                                25.068086
                            ]
                        ]
                    ]
                ]
            }
        },
        {
            "type": "Feature",
            "properties": {
                "observation_date": "2021-06-22",
                "source": "S2A_40RCN_20210622_0_L2A_TCI",
                "sensor_name": "Sentinel-2",
                "type": "observation",
                "current_phase": "Active Construction",
                "is_occluded": "False",
                "is_site_boundary": "True",
                "score": 1.0
            },
            "geometry": {
                "type": "MultiPolygon",
                "coordinates": [
                    [
                        [
                            [
                                55.248436,
                                25.068085
                            ],
                            [
                                55.248418,
                                25.067286
                            ],
                            [
                                55.248164,
                                25.067213
                            ],
                            [
                                55.247917,
                                25.06709
                            ],
                            [
                                55.247279,
                                25.067879
                            ],
                            [
                                55.247271,
                                25.068163
                            ],
                            [
                                55.248436,
                                25.068085
                            ]
                        ]
                    ]
                ]
            }
        },
        {
            "type": "Feature",
            "properties": {
                "observation_date": "2021-07-07",
                "source": "S2B_40RCN_20210707_0_L2A_TCI",
                "sensor_name": "Sentinel-2",
                "type": "observation",
                "current_phase": "Active Construction",
                "is_occluded": "False",
                "is_site_boundary": "True",
                "score": 1.0
            },
            "geometry": {
                "type": "MultiPolygon",
                "coordinates": [
                    [
                        [
                            [
                                55.248438,
                                25.068085
                            ],
                            [
                                55.24842,
                                25.067286
                            ],
                            [
                                55.248166,
                                25.067213
                            ],
                            [
                                55.247919,
                                25.06709
                            ],
                            [
                                55.247281,
                                25.067879
                            ],
                            [
                                55.247273,
                                25.068163
                            ],
                            [
                                55.248438,
                                25.068085
                            ]
                        ]
                    ]
                ]
            }
        },
        {
            "type": "Feature",
            "properties": {
                "observation_date": "2021-08-11",
                "source": "S2A_40RCN_20210811_0_L2A_TCI",
                "sensor_name": "Sentinel-2",
                "type": "observation",
                "current_phase": "Active Construction",
                "is_occluded": "False",
                "is_site_boundary": "True",
                "score": 1.0
            },
            "geometry": {
                "type": "MultiPolygon",
                "coordinates": [
                    [
                        [
                            [
                                55.24844,
                                25.068085
                            ],
                            [
                                55.248422,
                                25.067286
                            ],
                            [
                                55.248168,
                                25.067213
                            ],
                            [
                                55.247921,
                                25.06709
                            ],
                            [
                                55.247282,
                                25.067879
                            ],
                            [
                                55.247275,
                                25.068163
                            ],
                            [
                                55.24844,
                                25.068085
                            ]
                        ]
                    ]
                ]
            }
        },
        {
            "type": "Feature",
            "properties": {
                "observation_date": "2021-08-12",
                "source": "21AUG12100146-P1BS-014469467010_01_P002",
                "sensor_name": "WorldView",
                "type": "observation",
                "current_phase": "Active Construction",
                "is_occluded": "False",
                "is_site_boundary": "True",
                "score": 1.0
            },
            "geometry": {
                "type": "MultiPolygon",
                "coordinates": [
                    [
                        [
                            [
                                55.248422,
                                25.068073
                            ],
                            [
                                55.248404,
                                25.067271
                            ],
                            [
                                55.248151,
                                25.067198
                            ],
                            [
                                55.247906,
                                25.067075
                            ],
                            [
                                55.24727,
                                25.067867
                            ],
                            [
                                55.247262,
                                25.068152
                            ],
                            [
                                55.248422,
                                25.068073
                            ]
                        ]
                    ]
                ]
            }
        },
        {
            "type": "Feature",
            "properties": {
                "observation_date": "2021-09-15",
                "source": "S2B_40RCN_20210915_0_L2A_TCI",
                "sensor_name": "Sentinel-2",
                "type": "observation",
                "current_phase": "Active Construction",
                "is_occluded": "False",
                "is_site_boundary": "True",
                "score": 1.0
            },
            "geometry": {
                "type": "MultiPolygon",
                "coordinates": [
                    [
                        [
                            [
                                55.248442,
                                25.068085
                            ],
                            [
                                55.248424,
                                25.067286
                            ],
                            [
                                55.248169,
                                25.067213
                            ],
                            [
                                55.247923,
                                25.06709
                            ],
                            [
                                55.247284,
                                25.067879
                            ],
                            [
                                55.247277,
                                25.068163
                            ],
                            [
                                55.248442,
                                25.068085
                            ]
                        ]
                    ]
                ]
            }
        },
        {
            "type": "Feature",
            "properties": {
                "observation_date": "2021-10-20",
                "source": "S2A_40RCN_20211020_0_L2A_TCI",
                "sensor_name": "Sentinel-2",
                "type": "observation",
                "current_phase": "Active Construction",
                "is_occluded": "False",
                "is_site_boundary": "True",
                "score": 1.0
            },
            "geometry": {
                "type": "MultiPolygon",
                "coordinates": [
                    [
                        [
                            [
                                55.248442,
                                25.068085
                            ],
                            [
                                55.248424,
                                25.067286
                            ],
                            [
                                55.248169,
                                25.067213
                            ],
                            [
                                55.247923,
                                25.06709
                            ],
                            [
                                55.247284,
                                25.067879
                            ],
                            [
                                55.247277,
                                25.068163
                            ],
                            [
                                55.248442,
                                25.068085
                            ]
                        ]
                    ]
                ]
            }
        },
        {
            "type": "Feature",
            "properties": {
                "observation_date": "2021-11-29",
                "source": "S2A_40RCN_20211129_0_L2A_TCI",
                "sensor_name": "Sentinel-2",
                "type": "observation",
                "current_phase": "Unknown",
                "is_occluded": "False",
                "is_site_boundary": "True",
                "score": 1.0
            },
            "geometry": {
                "type": "MultiPolygon",
                "coordinates": [
                    [
                        [
                            [
                                55.248401,
                                25.068084
                            ],
                            [
                                55.248383,
                                25.067285
                            ],
                            [
                                55.248129,
                                25.067213
                            ],
                            [
                                55.247882,
                                25.06709
                            ],
                            [
                                55.247243,
                                25.067879
                            ],
                            [
                                55.247236,
                                25.068162
                            ],
                            [
                                55.248401,
                                25.068084
                            ]
                        ]
                    ]
                ]
            }
        },
        {
            "type": "Feature",
            "properties": {
                "observation_date": "2021-12-09",
                "source": "S2A_40RCN_20211209_0_L2A_TCI",
                "sensor_name": "Sentinel-2",
                "type": "observation",
                "current_phase": "Unknown",
                "is_occluded": "False",
                "is_site_boundary": "True",
                "score": 1.0
            },
            "geometry": {
                "type": "MultiPolygon",
                "coordinates": [
                    [
                        [
                            [
                                55.248395,
                                25.068089
                            ],
                            [
                                55.248377,
                                25.067291
                            ],
                            [
                                55.248123,
                                25.067218
                            ],
                            [
                                55.247876,
                                25.067095
                            ],
                            [
                                55.247238,
                                25.067884
                            ],
                            [
                                55.24723,
                                25.068168
                            ],
                            [
                                55.248395,
                                25.068089
                            ]
                        ]
                    ]
                ]
            }
        },
        {
            "type": "Feature",
            "properties": {
                "observation_date": "2022-01-08",
                "source": "S2A_40RCN_20220108_0_L2A_TCI",
                "sensor_name": "Sentinel-2",
                "type": "observation",
                "current_phase": "Unknown",
                "is_occluded": "False",
                "is_site_boundary": "True",
                "score": 1.0
            },
            "geometry": {
                "type": "MultiPolygon",
                "coordinates": [
                    [
                        [
                            [
                                55.248389,
                                25.068095
                            ],
                            [
                                55.248371,
                                25.067296
                            ],
                            [
                                55.248117,
                                25.067223
                            ],
                            [
                                55.24787,
                                25.0671
                            ],
                            [
                                55.247232,
                                25.067889
                            ],
                            [
                                55.247224,
                                25.068173
                            ],
                            [
                                55.248389,
                                25.068095
                            ]
                        ]
                    ]
                ]
            }
        },
        {
            "type": "Feature",
            "properties": {
                "observation_date": "2022-02-02",
                "source": "S2B_40RCN_20220202_0_L2A_TCI",
                "sensor_name": "Sentinel-2",
                "type": "observation",
                "current_phase": "Unknown",
                "is_occluded": "False",
                "is_site_boundary": "True",
                "score": 1.0
            },
            "geometry": {
                "type": "MultiPolygon",
                "coordinates": [
                    [
                        [
                            [
                                55.248383,
                                25.0681
                            ],
                            [
                                55.248365,
                                25.067301
                            ],
                            [
                                55.248111,
                                25.067228
                            ],
                            [
                                55.247864,
                                25.067106
                            ],
                            [
                                55.247226,
                                25.067894
                            ],
                            [
                                55.247218,
                                25.068178
                            ],
                            [
                                55.248383,
                                25.0681
                            ]
                        ]
                    ]
                ]
            }
        },
        {
            "type": "Feature",
            "properties": {
                "observation_date": "2022-03-09",
                "source": "S2A_40RCN_20220309_0_L2A_TCI",
                "sensor_name": "Sentinel-2",
                "type": "observation",
                "current_phase": "Unknown",
                "is_occluded": "False",
                "is_site_boundary": "True",
                "score": 1.0
            },
            "geometry": {
                "type": "MultiPolygon",
                "coordinates": [
                    [
                        [
                            [
                                55.248377,
                                25.068105
                            ],
                            [
                                55.248359,
                                25.067306
                            ],
                            [
                                55.248105,
                                25.067234
                            ],
                            [
                                55.247858,
                                25.067111
                            ],
                            [
                                55.24722,
                                25.067899
                            ],
                            [
                                55.247212,
                                25.068183
                            ],
                            [
                                55.248377,
                                25.068105
                            ]
                        ]
                    ]
                ]
            }
        }
    ]
}