{
    "type": "FeatureCollection",
    "features": [
        {
            "type": "Feature",
            "properties": {
                "type": "site",
                "region_id": "AE_R002",
                "site_id": "AE_R002_0056",
                "version": "2.0.0",
                "status": "positive_annotated",
                "mgrs": "40RCN",
                "score": 1.0,
                "start_date": "2016-06-05",
                "end_date": "2021-12-09",
                "model_content": "annotation",
                "originator": "te",
                "validated": "True",
                "misc_info": {
                    "commit_hash": "dbdea3485a8eb34730f81ec01861c62e6358b0b5"
                }
            },
            "geometry": {
                "type": "Polygon",
                "coordinates": [
                    [
                        [
                            55.237965,
                            25.059252
                        ],
                        [
                            55.23795,
                            25.05925
                        ],
                        [
                            55.237948,
                            25.059262
                        ],
                        [
                            55.237941,
                            25.059261
                        ],
                        [
                            55.237938,
                            25.059279
                        ],
                        [
                            55.237936,
                            25.059279
                        ],
                        [
                            55.237934,
                            25.059294
                        ],
                        [
                            55.237927,
                            25.059293
                        ],
                        [
                            55.237835,
                            25.05995
                        ],
                        [
                            55.237747,
                            25.060546
                        ],
                        [
                            55.237759,
                            25.060547
                        ],
                        [
                            55.237759,
                            25.060549
                        ],
                        [
                            55.237761,
                            25.060549
                        ],
                        [
                            55.23776,
                            25.060555
                        ],
                        [
                            55.237761,
                            25.060555
                        ],
                        [
                            55.23776,
                            25.060562
                        ],
                        [
                            55.237763,
                            25.060562
                        ],
                        [
                            55.237762,
                            25.060566
                        ],
                        [
                            55.237761,
                            25.060574
                        ],
                        [
                            55.237763,
                            25.060574
                        ],
                        [
                            55.237762,
                            25.06058
                        ],
                        [
                            55.237766,
                            25.06058
                        ],
                        [
                            55.237765,
                            25.060584
                        ],
                        [
                            55.237767,
                            25.060584
                        ],
                        [
                            55.237766,
                            25.06059
                        ],
                        [
                            55.237765,
                            25.060597
                        ],
                        [
                            55.237769,
                            25.060597
                        ],
                        [
                            55.237768,
                            25.060604
                        ],
                        [
                            55.237769,
                            25.060604
                        ],
                        [
                            55.237769,
                            25.060607
                        ],
                        [
                            55.238663,
                            25.060707
                        ],
                        [
                            55.23865,
                            25.060772
                        ],
                        [
                            55.238665,
                            25.060778
                        ],
                        [
                            55.238663,
                            25.060787
                        ],
                        [
                            55.238667,
                            25.060788
                        ],
                        [
                            55.238666,
                            25.060791
                        ],
                        [
                            55.238665,
                            25.060798
                        ],
                        [
                            55.238667,
                            25.060799
                        ],
                        [
                            55.238666,
                            25.060804
                        ],
                        [
                            55.23867,
                            25.060805
                        ],
                        [
                            55.238669,
                            25.060808
                        ],
                        [
                            55.238671,
                            25.060809
                        ],
                        [
                            55.23867,
                            25.060814
                        ],
                        [
                            55.238669,
                            25.060821
                        ],
                        [
                            55.238673,
                            25.060823
                        ],
                        [
                            55.238672,
                            25.060828
                        ],
                        [
                            55.238673,
                            25.060829
                        ],
                        [
                            55.238673,
                            25.060831
                        ],
                        [
                            55.239862,
                            25.061273
                        ],
                        [
                            55.240026,
                            25.061114
                        ],
                        [
                            55.240054,
                            25.061124
                        ],
                        [
                            55.240368,
                            25.060821
                        ],
                        [
                            55.240236,
                            25.059751
                        ],
                        [
                            55.240203,
                            25.059749
                        ],
                        [
                            55.240202,
                            25.059744
                        ],
                        [
                            55.240175,
                            25.059742
                        ],
                        [
                            55.240174,
                            25.059733
                        ],
                        [
                            55.240143,
                            25.059731
                        ],
                        [
                            55.240142,
                            25.059724
                        ],
                        [
                            55.240109,
                            25.059722
                        ],
                        [
                            55.240108,
                            25.059717
                        ],
                        [
                            55.240092,
                            25.059716
                        ],
                        [
                            55.240092,
                            25.059713
                        ],
                        [
                            55.240083,
                            25.059712
                        ],
                        [
                            55.240081,
                            25.059712
                        ],
                        [
                            55.24008,
                            25.059706
                        ],
                        [
                            55.239075,
                            25.059635
                        ],
                        [
                            55.239128,
                            25.05935
                        ],
                        [
                            55.239064,
                            25.059338
                        ],
                        [
                            55.239065,
                            25.059332
                        ],
                        [
                            55.239034,
                            25.059326
                        ],
                        [
                            55.239034,
                            25.059324
                        ],
                        [
                            55.239001,
                            25.059317
                        ],
                        [
                            55.238983,
                            25.059314
                        ],
                        [
                            55.238983,
                            25.059313
                        ],
                        [
                            55.238971,
                            25.059311
                        ],
                        [
                            55.238972,
                            25.059306
                        ],
                        [
                            55.238825,
                            25.059277
                        ],
                        [
                            55.237985,
                            25.059167
                        ],
                        [
                            55.237975,
                            25.059242
                        ],
                        [
                            55.237967,
                            25.059241
                        ],
                        [
                            55.237965,
                            25.059252
                        ]
                    ]
                ]
            }
        },
        {
            "type": "Feature",
            "properties": {
                "observation_date": "2016-06-05",
                "source": "16JUN05100242-P1BS-500346917010_05_P005",
                "sensor_name": "WorldView",
                "type": "observation",
                "current_phase": "No Activity",
                "is_occluded": "False",
                "is_site_boundary": "True",
                "score": 1.0
            },
            "geometry": {
                "type": "MultiPolygon",
                "coordinates": [
                    [
                        [
                            [
                                55.240182,
                                25.06088
                            ],
                            [
                                55.24005,
                                25.059803
                            ],
                            [
                                55.238884,
                                25.059719
                            ],
                            [
                                55.238942,
                                25.059401
                            ],
                            [
                                55.238795,
                                25.059372
                            ],
                            [
                                55.237957,
                                25.059261
                            ],
                            [
                                55.237865,
                                25.059919
                            ],
                            [
                                55.237777,
                                25.060515
                            ],
                            [
                                55.238704,
                                25.060621
                            ],
                            [
                                55.23868,
                                25.060741
                            ],
                            [
                                55.239868,
                                25.061185
                            ],
                            [
                                55.240182,
                                25.06088
                            ]
                        ]
                    ]
                ]
            }
        },
        {
            "type": "Feature",
            "properties": {
                "observation_date": "2016-06-18",
                "source": "S2A_40RCN_20160618_0_L1C_TCI",
                "sensor_name": "Sentinel-2",
                "type": "observation",
                "current_phase": "No Activity",
                "is_occluded": "False",
                "is_site_boundary": "True",
                "score": 1.0
            },
            "geometry": {
                "type": "MultiPolygon",
                "coordinates": [
                    [
                        [
                            [
                                55.240188,
                                25.060895
                            ],
                            [
                                55.240056,
                                25.059824
                            ],
                            [
                                55.238889,
                                25.059741
                            ],
                            [
                                55.238947,
                                25.059424
                            ],
                            [
                                55.2388,
                                25.059395
                            ],
                            [
                                55.237961,
                                25.059285
                            ],
                            [
                                55.237869,
                                25.059939
                            ],
                            [
                                55.237781,
                                25.060532
                            ],
                            [
                                55.238709,
                                25.060637
                            ],
                            [
                                55.238685,
                                25.060757
                            ],
                            [
                                55.239874,
                                25.061198
                            ],
                            [
                                55.240188,
                                25.060895
                            ]
                        ]
                    ]
                ]
            }
        },
        {
            "type": "Feature",
            "properties": {
                "observation_date": "2016-06-24",
                "source": "LC08_L1TP_160043_20160624_20200906_02_T1_TCI",
                "sensor_name": "Landsat 8",
                "type": "observation",
                "current_phase": "No Activity",
                "is_occluded": "False",
                "is_site_boundary": "True",
                "score": 1.0
            },
            "geometry": {
                "type": "MultiPolygon",
                "coordinates": [
                    [
                        [
                            [
                                55.240186,
                                25.060892
                            ],
                            [
                                55.240054,
                                25.059823
                            ],
                            [
                                55.238888,
                                25.059739
                            ],
                            [
                                55.238947,
                                25.059422
                            ],
                            [
                                55.238799,
                                25.059394
                            ],
                            [
                                55.23796,
                                25.059284
                            ],
                            [
                                55.237869,
                                25.059937
                            ],
                            [
                                55.23778,
                                25.06053
                            ],
                            [
                                55.238708,
                                25.060635
                            ],
                            [
                                55.238684,
                                25.060754
                            ],
                            [
                                55.239872,
                                25.061196
                            ],
                            [
                                55.240186,
                                25.060892
                            ]
                        ]
                    ]
                ]
            }
        },
        {
            "type": "Feature",
            "properties": {
                "observation_date": "2016-07-08",
                "source": "S2A_40RCN_20160708_0_L1C_TCI",
                "sensor_name": "Sentinel-2",
                "type": "observation",
                "current_phase": "No Activity",
                "is_occluded": "False",
                "is_site_boundary": "True",
                "score": 1.0
            },
            "geometry": {
                "type": "MultiPolygon",
                "coordinates": [
                    [
                        [
                            [
                                55.240191,
                                25.060887
                            ],
                            [
                                55.240059,
                                25.059817
                            ],
                            [
                                55.238892,
                                25.059733
                            ],
                            [
                                55.23895,
                                25.059416
                            ],
                            [
                                55.238803,
                                25.059388
                            ],
                            [
                                55.237964,
                                25.059278
                            ],
                            [
                                55.237872,
                                25.059931
                            ],
                            [
                                55.237783,
                                25.060524
                            ],
                            [
                                55.238712,
                                25.060629
                            ],
                            [
                                55.238688,
                                25.060749
                            ],
                            [
                                55.239877,
                                25.06119
                            ],
                            [
                                55.240191,
                                25.060887
                            ]
                        ]
                    ]
                ]
            }
        },
        {
            "type": "Feature",
            "properties": {
                "observation_date": "2016-07-10",
                "source": "LC08_L1TP_160043_20160710_20200906_02_T1_TCI",
                "sensor_name": "Landsat 8",
                "type": "observation",
                "current_phase": "No Activity",
                "is_occluded": "False",
                "is_site_boundary": "True",
                "score": 1.0
            },
            "geometry": {
                "type": "MultiPolygon",
                "coordinates": [
                    [
                        [
                            [
                                55.240189,
                                25.060885
                            ],
                            [
                                55.240057,
                                25.059815
                            ],
                            [
                                55.238891,
                                25.059731
                            ],
                            [
                                55.238949,
                                25.059415
                            ],
                            [
                                55.238802,
                                25.059386
                            ],
                            [
                                55.237963,
                                25.059276
                            ],
                            [
                                55.237872,
                                25.05993
                            ],
                            [
                                55.237783,
                                25.060522
                            ],
                            [
                                55.238711,
                                25.060627
                            ],
                            [
                                55.238687,
                                25.060747
                            ],
                            [
                                55.239875,
                                25.061188
                            ],
                            [
                                55.240189,
                                25.060885
                            ]
                        ]
                    ]
                ]
            }
        },
        {
            "type": "Feature",
            "properties": {
                "observation_date": "2016-08-11",
                "source": "LC08_L1TP_160043_20160811_20200906_02_T1_TCI",
                "sensor_name": "Landsat 8",
                "type": "observation",
                "current_phase": "No Activity",
                "is_occluded": "False",
                "is_site_boundary": "True",
                "score": 1.0
            },
            "geometry": {
                "type": "MultiPolygon",
                "coordinates": [
                    [
                        [
                            [
                                55.240191,
                                25.060881
                            ],
                            [
                                55.240059,
                                25.059811
                            ],
                            [
                                55.238893,
                                25.059728
                            ],
                            [
                                55.238951,
                                25.059411
                            ],
                            [
                                55.238804,
                                25.059383
                            ],
                            [
                                55.237965,
                                25.059272
                            ],
                            [
                                55.237873,
                                25.059926
                            ],
                            [
                                55.237785,
                                25.060519
                            ],
                            [
                                55.238712,
                                25.060623
                            ],
                            [
                                55.238689,
                                25.060743
                            ],
                            [
                                55.239877,
                                25.061184
                            ],
                            [
                                55.240191,
                                25.060881
                            ]
                        ]
                    ]
                ]
            }
        },
        {
            "type": "Feature",
            "properties": {
                "observation_date": "2016-08-13",
                "source": "16AUG13071752-M1BS-014855172010_01_P002",
                "sensor_name": "WorldView",
                "type": "observation",
                "current_phase": "No Activity",
                "is_occluded": "False",
                "is_site_boundary": "True",
                "score": 1.0
            },
            "geometry": {
                "type": "MultiPolygon",
                "coordinates": [
                    [
                        [
                            [
                                55.240193,
                                25.060859
                            ],
                            [
                                55.24006,
                                25.059782
                            ],
                            [
                                55.238895,
                                25.059698
                            ],
                            [
                                55.238953,
                                25.05938
                            ],
                            [
                                55.238806,
                                25.059351
                            ],
                            [
                                55.237967,
                                25.059241
                            ],
                            [
                                55.237875,
                                25.059898
                            ],
                            [
                                55.237787,
                                25.060494
                            ],
                            [
                                55.238714,
                                25.060599
                            ],
                            [
                                55.23869,
                                25.06072
                            ],
                            [
                                55.239879,
                                25.061164
                            ],
                            [
                                55.240193,
                                25.060859
                            ]
                        ]
                    ]
                ]
            }
        },
        {
            "type": "Feature",
            "properties": {
                "observation_date": "2016-09-12",
                "source": "LC08_L1TP_160043_20160912_20200906_02_T1_TCI",
                "sensor_name": "Landsat 8",
                "type": "observation",
                "current_phase": "Unknown",
                "is_occluded": "False",
                "is_site_boundary": "True",
                "score": 1.0
            },
            "geometry": {
                "type": "MultiPolygon",
                "coordinates": [
                    [
                        [
                            [
                                55.239853,
                                25.0612
                            ],
                            [
                                55.238665,
                                25.060759
                            ],
                            [
                                55.238689,
                                25.060639
                            ],
                            [
                                55.237761,
                                25.060535
                            ],
                            [
                                55.237941,
                                25.059289
                            ],
                            [
                                55.23878,
                                25.059399
                            ],
                            [
                                55.238927,
                                25.059427
                            ],
                            [
                                55.238869,
                                25.059744
                            ],
                            [
                                55.240035,
                                25.059827
                            ],
                            [
                                55.240167,
                                25.060897
                            ],
                            [
                                55.239853,
                                25.0612
                            ]
                        ]
                    ]
                ]
            }
        },
        {
            "type": "Feature",
            "properties": {
                "observation_date": "2016-09-23",
                "source": "16SEP23070107-M1BS-014855183010_01_P002",
                "sensor_name": "WorldView",
                "type": "observation",
                "current_phase": "Site Preparation",
                "is_occluded": "False",
                "is_site_boundary": "True",
                "score": 1.0
            },
            "geometry": {
                "type": "MultiPolygon",
                "coordinates": [
                    [
                        [
                            [
                                55.239853,
                                25.061184
                            ],
                            [
                                55.238665,
                                25.06074
                            ],
                            [
                                55.238689,
                                25.060619
                            ],
                            [
                                55.237761,
                                25.060514
                            ],
                            [
                                55.237941,
                                25.059261
                            ],
                            [
                                55.23878,
                                25.059371
                            ],
                            [
                                55.238927,
                                25.0594
                            ],
                            [
                                55.238869,
                                25.059719
                            ],
                            [
                                55.240035,
                                25.059803
                            ],
                            [
                                55.240167,
                                25.060879
                            ],
                            [
                                55.239853,
                                25.061184
                            ]
                        ]
                    ]
                ]
            }
        },
        {
            "type": "Feature",
            "properties": {
                "observation_date": "2016-09-26",
                "source": "S2A_40RCN_20160926_0_L1C_TCI",
                "sensor_name": "Sentinel-2",
                "type": "observation",
                "current_phase": "Unknown",
                "is_occluded": "False",
                "is_site_boundary": "True",
                "score": 1.0
            },
            "geometry": {
                "type": "MultiPolygon",
                "coordinates": [
                    [
                        [
                            [
                                55.240368,
                                25.060821
                            ],
                            [
                                55.240236,
                                25.059751
                            ],
                            [
                                55.239069,
                                25.059667
                            ],
                            [
                                55.239128,
                                25.05935
                            ],
                            [
                                55.23898,
                                25.059322
                            ],
                            [
                                55.238141,
                                25.059212
                            ],
                            [
                                55.23805,
                                25.059865
                            ],
                            [
                                55.237961,
                                25.060458
                            ],
                            [
                                55.238889,
                                25.060563
                            ],
                            [
                                55.238865,
                                25.060683
                            ],
                            [
                                55.240054,
                                25.061124
                            ],
                            [
                                55.240368,
                                25.060821
                            ]
                        ]
                    ]
                ]
            }
        },
        {
            "type": "Feature",
            "properties": {
                "observation_date": "2016-10-14",
                "source": "LC08_L1TP_160043_20161014_20200905_02_T1_TCI",
                "sensor_name": "Landsat 8",
                "type": "observation",
                "current_phase": "Unknown",
                "is_occluded": "False",
                "is_site_boundary": "True",
                "score": 1.0
            },
            "geometry": {
                "type": "MultiPolygon",
                "coordinates": [
                    [
                        [
                            [
                                55.240334,
                                25.060814
                            ],
                            [
                                55.240202,
                                25.059744
                            ],
                            [
                                55.239036,
                                25.05966
                            ],
                            [
                                55.239094,
                                25.059344
                            ],
                            [
                                55.238947,
                                25.059315
                            ],
                            [
                                55.238108,
                                25.059205
                            ],
                            [
                                55.238017,
                                25.059859
                            ],
                            [
                                55.237928,
                                25.060451
                            ],
                            [
                                55.238856,
                                25.060556
                            ],
                            [
                                55.238832,
                                25.060676
                            ],
                            [
                                55.24002,
                                25.061117
                            ],
                            [
                                55.240334,
                                25.060814
                            ]
                        ]
                    ]
                ]
            }
        },
        {
            "type": "Feature",
            "properties": {
                "observation_date": "2016-10-16",
                "source": "S2A_40RCN_20161016_0_L1C_TCI",
                "sensor_name": "Sentinel-2",
                "type": "observation",
                "current_phase": "Unknown",
                "is_occluded": "False",
                "is_site_boundary": "True",
                "score": 1.0
            },
            "geometry": {
                "type": "MultiPolygon",
                "coordinates": [
                    [
                        [
                            [
                                55.240306,
                                25.060803
                            ],
                            [
                                55.240174,
                                25.059733
                            ],
                            [
                                55.239007,
                                25.059649
                            ],
                            [
                                55.239065,
                                25.059332
                            ],
                            [
                                55.238918,
                                25.059304
                            ],
                            [
                                55.238079,
                                25.059194
                            ],
                            [
                                55.237987,
                                25.059847
                            ],
                            [
                                55.237898,
                                25.060441
                            ],
                            [
                                55.238827,
                                25.060545
                            ],
                            [
                                55.238803,
                                25.060665
                            ],
                            [
                                55.239992,
                                25.061107
                            ],
                            [
                                55.240306,
                                25.060803
                            ]
                        ]
                    ]
                ]
            }
        },
        {
            "type": "Feature",
            "properties": {
                "observation_date": "2016-11-05",
                "source": "S2A_40RCN_20161105_0_L1C_TCI",
                "sensor_name": "Sentinel-2",
                "type": "observation",
                "current_phase": "Unknown",
                "is_occluded": "False",
                "is_site_boundary": "True",
                "score": 1.0
            },
            "geometry": {
                "type": "MultiPolygon",
                "coordinates": [
                    [
                        [
                            [
                                55.240275,
                                25.060794
                            ],
                            [
                                55.240142,
                                25.059724
                            ],
                            [
                                55.238976,
                                25.05964
                            ],
                            [
                                55.239034,
                                25.059324
                            ],
                            [
                                55.238887,
                                25.059295
                            ],
                            [
                                55.238047,
                                25.059185
                            ],
                            [
                                55.237956,
                                25.059839
                            ],
                            [
                                55.237867,
                                25.060432
                            ],
                            [
                                55.238795,
                                25.060536
                            ],
                            [
                                55.238772,
                                25.060656
                            ],
                            [
                                55.23996,
                                25.061098
                            ],
                            [
                                55.240275,
                                25.060794
                            ]
                        ]
                    ]
                ]
            }
        },
        {
            "type": "Feature",
            "properties": {
                "observation_date": "2016-11-15",
                "source": "LC08_L1TP_160043_20161115_20200905_02_T1_TCI",
                "sensor_name": "Landsat 8",
                "type": "observation",
                "current_phase": "Unknown",
                "is_occluded": "False",
                "is_site_boundary": "True",
                "score": 1.0
            },
            "geometry": {
                "type": "MultiPolygon",
                "coordinates": [
                    [
                        [
                            [
                                55.240241,
                                25.060787
                            ],
                            [
                                55.240108,
                                25.059717
                            ],
                            [
                                55.238942,
                                25.059634
                            ],
                            [
                                55.239001,
                                25.059317
                            ],
                            [
                                55.238854,
                                25.059289
                            ],
                            [
                                55.238015,
                                25.059179
                            ],
                            [
                                55.237923,
                                25.059832
                            ],
                            [
                                55.237834,
                                25.060425
                            ],
                            [
                                55.238762,
                                25.060529
                            ],
                            [
                                55.238738,
                                25.060649
                            ],
                            [
                                55.239926,
                                25.06109
                            ],
                            [
                                55.240241,
                                25.060787
                            ]
                        ]
                    ]
                ]
            }
        },
        {
            "type": "Feature",
            "properties": {
                "observation_date": "2016-12-05",
                "source": "S2A_40RCN_20161205_0_L1C_TCI",
                "sensor_name": "Sentinel-2",
                "type": "observation",
                "current_phase": "Unknown",
                "is_occluded": "False",
                "is_site_boundary": "True",
                "score": 1.0
            },
            "geometry": {
                "type": "MultiPolygon",
                "coordinates": [
                    [
                        [
                            [
                                55.240212,
                                25.060776
                            ],
                            [
                                55.24008,
                                25.059706
                            ],
                            [
                                55.238913,
                                25.059623
                            ],
                            [
                                55.238972,
                                25.059306
                            ],
                            [
                                55.238825,
                                25.059277
                            ],
                            [
                                55.237985,
                                25.059167
                            ],
                            [
                                55.237894,
                                25.059821
                            ],
                            [
                                55.237805,
                                25.060414
                            ],
                            [
                                55.238733,
                                25.060518
                            ],
                            [
                                55.238709,
                                25.060638
                            ],
                            [
                                55.239898,
                                25.06108
                            ],
                            [
                                55.240212,
                                25.060776
                            ]
                        ]
                    ]
                ]
            }
        },
        {
            "type": "Feature",
            "properties": {
                "observation_date": "2016-12-17",
                "source": "LC08_L1TP_160043_20161217_20200905_02_T1_TCI",
                "sensor_name": "Landsat 8",
                "type": "observation",
                "current_phase": "Unknown",
                "is_occluded": "False",
                "is_site_boundary": "True",
                "score": 1.0
            },
            "geometry": {
                "type": "MultiPolygon",
                "coordinates": [
                    [
                        [
                            [
                                55.240215,
                                25.060782
                            ],
                            [
                                55.240083,
                                25.059712
                            ],
                            [
                                55.238917,
                                25.059629
                            ],
                            [
                                55.238975,
                                25.059312
                            ],
                            [
                                55.238828,
                                25.059283
                            ],
                            [
                                55.237989,
                                25.059173
                            ],
                            [
                                55.237898,
                                25.059827
                            ],
                            [
                                55.237809,
                                25.060419
                            ],
                            [
                                55.238737,
                                25.060524
                            ],
                            [
                                55.238713,
                                25.060644
                            ],
                            [
                                55.239901,
                                25.061085
                            ],
                            [
                                55.240215,
                                25.060782
                            ]
                        ]
                    ]
                ]
            }
        },
        {
            "type": "Feature",
            "properties": {
                "observation_date": "2017-01-04",
                "source": "S2A_40RCN_20170104_0_L2A_TCI",
                "sensor_name": "Sentinel-2",
                "type": "observation",
                "current_phase": "Unknown",
                "is_occluded": "False",
                "is_site_boundary": "True",
                "score": 1.0
            },
            "geometry": {
                "type": "MultiPolygon",
                "coordinates": [
                    [
                        [
                            [
                                55.240224,
                                25.060784
                            ],
                            [
                                55.240092,
                                25.059713
                            ],
                            [
                                55.238925,
                                25.05963
                            ],
                            [
                                55.238983,
                                25.059313
                            ],
                            [
                                55.238836,
                                25.059285
                            ],
                            [
                                55.237997,
                                25.059174
                            ],
                            [
                                55.237905,
                                25.059828
                            ],
                            [
                                55.237817,
                                25.060421
                            ],
                            [
                                55.238745,
                                25.060526
                            ],
                            [
                                55.238721,
                                25.060646
                            ],
                            [
                                55.23991,
                                25.061087
                            ],
                            [
                                55.240224,
                                25.060784
                            ]
                        ]
                    ]
                ]
            }
        },
        {
            "type": "Feature",
            "properties": {
                "observation_date": "2017-01-18",
                "source": "LC08_L1TP_160043_20170118_20200905_02_T1_TCI",
                "sensor_name": "Landsat 8",
                "type": "observation",
                "current_phase": "Unknown",
                "is_occluded": "False",
                "is_site_boundary": "True",
                "score": 1.0
            },
            "geometry": {
                "type": "MultiPolygon",
                "coordinates": [
                    [
                        [
                            [
                                55.240227,
                                25.060789
                            ],
                            [
                                55.240095,
                                25.059719
                            ],
                            [
                                55.238929,
                                25.059636
                            ],
                            [
                                55.238987,
                                25.059319
                            ],
                            [
                                55.23884,
                                25.059291
                            ],
                            [
                                55.238001,
                                25.059181
                            ],
                            [
                                55.237909,
                                25.059834
                            ],
                            [
                                55.237821,
                                25.060427
                            ],
                            [
                                55.238748,
                                25.060531
                            ],
                            [
                                55.238725,
                                25.060651
                            ],
                            [
                                55.239913,
                                25.061092
                            ],
                            [
                                55.240227,
                                25.060789
                            ]
                        ]
                    ]
                ]
            }
        },
        {
            "type": "Feature",
            "properties": {
                "observation_date": "2017-02-23",
                "source": "S2A_40RCN_20170223_0_L2A_TCI",
                "sensor_name": "Sentinel-2",
                "type": "observation",
                "current_phase": "Unknown",
                "is_occluded": "False",
                "is_site_boundary": "True",
                "score": 1.0
            },
            "geometry": {
                "type": "MultiPolygon",
                "coordinates": [
                    [
                        [
                            [
                                55.240236,
                                25.060791
                            ],
                            [
                                55.240103,
                                25.059721
                            ],
                            [
                                55.238937,
                                25.059637
                            ],
                            [
                                55.238995,
                                25.05932
                            ],
                            [
                                55.238848,
                                25.059292
                            ],
                            [
                                55.238008,
                                25.059182
                            ],
                            [
                                55.237917,
                                25.059835
                            ],
                            [
                                55.237828,
                                25.060428
                            ],
                            [
                                55.238756,
                                25.060533
                            ],
                            [
                                55.238732,
                                25.060653
                            ],
                            [
                                55.239921,
                                25.061094
                            ],
                            [
                                55.240236,
                                25.060791
                            ]
                        ]
                    ]
                ]
            }
        },
        {
            "type": "Feature",
            "properties": {
                "observation_date": "2017-03-07",
                "source": "LC08_L1TP_160043_20170307_20200905_02_T1_TCI",
                "sensor_name": "Landsat 8",
                "type": "observation",
                "current_phase": "Unknown",
                "is_occluded": "False",
                "is_site_boundary": "True",
                "score": 1.0
            },
            "geometry": {
                "type": "MultiPolygon",
                "coordinates": [
                    [
                        [
                            [
                                55.240238,
                                25.060796
                            ],
                            [
                                55.240106,
                                25.059727
                            ],
                            [
                                55.23894,
                                25.059643
                            ],
                            [
                                55.238999,
                                25.059326
                            ],
                            [
                                55.238851,
                                25.059298
                            ],
                            [
                                55.238012,
                                25.059188
                            ],
                            [
                                55.237921,
                                25.059841
                            ],
                            [
                                55.237832,
                                25.060434
                            ],
                            [
                                55.23876,
                                25.060538
                            ],
                            [
                                55.238736,
                                25.060658
                            ],
                            [
                                55.239924,
                                25.061099
                            ],
                            [
                                55.240238,
                                25.060796
                            ]
                        ]
                    ]
                ]
            }
        },
        {
            "type": "Feature",
            "properties": {
                "observation_date": "2017-03-15",
                "source": "S2A_40RCN_20170315_0_L2A_TCI",
                "sensor_name": "Sentinel-2",
                "type": "observation",
                "current_phase": "Unknown",
                "is_occluded": "False",
                "is_site_boundary": "True",
                "score": 1.0
            },
            "geometry": {
                "type": "MultiPolygon",
                "coordinates": [
                    [
                        [
                            [
                                55.240247,
                                25.060798
                            ],
                            [
                                55.240115,
                                25.059728
                            ],
                            [
                                55.238948,
                                25.059644
                            ],
                            [
                                55.239007,
                                25.059327
                            ],
                            [
                                55.238859,
                                25.059299
                            ],
                            [
                                55.23802,
                                25.059189
                            ],
                            [
                                55.237929,
                                25.059843
                            ],
                            [
                                55.23784,
                                25.060436
                            ],
                            [
                                55.238768,
                                25.06054
                            ],
                            [
                                55.238744,
                                25.06066
                            ],
                            [
                                55.239933,
                                25.061102
                            ],
                            [
                                55.240247,
                                25.060798
                            ]
                        ]
                    ]
                ]
            }
        },
        {
            "type": "Feature",
            "properties": {
                "observation_date": "2017-04-08",
                "source": "LC08_L1TP_160043_20170408_20200904_02_T1_TCI",
                "sensor_name": "Landsat 8",
                "type": "observation",
                "current_phase": "Unknown",
                "is_occluded": "False",
                "is_site_boundary": "True",
                "score": 1.0
            },
            "geometry": {
                "type": "MultiPolygon",
                "coordinates": [
                    [
                        [
                            [
                                55.24025,
                                25.060803
                            ],
                            [
                                55.240118,
                                25.059734
                            ],
                            [
                                55.238952,
                                25.05965
                            ],
                            [
                                55.23901,
                                25.059334
                            ],
                            [
                                55.238863,
                                25.059305
                            ],
                            [
                                55.238024,
                                25.059195
                            ],
                            [
                                55.237933,
                                25.059848
                            ],
                            [
                                55.237844,
                                25.060441
                            ],
                            [
                                55.238772,
                                25.060546
                            ],
                            [
                                55.238748,
                                25.060665
                            ],
                            [
                                55.239936,
                                25.061107
                            ],
                            [
                                55.24025,
                                25.060803
                            ]
                        ]
                    ]
                ]
            }
        },
        {
            "type": "Feature",
            "properties": {
                "observation_date": "2017-04-24",
                "source": "S2A_40RCN_20170424_0_L2A_TCI",
                "sensor_name": "Sentinel-2",
                "type": "observation",
                "current_phase": "Unknown",
                "is_occluded": "False",
                "is_site_boundary": "True",
                "score": 1.0
            },
            "geometry": {
                "type": "MultiPolygon",
                "coordinates": [
                    [
                        [
                            [
                                55.240259,
                                25.060805
                            ],
                            [
                                55.240127,
                                25.059735
                            ],
                            [
                                55.23896,
                                25.059651
                            ],
                            [
                                55.239018,
                                25.059335
                            ],
                            [
                                55.238871,
                                25.059306
                            ],
                            [
                                55.238032,
                                25.059196
                            ],
                            [
                                55.23794,
                                25.05985
                            ],
                            [
                                55.237851,
                                25.060443
                            ],
                            [
                                55.23878,
                                25.060547
                            ],
                            [
                                55.238756,
                                25.060667
                            ],
                            [
                                55.239945,
                                25.061109
                            ],
                            [
                                55.240259,
                                25.060805
                            ]
                        ]
                    ]
                ]
            }
        },
        {
            "type": "Feature",
            "properties": {
                "observation_date": "2017-05-10",
                "source": "LC08_L1TP_160043_20170510_20200904_02_T1_TCI",
                "sensor_name": "Landsat 8",
                "type": "observation",
                "current_phase": "Unknown",
                "is_occluded": "False",
                "is_site_boundary": "True",
                "score": 1.0
            },
            "geometry": {
                "type": "MultiPolygon",
                "coordinates": [
                    [
                        [
                            [
                                55.240224,
                                25.060821
                            ],
                            [
                                55.240092,
                                25.059751
                            ],
                            [
                                55.238926,
                                25.059668
                            ],
                            [
                                55.238984,
                                25.059351
                            ],
                            [
                                55.238837,
                                25.059322
                            ],
                            [
                                55.237998,
                                25.059212
                            ],
                            [
                                55.237907,
                                25.059866
                            ],
                            [
                                55.237818,
                                25.060458
                            ],
                            [
                                55.238746,
                                25.060563
                            ],
                            [
                                55.238722,
                                25.060683
                            ],
                            [
                                55.23991,
                                25.061124
                            ],
                            [
                                55.240224,
                                25.060821
                            ]
                        ]
                    ]
                ]
            }
        },
        {
            "type": "Feature",
            "properties": {
                "observation_date": "2017-05-24",
                "source": "S2A_40RCN_20170524_0_L2A_TCI",
                "sensor_name": "Sentinel-2",
                "type": "observation",
                "current_phase": "Active Construction",
                "is_occluded": "False",
                "is_site_boundary": "True",
                "score": 1.0
            },
            "geometry": {
                "type": "MultiPolygon",
                "coordinates": [
                    [
                        [
                            [
                                55.239856,
                                25.061199
                            ],
                            [
                                55.238667,
                                25.060757
                            ],
                            [
                                55.238691,
                                25.060637
                            ],
                            [
                                55.237763,
                                25.060533
                            ],
                            [
                                55.237943,
                                25.059286
                            ],
                            [
                                55.238782,
                                25.059396
                            ],
                            [
                                55.238929,
                                25.059425
                            ],
                            [
                                55.238871,
                                25.059742
                            ],
                            [
                                55.240038,
                                25.059825
                            ],
                            [
                                55.24017,
                                25.060895
                            ],
                            [
                                55.239856,
                                25.061199
                            ]
                        ]
                    ]
                ]
            }
        },
        {
            "type": "Feature",
            "properties": {
                "observation_date": "2017-06-11",
                "source": "LC08_L1TP_160043_20170611_20200903_02_T1_TCI",
                "sensor_name": "Landsat 8",
                "type": "observation",
                "current_phase": "Active Construction",
                "is_occluded": "False",
                "is_site_boundary": "True",
                "score": 1.0
            },
            "geometry": {
                "type": "MultiPolygon",
                "coordinates": [
                    [
                        [
                            [
                                55.240168,
                                25.0609
                            ],
                            [
                                55.240036,
                                25.05983
                            ],
                            [
                                55.23887,
                                25.059747
                            ],
                            [
                                55.238928,
                                25.05943
                            ],
                            [
                                55.238781,
                                25.059402
                            ],
                            [
                                55.237942,
                                25.059292
                            ],
                            [
                                55.237762,
                                25.060538
                            ],
                            [
                                55.23869,
                                25.060642
                            ],
                            [
                                55.238666,
                                25.060762
                            ],
                            [
                                55.239854,
                                25.061203
                            ],
                            [
                                55.240168,
                                25.0609
                            ]
                        ]
                    ]
                ]
            }
        },
        {
            "type": "Feature",
            "properties": {
                "observation_date": "2017-06-13",
                "source": "S2A_40RCN_20170613_0_L2A_TCI",
                "sensor_name": "Sentinel-2",
                "type": "observation",
                "current_phase": "Active Construction",
                "is_occluded": "False",
                "is_site_boundary": "True",
                "score": 1.0
            },
            "geometry": {
                "type": "MultiPolygon",
                "coordinates": [
                    [
                        [
                            [
                                55.240172,
                                25.060901
                            ],
                            [
                                55.24004,
                                25.059831
                            ],
                            [
                                55.238873,
                                25.059748
                            ],
                            [
                                55.238931,
                                25.059431
                            ],
                            [
                                55.238784,
                                25.059402
                            ],
                            [
                                55.237945,
                                25.059292
                            ],
                            [
                                55.237765,
                                25.060539
                            ],
                            [
                                55.238693,
                                25.060643
                            ],
                            [
                                55.238669,
                                25.060763
                            ],
                            [
                                55.239858,
                                25.061205
                            ],
                            [
                                55.240172,
                                25.060901
                            ]
                        ]
                    ]
                ]
            }
        },
        {
            "type": "Feature",
            "properties": {
                "observation_date": "2017-07-03",
                "source": "S2A_40RCN_20170703_0_L2A_TCI",
                "sensor_name": "Sentinel-2",
                "type": "observation",
                "current_phase": "Active Construction",
                "is_occluded": "False",
                "is_site_boundary": "True",
                "score": 1.0
            },
            "geometry": {
                "type": "MultiPolygon",
                "coordinates": [
                    [
                        [
                            [
                                55.240173,
                                25.060904
                            ],
                            [
                                55.240041,
                                25.059834
                            ],
                            [
                                55.238874,
                                25.059751
                            ],
                            [
                                55.238932,
                                25.059434
                            ],
                            [
                                55.238785,
                                25.059405
                            ],
                            [
                                55.237946,
                                25.059295
                            ],
                            [
                                55.237766,
                                25.060542
                            ],
                            [
                                55.238694,
                                25.060646
                            ],
                            [
                                55.23867,
                                25.060766
                            ],
                            [
                                55.239859,
                                25.061208
                            ],
                            [
                                55.240173,
                                25.060904
                            ]
                        ]
                    ]
                ]
            }
        },
        {
            "type": "Feature",
            "properties": {
                "observation_date": "2017-07-13",
                "source": "LC08_L1TP_160043_20170713_20200903_02_T1_TCI",
                "sensor_name": "Landsat 8",
                "type": "observation",
                "current_phase": "Active Construction",
                "is_occluded": "False",
                "is_site_boundary": "True",
                "score": 1.0
            },
            "geometry": {
                "type": "MultiPolygon",
                "coordinates": [
                    [
                        [
                            [
                                55.240171,
                                25.060909
                            ],
                            [
                                55.240039,
                                25.059839
                            ],
                            [
                                55.238873,
                                25.059756
                            ],
                            [
                                55.238931,
                                25.059439
                            ],
                            [
                                55.238784,
                                25.059411
                            ],
                            [
                                55.237945,
                                25.059301
                            ],
                            [
                                55.237765,
                                25.060547
                            ],
                            [
                                55.238693,
                                25.060651
                            ],
                            [
                                55.238669,
                                25.060771
                            ],
                            [
                                55.239857,
                                25.061212
                            ],
                            [
                                55.240171,
                                25.060909
                            ]
                        ]
                    ]
                ]
            }
        },
        {
            "type": "Feature",
            "properties": {
                "observation_date": "2017-08-02",
                "source": "S2A_40RCN_20170802_0_L2A_TCI",
                "sensor_name": "Sentinel-2",
                "type": "observation",
                "current_phase": "Active Construction",
                "is_occluded": "False",
                "is_site_boundary": "True",
                "score": 1.0
            },
            "geometry": {
                "type": "MultiPolygon",
                "coordinates": [
                    [
                        [
                            [
                                55.240175,
                                25.06091
                            ],
                            [
                                55.240043,
                                25.05984
                            ],
                            [
                                55.238876,
                                25.059757
                            ],
                            [
                                55.238935,
                                25.05944
                            ],
                            [
                                55.238787,
                                25.059411
                            ],
                            [
                                55.237948,
                                25.059301
                            ],
                            [
                                55.237768,
                                25.060548
                            ],
                            [
                                55.238696,
                                25.060652
                            ],
                            [
                                55.238672,
                                25.060772
                            ],
                            [
                                55.239861,
                                25.061214
                            ],
                            [
                                55.240175,
                                25.06091
                            ]
                        ]
                    ]
                ]
            }
        },
        {
            "type": "Feature",
            "properties": {
                "observation_date": "2017-08-30",
                "source": "LC08_L1TP_160043_20170830_20200903_02_T1_TCI",
                "sensor_name": "Landsat 8",
                "type": "observation",
                "current_phase": "Active Construction",
                "is_occluded": "False",
                "is_site_boundary": "True",
                "score": 1.0
            },
            "geometry": {
                "type": "MultiPolygon",
                "coordinates": [
                    [
                        [
                            [
                                55.240173,
                                25.060915
                            ],
                            [
                                55.240041,
                                25.059845
                            ],
                            [
                                55.238875,
                                25.059762
                            ],
                            [
                                55.238933,
                                25.059445
                            ],
                            [
                                55.238786,
                                25.059417
                            ],
                            [
                                55.237947,
                                25.059307
                            ],
                            [
                                55.237767,
                                25.060553
                            ],
                            [
                                55.238695,
                                25.060657
                            ],
                            [
                                55.238671,
                                25.060777
                            ],
                            [
                                55.239859,
                                25.061218
                            ],
                            [
                                55.240173,
                                25.060915
                            ]
                        ]
                    ]
                ]
            }
        },
        {
            "type": "Feature",
            "properties": {
                "observation_date": "2017-09-06",
                "source": "S2B_40RCN_20170906_0_L2A_TCI",
                "sensor_name": "Sentinel-2",
                "type": "observation",
                "current_phase": "Active Construction",
                "is_occluded": "False",
                "is_site_boundary": "True",
                "score": 1.0
            },
            "geometry": {
                "type": "MultiPolygon",
                "coordinates": [
                    [
                        [
                            [
                                55.240177,
                                25.060916
                            ],
                            [
                                55.240045,
                                25.059846
                            ],
                            [
                                55.238878,
                                25.059762
                            ],
                            [
                                55.238937,
                                25.059446
                            ],
                            [
                                55.23879,
                                25.059417
                            ],
                            [
                                55.23795,
                                25.059307
                            ],
                            [
                                55.23777,
                                25.060554
                            ],
                            [
                                55.238698,
                                25.060658
                            ],
                            [
                                55.238674,
                                25.060778
                            ],
                            [
                                55.239863,
                                25.06122
                            ],
                            [
                                55.240177,
                                25.060916
                            ]
                        ]
                    ]
                ]
            }
        },
        {
            "type": "Feature",
            "properties": {
                "observation_date": "2017-09-15",
                "source": "LC08_L1TP_160043_20170915_20200903_02_T1_TCI",
                "sensor_name": "Landsat 8",
                "type": "observation",
                "current_phase": "Active Construction",
                "is_occluded": "False",
                "is_site_boundary": "True",
                "score": 1.0
            },
            "geometry": {
                "type": "MultiPolygon",
                "coordinates": [
                    [
                        [
                            [
                                55.240175,
                                25.060921
                            ],
                            [
                                55.240043,
                                25.059851
                            ],
                            [
                                55.238877,
                                25.059768
                            ],
                            [
                                55.238935,
                                25.059451
                            ],
                            [
                                55.238788,
                                25.059423
                            ],
                            [
                                55.237949,
                                25.059313
                            ],
                            [
                                55.237769,
                                25.060559
                            ],
                            [
                                55.238697,
                                25.060663
                            ],
                            [
                                55.238673,
                                25.060783
                            ],
                            [
                                55.239861,
                                25.061224
                            ],
                            [
                                55.240175,
                                25.060921
                            ]
                        ]
                    ]
                ]
            }
        },
        {
            "type": "Feature",
            "properties": {
                "observation_date": "2017-10-01",
                "source": "LC08_L1TP_160043_20171001_20200903_02_T1_TCI",
                "sensor_name": "Landsat 8",
                "type": "observation",
                "current_phase": "Active Construction",
                "is_occluded": "False",
                "is_site_boundary": "True",
                "score": 1.0
            },
            "geometry": {
                "type": "MultiPolygon",
                "coordinates": [
                    [
                        [
                            [
                                55.240176,
                                25.060924
                            ],
                            [
                                55.240044,
                                25.059854
                            ],
                            [
                                55.238878,
                                25.059771
                            ],
                            [
                                55.238937,
                                25.059454
                            ],
                            [
                                55.238789,
                                25.059426
                            ],
                            [
                                55.23795,
                                25.059315
                            ],
                            [
                                55.23777,
                                25.060562
                            ],
                            [
                                55.238698,
                                25.060666
                            ],
                            [
                                55.238674,
                                25.060786
                            ],
                            [
                                55.239862,
                                25.061227
                            ],
                            [
                                55.240176,
                                25.060924
                            ]
                        ]
                    ]
                ]
            }
        },
        {
            "type": "Feature",
            "properties": {
                "observation_date": "2017-10-21",
                "source": "S2A_40RCN_20171021_0_L2A_TCI",
                "sensor_name": "Sentinel-2",
                "type": "observation",
                "current_phase": "Active Construction",
                "is_occluded": "False",
                "is_site_boundary": "True",
                "score": 1.0
            },
            "geometry": {
                "type": "MultiPolygon",
                "coordinates": [
                    [
                        [
                            [
                                55.24018,
                                25.060925
                            ],
                            [
                                55.240048,
                                25.059855
                            ],
                            [
                                55.238882,
                                25.059771
                            ],
                            [
                                55.23894,
                                25.059455
                            ],
                            [
                                55.238793,
                                25.059426
                            ],
                            [
                                55.237953,
                                25.059316
                            ],
                            [
                                55.237773,
                                25.060563
                            ],
                            [
                                55.238701,
                                25.060667
                            ],
                            [
                                55.238677,
                                25.060787
                            ],
                            [
                                55.239866,
                                25.061229
                            ],
                            [
                                55.24018,
                                25.060925
                            ]
                        ]
                    ]
                ]
            }
        },
        {
            "type": "Feature",
            "properties": {
                "observation_date": "2017-11-13",
                "source": "17NOV13095918-P1BS-501764823010_01_P002",
                "sensor_name": "WorldView",
                "type": "observation",
                "current_phase": "Active Construction",
                "is_occluded": "False",
                "is_site_boundary": "True",
                "score": 1.0
            },
            "geometry": {
                "type": "MultiPolygon",
                "coordinates": [
                    [
                        [
                            [
                                55.240177,
                                25.06091
                            ],
                            [
                                55.240045,
                                25.059833
                            ],
                            [
                                55.238879,
                                25.059749
                            ],
                            [
                                55.238937,
                                25.059431
                            ],
                            [
                                55.23879,
                                25.059402
                            ],
                            [
                                55.237952,
                                25.059291
                            ],
                            [
                                55.237772,
                                25.060546
                            ],
                            [
                                55.238699,
                                25.060651
                            ],
                            [
                                55.238675,
                                25.060771
                            ],
                            [
                                55.239863,
                                25.061215
                            ],
                            [
                                55.240177,
                                25.06091
                            ]
                        ]
                    ]
                ]
            }
        },
        {
            "type": "Feature",
            "properties": {
                "observation_date": "2017-11-18",
                "source": "LC08_L1TP_160043_20171118_20200902_02_T1_TCI",
                "sensor_name": "Landsat 8",
                "type": "observation",
                "current_phase": "Active Construction",
                "is_occluded": "False",
                "is_site_boundary": "True",
                "score": 1.0
            },
            "geometry": {
                "type": "MultiPolygon",
                "coordinates": [
                    [
                        [
                            [
                                55.240177,
                                25.060926
                            ],
                            [
                                55.240045,
                                25.059857
                            ],
                            [
                                55.238879,
                                25.059773
                            ],
                            [
                                55.238937,
                                25.059456
                            ],
                            [
                                55.23879,
                                25.059428
                            ],
                            [
                                55.237951,
                                25.059318
                            ],
                            [
                                55.237771,
                                25.060564
                            ],
                            [
                                55.238699,
                                25.060668
                            ],
                            [
                                55.238675,
                                25.060788
                            ],
                            [
                                55.239863,
                                25.06123
                            ],
                            [
                                55.240177,
                                25.060926
                            ]
                        ]
                    ]
                ]
            }
        },
        {
            "type": "Feature",
            "properties": {
                "observation_date": "2017-11-30",
                "source": "S2A_40RCN_20171130_0_L2A_TCI",
                "sensor_name": "Sentinel-2",
                "type": "observation",
                "current_phase": "Active Construction",
                "is_occluded": "False",
                "is_site_boundary": "True",
                "score": 1.0
            },
            "geometry": {
                "type": "MultiPolygon",
                "coordinates": [
                    [
                        [
                            [
                                55.240179,
                                25.060921
                            ],
                            [
                                55.240047,
                                25.059851
                            ],
                            [
                                55.23888,
                                25.059767
                            ],
                            [
                                55.238938,
                                25.05945
                            ],
                            [
                                55.238791,
                                25.059422
                            ],
                            [
                                55.237952,
                                25.059312
                            ],
                            [
                                55.237772,
                                25.060558
                            ],
                            [
                                55.2387,
                                25.060663
                            ],
                            [
                                55.238676,
                                25.060783
                            ],
                            [
                                55.239865,
                                25.061224
                            ],
                            [
                                55.240179,
                                25.060921
                            ]
                        ]
                    ]
                ]
            }
        },
        {
            "type": "Feature",
            "properties": {
                "observation_date": "2017-12-10",
                "source": "S2A_40RCN_20171210_0_L2A_TCI",
                "sensor_name": "Sentinel-2",
                "type": "observation",
                "current_phase": "Active Construction",
                "is_occluded": "False",
                "is_site_boundary": "True",
                "score": 1.0
            },
            "geometry": {
                "type": "MultiPolygon",
                "coordinates": [
                    [
                        [
                            [
                                55.240178,
                                25.060917
                            ],
                            [
                                55.240045,
                                25.059847
                            ],
                            [
                                55.238879,
                                25.059763
                            ],
                            [
                                55.238937,
                                25.059447
                            ],
                            [
                                55.23879,
                                25.059418
                            ],
                            [
                                55.23795,
                                25.059308
                            ],
                            [
                                55.23777,
                                25.060555
                            ],
                            [
                                55.238698,
                                25.060659
                            ],
                            [
                                55.238674,
                                25.060779
                            ],
                            [
                                55.239863,
                                25.061221
                            ],
                            [
                                55.240178,
                                25.060917
                            ]
                        ]
                    ]
                ]
            }
        },
        {
            "type": "Feature",
            "properties": {
                "observation_date": "2017-12-20",
                "source": "LC08_L1TP_160043_20171220_20200902_02_T1_TCI",
                "sensor_name": "Landsat 8",
                "type": "observation",
                "current_phase": "Active Construction",
                "is_occluded": "False",
                "is_site_boundary": "True",
                "score": 1.0
            },
            "geometry": {
                "type": "MultiPolygon",
                "coordinates": [
                    [
                        [
                            [
                                55.240173,
                                25.060915
                            ],
                            [
                                55.240041,
                                25.059846
                            ],
                            [
                                55.238875,
                                25.059762
                            ],
                            [
                                55.238933,
                                25.059445
                            ],
                            [
                                55.238786,
                                25.059417
                            ],
                            [
                                55.237947,
                                25.059307
                            ],
                            [
                                55.237767,
                                25.060553
                            ],
                            [
                                55.238695,
                                25.060657
                            ],
                            [
                                55.238671,
                                25.060777
                            ],
                            [
                                55.239859,
                                25.061219
                            ],
                            [
                                55.240173,
                                25.060915
                            ]
                        ]
                    ]
                ]
            }
        },
        {
            "type": "Feature",
            "properties": {
                "observation_date": "2018-01-19",
                "source": "S2A_40RCN_20180119_0_L2A_TCI",
                "sensor_name": "Sentinel-2",
                "type": "observation",
                "current_phase": "Active Construction",
                "is_occluded": "False",
                "is_site_boundary": "True",
                "score": 1.0
            },
            "geometry": {
                "type": "MultiPolygon",
                "coordinates": [
                    [
                        [
                            [
                                55.240175,
                                25.06091
                            ],
                            [
                                55.240043,
                                25.05984
                            ],
                            [
                                55.238876,
                                25.059756
                            ],
                            [
                                55.238934,
                                25.059439
                            ],
                            [
                                55.238787,
                                25.059411
                            ],
                            [
                                55.237948,
                                25.059301
                            ],
                            [
                                55.237768,
                                25.060548
                            ],
                            [
                                55.238696,
                                25.060652
                            ],
                            [
                                55.238672,
                                25.060772
                            ],
                            [
                                55.239861,
                                25.061214
                            ],
                            [
                                55.240175,
                                25.06091
                            ]
                        ]
                    ]
                ]
            }
        },
        {
            "type": "Feature",
            "properties": {
                "observation_date": "2018-02-03",
                "source": "S2B_40RCN_20180203_0_L2A_TCI",
                "sensor_name": "Sentinel-2",
                "type": "observation",
                "current_phase": "Active Construction",
                "is_occluded": "False",
                "is_site_boundary": "True",
                "score": 1.0
            },
            "geometry": {
                "type": "MultiPolygon",
                "coordinates": [
                    [
                        [
                            [
                                55.240172,
                                25.060903
                            ],
                            [
                                55.24004,
                                25.059833
                            ],
                            [
                                55.238874,
                                25.059749
                            ],
                            [
                                55.238932,
                                25.059432
                            ],
                            [
                                55.238785,
                                25.059404
                            ],
                            [
                                55.237945,
                                25.059293
                            ],
                            [
                                55.237765,
                                25.06054
                            ],
                            [
                                55.238693,
                                25.060645
                            ],
                            [
                                55.238669,
                                25.060765
                            ],
                            [
                                55.239858,
                                25.061206
                            ],
                            [
                                55.240172,
                                25.060903
                            ]
                        ]
                    ]
                ]
            }
        },
        {
            "type": "Feature",
            "properties": {
                "observation_date": "2018-02-22",
                "source": "LC08_L1TP_160043_20180222_20200902_02_T1_TCI",
                "sensor_name": "Landsat 8",
                "type": "observation",
                "current_phase": "Active Construction",
                "is_occluded": "False",
                "is_site_boundary": "True",
                "score": 1.0
            },
            "geometry": {
                "type": "MultiPolygon",
                "coordinates": [
                    [
                        [
                            [
                                55.240168,
                                25.060901
                            ],
                            [
                                55.240036,
                                25.059831
                            ],
                            [
                                55.23887,
                                25.059748
                            ],
                            [
                                55.238928,
                                25.059431
                            ],
                            [
                                55.238781,
                                25.059402
                            ],
                            [
                                55.237942,
                                25.059292
                            ],
                            [
                                55.237762,
                                25.060538
                            ],
                            [
                                55.23869,
                                25.060643
                            ],
                            [
                                55.238666,
                                25.060763
                            ],
                            [
                                55.239854,
                                25.061204
                            ],
                            [
                                55.240168,
                                25.060901
                            ]
                        ]
                    ]
                ]
            }
        },
        {
            "type": "Feature",
            "properties": {
                "observation_date": "2018-03-08",
                "source": "18MAR08072034-M1BS-502009134020_01_P003",
                "sensor_name": "WorldView",
                "type": "observation",
                "current_phase": "Active Construction",
                "is_occluded": "False",
                "is_site_boundary": "True",
                "score": 1.0
            },
            "geometry": {
                "type": "MultiPolygon",
                "coordinates": [
                    [
                        [
                            [
                                55.239853,
                                25.061184
                            ],
                            [
                                55.238665,
                                25.06074
                            ],
                            [
                                55.238689,
                                25.060619
                            ],
                            [
                                55.237761,
                                25.060514
                            ],
                            [
                                55.237941,
                                25.059261
                            ],
                            [
                                55.23878,
                                25.059371
                            ],
                            [
                                55.238927,
                                25.0594
                            ],
                            [
                                55.238869,
                                25.059719
                            ],
                            [
                                55.240035,
                                25.059803
                            ],
                            [
                                55.240167,
                                25.060879
                            ],
                            [
                                55.239853,
                                25.061184
                            ]
                        ]
                    ]
                ]
            }
        },
        {
            "type": "Feature",
            "properties": {
                "observation_date": "2018-03-10",
                "source": "LC08_L1TP_160043_20180310_20200901_02_T1_TCI",
                "sensor_name": "Landsat 8",
                "type": "observation",
                "current_phase": "Active Construction",
                "is_occluded": "False",
                "is_site_boundary": "True",
                "score": 1.0
            },
            "geometry": {
                "type": "MultiPolygon",
                "coordinates": [
                    [
                        [
                            [
                                55.240167,
                                25.060897
                            ],
                            [
                                55.240035,
                                25.059827
                            ],
                            [
                                55.238869,
                                25.059744
                            ],
                            [
                                55.238927,
                                25.059427
                            ],
                            [
                                55.23878,
                                25.059399
                            ],
                            [
                                55.237941,
                                25.059289
                            ],
                            [
                                55.237761,
                                25.060535
                            ],
                            [
                                55.238689,
                                25.060639
                            ],
                            [
                                55.238665,
                                25.060759
                            ],
                            [
                                55.239853,
                                25.0612
                            ],
                            [
                                55.240167,
                                25.060897
                            ]
                        ]
                    ]
                ]
            }
        },
        {
            "type": "Feature",
            "properties": {
                "observation_date": "2018-03-30",
                "source": "S2A_40RCN_20180330_0_L2A_TCI",
                "sensor_name": "Sentinel-2",
                "type": "observation",
                "current_phase": "Active Construction",
                "is_occluded": "False",
                "is_site_boundary": "True",
                "score": 1.0
            },
            "geometry": {
                "type": "MultiPolygon",
                "coordinates": [
                    [
                        [
                            [
                                55.24017,
                                25.060895
                            ],
                            [
                                55.240038,
                                25.059825
                            ],
                            [
                                55.238871,
                                25.059742
                            ],
                            [
                                55.238929,
                                25.059425
                            ],
                            [
                                55.238782,
                                25.059396
                            ],
                            [
                                55.237943,
                                25.059286
                            ],
                            [
                                55.237763,
                                25.060533
                            ],
                            [
                                55.238691,
                                25.060637
                            ],
                            [
                                55.238667,
                                25.060757
                            ],
                            [
                                55.239856,
                                25.061199
                            ],
                            [
                                55.24017,
                                25.060895
                            ]
                        ]
                    ]
                ]
            }
        },
        {
            "type": "Feature",
            "properties": {
                "observation_date": "2018-04-04",
                "source": "S2B_40RCN_20180404_0_L2A_TCI",
                "sensor_name": "Sentinel-2",
                "type": "observation",
                "current_phase": "Active Construction",
                "is_occluded": "False",
                "is_site_boundary": "True",
                "score": 1.0
            },
            "geometry": {
                "type": "MultiPolygon",
                "coordinates": [
                    [
                        [
                            [
                                55.24017,
                                25.060895
                            ],
                            [
                                55.240038,
                                25.059825
                            ],
                            [
                                55.238871,
                                25.059742
                            ],
                            [
                                55.238929,
                                25.059425
                            ],
                            [
                                55.238782,
                                25.059396
                            ],
                            [
                                55.237943,
                                25.059286
                            ],
                            [
                                55.237763,
                                25.060533
                            ],
                            [
                                55.238691,
                                25.060637
                            ],
                            [
                                55.238667,
                                25.060757
                            ],
                            [
                                55.239856,
                                25.061199
                            ],
                            [
                                55.24017,
                                25.060895
                            ]
                        ]
                    ]
                ]
            }
        },
        {
            "type": "Feature",
            "properties": {
                "observation_date": "2018-04-27",
                "source": "LC08_L1TP_160043_20180427_20200901_02_T1_TCI",
                "sensor_name": "Landsat 8",
                "type": "observation",
                "current_phase": "Active Construction",
                "is_occluded": "False",
                "is_site_boundary": "True",
                "score": 1.0
            },
            "geometry": {
                "type": "MultiPolygon",
                "coordinates": [
                    [
                        [
                            [
                                55.240167,
                                25.060897
                            ],
                            [
                                55.240035,
                                25.059827
                            ],
                            [
                                55.238869,
                                25.059744
                            ],
                            [
                                55.238927,
                                25.059427
                            ],
                            [
                                55.23878,
                                25.059399
                            ],
                            [
                                55.237941,
                                25.059289
                            ],
                            [
                                55.237761,
                                25.060535
                            ],
                            [
                                55.238689,
                                25.060639
                            ],
                            [
                                55.238665,
                                25.060759
                            ],
                            [
                                55.239853,
                                25.0612
                            ],
                            [
                                55.240167,
                                25.060897
                            ]
                        ]
                    ]
                ]
            }
        },
        {
            "type": "Feature",
            "properties": {
                "observation_date": "2018-05-19",
                "source": "S2A_40RCN_20180519_0_L2A_TCI",
                "sensor_name": "Sentinel-2",
                "type": "observation",
                "current_phase": "Active Construction",
                "is_occluded": "False",
                "is_site_boundary": "True",
                "score": 1.0
            },
            "geometry": {
                "type": "MultiPolygon",
                "coordinates": [
                    [
                        [
                            [
                                55.24017,
                                25.060895
                            ],
                            [
                                55.240038,
                                25.059825
                            ],
                            [
                                55.238871,
                                25.059742
                            ],
                            [
                                55.238929,
                                25.059425
                            ],
                            [
                                55.238782,
                                25.059396
                            ],
                            [
                                55.237943,
                                25.059286
                            ],
                            [
                                55.237763,
                                25.060533
                            ],
                            [
                                55.238691,
                                25.060637
                            ],
                            [
                                55.238667,
                                25.060757
                            ],
                            [
                                55.239856,
                                25.061199
                            ],
                            [
                                55.24017,
                                25.060895
                            ]
                        ]
                    ]
                ]
            }
        },
        {
            "type": "Feature",
            "properties": {
                "observation_date": "2018-05-29",
                "source": "LC08_L1TP_160043_20180529_20201015_02_T1_TCI",
                "sensor_name": "Landsat 8",
                "type": "observation",
                "current_phase": "Active Construction",
                "is_occluded": "False",
                "is_site_boundary": "True",
                "score": 1.0
            },
            "geometry": {
                "type": "MultiPolygon",
                "coordinates": [
                    [
                        [
                            [
                                55.240167,
                                25.060897
                            ],
                            [
                                55.240035,
                                25.059827
                            ],
                            [
                                55.238869,
                                25.059744
                            ],
                            [
                                55.238927,
                                25.059427
                            ],
                            [
                                55.23878,
                                25.059399
                            ],
                            [
                                55.237941,
                                25.059289
                            ],
                            [
                                55.237761,
                                25.060535
                            ],
                            [
                                55.238689,
                                25.060639
                            ],
                            [
                                55.238665,
                                25.060759
                            ],
                            [
                                55.239853,
                                25.0612
                            ],
                            [
                                55.240167,
                                25.060897
                            ]
                        ]
                    ]
                ]
            }
        },
        {
            "type": "Feature",
            "properties": {
                "observation_date": "2018-06-14",
                "source": "LC08_L1TP_160043_20180614_20200831_02_T1_TCI",
                "sensor_name": "Landsat 8",
                "type": "observation",
                "current_phase": "Active Construction",
                "is_occluded": "False",
                "is_site_boundary": "True",
                "score": 1.0
            },
            "geometry": {
                "type": "MultiPolygon",
                "coordinates": [
                    [
                        [
                            [
                                55.240167,
                                25.060897
                            ],
                            [
                                55.240035,
                                25.059827
                            ],
                            [
                                55.238869,
                                25.059744
                            ],
                            [
                                55.238927,
                                25.059427
                            ],
                            [
                                55.23878,
                                25.059399
                            ],
                            [
                                55.237941,
                                25.059289
                            ],
                            [
                                55.237761,
                                25.060535
                            ],
                            [
                                55.238689,
                                25.060639
                            ],
                            [
                                55.238665,
                                25.060759
                            ],
                            [
                                55.239853,
                                25.0612
                            ],
                            [
                                55.240167,
                                25.060897
                            ]
                        ]
                    ]
                ]
            }
        },
        {
            "type": "Feature",
            "properties": {
                "observation_date": "2018-06-23",
                "source": "S2B_40RCN_20180623_1_L2A_TCI",
                "sensor_name": "Sentinel-2",
                "type": "observation",
                "current_phase": "Active Construction",
                "is_occluded": "False",
                "is_site_boundary": "True",
                "score": 1.0
            },
            "geometry": {
                "type": "MultiPolygon",
                "coordinates": [
                    [
                        [
                            [
                                55.24017,
                                25.060895
                            ],
                            [
                                55.240038,
                                25.059825
                            ],
                            [
                                55.238871,
                                25.059742
                            ],
                            [
                                55.238929,
                                25.059425
                            ],
                            [
                                55.238782,
                                25.059396
                            ],
                            [
                                55.237943,
                                25.059286
                            ],
                            [
                                55.237763,
                                25.060533
                            ],
                            [
                                55.238691,
                                25.060637
                            ],
                            [
                                55.238667,
                                25.060757
                            ],
                            [
                                55.239856,
                                25.061199
                            ],
                            [
                                55.24017,
                                25.060895
                            ]
                        ]
                    ]
                ]
            }
        },
        {
            "type": "Feature",
            "properties": {
                "observation_date": "2018-07-16",
                "source": "LC08_L1TP_160043_20180716_20200831_02_T1_TCI",
                "sensor_name": "Landsat 8",
                "type": "observation",
                "current_phase": "Active Construction",
                "is_occluded": "False",
                "is_site_boundary": "True",
                "score": 1.0
            },
            "geometry": {
                "type": "MultiPolygon",
                "coordinates": [
                    [
                        [
                            [
                                55.240167,
                                25.060897
                            ],
                            [
                                55.240035,
                                25.059827
                            ],
                            [
                                55.238869,
                                25.059744
                            ],
                            [
                                55.238927,
                                25.059427
                            ],
                            [
                                55.23878,
                                25.059399
                            ],
                            [
                                55.237941,
                                25.059289
                            ],
                            [
                                55.237761,
                                25.060535
                            ],
                            [
                                55.238689,
                                25.060639
                            ],
                            [
                                55.238665,
                                25.060759
                            ],
                            [
                                55.239853,
                                25.0612
                            ],
                            [
                                55.240167,
                                25.060897
                            ]
                        ]
                    ]
                ]
            }
        },
        {
            "type": "Feature",
            "properties": {
                "observation_date": "2018-07-18",
                "source": "S2A_40RCN_20180718_0_L2A_TCI",
                "sensor_name": "Sentinel-2",
                "type": "observation",
                "current_phase": "Active Construction",
                "is_occluded": "False",
                "is_site_boundary": "True",
                "score": 1.0
            },
            "geometry": {
                "type": "MultiPolygon",
                "coordinates": [
                    [
                        [
                            [
                                55.24017,
                                25.060895
                            ],
                            [
                                55.240038,
                                25.059825
                            ],
                            [
                                55.238871,
                                25.059742
                            ],
                            [
                                55.238929,
                                25.059425
                            ],
                            [
                                55.238782,
                                25.059396
                            ],
                            [
                                55.237943,
                                25.059286
                            ],
                            [
                                55.237763,
                                25.060533
                            ],
                            [
                                55.238691,
                                25.060637
                            ],
                            [
                                55.238667,
                                25.060757
                            ],
                            [
                                55.239856,
                                25.061199
                            ],
                            [
                                55.24017,
                                25.060895
                            ]
                        ]
                    ]
                ]
            }
        },
        {
            "type": "Feature",
            "properties": {
                "observation_date": "2018-08-01",
                "source": "LC08_L1TP_160043_20180801_20200831_02_T1_TCI",
                "sensor_name": "Landsat 8",
                "type": "observation",
                "current_phase": "Active Construction",
                "is_occluded": "False",
                "is_site_boundary": "True",
                "score": 1.0
            },
            "geometry": {
                "type": "MultiPolygon",
                "coordinates": [
                    [
                        [
                            [
                                55.240167,
                                25.060897
                            ],
                            [
                                55.240035,
                                25.059827
                            ],
                            [
                                55.238869,
                                25.059744
                            ],
                            [
                                55.238927,
                                25.059427
                            ],
                            [
                                55.23878,
                                25.059399
                            ],
                            [
                                55.237941,
                                25.059289
                            ],
                            [
                                55.237761,
                                25.060535
                            ],
                            [
                                55.238689,
                                25.060639
                            ],
                            [
                                55.238665,
                                25.060759
                            ],
                            [
                                55.239853,
                                25.0612
                            ],
                            [
                                55.240167,
                                25.060897
                            ]
                        ]
                    ]
                ]
            }
        },
        {
            "type": "Feature",
            "properties": {
                "observation_date": "2018-08-22",
                "source": "S2B_40RCN_20180822_0_L2A_TCI",
                "sensor_name": "Sentinel-2",
                "type": "observation",
                "current_phase": "Active Construction",
                "is_occluded": "False",
                "is_site_boundary": "True",
                "score": 1.0
            },
            "geometry": {
                "type": "MultiPolygon",
                "coordinates": [
                    [
                        [
                            [
                                55.24017,
                                25.060895
                            ],
                            [
                                55.240038,
                                25.059825
                            ],
                            [
                                55.238871,
                                25.059742
                            ],
                            [
                                55.238929,
                                25.059425
                            ],
                            [
                                55.238782,
                                25.059396
                            ],
                            [
                                55.237943,
                                25.059286
                            ],
                            [
                                55.237763,
                                25.060533
                            ],
                            [
                                55.238691,
                                25.060637
                            ],
                            [
                                55.238667,
                                25.060757
                            ],
                            [
                                55.239856,
                                25.061199
                            ],
                            [
                                55.24017,
                                25.060895
                            ]
                        ]
                    ]
                ]
            }
        },
        {
            "type": "Feature",
            "properties": {
                "observation_date": "2018-09-01",
                "source": "S2B_40RCN_20180901_0_L2A_TCI",
                "sensor_name": "Sentinel-2",
                "type": "observation",
                "current_phase": "Active Construction",
                "is_occluded": "False",
                "is_site_boundary": "True",
                "score": 1.0
            },
            "geometry": {
                "type": "MultiPolygon",
                "coordinates": [
                    [
                        [
                            [
                                55.24017,
                                25.060895
                            ],
                            [
                                55.240038,
                                25.059825
                            ],
                            [
                                55.238871,
                                25.059742
                            ],
                            [
                                55.238929,
                                25.059425
                            ],
                            [
                                55.238782,
                                25.059396
                            ],
                            [
                                55.237943,
                                25.059286
                            ],
                            [
                                55.237763,
                                25.060533
                            ],
                            [
                                55.238691,
                                25.060637
                            ],
                            [
                                55.238667,
                                25.060757
                            ],
                            [
                                55.239856,
                                25.061199
                            ],
                            [
                                55.24017,
                                25.060895
                            ]
                        ]
                    ]
                ]
            }
        },
        {
            "type": "Feature",
            "properties": {
                "observation_date": "2018-09-18",
                "source": "LC08_L1TP_160043_20180918_20200830_02_T1_TCI",
                "sensor_name": "Landsat 8",
                "type": "observation",
                "current_phase": "Active Construction",
                "is_occluded": "False",
                "is_site_boundary": "True",
                "score": 1.0
            },
            "geometry": {
                "type": "MultiPolygon",
                "coordinates": [
                    [
                        [
                            [
                                55.240167,
                                25.060897
                            ],
                            [
                                55.240035,
                                25.059827
                            ],
                            [
                                55.238869,
                                25.059744
                            ],
                            [
                                55.238927,
                                25.059427
                            ],
                            [
                                55.23878,
                                25.059399
                            ],
                            [
                                55.237941,
                                25.059289
                            ],
                            [
                                55.237761,
                                25.060535
                            ],
                            [
                                55.238689,
                                25.060639
                            ],
                            [
                                55.238665,
                                25.060759
                            ],
                            [
                                55.239853,
                                25.0612
                            ],
                            [
                                55.240167,
                                25.060897
                            ]
                        ]
                    ]
                ]
            }
        },
        {
            "type": "Feature",
            "properties": {
                "observation_date": "2018-10-01",
                "source": "S2B_40RCN_20181001_0_L2A_TCI",
                "sensor_name": "Sentinel-2",
                "type": "observation",
                "current_phase": "Active Construction",
                "is_occluded": "False",
                "is_site_boundary": "True",
                "score": 1.0
            },
            "geometry": {
                "type": "MultiPolygon",
                "coordinates": [
                    [
                        [
                            [
                                55.239856,
                                25.061199
                            ],
                            [
                                55.238667,
                                25.060757
                            ],
                            [
                                55.238691,
                                25.060637
                            ],
                            [
                                55.237763,
                                25.060533
                            ],
                            [
                                55.237943,
                                25.059286
                            ],
                            [
                                55.238782,
                                25.059396
                            ],
                            [
                                55.238929,
                                25.059425
                            ],
                            [
                                55.238871,
                                25.059742
                            ],
                            [
                                55.240038,
                                25.059825
                            ],
                            [
                                55.24017,
                                25.060895
                            ],
                            [
                                55.239856,
                                25.061199
                            ]
                        ]
                    ]
                ]
            }
        },
        {
            "type": "Feature",
            "properties": {
                "observation_date": "2018-10-20",
                "source": "LC08_L1TP_160043_20181020_20200830_02_T1_TCI",
                "sensor_name": "Landsat 8",
                "type": "observation",
                "current_phase": "Unknown, Active Construction",
                "is_occluded": "False, False",
                "is_site_boundary": "False, True",
                "score": 1.0
            },
            "geometry": {
                "type": "MultiPolygon",
                "coordinates": [
                    [
                        [
                            [
                                55.237941,
                                25.059289
                            ],
                            [
                                55.23878,
                                25.059399
                            ],
                            [
                                55.238927,
                                25.059427
                            ],
                            [
                                55.238869,
                                25.059744
                            ],
                            [
                                55.238813,
                                25.06007
                            ],
                            [
                                55.23785,
                                25.059942
                            ],
                            [
                                55.237941,
                                25.059289
                            ]
                        ]
                    ],
                    [
                        [
                            [
                                55.239853,
                                25.0612
                            ],
                            [
                                55.238665,
                                25.060759
                            ],
                            [
                                55.238689,
                                25.060639
                            ],
                            [
                                55.237761,
                                25.060535
                            ],
                            [
                                55.23785,
                                25.059942
                            ],
                            [
                                55.237941,
                                25.059289
                            ],
                            [
                                55.23878,
                                25.059399
                            ],
                            [
                                55.238927,
                                25.059427
                            ],
                            [
                                55.238869,
                                25.059744
                            ],
                            [
                                55.240035,
                                25.059827
                            ],
                            [
                                55.240167,
                                25.060897
                            ],
                            [
                                55.239853,
                                25.0612
                            ]
                        ]
                    ]
                ]
            }
        },
        {
            "type": "Feature",
            "properties": {
                "observation_date": "2018-11-30",
                "source": "S2B_40RCN_20181130_0_L2A_TCI",
                "sensor_name": "Sentinel-2",
                "type": "observation",
                "current_phase": "Unknown, Active Construction",
                "is_occluded": "False, False",
                "is_site_boundary": "False, True",
                "score": 1.0
            },
            "geometry": {
                "type": "MultiPolygon",
                "coordinates": [
                    [
                        [
                            [
                                55.237851,
                                25.05994
                            ],
                            [
                                55.238815,
                                25.060068
                            ],
                            [
                                55.238871,
                                25.059742
                            ],
                            [
                                55.238929,
                                25.059425
                            ],
                            [
                                55.238782,
                                25.059396
                            ],
                            [
                                55.237943,
                                25.059286
                            ],
                            [
                                55.237851,
                                25.05994
                            ]
                        ]
                    ],
                    [
                        [
                            [
                                55.24017,
                                25.060895
                            ],
                            [
                                55.240038,
                                25.059825
                            ],
                            [
                                55.238871,
                                25.059742
                            ],
                            [
                                55.238929,
                                25.059425
                            ],
                            [
                                55.238782,
                                25.059396
                            ],
                            [
                                55.237943,
                                25.059286
                            ],
                            [
                                55.237851,
                                25.05994
                            ],
                            [
                                55.237763,
                                25.060533
                            ],
                            [
                                55.238691,
                                25.060637
                            ],
                            [
                                55.238667,
                                25.060757
                            ],
                            [
                                55.239856,
                                25.061199
                            ],
                            [
                                55.24017,
                                25.060895
                            ]
                        ]
                    ]
                ]
            }
        },
        {
            "type": "Feature",
            "properties": {
                "observation_date": "2018-12-07",
                "source": "LC08_L1TP_160043_20181207_20200830_02_T1_TCI",
                "sensor_name": "Landsat 8",
                "type": "observation",
                "current_phase": "Unknown, Active Construction",
                "is_occluded": "False, False",
                "is_site_boundary": "False, True",
                "score": 1.0
            },
            "geometry": {
                "type": "MultiPolygon",
                "coordinates": [
                    [
                        [
                            [
                                55.23785,
                                25.059942
                            ],
                            [
                                55.238813,
                                25.06007
                            ],
                            [
                                55.238869,
                                25.059744
                            ],
                            [
                                55.238927,
                                25.059427
                            ],
                            [
                                55.23878,
                                25.059399
                            ],
                            [
                                55.237941,
                                25.059289
                            ],
                            [
                                55.23785,
                                25.059942
                            ]
                        ]
                    ],
                    [
                        [
                            [
                                55.240167,
                                25.060897
                            ],
                            [
                                55.240035,
                                25.059827
                            ],
                            [
                                55.238869,
                                25.059744
                            ],
                            [
                                55.238927,
                                25.059427
                            ],
                            [
                                55.23878,
                                25.059399
                            ],
                            [
                                55.237941,
                                25.059289
                            ],
                            [
                                55.23785,
                                25.059942
                            ],
                            [
                                55.237761,
                                25.060535
                            ],
                            [
                                55.238689,
                                25.060639
                            ],
                            [
                                55.238665,
                                25.060759
                            ],
                            [
                                55.239853,
                                25.0612
                            ],
                            [
                                55.240167,
                                25.060897
                            ]
                        ]
                    ]
                ]
            }
        },
        {
            "type": "Feature",
            "properties": {
                "observation_date": "2018-12-10",
                "source": "S2B_40RCN_20181210_0_L2A_TCI",
                "sensor_name": "Sentinel-2",
                "type": "observation",
                "current_phase": "Unknown, Active Construction",
                "is_occluded": "False, False",
                "is_site_boundary": "False, True",
                "score": 1.0
            },
            "geometry": {
                "type": "MultiPolygon",
                "coordinates": [
                    [
                        [
                            [
                                55.237851,
                                25.05994
                            ],
                            [
                                55.238815,
                                25.060068
                            ],
                            [
                                55.238871,
                                25.059742
                            ],
                            [
                                55.238929,
                                25.059425
                            ],
                            [
                                55.238782,
                                25.059396
                            ],
                            [
                                55.237943,
                                25.059286
                            ],
                            [
                                55.237851,
                                25.05994
                            ]
                        ]
                    ],
                    [
                        [
                            [
                                55.24017,
                                25.060895
                            ],
                            [
                                55.240038,
                                25.059825
                            ],
                            [
                                55.238871,
                                25.059742
                            ],
                            [
                                55.238929,
                                25.059425
                            ],
                            [
                                55.238782,
                                25.059396
                            ],
                            [
                                55.237943,
                                25.059286
                            ],
                            [
                                55.237851,
                                25.05994
                            ],
                            [
                                55.237763,
                                25.060533
                            ],
                            [
                                55.238691,
                                25.060637
                            ],
                            [
                                55.238667,
                                25.060757
                            ],
                            [
                                55.239856,
                                25.061199
                            ],
                            [
                                55.24017,
                                25.060895
                            ]
                        ]
                    ]
                ]
            }
        },
        {
            "type": "Feature",
            "properties": {
                "observation_date": "2019-01-08",
                "source": "LC08_L1TP_160043_20190108_20200829_02_T1_TCI",
                "sensor_name": "Landsat 8",
                "type": "observation",
                "current_phase": "Unknown, Active Construction",
                "is_occluded": "False, False",
                "is_site_boundary": "False, True",
                "score": 1.0
            },
            "geometry": {
                "type": "MultiPolygon",
                "coordinates": [
                    [
                        [
                            [
                                55.237941,
                                25.059289
                            ],
                            [
                                55.23878,
                                25.059399
                            ],
                            [
                                55.238927,
                                25.059427
                            ],
                            [
                                55.238869,
                                25.059744
                            ],
                            [
                                55.238813,
                                25.06007
                            ],
                            [
                                55.23785,
                                25.059942
                            ],
                            [
                                55.237941,
                                25.059289
                            ]
                        ]
                    ],
                    [
                        [
                            [
                                55.239853,
                                25.0612
                            ],
                            [
                                55.238665,
                                25.060759
                            ],
                            [
                                55.238689,
                                25.060639
                            ],
                            [
                                55.237761,
                                25.060535
                            ],
                            [
                                55.23785,
                                25.059942
                            ],
                            [
                                55.237941,
                                25.059289
                            ],
                            [
                                55.23878,
                                25.059399
                            ],
                            [
                                55.238927,
                                25.059427
                            ],
                            [
                                55.238869,
                                25.059744
                            ],
                            [
                                55.240035,
                                25.059827
                            ],
                            [
                                55.240167,
                                25.060897
                            ],
                            [
                                55.239853,
                                25.0612
                            ]
                        ]
                    ]
                ]
            }
        },
        {
            "type": "Feature",
            "properties": {
                "observation_date": "2019-01-26",
                "source": "19JAN26071819-M1BS-014858848010_01_P003",
                "sensor_name": "WorldView",
                "type": "observation",
                "current_phase": "Post Construction, Active Construction",
                "is_occluded": "False, False",
                "is_site_boundary": "False, True",
                "score": 1.0
            },
            "geometry": {
                "type": "MultiPolygon",
                "coordinates": [
                    [
                        [
                            [
                                55.237927,
                                25.059293
                            ],
                            [
                                55.238766,
                                25.059403
                            ],
                            [
                                55.238913,
                                25.059432
                            ],
                            [
                                55.238855,
                                25.05975
                            ],
                            [
                                55.238799,
                                25.060079
                            ],
                            [
                                55.237835,
                                25.05995
                            ],
                            [
                                55.237927,
                                25.059293
                            ]
                        ]
                    ],
                    [
                        [
                            [
                                55.239839,
                                25.061216
                            ],
                            [
                                55.23865,
                                25.060772
                            ],
                            [
                                55.238674,
                                25.060651
                            ],
                            [
                                55.237747,
                                25.060546
                            ],
                            [
                                55.237835,
                                25.05995
                            ],
                            [
                                55.237927,
                                25.059293
                            ],
                            [
                                55.238766,
                                25.059403
                            ],
                            [
                                55.238913,
                                25.059432
                            ],
                            [
                                55.238855,
                                25.05975
                            ],
                            [
                                55.240021,
                                25.059835
                            ],
                            [
                                55.240153,
                                25.060911
                            ],
                            [
                                55.239839,
                                25.061216
                            ]
                        ]
                    ]
                ]
            }
        },
        {
            "type": "Feature",
            "properties": {
                "observation_date": "2019-01-29",
                "source": "S2B_40RCN_20190129_0_L2A_TCI",
                "sensor_name": "Sentinel-2",
                "type": "observation",
                "current_phase": "Post Construction, Active Construction",
                "is_occluded": "False, False",
                "is_site_boundary": "False, True",
                "score": 1.0
            },
            "geometry": {
                "type": "MultiPolygon",
                "coordinates": [
                    [
                        [
                            [
                                55.237845,
                                25.059933
                            ],
                            [
                                55.238808,
                                25.060061
                            ],
                            [
                                55.238864,
                                25.059735
                            ],
                            [
                                55.238923,
                                25.059418
                            ],
                            [
                                55.238775,
                                25.059389
                            ],
                            [
                                55.237936,
                                25.059279
                            ],
                            [
                                55.237845,
                                25.059933
                            ]
                        ]
                    ],
                    [
                        [
                            [
                                55.240163,
                                25.060889
                            ],
                            [
                                55.240031,
                                25.059818
                            ],
                            [
                                55.238864,
                                25.059735
                            ],
                            [
                                55.238923,
                                25.059418
                            ],
                            [
                                55.238775,
                                25.059389
                            ],
                            [
                                55.237936,
                                25.059279
                            ],
                            [
                                55.237845,
                                25.059933
                            ],
                            [
                                55.237756,
                                25.060526
                            ],
                            [
                                55.238684,
                                25.060631
                            ],
                            [
                                55.23866,
                                25.06075
                            ],
                            [
                                55.239849,
                                25.061192
                            ],
                            [
                                55.240163,
                                25.060889
                            ]
                        ]
                    ]
                ]
            }
        },
        {
            "type": "Feature",
            "properties": {
                "observation_date": "2019-02-09",
                "source": "LC08_L1TP_160043_20190209_20200829_02_T1_TCI",
                "sensor_name": "Landsat 8",
                "type": "observation",
                "current_phase": "Post Construction, Active Construction",
                "is_occluded": "False, False",
                "is_site_boundary": "False, True",
                "score": 1.0
            },
            "geometry": {
                "type": "MultiPolygon",
                "coordinates": [
                    [
                        [
                            [
                                55.237844,
                                25.059941
                            ],
                            [
                                55.238807,
                                25.060069
                            ],
                            [
                                55.238863,
                                25.059743
                            ],
                            [
                                55.238921,
                                25.059426
                            ],
                            [
                                55.238774,
                                25.059398
                            ],
                            [
                                55.237935,
                                25.059288
                            ],
                            [
                                55.237844,
                                25.059941
                            ]
                        ]
                    ],
                    [
                        [
                            [
                                55.240161,
                                25.060896
                            ],
                            [
                                55.240029,
                                25.059826
                            ],
                            [
                                55.238863,
                                25.059743
                            ],
                            [
                                55.238921,
                                25.059426
                            ],
                            [
                                55.238774,
                                25.059398
                            ],
                            [
                                55.237935,
                                25.059288
                            ],
                            [
                                55.237844,
                                25.059941
                            ],
                            [
                                55.237755,
                                25.060534
                            ],
                            [
                                55.238683,
                                25.060638
                            ],
                            [
                                55.238659,
                                25.060758
                            ],
                            [
                                55.239847,
                                25.061199
                            ],
                            [
                                55.240161,
                                25.060896
                            ]
                        ]
                    ]
                ]
            }
        },
        {
            "type": "Feature",
            "properties": {
                "observation_date": "2019-02-18",
                "source": "S2B_40RCN_20190218_0_L2A_TCI",
                "sensor_name": "Sentinel-2",
                "type": "observation",
                "current_phase": "Post Construction, Active Construction",
                "is_occluded": "False, False",
                "is_site_boundary": "False, True",
                "score": 1.0
            },
            "geometry": {
                "type": "MultiPolygon",
                "coordinates": [
                    [
                        [
                            [
                                55.237846,
                                25.059944
                            ],
                            [
                                55.23881,
                                25.060073
                            ],
                            [
                                55.238866,
                                25.059746
                            ],
                            [
                                55.238924,
                                25.059429
                            ],
                            [
                                55.238777,
                                25.059401
                            ],
                            [
                                55.237938,
                                25.059291
                            ],
                            [
                                55.237846,
                                25.059944
                            ]
                        ]
                    ],
                    [
                        [
                            [
                                55.240165,
                                25.0609
                            ],
                            [
                                55.240033,
                                25.05983
                            ],
                            [
                                55.238866,
                                25.059746
                            ],
                            [
                                55.238924,
                                25.059429
                            ],
                            [
                                55.238777,
                                25.059401
                            ],
                            [
                                55.237938,
                                25.059291
                            ],
                            [
                                55.237846,
                                25.059944
                            ],
                            [
                                55.237758,
                                25.060538
                            ],
                            [
                                55.238686,
                                25.060642
                            ],
                            [
                                55.238662,
                                25.060762
                            ],
                            [
                                55.239851,
                                25.061204
                            ],
                            [
                                55.240165,
                                25.0609
                            ]
                        ]
                    ]
                ]
            }
        },
        {
            "type": "Feature",
            "properties": {
                "observation_date": "2019-03-13",
                "source": "LC08_L1TP_160043_20190313_20200829_02_T1_TCI",
                "sensor_name": "Landsat 8",
                "type": "observation",
                "current_phase": "Post Construction, Active Construction",
                "is_occluded": "False, False",
                "is_site_boundary": "False, True",
                "score": 1.0
            },
            "geometry": {
                "type": "MultiPolygon",
                "coordinates": [
                    [
                        [
                            [
                                55.237846,
                                25.059952
                            ],
                            [
                                55.238809,
                                25.06008
                            ],
                            [
                                55.238865,
                                25.059754
                            ],
                            [
                                55.238923,
                                25.059438
                            ],
                            [
                                55.238776,
                                25.059409
                            ],
                            [
                                55.237937,
                                25.059299
                            ],
                            [
                                55.237846,
                                25.059952
                            ]
                        ]
                    ],
                    [
                        [
                            [
                                55.240163,
                                25.060907
                            ],
                            [
                                55.240031,
                                25.059838
                            ],
                            [
                                55.238865,
                                25.059754
                            ],
                            [
                                55.238923,
                                25.059438
                            ],
                            [
                                55.238776,
                                25.059409
                            ],
                            [
                                55.237937,
                                25.059299
                            ],
                            [
                                55.237846,
                                25.059952
                            ],
                            [
                                55.237757,
                                25.060545
                            ],
                            [
                                55.238685,
                                25.06065
                            ],
                            [
                                55.238661,
                                25.060769
                            ],
                            [
                                55.239849,
                                25.061211
                            ],
                            [
                                55.240163,
                                25.060907
                            ]
                        ]
                    ]
                ]
            }
        },
        {
            "type": "Feature",
            "properties": {
                "observation_date": "2019-03-20",
                "source": "S2B_40RCN_20190320_0_L2A_TCI",
                "sensor_name": "Sentinel-2",
                "type": "observation",
                "current_phase": "Post Construction, Active Construction",
                "is_occluded": "False, False",
                "is_site_boundary": "False, True",
                "score": 1.0
            },
            "geometry": {
                "type": "MultiPolygon",
                "coordinates": [
                    [
                        [
                            [
                                55.237848,
                                25.059956
                            ],
                            [
                                55.238812,
                                25.060084
                            ],
                            [
                                55.238868,
                                25.059758
                            ],
                            [
                                55.238926,
                                25.059441
                            ],
                            [
                                55.238779,
                                25.059412
                            ],
                            [
                                55.23794,
                                25.059302
                            ],
                            [
                                55.237848,
                                25.059956
                            ]
                        ]
                    ],
                    [
                        [
                            [
                                55.240167,
                                25.060912
                            ],
                            [
                                55.240035,
                                25.059841
                            ],
                            [
                                55.238868,
                                25.059758
                            ],
                            [
                                55.238926,
                                25.059441
                            ],
                            [
                                55.238779,
                                25.059412
                            ],
                            [
                                55.23794,
                                25.059302
                            ],
                            [
                                55.237848,
                                25.059956
                            ],
                            [
                                55.237759,
                                25.060549
                            ],
                            [
                                55.238688,
                                25.060654
                            ],
                            [
                                55.238664,
                                25.060774
                            ],
                            [
                                55.239853,
                                25.061215
                            ],
                            [
                                55.240167,
                                25.060912
                            ]
                        ]
                    ]
                ]
            }
        },
        {
            "type": "Feature",
            "properties": {
                "observation_date": "2019-04-09",
                "source": "S2B_40RCN_20190409_0_L2A_TCI",
                "sensor_name": "Sentinel-2",
                "type": "observation",
                "current_phase": "Post Construction, Active Construction",
                "is_occluded": "False, False",
                "is_site_boundary": "False, True",
                "score": 1.0
            },
            "geometry": {
                "type": "MultiPolygon",
                "coordinates": [
                    [
                        [
                            [
                                55.237849,
                                25.059962
                            ],
                            [
                                55.238813,
                                25.06009
                            ],
                            [
                                55.238869,
                                25.059764
                            ],
                            [
                                55.238927,
                                25.059447
                            ],
                            [
                                55.23878,
                                25.059418
                            ],
                            [
                                55.23794,
                                25.059308
                            ],
                            [
                                55.237849,
                                25.059962
                            ]
                        ]
                    ],
                    [
                        [
                            [
                                55.240168,
                                25.060917
                            ],
                            [
                                55.240035,
                                25.059847
                            ],
                            [
                                55.238869,
                                25.059764
                            ],
                            [
                                55.238927,
                                25.059447
                            ],
                            [
                                55.23878,
                                25.059418
                            ],
                            [
                                55.23794,
                                25.059308
                            ],
                            [
                                55.237849,
                                25.059962
                            ],
                            [
                                55.23776,
                                25.060555
                            ],
                            [
                                55.238688,
                                25.060659
                            ],
                            [
                                55.238665,
                                25.060779
                            ],
                            [
                                55.239853,
                                25.061221
                            ],
                            [
                                55.240168,
                                25.060917
                            ]
                        ]
                    ]
                ]
            }
        },
        {
            "type": "Feature",
            "properties": {
                "observation_date": "2019-04-14",
                "source": "LC08_L1TP_160043_20190414_20200828_02_T1_TCI",
                "sensor_name": "Landsat 8",
                "type": "observation",
                "current_phase": "Post Construction, Active Construction",
                "is_occluded": "False, False",
                "is_site_boundary": "False, True",
                "score": 1.0
            },
            "geometry": {
                "type": "MultiPolygon",
                "coordinates": [
                    [
                        [
                            [
                                55.237848,
                                25.05997
                            ],
                            [
                                55.238811,
                                25.060098
                            ],
                            [
                                55.238868,
                                25.059772
                            ],
                            [
                                55.238926,
                                25.059455
                            ],
                            [
                                55.238779,
                                25.059426
                            ],
                            [
                                55.23794,
                                25.059316
                            ],
                            [
                                55.237848,
                                25.05997
                            ]
                        ]
                    ],
                    [
                        [
                            [
                                55.240166,
                                25.060925
                            ],
                            [
                                55.240033,
                                25.059855
                            ],
                            [
                                55.238868,
                                25.059772
                            ],
                            [
                                55.238926,
                                25.059455
                            ],
                            [
                                55.238779,
                                25.059426
                            ],
                            [
                                55.23794,
                                25.059316
                            ],
                            [
                                55.237848,
                                25.05997
                            ],
                            [
                                55.23776,
                                25.060562
                            ],
                            [
                                55.238687,
                                25.060667
                            ],
                            [
                                55.238663,
                                25.060787
                            ],
                            [
                                55.239852,
                                25.061228
                            ],
                            [
                                55.240166,
                                25.060925
                            ]
                        ]
                    ]
                ]
            }
        },
        {
            "type": "Feature",
            "properties": {
                "observation_date": "2019-05-09",
                "source": "S2B_40RCN_20190509_1_L2A_TCI",
                "sensor_name": "Sentinel-2",
                "type": "observation",
                "current_phase": "Post Construction, Active Construction",
                "is_occluded": "False, False",
                "is_site_boundary": "False, True",
                "score": 1.0
            },
            "geometry": {
                "type": "MultiPolygon",
                "coordinates": [
                    [
                        [
                            [
                                55.237851,
                                25.059973
                            ],
                            [
                                55.238815,
                                25.060101
                            ],
                            [
                                55.238871,
                                25.059775
                            ],
                            [
                                55.238929,
                                25.059458
                            ],
                            [
                                55.238782,
                                25.05943
                            ],
                            [
                                55.237942,
                                25.05932
                            ],
                            [
                                55.237851,
                                25.059973
                            ]
                        ]
                    ],
                    [
                        [
                            [
                                55.24017,
                                25.060929
                            ],
                            [
                                55.240037,
                                25.059859
                            ],
                            [
                                55.238871,
                                25.059775
                            ],
                            [
                                55.238929,
                                25.059458
                            ],
                            [
                                55.238782,
                                25.05943
                            ],
                            [
                                55.237942,
                                25.05932
                            ],
                            [
                                55.237851,
                                25.059973
                            ],
                            [
                                55.237762,
                                25.060566
                            ],
                            [
                                55.23869,
                                25.060671
                            ],
                            [
                                55.238666,
                                25.060791
                            ],
                            [
                                55.239855,
                                25.061232
                            ],
                            [
                                55.24017,
                                25.060929
                            ]
                        ]
                    ]
                ]
            }
        },
        {
            "type": "Feature",
            "properties": {
                "observation_date": "2019-05-16",
                "source": "LC08_L1TP_160043_20190516_20200828_02_T1_TCI",
                "sensor_name": "Landsat 8",
                "type": "observation",
                "current_phase": "Post Construction, Active Construction",
                "is_occluded": "False, False",
                "is_site_boundary": "False, True",
                "score": 1.0
            },
            "geometry": {
                "type": "MultiPolygon",
                "coordinates": [
                    [
                        [
                            [
                                55.23785,
                                25.059981
                            ],
                            [
                                55.238813,
                                25.060109
                            ],
                            [
                                55.238869,
                                25.059783
                            ],
                            [
                                55.238928,
                                25.059466
                            ],
                            [
                                55.238781,
                                25.059438
                            ],
                            [
                                55.237942,
                                25.059328
                            ],
                            [
                                55.23785,
                                25.059981
                            ]
                        ]
                    ],
                    [
                        [
                            [
                                55.240168,
                                25.060936
                            ],
                            [
                                55.240035,
                                25.059867
                            ],
                            [
                                55.238869,
                                25.059783
                            ],
                            [
                                55.238928,
                                25.059466
                            ],
                            [
                                55.238781,
                                25.059438
                            ],
                            [
                                55.237942,
                                25.059328
                            ],
                            [
                                55.23785,
                                25.059981
                            ],
                            [
                                55.237761,
                                25.060574
                            ],
                            [
                                55.238689,
                                25.060678
                            ],
                            [
                                55.238665,
                                25.060798
                            ],
                            [
                                55.239853,
                                25.06124
                            ],
                            [
                                55.240168,
                                25.060936
                            ]
                        ]
                    ]
                ]
            }
        },
        {
            "type": "Feature",
            "properties": {
                "observation_date": "2019-06-17",
                "source": "LC08_L1TP_160043_20190617_20200827_02_T1_TCI",
                "sensor_name": "Landsat 8",
                "type": "observation",
                "current_phase": "Post Construction, Active Construction",
                "is_occluded": "False, False",
                "is_site_boundary": "False, True",
                "score": 1.0
            },
            "geometry": {
                "type": "MultiPolygon",
                "coordinates": [
                    [
                        [
                            [
                                55.237851,
                                25.059987
                            ],
                            [
                                55.238814,
                                25.060115
                            ],
                            [
                                55.23887,
                                25.059789
                            ],
                            [
                                55.238929,
                                25.059472
                            ],
                            [
                                55.238781,
                                25.059444
                            ],
                            [
                                55.237942,
                                25.059334
                            ],
                            [
                                55.237851,
                                25.059987
                            ]
                        ]
                    ],
                    [
                        [
                            [
                                55.240168,
                                25.060942
                            ],
                            [
                                55.240036,
                                25.059872
                            ],
                            [
                                55.23887,
                                25.059789
                            ],
                            [
                                55.238929,
                                25.059472
                            ],
                            [
                                55.238781,
                                25.059444
                            ],
                            [
                                55.237942,
                                25.059334
                            ],
                            [
                                55.237851,
                                25.059987
                            ],
                            [
                                55.237762,
                                25.06058
                            ],
                            [
                                55.23869,
                                25.060684
                            ],
                            [
                                55.238666,
                                25.060804
                            ],
                            [
                                55.239854,
                                25.061245
                            ],
                            [
                                55.240168,
                                25.060942
                            ]
                        ]
                    ]
                ]
            }
        },
        {
            "type": "Feature",
            "properties": {
                "observation_date": "2019-06-18",
                "source": "S2B_40RCN_20190618_0_L2A_TCI",
                "sensor_name": "Sentinel-2",
                "type": "observation",
                "current_phase": "Post Construction, Active Construction",
                "is_occluded": "False, False",
                "is_site_boundary": "False, True",
                "score": 1.0
            },
            "geometry": {
                "type": "MultiPolygon",
                "coordinates": [
                    [
                        [
                            [
                                55.237854,
                                25.059991
                            ],
                            [
                                55.238817,
                                25.060119
                            ],
                            [
                                55.238873,
                                25.059792
                            ],
                            [
                                55.238932,
                                25.059476
                            ],
                            [
                                55.238785,
                                25.059447
                            ],
                            [
                                55.237945,
                                25.059337
                            ],
                            [
                                55.237854,
                                25.059991
                            ]
                        ]
                    ],
                    [
                        [
                            [
                                55.240172,
                                25.060946
                            ],
                            [
                                55.24004,
                                25.059876
                            ],
                            [
                                55.238873,
                                25.059792
                            ],
                            [
                                55.238932,
                                25.059476
                            ],
                            [
                                55.238785,
                                25.059447
                            ],
                            [
                                55.237945,
                                25.059337
                            ],
                            [
                                55.237854,
                                25.059991
                            ],
                            [
                                55.237765,
                                25.060584
                            ],
                            [
                                55.238693,
                                25.060688
                            ],
                            [
                                55.238669,
                                25.060808
                            ],
                            [
                                55.239858,
                                25.06125
                            ],
                            [
                                55.240172,
                                25.060946
                            ]
                        ]
                    ]
                ]
            }
        },
        {
            "type": "Feature",
            "properties": {
                "observation_date": "2019-07-03",
                "source": "LC08_L1TP_160043_20190703_20200827_02_T1_TCI",
                "sensor_name": "Landsat 8",
                "type": "observation",
                "current_phase": "Post Construction, Active Construction",
                "is_occluded": "False, False",
                "is_site_boundary": "False, True",
                "score": 1.0
            },
            "geometry": {
                "type": "MultiPolygon",
                "coordinates": [
                    [
                        [
                            [
                                55.237854,
                                25.060004
                            ],
                            [
                                55.238817,
                                25.060132
                            ],
                            [
                                55.238873,
                                25.059806
                            ],
                            [
                                55.238931,
                                25.059489
                            ],
                            [
                                55.238784,
                                25.059461
                            ],
                            [
                                55.237945,
                                25.059351
                            ],
                            [
                                55.237854,
                                25.060004
                            ]
                        ]
                    ],
                    [
                        [
                            [
                                55.240171,
                                25.060959
                            ],
                            [
                                55.240039,
                                25.05989
                            ],
                            [
                                55.238873,
                                25.059806
                            ],
                            [
                                55.238931,
                                25.059489
                            ],
                            [
                                55.238784,
                                25.059461
                            ],
                            [
                                55.237945,
                                25.059351
                            ],
                            [
                                55.237854,
                                25.060004
                            ],
                            [
                                55.237765,
                                25.060597
                            ],
                            [
                                55.238693,
                                25.060702
                            ],
                            [
                                55.238669,
                                25.060821
                            ],
                            [
                                55.239857,
                                25.061263
                            ],
                            [
                                55.240171,
                                25.060959
                            ]
                        ]
                    ]
                ]
            }
        },
        {
            "type": "Feature",
            "properties": {
                "observation_date": "2019-07-03",
                "source": "S2A_40RCN_20190703_0_L2A_TCI",
                "sensor_name": "Sentinel-2",
                "type": "observation",
                "current_phase": "Post Construction, Active Construction",
                "is_occluded": "False, False",
                "is_site_boundary": "False, True",
                "score": 1.0
            },
            "geometry": {
                "type": "MultiPolygon",
                "coordinates": [
                    [
                        [
                            [
                                55.237855,
                                25.059996
                            ],
                            [
                                55.238818,
                                25.060125
                            ],
                            [
                                55.238874,
                                25.059798
                            ],
                            [
                                55.238933,
                                25.059481
                            ],
                            [
                                55.238785,
                                25.059453
                            ],
                            [
                                55.237946,
                                25.059343
                            ],
                            [
                                55.237855,
                                25.059996
                            ]
                        ]
                    ],
                    [
                        [
                            [
                                55.240173,
                                25.060952
                            ],
                            [
                                55.240041,
                                25.059882
                            ],
                            [
                                55.238874,
                                25.059798
                            ],
                            [
                                55.238933,
                                25.059481
                            ],
                            [
                                55.238785,
                                25.059453
                            ],
                            [
                                55.237946,
                                25.059343
                            ],
                            [
                                55.237855,
                                25.059996
                            ],
                            [
                                55.237766,
                                25.06059
                            ],
                            [
                                55.238694,
                                25.060694
                            ],
                            [
                                55.23867,
                                25.060814
                            ],
                            [
                                55.239859,
                                25.061255
                            ],
                            [
                                55.240173,
                                25.060952
                            ]
                        ]
                    ]
                ]
            }
        },
        {
            "type": "Feature",
            "properties": {
                "observation_date": "2019-08-07",
                "source": "S2B_40RCN_20190807_0_L2A_TCI",
                "sensor_name": "Sentinel-2",
                "type": "observation",
                "current_phase": "Post Construction, Active Construction",
                "is_occluded": "False, False",
                "is_site_boundary": "False, True",
                "score": 1.0
            },
            "geometry": {
                "type": "MultiPolygon",
                "coordinates": [
                    [
                        [
                            [
                                55.237857,
                                25.060014
                            ],
                            [
                                55.238821,
                                25.060142
                            ],
                            [
                                55.238877,
                                25.059815
                            ],
                            [
                                55.238935,
                                25.059499
                            ],
                            [
                                55.238788,
                                25.05947
                            ],
                            [
                                55.237949,
                                25.05936
                            ],
                            [
                                55.237857,
                                25.060014
                            ]
                        ]
                    ],
                    [
                        [
                            [
                                55.240176,
                                25.060969
                            ],
                            [
                                55.240044,
                                25.059899
                            ],
                            [
                                55.238877,
                                25.059815
                            ],
                            [
                                55.238935,
                                25.059499
                            ],
                            [
                                55.238788,
                                25.05947
                            ],
                            [
                                55.237949,
                                25.05936
                            ],
                            [
                                55.237857,
                                25.060014
                            ],
                            [
                                55.237769,
                                25.060607
                            ],
                            [
                                55.238697,
                                25.060711
                            ],
                            [
                                55.238673,
                                25.060831
                            ],
                            [
                                55.239862,
                                25.061273
                            ],
                            [
                                55.240176,
                                25.060969
                            ]
                        ]
                    ]
                ]
            }
        },
        {
            "type": "Feature",
            "properties": {
                "observation_date": "2019-08-29",
                "source": "19AUG29070526-M1BS-502626884040_05_P001",
                "sensor_name": "WorldView",
                "type": "observation",
                "current_phase": "Post Construction, Active Construction",
                "is_occluded": "False, False",
                "is_site_boundary": "False, True",
                "score": 1.0
            },
            "geometry": {
                "type": "MultiPolygon",
                "coordinates": [
                    [
                        [
                            [
                                55.237857,
                                25.059998
                            ],
                            [
                                55.23882,
                                25.060127
                            ],
                            [
                                55.238876,
                                25.059799
                            ],
                            [
                                55.238934,
                                25.05948
                            ],
                            [
                                55.238787,
                                25.059451
                            ],
                            [
                                55.237948,
                                25.059341
                            ],
                            [
                                55.237857,
                                25.059998
                            ]
                        ]
                    ],
                    [
                        [
                            [
                                55.240174,
                                25.060959
                            ],
                            [
                                55.240042,
                                25.059883
                            ],
                            [
                                55.238876,
                                25.059799
                            ],
                            [
                                55.238934,
                                25.05948
                            ],
                            [
                                55.238787,
                                25.059451
                            ],
                            [
                                55.237948,
                                25.059341
                            ],
                            [
                                55.237857,
                                25.059998
                            ],
                            [
                                55.237768,
                                25.060594
                            ],
                            [
                                55.238696,
                                25.060699
                            ],
                            [
                                55.238672,
                                25.06082
                            ],
                            [
                                55.23986,
                                25.061264
                            ],
                            [
                                55.240174,
                                25.060959
                            ]
                        ]
                    ]
                ]
            }
        },
        {
            "type": "Feature",
            "properties": {
                "observation_date": "2019-09-05",
                "source": "LC08_L1TP_160043_20190905_20200826_02_T1_TCI",
                "sensor_name": "Landsat 8",
                "type": "observation",
                "current_phase": "Post Construction, Active Construction",
                "is_occluded": "False, False",
                "is_site_boundary": "False, True",
                "score": 1.0
            },
            "geometry": {
                "type": "MultiPolygon",
                "coordinates": [
                    [
                        [
                            [
                                55.237857,
                                25.060011
                            ],
                            [
                                55.23882,
                                25.060139
                            ],
                            [
                                55.238876,
                                25.059813
                            ],
                            [
                                55.238934,
                                25.059496
                            ],
                            [
                                55.238787,
                                25.059468
                            ],
                            [
                                55.237948,
                                25.059358
                            ],
                            [
                                55.237857,
                                25.060011
                            ]
                        ]
                    ],
                    [
                        [
                            [
                                55.240174,
                                25.060966
                            ],
                            [
                                55.240042,
                                25.059896
                            ],
                            [
                                55.238876,
                                25.059813
                            ],
                            [
                                55.238934,
                                25.059496
                            ],
                            [
                                55.238787,
                                25.059468
                            ],
                            [
                                55.237948,
                                25.059358
                            ],
                            [
                                55.237857,
                                25.060011
                            ],
                            [
                                55.237768,
                                25.060604
                            ],
                            [
                                55.238695,
                                25.060708
                            ],
                            [
                                55.238672,
                                25.060828
                            ],
                            [
                                55.23986,
                                25.061269
                            ],
                            [
                                55.240174,
                                25.060966
                            ]
                        ]
                    ]
                ]
            }
        },
        {
            "type": "Feature",
            "properties": {
                "observation_date": "2019-09-11",
                "source": "S2A_40RCN_20190911_0_L2A_TCI",
                "sensor_name": "Sentinel-2",
                "type": "observation",
                "current_phase": "Post Construction, Active Construction",
                "is_occluded": "False, False",
                "is_site_boundary": "False, True",
                "score": 1.0
            },
            "geometry": {
                "type": "MultiPolygon",
                "coordinates": [
                    [
                        [
                            [
                                55.237858,
                                25.059998
                            ],
                            [
                                55.238822,
                                25.060126
                            ],
                            [
                                55.238878,
                                25.0598
                            ],
                            [
                                55.238936,
                                25.059483
                            ],
                            [
                                55.238789,
                                25.059455
                            ],
                            [
                                55.23795,
                                25.059345
                            ],
                            [
                                55.237858,
                                25.059998
                            ]
                        ]
                    ],
                    [
                        [
                            [
                                55.240177,
                                25.060954
                            ],
                            [
                                55.240045,
                                25.059884
                            ],
                            [
                                55.238878,
                                25.0598
                            ],
                            [
                                55.238936,
                                25.059483
                            ],
                            [
                                55.238789,
                                25.059455
                            ],
                            [
                                55.23795,
                                25.059345
                            ],
                            [
                                55.237858,
                                25.059998
                            ],
                            [
                                55.237769,
                                25.060591
                            ],
                            [
                                55.238698,
                                25.060696
                            ],
                            [
                                55.238674,
                                25.060816
                            ],
                            [
                                55.239863,
                                25.061257
                            ],
                            [
                                55.240177,
                                25.060954
                            ]
                        ]
                    ]
                ]
            }
        },
        {
            "type": "Feature",
            "properties": {
                "observation_date": "2019-10-07",
                "source": "LC08_L1TP_160043_20191007_20200825_02_T1_TCI",
                "sensor_name": "Landsat 8",
                "type": "observation",
                "current_phase": "Post Construction, Active Construction",
                "is_occluded": "False, False",
                "is_site_boundary": "False, True",
                "score": 1.0
            },
            "geometry": {
                "type": "MultiPolygon",
                "coordinates": [
                    [
                        [
                            [
                                55.237857,
                                25.05999
                            ],
                            [
                                55.23882,
                                25.060118
                            ],
                            [
                                55.238876,
                                25.059792
                            ],
                            [
                                55.238934,
                                25.059475
                            ],
                            [
                                55.238787,
                                25.059447
                            ],
                            [
                                55.237948,
                                25.059336
                            ],
                            [
                                55.237857,
                                25.05999
                            ]
                        ]
                    ],
                    [
                        [
                            [
                                55.240174,
                                25.060945
                            ],
                            [
                                55.240042,
                                25.059875
                            ],
                            [
                                55.238876,
                                25.059792
                            ],
                            [
                                55.238934,
                                25.059475
                            ],
                            [
                                55.238787,
                                25.059447
                            ],
                            [
                                55.237948,
                                25.059336
                            ],
                            [
                                55.237857,
                                25.05999
                            ],
                            [
                                55.237768,
                                25.060583
                            ],
                            [
                                55.238695,
                                25.060687
                            ],
                            [
                                55.238672,
                                25.060807
                            ],
                            [
                                55.23986,
                                25.061248
                            ],
                            [
                                55.240174,
                                25.060945
                            ]
                        ]
                    ]
                ]
            }
        },
        {
            "type": "Feature",
            "properties": {
                "observation_date": "2019-10-08",
                "source": "19OCT08100746-P1BS_R4C1-502704253040_06_P001",
                "sensor_name": "WorldView",
                "type": "observation",
                "current_phase": "Post Construction, Active Construction",
                "is_occluded": "False, False",
                "is_site_boundary": "False, True",
                "score": 1.0
            },
            "geometry": {
                "type": "MultiPolygon",
                "coordinates": [
                    [
                        [
                            [
                                55.237856,
                                25.059953
                            ],
                            [
                                55.238818,
                                25.060082
                            ],
                            [
                                55.238874,
                                25.059754
                            ],
                            [
                                55.238933,
                                25.059435
                            ],
                            [
                                55.238786,
                                25.059406
                            ],
                            [
                                55.237947,
                                25.059296
                            ],
                            [
                                55.237856,
                                25.059953
                            ]
                        ]
                    ],
                    [
                        [
                            [
                                55.240172,
                                25.060914
                            ],
                            [
                                55.24004,
                                25.059838
                            ],
                            [
                                55.238874,
                                25.059754
                            ],
                            [
                                55.238933,
                                25.059435
                            ],
                            [
                                55.238786,
                                25.059406
                            ],
                            [
                                55.237947,
                                25.059296
                            ],
                            [
                                55.237856,
                                25.059953
                            ],
                            [
                                55.237767,
                                25.06055
                            ],
                            [
                                55.238694,
                                25.060655
                            ],
                            [
                                55.23867,
                                25.060776
                            ],
                            [
                                55.239858,
                                25.06122
                            ],
                            [
                                55.240172,
                                25.060914
                            ]
                        ]
                    ]
                ]
            }
        },
        {
            "type": "Feature",
            "properties": {
                "observation_date": "2019-10-26",
                "source": "S2B_40RCN_20191026_0_L2A_TCI",
                "sensor_name": "Sentinel-2",
                "type": "observation",
                "current_phase": "Post Construction, Active Construction",
                "is_occluded": "False, False",
                "is_site_boundary": "False, True",
                "score": 1.0
            },
            "geometry": {
                "type": "MultiPolygon",
                "coordinates": [
                    [
                        [
                            [
                                55.237859,
                                25.059978
                            ],
                            [
                                55.238822,
                                25.060106
                            ],
                            [
                                55.238878,
                                25.059779
                            ],
                            [
                                55.238937,
                                25.059462
                            ],
                            [
                                55.23879,
                                25.059434
                            ],
                            [
                                55.23795,
                                25.059324
                            ],
                            [
                                55.237859,
                                25.059978
                            ]
                        ]
                    ],
                    [
                        [
                            [
                                55.240177,
                                25.060933
                            ],
                            [
                                55.240045,
                                25.059863
                            ],
                            [
                                55.238878,
                                25.059779
                            ],
                            [
                                55.238937,
                                25.059462
                            ],
                            [
                                55.23879,
                                25.059434
                            ],
                            [
                                55.23795,
                                25.059324
                            ],
                            [
                                55.237859,
                                25.059978
                            ],
                            [
                                55.23777,
                                25.060571
                            ],
                            [
                                55.238698,
                                25.060675
                            ],
                            [
                                55.238674,
                                25.060795
                            ],
                            [
                                55.239863,
                                25.061237
                            ],
                            [
                                55.240177,
                                25.060933
                            ]
                        ]
                    ]
                ]
            }
        },
        {
            "type": "Feature",
            "properties": {
                "observation_date": "2019-11-15",
                "source": "S2B_40RCN_20191115_0_L2A_TCI",
                "sensor_name": "Sentinel-2",
                "type": "observation",
                "current_phase": "Post Construction, Active Construction",
                "is_occluded": "False, False",
                "is_site_boundary": "False, True",
                "score": 1.0
            },
            "geometry": {
                "type": "MultiPolygon",
                "coordinates": [
                    [
                        [
                            [
                                55.237859,
                                25.059978
                            ],
                            [
                                55.238823,
                                25.060106
                            ],
                            [
                                55.238879,
                                25.05978
                            ],
                            [
                                55.238937,
                                25.059463
                            ],
                            [
                                55.23879,
                                25.059434
                            ],
                            [
                                55.237951,
                                25.059324
                            ],
                            [
                                55.237859,
                                25.059978
                            ]
                        ]
                    ],
                    [
                        [
                            [
                                55.240178,
                                25.060934
                            ],
                            [
                                55.240045,
                                25.059863
                            ],
                            [
                                55.238879,
                                25.05978
                            ],
                            [
                                55.238937,
                                25.059463
                            ],
                            [
                                55.23879,
                                25.059434
                            ],
                            [
                                55.237951,
                                25.059324
                            ],
                            [
                                55.237859,
                                25.059978
                            ],
                            [
                                55.23777,
                                25.060571
                            ],
                            [
                                55.238699,
                                25.060676
                            ],
                            [
                                55.238675,
                                25.060795
                            ],
                            [
                                55.239864,
                                25.061237
                            ],
                            [
                                55.240178,
                                25.060934
                            ]
                        ]
                    ]
                ]
            }
        },
        {
            "type": "Feature",
            "properties": {
                "observation_date": "2019-11-24",
                "source": "LC08_L1TP_160043_20191124_20200825_02_T1_TCI",
                "sensor_name": "Landsat 8",
                "type": "observation",
                "current_phase": "Post Construction, Active Construction",
                "is_occluded": "False, False",
                "is_site_boundary": "False, True",
                "score": 1.0
            },
            "geometry": {
                "type": "MultiPolygon",
                "coordinates": [
                    [
                        [
                            [
                                55.237858,
                                25.05998
                            ],
                            [
                                55.238821,
                                25.060109
                            ],
                            [
                                55.238877,
                                25.059782
                            ],
                            [
                                55.238935,
                                25.059466
                            ],
                            [
                                55.238788,
                                25.059437
                            ],
                            [
                                55.237949,
                                25.059327
                            ],
                            [
                                55.237858,
                                25.05998
                            ]
                        ]
                    ],
                    [
                        [
                            [
                                55.240175,
                                25.060936
                            ],
                            [
                                55.240043,
                                25.059866
                            ],
                            [
                                55.238877,
                                25.059782
                            ],
                            [
                                55.238935,
                                25.059466
                            ],
                            [
                                55.238788,
                                25.059437
                            ],
                            [
                                55.237949,
                                25.059327
                            ],
                            [
                                55.237858,
                                25.05998
                            ],
                            [
                                55.237769,
                                25.060573
                            ],
                            [
                                55.238697,
                                25.060678
                            ],
                            [
                                55.238673,
                                25.060798
                            ],
                            [
                                55.239861,
                                25.061239
                            ],
                            [
                                55.240175,
                                25.060936
                            ]
                        ]
                    ]
                ]
            }
        },
        {
            "type": "Feature",
            "properties": {
                "observation_date": "2019-12-26",
                "source": "LC08_L1TP_160043_20191226_20200825_02_T1_TCI",
                "sensor_name": "Landsat 8",
                "type": "observation",
                "current_phase": "Post Construction, Active Construction",
                "is_occluded": "False, False",
                "is_site_boundary": "False, True",
                "score": 1.0
            },
            "geometry": {
                "type": "MultiPolygon",
                "coordinates": [
                    [
                        [
                            [
                                55.237858,
                                25.059981
                            ],
                            [
                                55.238822,
                                25.060109
                            ],
                            [
                                55.238878,
                                25.059783
                            ],
                            [
                                55.238936,
                                25.059466
                            ],
                            [
                                55.238789,
                                25.059438
                            ],
                            [
                                55.23795,
                                25.059328
                            ],
                            [
                                55.237858,
                                25.059981
                            ]
                        ]
                    ],
                    [
                        [
                            [
                                55.240176,
                                25.060936
                            ],
                            [
                                55.240044,
                                25.059866
                            ],
                            [
                                55.238878,
                                25.059783
                            ],
                            [
                                55.238936,
                                25.059466
                            ],
                            [
                                55.238789,
                                25.059438
                            ],
                            [
                                55.23795,
                                25.059328
                            ],
                            [
                                55.237858,
                                25.059981
                            ],
                            [
                                55.23777,
                                25.060574
                            ],
                            [
                                55.238697,
                                25.060678
                            ],
                            [
                                55.238674,
                                25.060798
                            ],
                            [
                                55.239862,
                                25.061239
                            ],
                            [
                                55.240176,
                                25.060936
                            ]
                        ]
                    ]
                ]
            }
        },
        {
            "type": "Feature",
            "properties": {
                "observation_date": "2019-12-30",
                "source": "S2A_40RCN_20191230_0_L2A_TCI",
                "sensor_name": "Sentinel-2",
                "type": "observation",
                "current_phase": "Post Construction, Active Construction",
                "is_occluded": "False, False",
                "is_site_boundary": "False, True",
                "score": 1.0
            },
            "geometry": {
                "type": "MultiPolygon",
                "coordinates": [
                    [
                        [
                            [
                                55.237861,
                                25.059979
                            ],
                            [
                                55.238824,
                                25.060107
                            ],
                            [
                                55.23888,
                                25.059781
                            ],
                            [
                                55.238939,
                                25.059464
                            ],
                            [
                                55.238791,
                                25.059436
                            ],
                            [
                                55.237952,
                                25.059325
                            ],
                            [
                                55.237861,
                                25.059979
                            ]
                        ]
                    ],
                    [
                        [
                            [
                                55.240179,
                                25.060935
                            ],
                            [
                                55.240047,
                                25.059865
                            ],
                            [
                                55.23888,
                                25.059781
                            ],
                            [
                                55.238939,
                                25.059464
                            ],
                            [
                                55.238791,
                                25.059436
                            ],
                            [
                                55.237952,
                                25.059325
                            ],
                            [
                                55.237861,
                                25.059979
                            ],
                            [
                                55.237772,
                                25.060572
                            ],
                            [
                                55.2387,
                                25.060677
                            ],
                            [
                                55.238676,
                                25.060797
                            ],
                            [
                                55.239865,
                                25.061238
                            ],
                            [
                                55.240179,
                                25.060935
                            ]
                        ]
                    ]
                ]
            }
        },
        {
            "type": "Feature",
            "properties": {
                "observation_date": "2020-01-09",
                "source": "S2A_40RCN_20200109_0_L2A_TCI",
                "sensor_name": "Sentinel-2",
                "type": "observation",
                "current_phase": "Post Construction, Active Construction",
                "is_occluded": "False, False",
                "is_site_boundary": "False, True",
                "score": 1.0
            },
            "geometry": {
                "type": "MultiPolygon",
                "coordinates": [
                    [
                        [
                            [
                                55.237861,
                                25.05998
                            ],
                            [
                                55.238825,
                                25.060108
                            ],
                            [
                                55.238881,
                                25.059781
                            ],
                            [
                                55.238939,
                                25.059464
                            ],
                            [
                                55.238792,
                                25.059436
                            ],
                            [
                                55.237952,
                                25.059326
                            ],
                            [
                                55.237861,
                                25.05998
                            ]
                        ]
                    ],
                    [
                        [
                            [
                                55.24018,
                                25.060935
                            ],
                            [
                                55.240047,
                                25.059865
                            ],
                            [
                                55.238881,
                                25.059781
                            ],
                            [
                                55.238939,
                                25.059464
                            ],
                            [
                                55.238792,
                                25.059436
                            ],
                            [
                                55.237952,
                                25.059326
                            ],
                            [
                                55.237861,
                                25.05998
                            ],
                            [
                                55.237772,
                                25.060573
                            ],
                            [
                                55.2387,
                                25.060677
                            ],
                            [
                                55.238677,
                                25.060797
                            ],
                            [
                                55.239865,
                                25.061239
                            ],
                            [
                                55.24018,
                                25.060935
                            ]
                        ]
                    ]
                ]
            }
        },
        {
            "type": "Feature",
            "properties": {
                "observation_date": "2020-02-08",
                "source": "S2A_40RCN_20200208_0_L2A_TCI",
                "sensor_name": "Sentinel-2",
                "type": "observation",
                "current_phase": "Post Construction, Active Construction",
                "is_occluded": "False, False",
                "is_site_boundary": "False, True",
                "score": 1.0
            },
            "geometry": {
                "type": "MultiPolygon",
                "coordinates": [
                    [
                        [
                            [
                                55.237862,
                                25.05998
                            ],
                            [
                                55.238826,
                                25.060108
                            ],
                            [
                                55.238882,
                                25.059782
                            ],
                            [
                                55.23894,
                                25.059465
                            ],
                            [
                                55.238793,
                                25.059437
                            ],
                            [
                                55.237953,
                                25.059327
                            ],
                            [
                                55.237862,
                                25.05998
                            ]
                        ]
                    ],
                    [
                        [
                            [
                                55.240181,
                                25.060936
                            ],
                            [
                                55.240048,
                                25.059866
                            ],
                            [
                                55.238882,
                                25.059782
                            ],
                            [
                                55.23894,
                                25.059465
                            ],
                            [
                                55.238793,
                                25.059437
                            ],
                            [
                                55.237953,
                                25.059327
                            ],
                            [
                                55.237862,
                                25.05998
                            ],
                            [
                                55.237773,
                                25.060573
                            ],
                            [
                                55.238701,
                                25.060678
                            ],
                            [
                                55.238678,
                                25.060798
                            ],
                            [
                                55.239866,
                                25.061239
                            ],
                            [
                                55.240181,
                                25.060936
                            ]
                        ]
                    ]
                ]
            }
        },
        {
            "type": "Feature",
            "properties": {
                "observation_date": "2020-02-28",
                "source": "LC08_L1TP_160043_20200228_20200822_02_T1_TCI",
                "sensor_name": "Landsat 8",
                "type": "observation",
                "current_phase": "Post Construction, Active Construction",
                "is_occluded": "False, False",
                "is_site_boundary": "False, True",
                "score": 1.0
            },
            "geometry": {
                "type": "MultiPolygon",
                "coordinates": [
                    [
                        [
                            [
                                55.237861,
                                25.059983
                            ],
                            [
                                55.238824,
                                25.060111
                            ],
                            [
                                55.23888,
                                25.059785
                            ],
                            [
                                55.238938,
                                25.059468
                            ],
                            [
                                55.238791,
                                25.05944
                            ],
                            [
                                55.237952,
                                25.05933
                            ],
                            [
                                55.237861,
                                25.059983
                            ]
                        ]
                    ],
                    [
                        [
                            [
                                55.240178,
                                25.060938
                            ],
                            [
                                55.240046,
                                25.059868
                            ],
                            [
                                55.23888,
                                25.059785
                            ],
                            [
                                55.238938,
                                25.059468
                            ],
                            [
                                55.238791,
                                25.05944
                            ],
                            [
                                55.237952,
                                25.05933
                            ],
                            [
                                55.237861,
                                25.059983
                            ],
                            [
                                55.237772,
                                25.060576
                            ],
                            [
                                55.2387,
                                25.06068
                            ],
                            [
                                55.238676,
                                25.0608
                            ],
                            [
                                55.239864,
                                25.061241
                            ],
                            [
                                55.240178,
                                25.060938
                            ]
                        ]
                    ]
                ]
            }
        },
        {
            "type": "Feature",
            "properties": {
                "observation_date": "2020-03-04",
                "source": "S2B_40RCN_20200304_0_L2A_TCI",
                "sensor_name": "Sentinel-2",
                "type": "observation",
                "current_phase": "Post Construction, Active Construction",
                "is_occluded": "False, False",
                "is_site_boundary": "False, True",
                "score": 1.0
            },
            "geometry": {
                "type": "MultiPolygon",
                "coordinates": [
                    [
                        [
                            [
                                55.237863,
                                25.059981
                            ],
                            [
                                55.238827,
                                25.060109
                            ],
                            [
                                55.238883,
                                25.059783
                            ],
                            [
                                55.238941,
                                25.059466
                            ],
                            [
                                55.238794,
                                25.059438
                            ],
                            [
                                55.237954,
                                25.059327
                            ],
                            [
                                55.237863,
                                25.059981
                            ]
                        ]
                    ],
                    [
                        [
                            [
                                55.240182,
                                25.060937
                            ],
                            [
                                55.240049,
                                25.059867
                            ],
                            [
                                55.238883,
                                25.059783
                            ],
                            [
                                55.238941,
                                25.059466
                            ],
                            [
                                55.238794,
                                25.059438
                            ],
                            [
                                55.237954,
                                25.059327
                            ],
                            [
                                55.237863,
                                25.059981
                            ],
                            [
                                55.237774,
                                25.060574
                            ],
                            [
                                55.238702,
                                25.060679
                            ],
                            [
                                55.238679,
                                25.060799
                            ],
                            [
                                55.239867,
                                25.06124
                            ],
                            [
                                55.240182,
                                25.060937
                            ]
                        ]
                    ]
                ]
            }
        },
        {
            "type": "Feature",
            "properties": {
                "observation_date": "2020-03-31",
                "source": "LC08_L1TP_160043_20200331_20200822_02_T1_TCI",
                "sensor_name": "Landsat 8",
                "type": "observation",
                "current_phase": "Post Construction, Active Construction",
                "is_occluded": "False, False",
                "is_site_boundary": "False, True",
                "score": 1.0
            },
            "geometry": {
                "type": "MultiPolygon",
                "coordinates": [
                    [
                        [
                            [
                                55.237862,
                                25.059984
                            ],
                            [
                                55.238825,
                                25.060112
                            ],
                            [
                                55.238881,
                                25.059786
                            ],
                            [
                                55.238939,
                                25.059469
                            ],
                            [
                                55.238792,
                                25.05944
                            ],
                            [
                                55.237953,
                                25.05933
                            ],
                            [
                                55.237862,
                                25.059984
                            ]
                        ]
                    ],
                    [
                        [
                            [
                                55.240179,
                                25.060939
                            ],
                            [
                                55.240047,
                                25.059869
                            ],
                            [
                                55.238881,
                                25.059786
                            ],
                            [
                                55.238939,
                                25.059469
                            ],
                            [
                                55.238792,
                                25.05944
                            ],
                            [
                                55.237953,
                                25.05933
                            ],
                            [
                                55.237862,
                                25.059984
                            ],
                            [
                                55.237773,
                                25.060576
                            ],
                            [
                                55.238701,
                                25.060681
                            ],
                            [
                                55.238677,
                                25.060801
                            ],
                            [
                                55.239865,
                                25.061242
                            ],
                            [
                                55.240179,
                                25.060939
                            ]
                        ]
                    ]
                ]
            }
        },
        {
            "type": "Feature",
            "properties": {
                "observation_date": "2020-04-18",
                "source": "S2A_40RCN_20200418_0_L2A_TCI",
                "sensor_name": "Sentinel-2",
                "type": "observation",
                "current_phase": "Post Construction, Active Construction",
                "is_occluded": "False, False",
                "is_site_boundary": "False, True",
                "score": 1.0
            },
            "geometry": {
                "type": "MultiPolygon",
                "coordinates": [
                    [
                        [
                            [
                                55.237864,
                                25.059982
                            ],
                            [
                                55.238828,
                                25.06011
                            ],
                            [
                                55.238884,
                                25.059784
                            ],
                            [
                                55.238942,
                                25.059467
                            ],
                            [
                                55.238795,
                                25.059438
                            ],
                            [
                                55.237955,
                                25.059328
                            ],
                            [
                                55.237864,
                                25.059982
                            ]
                        ]
                    ],
                    [
                        [
                            [
                                55.240183,
                                25.060938
                            ],
                            [
                                55.24005,
                                25.059867
                            ],
                            [
                                55.238884,
                                25.059784
                            ],
                            [
                                55.238942,
                                25.059467
                            ],
                            [
                                55.238795,
                                25.059438
                            ],
                            [
                                55.237955,
                                25.059328
                            ],
                            [
                                55.237864,
                                25.059982
                            ],
                            [
                                55.237775,
                                25.060575
                            ],
                            [
                                55.238703,
                                25.06068
                            ],
                            [
                                55.238679,
                                25.060799
                            ],
                            [
                                55.239868,
                                25.061241
                            ],
                            [
                                55.240183,
                                25.060938
                            ]
                        ]
                    ]
                ]
            }
        },
        {
            "type": "Feature",
            "properties": {
                "observation_date": "2020-05-18",
                "source": "LC08_L1TP_160043_20200518_20200820_02_T1_TCI",
                "sensor_name": "Landsat 8",
                "type": "observation",
                "current_phase": "Post Construction, Active Construction",
                "is_occluded": "False, False",
                "is_site_boundary": "False, True",
                "score": 1.0
            },
            "geometry": {
                "type": "MultiPolygon",
                "coordinates": [
                    [
                        [
                            [
                                55.237863,
                                25.059984
                            ],
                            [
                                55.238826,
                                25.060113
                            ],
                            [
                                55.238882,
                                25.059786
                            ],
                            [
                                55.23894,
                                25.05947
                            ],
                            [
                                55.238793,
                                25.059441
                            ],
                            [
                                55.237954,
                                25.059331
                            ],
                            [
                                55.237863,
                                25.059984
                            ]
                        ]
                    ],
                    [
                        [
                            [
                                55.24018,
                                25.06094
                            ],
                            [
                                55.240048,
                                25.05987
                            ],
                            [
                                55.238882,
                                25.059786
                            ],
                            [
                                55.23894,
                                25.05947
                            ],
                            [
                                55.238793,
                                25.059441
                            ],
                            [
                                55.237954,
                                25.059331
                            ],
                            [
                                55.237863,
                                25.059984
                            ],
                            [
                                55.237774,
                                25.060577
                            ],
                            [
                                55.238702,
                                25.060682
                            ],
                            [
                                55.238678,
                                25.060802
                            ],
                            [
                                55.239866,
                                25.061243
                            ],
                            [
                                55.24018,
                                25.06094
                            ]
                        ]
                    ]
                ]
            }
        },
        {
            "type": "Feature",
            "properties": {
                "observation_date": "2020-05-18",
                "source": "S2A_40RCN_20200518_0_L2A_TCI",
                "sensor_name": "Sentinel-2",
                "type": "observation",
                "current_phase": "Post Construction, Active Construction",
                "is_occluded": "False, False",
                "is_site_boundary": "False, True",
                "score": 1.0
            },
            "geometry": {
                "type": "MultiPolygon",
                "coordinates": [
                    [
                        [
                            [
                                55.237865,
                                25.059983
                            ],
                            [
                                55.238829,
                                25.060111
                            ],
                            [
                                55.238885,
                                25.059784
                            ],
                            [
                                55.238943,
                                25.059468
                            ],
                            [
                                55.238796,
                                25.059439
                            ],
                            [
                                55.237956,
                                25.059329
                            ],
                            [
                                55.237865,
                                25.059983
                            ]
                        ]
                    ],
                    [
                        [
                            [
                                55.240184,
                                25.060938
                            ],
                            [
                                55.240051,
                                25.059868
                            ],
                            [
                                55.238885,
                                25.059784
                            ],
                            [
                                55.238943,
                                25.059468
                            ],
                            [
                                55.238796,
                                25.059439
                            ],
                            [
                                55.237956,
                                25.059329
                            ],
                            [
                                55.237865,
                                25.059983
                            ],
                            [
                                55.237776,
                                25.060576
                            ],
                            [
                                55.238704,
                                25.06068
                            ],
                            [
                                55.23868,
                                25.0608
                            ],
                            [
                                55.239869,
                                25.061242
                            ],
                            [
                                55.240184,
                                25.060938
                            ]
                        ]
                    ]
                ]
            }
        },
        {
            "type": "Feature",
            "properties": {
                "observation_date": "2020-06-02",
                "source": "S2B_40RCN_20200602_0_L2A_TCI",
                "sensor_name": "Sentinel-2",
                "type": "observation",
                "current_phase": "Post Construction, Active Construction",
                "is_occluded": "False, False",
                "is_site_boundary": "False, True",
                "score": 1.0
            },
            "geometry": {
                "type": "MultiPolygon",
                "coordinates": [
                    [
                        [
                            [
                                55.237865,
                                25.059983
                            ],
                            [
                                55.238829,
                                25.060111
                            ],
                            [
                                55.238885,
                                25.059785
                            ],
                            [
                                55.238943,
                                25.059468
                            ],
                            [
                                55.238796,
                                25.05944
                            ],
                            [
                                55.237957,
                                25.059329
                            ],
                            [
                                55.237865,
                                25.059983
                            ]
                        ]
                    ],
                    [
                        [
                            [
                                55.240184,
                                25.060939
                            ],
                            [
                                55.240052,
                                25.059869
                            ],
                            [
                                55.238885,
                                25.059785
                            ],
                            [
                                55.238943,
                                25.059468
                            ],
                            [
                                55.238796,
                                25.05944
                            ],
                            [
                                55.237957,
                                25.059329
                            ],
                            [
                                55.237865,
                                25.059983
                            ],
                            [
                                55.237777,
                                25.060576
                            ],
                            [
                                55.238705,
                                25.060681
                            ],
                            [
                                55.238681,
                                25.060801
                            ],
                            [
                                55.23987,
                                25.061242
                            ],
                            [
                                55.240184,
                                25.060939
                            ]
                        ]
                    ]
                ]
            }
        },
        {
            "type": "Feature",
            "properties": {
                "observation_date": "2020-06-03",
                "source": "LC08_L1TP_160043_20200603_20200824_02_T1_TCI",
                "sensor_name": "Landsat 8",
                "type": "observation",
                "current_phase": "Post Construction, Active Construction",
                "is_occluded": "False, False",
                "is_site_boundary": "False, True",
                "score": 1.0
            },
            "geometry": {
                "type": "MultiPolygon",
                "coordinates": [
                    [
                        [
                            [
                                55.237864,
                                25.059986
                            ],
                            [
                                55.238827,
                                25.060114
                            ],
                            [
                                55.238883,
                                25.059788
                            ],
                            [
                                55.238942,
                                25.059471
                            ],
                            [
                                55.238795,
                                25.059442
                            ],
                            [
                                55.237956,
                                25.059332
                            ],
                            [
                                55.237864,
                                25.059986
                            ]
                        ]
                    ],
                    [
                        [
                            [
                                55.240182,
                                25.060941
                            ],
                            [
                                55.240049,
                                25.059871
                            ],
                            [
                                55.238883,
                                25.059788
                            ],
                            [
                                55.238942,
                                25.059471
                            ],
                            [
                                55.238795,
                                25.059442
                            ],
                            [
                                55.237956,
                                25.059332
                            ],
                            [
                                55.237864,
                                25.059986
                            ],
                            [
                                55.237776,
                                25.060578
                            ],
                            [
                                55.238703,
                                25.060683
                            ],
                            [
                                55.238679,
                                25.060803
                            ],
                            [
                                55.239868,
                                25.061244
                            ],
                            [
                                55.240182,
                                25.060941
                            ]
                        ]
                    ]
                ]
            }
        },
        {
            "type": "Feature",
            "properties": {
                "observation_date": "2020-07-02",
                "source": "S2B_40RCN_20200702_0_L2A_TCI",
                "sensor_name": "Sentinel-2",
                "type": "observation",
                "current_phase": "Post Construction, Active Construction",
                "is_occluded": "False, False",
                "is_site_boundary": "False, True",
                "score": 1.0
            },
            "geometry": {
                "type": "MultiPolygon",
                "coordinates": [
                    [
                        [
                            [
                                55.237866,
                                25.059984
                            ],
                            [
                                55.23883,
                                25.060112
                            ],
                            [
                                55.238886,
                                25.059786
                            ],
                            [
                                55.238944,
                                25.059469
                            ],
                            [
                                55.238797,
                                25.05944
                            ],
                            [
                                55.237958,
                                25.05933
                            ],
                            [
                                55.237866,
                                25.059984
                            ]
                        ]
                    ],
                    [
                        [
                            [
                                55.240185,
                                25.06094
                            ],
                            [
                                55.240053,
                                25.059869
                            ],
                            [
                                55.238886,
                                25.059786
                            ],
                            [
                                55.238944,
                                25.059469
                            ],
                            [
                                55.238797,
                                25.05944
                            ],
                            [
                                55.237958,
                                25.05933
                            ],
                            [
                                55.237866,
                                25.059984
                            ],
                            [
                                55.237778,
                                25.060577
                            ],
                            [
                                55.238706,
                                25.060682
                            ],
                            [
                                55.238682,
                                25.060801
                            ],
                            [
                                55.239871,
                                25.061243
                            ],
                            [
                                55.240185,
                                25.06094
                            ]
                        ]
                    ]
                ]
            }
        },
        {
            "type": "Feature",
            "properties": {
                "observation_date": "2020-07-05",
                "source": "LC08_L1TP_160043_20200705_20200913_02_T1_TCI",
                "sensor_name": "Landsat 8",
                "type": "observation",
                "current_phase": "Post Construction, Active Construction",
                "is_occluded": "False, False",
                "is_site_boundary": "False, True",
                "score": 1.0
            },
            "geometry": {
                "type": "MultiPolygon",
                "coordinates": [
                    [
                        [
                            [
                                55.237865,
                                25.059986
                            ],
                            [
                                55.238828,
                                25.060115
                            ],
                            [
                                55.238884,
                                25.059788
                            ],
                            [
                                55.238943,
                                25.059472
                            ],
                            [
                                55.238796,
                                25.059443
                            ],
                            [
                                55.237957,
                                25.059333
                            ],
                            [
                                55.237865,
                                25.059986
                            ]
                        ]
                    ],
                    [
                        [
                            [
                                55.240183,
                                25.060942
                            ],
                            [
                                55.24005,
                                25.059872
                            ],
                            [
                                55.238884,
                                25.059788
                            ],
                            [
                                55.238943,
                                25.059472
                            ],
                            [
                                55.238796,
                                25.059443
                            ],
                            [
                                55.237957,
                                25.059333
                            ],
                            [
                                55.237865,
                                25.059986
                            ],
                            [
                                55.237776,
                                25.060579
                            ],
                            [
                                55.238704,
                                25.060684
                            ],
                            [
                                55.23868,
                                25.060804
                            ],
                            [
                                55.239868,
                                25.061245
                            ],
                            [
                                55.240183,
                                25.060942
                            ]
                        ]
                    ]
                ]
            }
        },
        {
            "type": "Feature",
            "properties": {
                "observation_date": "2020-08-06",
                "source": "LC08_L1TP_160043_20200806_20200916_02_T1_TCI",
                "sensor_name": "Landsat 8",
                "type": "observation",
                "current_phase": "Post Construction, Active Construction",
                "is_occluded": "False, False",
                "is_site_boundary": "False, True",
                "score": 1.0
            },
            "geometry": {
                "type": "MultiPolygon",
                "coordinates": [
                    [
                        [
                            [
                                55.237866,
                                25.059987
                            ],
                            [
                                55.238829,
                                25.060115
                            ],
                            [
                                55.238885,
                                25.059789
                            ],
                            [
                                55.238943,
                                25.059472
                            ],
                            [
                                55.238796,
                                25.059444
                            ],
                            [
                                55.237957,
                                25.059334
                            ],
                            [
                                55.237866,
                                25.059987
                            ]
                        ]
                    ],
                    [
                        [
                            [
                                55.240183,
                                25.060942
                            ],
                            [
                                55.240051,
                                25.059872
                            ],
                            [
                                55.238885,
                                25.059789
                            ],
                            [
                                55.238943,
                                25.059472
                            ],
                            [
                                55.238796,
                                25.059444
                            ],
                            [
                                55.237957,
                                25.059334
                            ],
                            [
                                55.237866,
                                25.059987
                            ],
                            [
                                55.237777,
                                25.06058
                            ],
                            [
                                55.238705,
                                25.060684
                            ],
                            [
                                55.238681,
                                25.060804
                            ],
                            [
                                55.239869,
                                25.061245
                            ],
                            [
                                55.240183,
                                25.060942
                            ]
                        ]
                    ]
                ]
            }
        },
        {
            "type": "Feature",
            "properties": {
                "observation_date": "2020-08-31",
                "source": "S2B_40RCN_20200831_0_L2A_TCI",
                "sensor_name": "Sentinel-2",
                "type": "observation",
                "current_phase": "Post Construction, Active Construction",
                "is_occluded": "False, False",
                "is_site_boundary": "False, True",
                "score": 1.0
            },
            "geometry": {
                "type": "MultiPolygon",
                "coordinates": [
                    [
                        [
                            [
                                55.237868,
                                25.059985
                            ],
                            [
                                55.238831,
                                25.060113
                            ],
                            [
                                55.238888,
                                25.059787
                            ],
                            [
                                55.238946,
                                25.05947
                            ],
                            [
                                55.238799,
                                25.059442
                            ],
                            [
                                55.237959,
                                25.059331
                            ],
                            [
                                55.237868,
                                25.059985
                            ]
                        ]
                    ],
                    [
                        [
                            [
                                55.240186,
                                25.060941
                            ],
                            [
                                55.240054,
                                25.059871
                            ],
                            [
                                55.238888,
                                25.059787
                            ],
                            [
                                55.238946,
                                25.05947
                            ],
                            [
                                55.238799,
                                25.059442
                            ],
                            [
                                55.237959,
                                25.059331
                            ],
                            [
                                55.237868,
                                25.059985
                            ],
                            [
                                55.237779,
                                25.060578
                            ],
                            [
                                55.238707,
                                25.060683
                            ],
                            [
                                55.238683,
                                25.060803
                            ],
                            [
                                55.239872,
                                25.061244
                            ],
                            [
                                55.240186,
                                25.060941
                            ]
                        ]
                    ]
                ]
            }
        },
        {
            "type": "Feature",
            "properties": {
                "observation_date": "2020-09-10",
                "source": "20SEP10064315-M1BS-014464473010_01_P004",
                "sensor_name": "WorldView",
                "type": "observation",
                "current_phase": "Post Construction, Active Construction",
                "is_occluded": "False, False",
                "is_site_boundary": "False, True",
                "score": 1.0
            },
            "geometry": {
                "type": "MultiPolygon",
                "coordinates": [
                    [
                        [
                            [
                                55.237867,
                                25.059964
                            ],
                            [
                                55.23883,
                                25.060093
                            ],
                            [
                                55.238886,
                                25.059765
                            ],
                            [
                                55.238944,
                                25.059446
                            ],
                            [
                                55.238797,
                                25.059417
                            ],
                            [
                                55.237958,
                                25.059307
                            ],
                            [
                                55.237867,
                                25.059964
                            ]
                        ]
                    ],
                    [
                        [
                            [
                                55.240184,
                                25.060925
                            ],
                            [
                                55.240052,
                                25.059849
                            ],
                            [
                                55.238886,
                                25.059765
                            ],
                            [
                                55.238944,
                                25.059446
                            ],
                            [
                                55.238797,
                                25.059417
                            ],
                            [
                                55.237958,
                                25.059307
                            ],
                            [
                                55.237867,
                                25.059964
                            ],
                            [
                                55.237778,
                                25.06056
                            ],
                            [
                                55.238706,
                                25.060665
                            ],
                            [
                                55.238682,
                                25.060786
                            ],
                            [
                                55.23987,
                                25.06123
                            ],
                            [
                                55.240184,
                                25.060925
                            ]
                        ]
                    ]
                ]
            }
        },
        {
            "type": "Feature",
            "properties": {
                "observation_date": "2020-09-23",
                "source": "LC08_L1TP_160043_20200923_20201006_02_T1_TCI",
                "sensor_name": "Landsat 8",
                "type": "observation",
                "current_phase": "Post Construction, Active Construction",
                "is_occluded": "False, False",
                "is_site_boundary": "False, True",
                "score": 1.0
            },
            "geometry": {
                "type": "MultiPolygon",
                "coordinates": [
                    [
                        [
                            [
                                55.237868,
                                25.059983
                            ],
                            [
                                55.238831,
                                25.060111
                            ],
                            [
                                55.238887,
                                25.059785
                            ],
                            [
                                55.238945,
                                25.059468
                            ],
                            [
                                55.238798,
                                25.05944
                            ],
                            [
                                55.237959,
                                25.05933
                            ],
                            [
                                55.237868,
                                25.059983
                            ]
                        ]
                    ],
                    [
                        [
                            [
                                55.240185,
                                25.060938
                            ],
                            [
                                55.240053,
                                25.059869
                            ],
                            [
                                55.238887,
                                25.059785
                            ],
                            [
                                55.238945,
                                25.059468
                            ],
                            [
                                55.238798,
                                25.05944
                            ],
                            [
                                55.237959,
                                25.05933
                            ],
                            [
                                55.237868,
                                25.059983
                            ],
                            [
                                55.237779,
                                25.060576
                            ],
                            [
                                55.238707,
                                25.06068
                            ],
                            [
                                55.238683,
                                25.0608
                            ],
                            [
                                55.239871,
                                25.061241
                            ],
                            [
                                55.240185,
                                25.060938
                            ]
                        ]
                    ]
                ]
            }
        },
        {
            "type": "Feature",
            "properties": {
                "observation_date": "2020-09-30",
                "source": "S2B_40RCN_20200930_0_L2A_TCI",
                "sensor_name": "Sentinel-2",
                "type": "observation",
                "current_phase": "Post Construction, Active Construction",
                "is_occluded": "False, False",
                "is_site_boundary": "False, True",
                "score": 1.0
            },
            "geometry": {
                "type": "MultiPolygon",
                "coordinates": [
                    [
                        [
                            [
                                55.237871,
                                25.059976
                            ],
                            [
                                55.238835,
                                25.060104
                            ],
                            [
                                55.238891,
                                25.059778
                            ],
                            [
                                55.238949,
                                25.059461
                            ],
                            [
                                55.238802,
                                25.059433
                            ],
                            [
                                55.237962,
                                25.059323
                            ],
                            [
                                55.237871,
                                25.059976
                            ]
                        ]
                    ],
                    [
                        [
                            [
                                55.24019,
                                25.060932
                            ],
                            [
                                55.240057,
                                25.059862
                            ],
                            [
                                55.238891,
                                25.059778
                            ],
                            [
                                55.238949,
                                25.059461
                            ],
                            [
                                55.238802,
                                25.059433
                            ],
                            [
                                55.237962,
                                25.059323
                            ],
                            [
                                55.237871,
                                25.059976
                            ],
                            [
                                55.237782,
                                25.060569
                            ],
                            [
                                55.23871,
                                25.060674
                            ],
                            [
                                55.238686,
                                25.060794
                            ],
                            [
                                55.239875,
                                25.061235
                            ],
                            [
                                55.24019,
                                25.060932
                            ]
                        ]
                    ]
                ]
            }
        },
        {
            "type": "Feature",
            "properties": {
                "observation_date": "2020-10-07",
                "source": "20OCT07071050-P1BS-014466698010_01_P001",
                "sensor_name": "WorldView",
                "type": "observation",
                "current_phase": "Active Construction, Post Construction",
                "is_occluded": "False, False",
                "is_site_boundary": "True, False",
                "score": 1.0
            },
            "geometry": {
                "type": "MultiPolygon",
                "coordinates": [
                    [
                        [
                            [
                                55.240186,
                                25.060909
                            ],
                            [
                                55.240054,
                                25.059832
                            ],
                            [
                                55.238889,
                                25.059748
                            ],
                            [
                                55.238947,
                                25.05943
                            ],
                            [
                                55.2388,
                                25.059401
                            ],
                            [
                                55.237961,
                                25.05929
                            ],
                            [
                                55.23787,
                                25.059948
                            ],
                            [
                                55.237781,
                                25.060544
                            ],
                            [
                                55.238708,
                                25.06065
                            ],
                            [
                                55.238684,
                                25.06077
                            ],
                            [
                                55.239872,
                                25.061214
                            ],
                            [
                                55.240186,
                                25.060909
                            ]
                        ]
                    ],
                    [
                        [
                            [
                                55.23787,
                                25.059948
                            ],
                            [
                                55.238833,
                                25.060077
                            ],
                            [
                                55.238889,
                                25.059748
                            ],
                            [
                                55.238947,
                                25.05943
                            ],
                            [
                                55.2388,
                                25.059401
                            ],
                            [
                                55.237961,
                                25.05929
                            ],
                            [
                                55.23787,
                                25.059948
                            ]
                        ]
                    ]
                ]
            }
        },
        {
            "type": "Feature",
            "properties": {
                "observation_date": "2020-10-20",
                "source": "S2B_40RCN_20201020_0_L2A_TCI",
                "sensor_name": "Sentinel-2",
                "type": "observation",
                "current_phase": "Active Construction, Post Construction",
                "is_occluded": "False, False",
                "is_site_boundary": "True, False",
                "score": 1.0
            },
            "geometry": {
                "type": "MultiPolygon",
                "coordinates": [
                    [
                        [
                            [
                                55.240192,
                                25.060923
                            ],
                            [
                                55.24006,
                                25.059852
                            ],
                            [
                                55.238893,
                                25.059769
                            ],
                            [
                                55.238952,
                                25.059452
                            ],
                            [
                                55.238805,
                                25.059423
                            ],
                            [
                                55.237965,
                                25.059313
                            ],
                            [
                                55.237874,
                                25.059967
                            ],
                            [
                                55.237785,
                                25.06056
                            ],
                            [
                                55.238713,
                                25.060665
                            ],
                            [
                                55.238689,
                                25.060785
                            ],
                            [
                                55.239878,
                                25.061226
                            ],
                            [
                                55.240192,
                                25.060923
                            ]
                        ]
                    ],
                    [
                        [
                            [
                                55.237874,
                                25.059967
                            ],
                            [
                                55.238837,
                                25.060095
                            ],
                            [
                                55.238893,
                                25.059769
                            ],
                            [
                                55.238952,
                                25.059452
                            ],
                            [
                                55.238805,
                                25.059423
                            ],
                            [
                                55.237965,
                                25.059313
                            ],
                            [
                                55.237874,
                                25.059967
                            ]
                        ]
                    ]
                ]
            }
        },
        {
            "type": "Feature",
            "properties": {
                "observation_date": "2020-10-25",
                "source": "LC08_L1TP_160043_20201025_20201106_02_T1_TCI",
                "sensor_name": "Landsat 8",
                "type": "observation",
                "current_phase": "Active Construction, Post Construction",
                "is_occluded": "False, False",
                "is_site_boundary": "True, False",
                "score": 1.0
            },
            "geometry": {
                "type": "MultiPolygon",
                "coordinates": [
                    [
                        [
                            [
                                55.240191,
                                25.06092
                            ],
                            [
                                55.240059,
                                25.05985
                            ],
                            [
                                55.238893,
                                25.059766
                            ],
                            [
                                55.238951,
                                25.05945
                            ],
                            [
                                55.238804,
                                25.059421
                            ],
                            [
                                55.237965,
                                25.059311
                            ],
                            [
                                55.237873,
                                25.059964
                            ],
                            [
                                55.237785,
                                25.060557
                            ],
                            [
                                55.238712,
                                25.060662
                            ],
                            [
                                55.238688,
                                25.060782
                            ],
                            [
                                55.239877,
                                25.061223
                            ],
                            [
                                55.240191,
                                25.06092
                            ]
                        ]
                    ],
                    [
                        [
                            [
                                55.237873,
                                25.059964
                            ],
                            [
                                55.238837,
                                25.060093
                            ],
                            [
                                55.238893,
                                25.059766
                            ],
                            [
                                55.238951,
                                25.05945
                            ],
                            [
                                55.238804,
                                25.059421
                            ],
                            [
                                55.237965,
                                25.059311
                            ],
                            [
                                55.237873,
                                25.059964
                            ]
                        ]
                    ]
                ]
            }
        },
        {
            "type": "Feature",
            "properties": {
                "observation_date": "2020-11-10",
                "source": "LC08_L1TP_160043_20201110_20210316_02_T1_TCI",
                "sensor_name": "Landsat 8",
                "type": "observation",
                "current_phase": "Active Construction, Post Construction",
                "is_occluded": "False, False",
                "is_site_boundary": "True, False",
                "score": 1.0
            },
            "geometry": {
                "type": "MultiPolygon",
                "coordinates": [
                    [
                        [
                            [
                                55.240192,
                                25.060915
                            ],
                            [
                                55.24006,
                                25.059845
                            ],
                            [
                                55.238894,
                                25.059762
                            ],
                            [
                                55.238952,
                                25.059445
                            ],
                            [
                                55.238805,
                                25.059417
                            ],
                            [
                                55.237966,
                                25.059307
                            ],
                            [
                                55.237875,
                                25.05996
                            ],
                            [
                                55.237786,
                                25.060553
                            ],
                            [
                                55.238714,
                                25.060657
                            ],
                            [
                                55.23869,
                                25.060777
                            ],
                            [
                                55.239878,
                                25.061218
                            ],
                            [
                                55.240192,
                                25.060915
                            ]
                        ]
                    ],
                    [
                        [
                            [
                                55.237875,
                                25.05996
                            ],
                            [
                                55.238838,
                                25.060088
                            ],
                            [
                                55.238894,
                                25.059762
                            ],
                            [
                                55.238952,
                                25.059445
                            ],
                            [
                                55.238805,
                                25.059417
                            ],
                            [
                                55.237966,
                                25.059307
                            ],
                            [
                                55.237875,
                                25.05996
                            ]
                        ]
                    ]
                ]
            }
        },
        {
            "type": "Feature",
            "properties": {
                "observation_date": "2020-11-19",
                "source": "S2B_40RCN_20201119_0_L2A_TCI",
                "sensor_name": "Sentinel-2",
                "type": "observation",
                "current_phase": "Active Construction, Post Construction",
                "is_occluded": "False, False",
                "is_site_boundary": "True, False",
                "score": 1.0
            },
            "geometry": {
                "type": "MultiPolygon",
                "coordinates": [
                    [
                        [
                            [
                                55.240196,
                                25.060909
                            ],
                            [
                                55.240064,
                                25.059838
                            ],
                            [
                                55.238897,
                                25.059755
                            ],
                            [
                                55.238956,
                                25.059438
                            ],
                            [
                                55.238809,
                                25.05941
                            ],
                            [
                                55.237969,
                                25.059299
                            ],
                            [
                                55.237878,
                                25.059953
                            ],
                            [
                                55.237789,
                                25.060546
                            ],
                            [
                                55.238717,
                                25.060651
                            ],
                            [
                                55.238693,
                                25.060771
                            ],
                            [
                                55.239882,
                                25.061212
                            ],
                            [
                                55.240196,
                                25.060909
                            ]
                        ]
                    ],
                    [
                        [
                            [
                                55.237878,
                                25.059953
                            ],
                            [
                                55.238841,
                                25.060081
                            ],
                            [
                                55.238897,
                                25.059755
                            ],
                            [
                                55.238956,
                                25.059438
                            ],
                            [
                                55.238809,
                                25.05941
                            ],
                            [
                                55.237969,
                                25.059299
                            ],
                            [
                                55.237878,
                                25.059953
                            ]
                        ]
                    ]
                ]
            }
        },
        {
            "type": "Feature",
            "properties": {
                "observation_date": "2020-12-28",
                "source": "LC08_L1TP_160043_20201228_20210310_02_T1_TCI",
                "sensor_name": "Landsat 8",
                "type": "observation",
                "current_phase": "Active Construction, Post Construction",
                "is_occluded": "False, False",
                "is_site_boundary": "True, False",
                "score": 1.0
            },
            "geometry": {
                "type": "MultiPolygon",
                "coordinates": [
                    [
                        [
                            [
                                55.240195,
                                25.060906
                            ],
                            [
                                55.240063,
                                25.059836
                            ],
                            [
                                55.238897,
                                25.059752
                            ],
                            [
                                55.238955,
                                25.059436
                            ],
                            [
                                55.238808,
                                25.059407
                            ],
                            [
                                55.237969,
                                25.059297
                            ],
                            [
                                55.237877,
                                25.059951
                            ],
                            [
                                55.237789,
                                25.060543
                            ],
                            [
                                55.238716,
                                25.060648
                            ],
                            [
                                55.238692,
                                25.060768
                            ],
                            [
                                55.239881,
                                25.061209
                            ],
                            [
                                55.240195,
                                25.060906
                            ]
                        ]
                    ],
                    [
                        [
                            [
                                55.237877,
                                25.059951
                            ],
                            [
                                55.238841,
                                25.060079
                            ],
                            [
                                55.238897,
                                25.059752
                            ],
                            [
                                55.238955,
                                25.059436
                            ],
                            [
                                55.238808,
                                25.059407
                            ],
                            [
                                55.237969,
                                25.059297
                            ],
                            [
                                55.237877,
                                25.059951
                            ]
                        ]
                    ]
                ]
            }
        },
        {
            "type": "Feature",
            "properties": {
                "observation_date": "2020-12-29",
                "source": "S2B_40RCN_20201229_0_L2A_TCI",
                "sensor_name": "Sentinel-2",
                "type": "observation",
                "current_phase": "Active Construction, Post Construction",
                "is_occluded": "False, False",
                "is_site_boundary": "True, False",
                "score": 1.0
            },
            "geometry": {
                "type": "MultiPolygon",
                "coordinates": [
                    [
                        [
                            [
                                55.240199,
                                25.060899
                            ],
                            [
                                55.240067,
                                25.059829
                            ],
                            [
                                55.2389,
                                25.059746
                            ],
                            [
                                55.238958,
                                25.059429
                            ],
                            [
                                55.238811,
                                25.0594
                            ],
                            [
                                55.237972,
                                25.05929
                            ],
                            [
                                55.23788,
                                25.059944
                            ],
                            [
                                55.237792,
                                25.060537
                            ],
                            [
                                55.23872,
                                25.060641
                            ],
                            [
                                55.238696,
                                25.060761
                            ],
                            [
                                55.239885,
                                25.061203
                            ],
                            [
                                55.240199,
                                25.060899
                            ]
                        ]
                    ],
                    [
                        [
                            [
                                55.23788,
                                25.059944
                            ],
                            [
                                55.238844,
                                25.060072
                            ],
                            [
                                55.2389,
                                25.059746
                            ],
                            [
                                55.238958,
                                25.059429
                            ],
                            [
                                55.238811,
                                25.0594
                            ],
                            [
                                55.237972,
                                25.05929
                            ],
                            [
                                55.23788,
                                25.059944
                            ]
                        ]
                    ]
                ]
            }
        },
        {
            "type": "Feature",
            "properties": {
                "observation_date": "2021-01-08",
                "source": "S2B_40RCN_20210108_0_L2A_TCI",
                "sensor_name": "Sentinel-2",
                "type": "observation",
                "current_phase": "Active Construction, Post Construction",
                "is_occluded": "False, False",
                "is_site_boundary": "True, False",
                "score": 1.0
            },
            "geometry": {
                "type": "MultiPolygon",
                "coordinates": [
                    [
                        [
                            [
                                55.2402,
                                25.060895
                            ],
                            [
                                55.240068,
                                25.059825
                            ],
                            [
                                55.238902,
                                25.059741
                            ],
                            [
                                55.23896,
                                25.059424
                            ],
                            [
                                55.238813,
                                25.059396
                            ],
                            [
                                55.237973,
                                25.059285
                            ],
                            [
                                55.237882,
                                25.059939
                            ],
                            [
                                55.237793,
                                25.060532
                            ],
                            [
                                55.238721,
                                25.060637
                            ],
                            [
                                55.238697,
                                25.060757
                            ],
                            [
                                55.239886,
                                25.061198
                            ],
                            [
                                55.2402,
                                25.060895
                            ]
                        ]
                    ],
                    [
                        [
                            [
                                55.237882,
                                25.059939
                            ],
                            [
                                55.238845,
                                25.060067
                            ],
                            [
                                55.238902,
                                25.059741
                            ],
                            [
                                55.23896,
                                25.059424
                            ],
                            [
                                55.238813,
                                25.059396
                            ],
                            [
                                55.237973,
                                25.059285
                            ],
                            [
                                55.237882,
                                25.059939
                            ]
                        ]
                    ]
                ]
            }
        },
        {
            "type": "Feature",
            "properties": {
                "observation_date": "2021-01-13",
                "source": "LC08_L1TP_160043_20210113_20210308_02_T1_TCI",
                "sensor_name": "Landsat 8",
                "type": "observation",
                "current_phase": "Active Construction, Post Construction",
                "is_occluded": "False, False",
                "is_site_boundary": "True, False",
                "score": 1.0
            },
            "geometry": {
                "type": "MultiPolygon",
                "coordinates": [
                    [
                        [
                            [
                                55.240199,
                                25.060892
                            ],
                            [
                                55.240067,
                                25.059822
                            ],
                            [
                                55.238901,
                                25.059739
                            ],
                            [
                                55.238959,
                                25.059422
                            ],
                            [
                                55.238812,
                                25.059393
                            ],
                            [
                                55.237973,
                                25.059283
                            ],
                            [
                                55.237881,
                                25.059937
                            ],
                            [
                                55.237793,
                                25.060529
                            ],
                            [
                                55.23872,
                                25.060634
                            ],
                            [
                                55.238697,
                                25.060754
                            ],
                            [
                                55.239885,
                                25.061195
                            ],
                            [
                                55.240199,
                                25.060892
                            ]
                        ]
                    ],
                    [
                        [
                            [
                                55.237881,
                                25.059937
                            ],
                            [
                                55.238845,
                                25.060065
                            ],
                            [
                                55.238901,
                                25.059739
                            ],
                            [
                                55.238959,
                                25.059422
                            ],
                            [
                                55.238812,
                                25.059393
                            ],
                            [
                                55.237973,
                                25.059283
                            ],
                            [
                                55.237881,
                                25.059937
                            ]
                        ]
                    ]
                ]
            }
        },
        {
            "type": "Feature",
            "properties": {
                "observation_date": "2021-02-02",
                "source": "S2A_40RCN_20210202_0_L2A_TCI",
                "sensor_name": "Sentinel-2",
                "type": "observation",
                "current_phase": "Active Construction, Post Construction",
                "is_occluded": "False, False",
                "is_site_boundary": "True, False",
                "score": 1.0
            },
            "geometry": {
                "type": "MultiPolygon",
                "coordinates": [
                    [
                        [
                            [
                                55.240203,
                                25.060885
                            ],
                            [
                                55.240071,
                                25.059815
                            ],
                            [
                                55.238904,
                                25.059732
                            ],
                            [
                                55.238963,
                                25.059415
                            ],
                            [
                                55.238815,
                                25.059386
                            ],
                            [
                                55.237976,
                                25.059276
                            ],
                            [
                                55.237884,
                                25.05993
                            ],
                            [
                                55.237796,
                                25.060523
                            ],
                            [
                                55.238724,
                                25.060627
                            ],
                            [
                                55.2387,
                                25.060747
                            ],
                            [
                                55.239889,
                                25.061189
                            ],
                            [
                                55.240203,
                                25.060885
                            ]
                        ]
                    ],
                    [
                        [
                            [
                                55.237884,
                                25.05993
                            ],
                            [
                                55.238848,
                                25.060058
                            ],
                            [
                                55.238904,
                                25.059732
                            ],
                            [
                                55.238963,
                                25.059415
                            ],
                            [
                                55.238815,
                                25.059386
                            ],
                            [
                                55.237976,
                                25.059276
                            ],
                            [
                                55.237884,
                                25.05993
                            ]
                        ]
                    ]
                ]
            }
        },
        {
            "type": "Feature",
            "properties": {
                "observation_date": "2021-02-14",
                "source": "LC08_L1TP_160043_20210214_20210301_02_T1_TCI",
                "sensor_name": "Landsat 8",
                "type": "observation",
                "current_phase": "Active Construction, Post Construction",
                "is_occluded": "False, False",
                "is_site_boundary": "True, False",
                "score": 1.0
            },
            "geometry": {
                "type": "MultiPolygon",
                "coordinates": [
                    [
                        [
                            [
                                55.240201,
                                25.060882
                            ],
                            [
                                55.240069,
                                25.059813
                            ],
                            [
                                55.238903,
                                25.059729
                            ],
                            [
                                55.238962,
                                25.059413
                            ],
                            [
                                55.238815,
                                25.059384
                            ],
                            [
                                55.237976,
                                25.059274
                            ],
                            [
                                55.237884,
                                25.059927
                            ],
                            [
                                55.237795,
                                25.06052
                            ],
                            [
                                55.238723,
                                25.060625
                            ],
                            [
                                55.238699,
                                25.060744
                            ],
                            [
                                55.239887,
                                25.061186
                            ],
                            [
                                55.240201,
                                25.060882
                            ]
                        ]
                    ],
                    [
                        [
                            [
                                55.237884,
                                25.059927
                            ],
                            [
                                55.238847,
                                25.060055
                            ],
                            [
                                55.238903,
                                25.059729
                            ],
                            [
                                55.238962,
                                25.059413
                            ],
                            [
                                55.238815,
                                25.059384
                            ],
                            [
                                55.237976,
                                25.059274
                            ],
                            [
                                55.237884,
                                25.059927
                            ]
                        ]
                    ]
                ]
            }
        },
        {
            "type": "Feature",
            "properties": {
                "observation_date": "2021-02-24",
                "source": "21FEB24071355-P1BS-014466653010_01_P002",
                "sensor_name": "WorldView",
                "type": "observation",
                "current_phase": "Active Construction, Post Construction",
                "is_occluded": "False, False",
                "is_site_boundary": "True, False",
                "score": 1.0
            },
            "geometry": {
                "type": "MultiPolygon",
                "coordinates": [
                    [
                        [
                            [
                                55.240201,
                                25.060858
                            ],
                            [
                                55.240069,
                                25.059781
                            ],
                            [
                                55.238903,
                                25.059697
                            ],
                            [
                                55.238962,
                                25.059378
                            ],
                            [
                                55.238815,
                                25.05935
                            ],
                            [
                                55.237976,
                                25.059239
                            ],
                            [
                                55.237885,
                                25.059896
                            ],
                            [
                                55.237796,
                                25.060493
                            ],
                            [
                                55.238723,
                                25.060598
                            ],
                            [
                                55.238699,
                                25.060719
                            ],
                            [
                                55.239887,
                                25.061163
                            ],
                            [
                                55.240201,
                                25.060858
                            ]
                        ]
                    ],
                    [
                        [
                            [
                                55.237885,
                                25.059896
                            ],
                            [
                                55.238847,
                                25.060025
                            ],
                            [
                                55.238903,
                                25.059697
                            ],
                            [
                                55.238962,
                                25.059378
                            ],
                            [
                                55.238815,
                                25.05935
                            ],
                            [
                                55.237976,
                                25.059239
                            ],
                            [
                                55.237885,
                                25.059896
                            ]
                        ]
                    ]
                ]
            }
        },
        {
            "type": "Feature",
            "properties": {
                "observation_date": "2021-03-02",
                "source": "LC08_L1TP_160043_20210302_20210311_02_T1_TCI",
                "sensor_name": "Landsat 8",
                "type": "observation",
                "current_phase": "Active Construction, Post Construction",
                "is_occluded": "False, False",
                "is_site_boundary": "True, False",
                "score": 1.0
            },
            "geometry": {
                "type": "MultiPolygon",
                "coordinates": [
                    [
                        [
                            [
                                55.2402,
                                25.060894
                            ],
                            [
                                55.240068,
                                25.059825
                            ],
                            [
                                55.238902,
                                25.059741
                            ],
                            [
                                55.23896,
                                25.059424
                            ],
                            [
                                55.238813,
                                25.059396
                            ],
                            [
                                55.237974,
                                25.059286
                            ],
                            [
                                55.237883,
                                25.059939
                            ],
                            [
                                55.237794,
                                25.060532
                            ],
                            [
                                55.238722,
                                25.060636
                            ],
                            [
                                55.238698,
                                25.060756
                            ],
                            [
                                55.239886,
                                25.061198
                            ],
                            [
                                55.2402,
                                25.060894
                            ]
                        ]
                    ],
                    [
                        [
                            [
                                55.237883,
                                25.059939
                            ],
                            [
                                55.238846,
                                25.060067
                            ],
                            [
                                55.238902,
                                25.059741
                            ],
                            [
                                55.23896,
                                25.059424
                            ],
                            [
                                55.238813,
                                25.059396
                            ],
                            [
                                55.237974,
                                25.059286
                            ],
                            [
                                55.237883,
                                25.059939
                            ]
                        ]
                    ]
                ]
            }
        },
        {
            "type": "Feature",
            "properties": {
                "observation_date": "2021-03-15",
                "source": "21MAR15071149-M1BS-014466652010_01_P004",
                "sensor_name": "WorldView",
                "type": "observation",
                "current_phase": "Active Construction, Post Construction",
                "is_occluded": "False, False",
                "is_site_boundary": "True, False",
                "score": 1.0
            },
            "geometry": {
                "type": "MultiPolygon",
                "coordinates": [
                    [
                        [
                            [
                                55.240198,
                                25.060893
                            ],
                            [
                                55.240066,
                                25.059816
                            ],
                            [
                                55.2389,
                                25.059732
                            ],
                            [
                                55.238958,
                                25.059414
                            ],
                            [
                                55.238811,
                                25.059385
                            ],
                            [
                                55.237972,
                                25.059275
                            ],
                            [
                                55.23788,
                                25.059932
                            ],
                            [
                                55.237792,
                                25.060528
                            ],
                            [
                                55.238719,
                                25.060633
                            ],
                            [
                                55.238695,
                                25.060754
                            ],
                            [
                                55.239884,
                                25.061198
                            ],
                            [
                                55.240198,
                                25.060893
                            ]
                        ]
                    ],
                    [
                        [
                            [
                                55.23788,
                                25.059932
                            ],
                            [
                                55.238843,
                                25.060061
                            ],
                            [
                                55.2389,
                                25.059732
                            ],
                            [
                                55.238958,
                                25.059414
                            ],
                            [
                                55.238811,
                                25.059385
                            ],
                            [
                                55.237972,
                                25.059275
                            ],
                            [
                                55.23788,
                                25.059932
                            ]
                        ]
                    ]
                ]
            }
        },
        {
            "type": "Feature",
            "properties": {
                "observation_date": "2021-03-29",
                "source": "S2B_40RCN_20210329_0_L2A_TCI",
                "sensor_name": "Sentinel-2",
                "type": "observation",
                "current_phase": "Active Construction, Post Construction",
                "is_occluded": "False, False",
                "is_site_boundary": "True, False",
                "score": 1.0
            },
            "geometry": {
                "type": "MultiPolygon",
                "coordinates": [
                    [
                        [
                            [
                                55.240198,
                                25.060914
                            ],
                            [
                                55.240065,
                                25.059844
                            ],
                            [
                                55.238899,
                                25.05976
                            ],
                            [
                                55.238957,
                                25.059443
                            ],
                            [
                                55.23881,
                                25.059415
                            ],
                            [
                                55.23797,
                                25.059305
                            ],
                            [
                                55.237879,
                                25.059959
                            ],
                            [
                                55.23779,
                                25.060552
                            ],
                            [
                                55.238718,
                                25.060656
                            ],
                            [
                                55.238695,
                                25.060776
                            ],
                            [
                                55.239883,
                                25.061218
                            ],
                            [
                                55.240198,
                                25.060914
                            ]
                        ]
                    ],
                    [
                        [
                            [
                                55.237879,
                                25.059959
                            ],
                            [
                                55.238843,
                                25.060087
                            ],
                            [
                                55.238899,
                                25.05976
                            ],
                            [
                                55.238957,
                                25.059443
                            ],
                            [
                                55.23881,
                                25.059415
                            ],
                            [
                                55.23797,
                                25.059305
                            ],
                            [
                                55.237879,
                                25.059959
                            ]
                        ]
                    ]
                ]
            }
        },
        {
            "type": "Feature",
            "properties": {
                "observation_date": "2021-04-03",
                "source": "LC08_L1TP_160043_20210403_20210409_02_T1_TCI",
                "sensor_name": "Landsat 8",
                "type": "observation",
                "current_phase": "Active Construction, Post Construction",
                "is_occluded": "False, False",
                "is_site_boundary": "True, False",
                "score": 1.0
            },
            "geometry": {
                "type": "MultiPolygon",
                "coordinates": [
                    [
                        [
                            [
                                55.240192,
                                25.060921
                            ],
                            [
                                55.24006,
                                25.059851
                            ],
                            [
                                55.238894,
                                25.059767
                            ],
                            [
                                55.238952,
                                25.059451
                            ],
                            [
                                55.238805,
                                25.059422
                            ],
                            [
                                55.237966,
                                25.059312
                            ],
                            [
                                55.237875,
                                25.059966
                            ],
                            [
                                55.237786,
                                25.060558
                            ],
                            [
                                55.238714,
                                25.060663
                            ],
                            [
                                55.23869,
                                25.060783
                            ],
                            [
                                55.239878,
                                25.061224
                            ],
                            [
                                55.240192,
                                25.060921
                            ]
                        ]
                    ],
                    [
                        [
                            [
                                55.237875,
                                25.059966
                            ],
                            [
                                55.238838,
                                25.060094
                            ],
                            [
                                55.238894,
                                25.059767
                            ],
                            [
                                55.238952,
                                25.059451
                            ],
                            [
                                55.238805,
                                25.059422
                            ],
                            [
                                55.237966,
                                25.059312
                            ],
                            [
                                55.237875,
                                25.059966
                            ]
                        ]
                    ]
                ]
            }
        },
        {
            "type": "Feature",
            "properties": {
                "observation_date": "2021-04-13",
                "source": "S2A_40RCN_20210413_0_L2A_TCI",
                "sensor_name": "Sentinel-2",
                "type": "observation",
                "current_phase": "Active Construction, Post Construction",
                "is_occluded": "False, False",
                "is_site_boundary": "True, False",
                "score": 1.0
            },
            "geometry": {
                "type": "MultiPolygon",
                "coordinates": [
                    [
                        [
                            [
                                55.240192,
                                25.060924
                            ],
                            [
                                55.24006,
                                25.059854
                            ],
                            [
                                55.238894,
                                25.05977
                            ],
                            [
                                55.238952,
                                25.059453
                            ],
                            [
                                55.238805,
                                25.059425
                            ],
                            [
                                55.237965,
                                25.059315
                            ],
                            [
                                55.237874,
                                25.059968
                            ],
                            [
                                55.237785,
                                25.060561
                            ],
                            [
                                55.238713,
                                25.060666
                            ],
                            [
                                55.238689,
                                25.060786
                            ],
                            [
                                55.239878,
                                25.061227
                            ],
                            [
                                55.240192,
                                25.060924
                            ]
                        ]
                    ],
                    [
                        [
                            [
                                55.237874,
                                25.059968
                            ],
                            [
                                55.238837,
                                25.060097
                            ],
                            [
                                55.238894,
                                25.05977
                            ],
                            [
                                55.238952,
                                25.059453
                            ],
                            [
                                55.238805,
                                25.059425
                            ],
                            [
                                55.237965,
                                25.059315
                            ],
                            [
                                55.237874,
                                25.059968
                            ]
                        ]
                    ]
                ]
            }
        },
        {
            "type": "Feature",
            "properties": {
                "observation_date": "2021-04-20",
                "source": "21APR20065915-P1BS-014464509010_01_P004",
                "sensor_name": "WorldView",
                "type": "observation",
                "current_phase": "Active Construction, Post Construction",
                "is_occluded": "False, False",
                "is_site_boundary": "True, False",
                "score": 1.0
            },
            "geometry": {
                "type": "MultiPolygon",
                "coordinates": [
                    [
                        [
                            [
                                55.240185,
                                25.060911
                            ],
                            [
                                55.240053,
                                25.059834
                            ],
                            [
                                55.238887,
                                25.05975
                            ],
                            [
                                55.238946,
                                25.059431
                            ],
                            [
                                55.238799,
                                25.059403
                            ],
                            [
                                55.23796,
                                25.059292
                            ],
                            [
                                55.237869,
                                25.05995
                            ],
                            [
                                55.23778,
                                25.060546
                            ],
                            [
                                55.238707,
                                25.060651
                            ],
                            [
                                55.238683,
                                25.060772
                            ],
                            [
                                55.239871,
                                25.061216
                            ],
                            [
                                55.240185,
                                25.060911
                            ]
                        ]
                    ],
                    [
                        [
                            [
                                55.237869,
                                25.05995
                            ],
                            [
                                55.238831,
                                25.060078
                            ],
                            [
                                55.238887,
                                25.05975
                            ],
                            [
                                55.238946,
                                25.059431
                            ],
                            [
                                55.238799,
                                25.059403
                            ],
                            [
                                55.23796,
                                25.059292
                            ],
                            [
                                55.237869,
                                25.05995
                            ]
                        ]
                    ]
                ]
            }
        },
        {
            "type": "Feature",
            "properties": {
                "observation_date": "2021-05-05",
                "source": "LC08_L1TP_160043_20210505_20210517_02_T1_TCI",
                "sensor_name": "Landsat 8",
                "type": "observation",
                "current_phase": "Active Construction, Post Construction",
                "is_occluded": "False, False",
                "is_site_boundary": "True, False",
                "score": 1.0
            },
            "geometry": {
                "type": "MultiPolygon",
                "coordinates": [
                    [
                        [
                            [
                                55.240187,
                                25.060925
                            ],
                            [
                                55.240055,
                                25.059856
                            ],
                            [
                                55.238889,
                                25.059772
                            ],
                            [
                                55.238947,
                                25.059456
                            ],
                            [
                                55.2388,
                                25.059427
                            ],
                            [
                                55.237961,
                                25.059317
                            ],
                            [
                                55.23787,
                                25.05997
                            ],
                            [
                                55.237781,
                                25.060563
                            ],
                            [
                                55.238709,
                                25.060668
                            ],
                            [
                                55.238685,
                                25.060788
                            ],
                            [
                                55.239873,
                                25.061229
                            ],
                            [
                                55.240187,
                                25.060925
                            ]
                        ]
                    ],
                    [
                        [
                            [
                                55.23787,
                                25.05997
                            ],
                            [
                                55.238833,
                                25.060099
                            ],
                            [
                                55.238889,
                                25.059772
                            ],
                            [
                                55.238947,
                                25.059456
                            ],
                            [
                                55.2388,
                                25.059427
                            ],
                            [
                                55.237961,
                                25.059317
                            ],
                            [
                                55.23787,
                                25.05997
                            ]
                        ]
                    ]
                ]
            }
        },
        {
            "type": "Feature",
            "properties": {
                "observation_date": "2021-05-23",
                "source": "S2A_40RCN_20210523_0_L2A_TCI",
                "sensor_name": "Sentinel-2",
                "type": "observation",
                "current_phase": "Active Construction, Post Construction",
                "is_occluded": "False, False",
                "is_site_boundary": "True, False",
                "score": 1.0
            },
            "geometry": {
                "type": "MultiPolygon",
                "coordinates": [
                    [
                        [
                            [
                                55.240191,
                                25.060919
                            ],
                            [
                                55.240058,
                                25.059849
                            ],
                            [
                                55.238892,
                                25.059765
                            ],
                            [
                                55.23895,
                                25.059448
                            ],
                            [
                                55.238803,
                                25.05942
                            ],
                            [
                                55.237963,
                                25.05931
                            ],
                            [
                                55.237872,
                                25.059963
                            ],
                            [
                                55.237783,
                                25.060556
                            ],
                            [
                                55.238711,
                                25.060661
                            ],
                            [
                                55.238687,
                                25.060781
                            ],
                            [
                                55.239876,
                                25.061222
                            ],
                            [
                                55.240191,
                                25.060919
                            ]
                        ]
                    ],
                    [
                        [
                            [
                                55.237872,
                                25.059963
                            ],
                            [
                                55.238836,
                                25.060091
                            ],
                            [
                                55.238892,
                                25.059765
                            ],
                            [
                                55.23895,
                                25.059448
                            ],
                            [
                                55.238803,
                                25.05942
                            ],
                            [
                                55.237963,
                                25.05931
                            ],
                            [
                                55.237872,
                                25.059963
                            ]
                        ]
                    ]
                ]
            }
        },
        {
            "type": "Feature",
            "properties": {
                "observation_date": "2021-06-02",
                "source": "S2A_40RCN_20210602_0_L2A_TCI",
                "sensor_name": "Sentinel-2",
                "type": "observation",
                "current_phase": "Active Construction, Post Construction",
                "is_occluded": "False, False",
                "is_site_boundary": "True, False",
                "score": 1.0
            },
            "geometry": {
                "type": "MultiPolygon",
                "coordinates": [
                    [
                        [
                            [
                                55.240191,
                                25.060914
                            ],
                            [
                                55.240059,
                                25.059844
                            ],
                            [
                                55.238892,
                                25.05976
                            ],
                            [
                                55.23895,
                                25.059443
                            ],
                            [
                                55.238803,
                                25.059415
                            ],
                            [
                                55.237964,
                                25.059305
                            ],
                            [
                                55.237872,
                                25.059958
                            ],
                            [
                                55.237784,
                                25.060551
                            ],
                            [
                                55.238712,
                                25.060656
                            ],
                            [
                                55.238688,
                                25.060776
                            ],
                            [
                                55.239877,
                                25.061217
                            ],
                            [
                                55.240191,
                                25.060914
                            ]
                        ]
                    ],
                    [
                        [
                            [
                                55.237872,
                                25.059958
                            ],
                            [
                                55.238836,
                                25.060086
                            ],
                            [
                                55.238892,
                                25.05976
                            ],
                            [
                                55.23895,
                                25.059443
                            ],
                            [
                                55.238803,
                                25.059415
                            ],
                            [
                                55.237964,
                                25.059305
                            ],
                            [
                                55.237872,
                                25.059958
                            ]
                        ]
                    ]
                ]
            }
        },
        {
            "type": "Feature",
            "properties": {
                "observation_date": "2021-06-06",
                "source": "LC08_L1TP_160043_20210606_20210615_02_T1_TCI",
                "sensor_name": "Landsat 8",
                "type": "observation",
                "current_phase": "Active Construction, Post Construction",
                "is_occluded": "False, False",
                "is_site_boundary": "True, False",
                "score": 1.0
            },
            "geometry": {
                "type": "MultiPolygon",
                "coordinates": [
                    [
                        [
                            [
                                55.240188,
                                25.06091
                            ],
                            [
                                55.240056,
                                25.059841
                            ],
                            [
                                55.23889,
                                25.059757
                            ],
                            [
                                55.238949,
                                25.059441
                            ],
                            [
                                55.238801,
                                25.059412
                            ],
                            [
                                55.237962,
                                25.059302
                            ],
                            [
                                55.237871,
                                25.059955
                            ],
                            [
                                55.237782,
                                25.060548
                            ],
                            [
                                55.23871,
                                25.060653
                            ],
                            [
                                55.238686,
                                25.060772
                            ],
                            [
                                55.239874,
                                25.061214
                            ],
                            [
                                55.240188,
                                25.06091
                            ]
                        ]
                    ],
                    [
                        [
                            [
                                55.237871,
                                25.059955
                            ],
                            [
                                55.238834,
                                25.060083
                            ],
                            [
                                55.23889,
                                25.059757
                            ],
                            [
                                55.238949,
                                25.059441
                            ],
                            [
                                55.238801,
                                25.059412
                            ],
                            [
                                55.237962,
                                25.059302
                            ],
                            [
                                55.237871,
                                25.059955
                            ]
                        ]
                    ]
                ]
            }
        },
        {
            "type": "Feature",
            "properties": {
                "observation_date": "2021-07-07",
                "source": "S2B_40RCN_20210707_0_L2A_TCI",
                "sensor_name": "Sentinel-2",
                "type": "observation",
                "current_phase": "Active Construction, Post Construction",
                "is_occluded": "False, False",
                "is_site_boundary": "True, False",
                "score": 1.0
            },
            "geometry": {
                "type": "MultiPolygon",
                "coordinates": [
                    [
                        [
                            [
                                55.240192,
                                25.060904
                            ],
                            [
                                55.240059,
                                25.059834
                            ],
                            [
                                55.238893,
                                25.05975
                            ],
                            [
                                55.238951,
                                25.059433
                            ],
                            [
                                55.238804,
                                25.059405
                            ],
                            [
                                55.237965,
                                25.059295
                            ],
                            [
                                55.237873,
                                25.059948
                            ],
                            [
                                55.237784,
                                25.060541
                            ],
                            [
                                55.238713,
                                25.060646
                            ],
                            [
                                55.238689,
                                25.060766
                            ],
                            [
                                55.239878,
                                25.061207
                            ],
                            [
                                55.240192,
                                25.060904
                            ]
                        ]
                    ],
                    [
                        [
                            [
                                55.237873,
                                25.059948
                            ],
                            [
                                55.238837,
                                25.060076
                            ],
                            [
                                55.238893,
                                25.05975
                            ],
                            [
                                55.238951,
                                25.059433
                            ],
                            [
                                55.238804,
                                25.059405
                            ],
                            [
                                55.237965,
                                25.059295
                            ],
                            [
                                55.237873,
                                25.059948
                            ]
                        ]
                    ]
                ]
            }
        },
        {
            "type": "Feature",
            "properties": {
                "observation_date": "2021-08-01",
                "source": "S2A_40RCN_20210801_0_L2A_TCI",
                "sensor_name": "Sentinel-2",
                "type": "observation",
                "current_phase": "Active Construction, Post Construction",
                "is_occluded": "False, False",
                "is_site_boundary": "True, False",
                "score": 1.0
            },
            "geometry": {
                "type": "MultiPolygon",
                "coordinates": [
                    [
                        [
                            [
                                55.240192,
                                25.060899
                            ],
                            [
                                55.24006,
                                25.059829
                            ],
                            [
                                55.238893,
                                25.059745
                            ],
                            [
                                55.238952,
                                25.059428
                            ],
                            [
                                55.238804,
                                25.0594
                            ],
                            [
                                55.237965,
                                25.05929
                            ],
                            [
                                55.237874,
                                25.059943
                            ],
                            [
                                55.237785,
                                25.060536
                            ],
                            [
                                55.238713,
                                25.060641
                            ],
                            [
                                55.238689,
                                25.060761
                            ],
                            [
                                55.239878,
                                25.061202
                            ],
                            [
                                55.240192,
                                25.060899
                            ]
                        ]
                    ],
                    [
                        [
                            [
                                55.237874,
                                25.059943
                            ],
                            [
                                55.238837,
                                25.060071
                            ],
                            [
                                55.238893,
                                25.059745
                            ],
                            [
                                55.238952,
                                25.059428
                            ],
                            [
                                55.238804,
                                25.0594
                            ],
                            [
                                55.237965,
                                25.05929
                            ],
                            [
                                55.237874,
                                25.059943
                            ]
                        ]
                    ]
                ]
            }
        },
        {
            "type": "Feature",
            "properties": {
                "observation_date": "2021-08-12",
                "source": "21AUG12100146-P1BS-014469467010_01_P002",
                "sensor_name": "WorldView",
                "type": "observation",
                "current_phase": "Active Construction, Post Construction",
                "is_occluded": "False, False",
                "is_site_boundary": "True, False",
                "score": 1.0
            },
            "geometry": {
                "type": "MultiPolygon",
                "coordinates": [
                    [
                        [
                            [
                                55.240188,
                                25.060875
                            ],
                            [
                                55.240056,
                                25.059799
                            ],
                            [
                                55.23889,
                                25.059715
                            ],
                            [
                                55.238948,
                                25.059396
                            ],
                            [
                                55.238801,
                                25.059367
                            ],
                            [
                                55.237963,
                                25.059257
                            ],
                            [
                                55.237871,
                                25.059914
                            ],
                            [
                                55.237783,
                                25.060511
                            ],
                            [
                                55.23871,
                                25.060616
                            ],
                            [
                                55.238686,
                                25.060737
                            ],
                            [
                                55.239874,
                                25.061181
                            ],
                            [
                                55.240188,
                                25.060875
                            ]
                        ]
                    ],
                    [
                        [
                            [
                                55.237871,
                                25.059914
                            ],
                            [
                                55.238834,
                                25.060043
                            ],
                            [
                                55.23889,
                                25.059715
                            ],
                            [
                                55.238948,
                                25.059396
                            ],
                            [
                                55.238801,
                                25.059367
                            ],
                            [
                                55.237963,
                                25.059257
                            ],
                            [
                                55.237871,
                                25.059914
                            ]
                        ]
                    ]
                ]
            }
        },
        {
            "type": "Feature",
            "properties": {
                "observation_date": "2021-09-25",
                "source": "S2B_40RCN_20210925_0_L2A_TCI",
                "sensor_name": "Sentinel-2",
                "type": "observation",
                "current_phase": "Active Construction, Post Construction",
                "is_occluded": "False, False",
                "is_site_boundary": "True, False",
                "score": 1.0
            },
            "geometry": {
                "type": "MultiPolygon",
                "coordinates": [
                    [
                        [
                            [
                                55.239856,
                                25.061199
                            ],
                            [
                                55.238667,
                                25.060757
                            ],
                            [
                                55.238691,
                                25.060637
                            ],
                            [
                                55.237763,
                                25.060533
                            ],
                            [
                                55.237851,
                                25.05994
                            ],
                            [
                                55.237943,
                                25.059286
                            ],
                            [
                                55.238782,
                                25.059396
                            ],
                            [
                                55.238929,
                                25.059425
                            ],
                            [
                                55.238871,
                                25.059742
                            ],
                            [
                                55.240038,
                                25.059825
                            ],
                            [
                                55.24017,
                                25.060895
                            ],
                            [
                                55.239856,
                                25.061199
                            ]
                        ]
                    ],
                    [
                        [
                            [
                                55.237943,
                                25.059286
                            ],
                            [
                                55.238782,
                                25.059396
                            ],
                            [
                                55.238929,
                                25.059425
                            ],
                            [
                                55.238871,
                                25.059742
                            ],
                            [
                                55.238815,
                                25.060068
                            ],
                            [
                                55.237851,
                                25.05994
                            ],
                            [
                                55.237943,
                                25.059286
                            ]
                        ]
                    ]
                ]
            }
        },
        {
            "type": "Feature",
            "properties": {
                "observation_date": "2021-10-05",
                "source": "S2B_40RCN_20211005_0_L2A_TCI",
                "sensor_name": "Sentinel-2",
                "type": "observation",
                "current_phase": "Unknown, Post Construction",
                "is_occluded": "False, False",
                "is_site_boundary": "True, False",
                "score": 1.0
            },
            "geometry": {
                "type": "MultiPolygon",
                "coordinates": [
                    [
                        [
                            [
                                55.239856,
                                25.061199
                            ],
                            [
                                55.238667,
                                25.060757
                            ],
                            [
                                55.238691,
                                25.060637
                            ],
                            [
                                55.237763,
                                25.060533
                            ],
                            [
                                55.237851,
                                25.05994
                            ],
                            [
                                55.237943,
                                25.059286
                            ],
                            [
                                55.238782,
                                25.059396
                            ],
                            [
                                55.238929,
                                25.059425
                            ],
                            [
                                55.238871,
                                25.059742
                            ],
                            [
                                55.240038,
                                25.059825
                            ],
                            [
                                55.24017,
                                25.060895
                            ],
                            [
                                55.239856,
                                25.061199
                            ]
                        ]
                    ],
                    [
                        [
                            [
                                55.237943,
                                25.059286
                            ],
                            [
                                55.238782,
                                25.059396
                            ],
                            [
                                55.238929,
                                25.059425
                            ],
                            [
                                55.238871,
                                25.059742
                            ],
                            [
                                55.238815,
                                25.060068
                            ],
                            [
                                55.237851,
                                25.05994
                            ],
                            [
                                55.237943,
                                25.059286
                            ]
                        ]
                    ]
                ]
            }
        },
        {
            "type": "Feature",
            "properties": {
                "observation_date": "2021-11-04",
                "source": "S2B_40RCN_20211104_0_L2A_TCI",
                "sensor_name": "Sentinel-2",
                "type": "observation",
                "current_phase": "Unknown, Post Construction",
                "is_occluded": "False, False",
                "is_site_boundary": "True, False",
                "score": 1.0
            },
            "geometry": {
                "type": "MultiPolygon",
                "coordinates": [
                    [
                        [
                            [
                                55.240177,
                                25.060859
                            ],
                            [
                                55.240045,
                                25.059789
                            ],
                            [
                                55.238878,
                                25.059705
                            ],
                            [
                                55.238937,
                                25.059388
                            ],
                            [
                                55.238789,
                                25.05936
                            ],
                            [
                                55.23795,
                                25.05925
                            ],
                            [
                                55.237859,
                                25.059904
                            ],
                            [
                                55.23777,
                                25.060497
                            ],
                            [
                                55.238698,
                                25.060601
                            ],
                            [
                                55.238674,
                                25.060721
                            ],
                            [
                                55.239863,
                                25.061163
                            ],
                            [
                                55.240177,
                                25.060859
                            ]
                        ]
                    ],
                    [
                        [
                            [
                                55.237859,
                                25.059904
                            ],
                            [
                                55.238822,
                                25.060032
                            ],
                            [
                                55.238878,
                                25.059705
                            ],
                            [
                                55.238937,
                                25.059388
                            ],
                            [
                                55.238789,
                                25.05936
                            ],
                            [
                                55.23795,
                                25.05925
                            ],
                            [
                                55.237859,
                                25.059904
                            ]
                        ]
                    ]
                ]
            }
        },
        {
            "type": "Feature",
            "properties": {
                "observation_date": "2021-12-09",
                "source": "S2A_40RCN_20211209_0_L2A_TCI",
                "sensor_name": "Sentinel-2",
                "type": "observation",
                "current_phase": "Unknown, Post Construction",
                "is_occluded": "False, False",
                "is_site_boundary": "True, False",
                "score": 1.0
            },
            "geometry": {
                "type": "MultiPolygon",
                "coordinates": [
                    [
                        [
                            [
                                55.24018,
                                25.060871
                            ],
                            [
                                55.240047,
                                25.059801
                            ],
                            [
                                55.238881,
                                25.059717
                            ],
                            [
                                55.238939,
                                25.059401
                            ],
                            [
                                55.238792,
                                25.059372
                            ],
                            [
                                55.237952,
                                25.059262
                            ],
                            [
                                55.237861,
                                25.059916
                            ],
                            [
                                55.237772,
                                25.060509
                            ],
                            [
                                55.2387,
                                25.060613
                            ],
                            [
                                55.238677,
                                25.060733
                            ],
                            [
                                55.239865,
                                25.061175
                            ],
                            [
                                55.24018,
                                25.060871
                            ]
                        ]
                    ],
                    [
                        [
                            [
                                55.237861,
                                25.059916
                            ],
                            [
                                55.238825,
                                25.060044
                            ],
                            [
                                55.238881,
                                25.059717
                            ],
                            [
                                55.238939,
                                25.059401
                            ],
                            [
                                55.238792,
                                25.059372
                            ],
                            [
                                55.237952,
                                25.059262
                            ],
                            [
                                55.237861,
                                25.059916
                            ]
                        ]
                    ]
                ]
            }
        }
    ]
}