{
    "type": "FeatureCollection",
    "features": [
        {
            "type": "Feature",
            "properties": {
                "type": "site",
                "region_id": "AE_R002",
                "site_id": "AE_R002_0014",
                "version": "2.0.0",
                "status": "positive_annotated",
                "mgrs": "40RCN",
                "score": 1.0,
                "start_date": "2014-10-09",
                "end_date": "2019-12-26",
                "model_content": "annotation",
                "originator": "te",
                "validated": "True",
                "misc_info": {
                    "commit_hash": "8e08692eda2dec643e6abab764d830cd0f7f4055"
                }
            },
            "geometry": {
                "type": "Polygon",
                "coordinates": [
                    [
                        [
                            55.235947,
                            25.041442
                        ],
                        [
                            55.235951,
                            25.041405
                        ],
                        [
                            55.235894,
                            25.04142
                        ],
                        [
                            55.235895,
                            25.041409
                        ],
                        [
                            55.235802,
                            25.041433
                        ],
                        [
                            55.235803,
                            25.041421
                        ],
                        [
                            55.235314,
                            25.041547
                        ],
                        [
                            55.234748,
                            25.041891
                        ],
                        [
                            55.232464,
                            25.044378
                        ],
                        [
                            55.232524,
                            25.044587
                        ],
                        [
                            55.232669,
                            25.0447
                        ],
                        [
                            55.232671,
                            25.044707
                        ],
                        [
                            55.232675,
                            25.04471
                        ],
                        [
                            55.232677,
                            25.044718
                        ],
                        [
                            55.233257,
                            25.04516
                        ],
                        [
                            55.234109,
                            25.045517
                        ],
                        [
                            55.23479,
                            25.045662
                        ],
                        [
                            55.235625,
                            25.045685
                        ],
                        [
                            55.235635,
                            25.045684
                        ],
                        [
                            55.235687,
                            25.045685
                        ],
                        [
                            55.236005,
                            25.04564
                        ],
                        [
                            55.236056,
                            25.045614
                        ],
                        [
                            55.236055,
                            25.045607
                        ],
                        [
                            55.236059,
                            25.045605
                        ],
                        [
                            55.235624,
                            25.042978
                        ],
                        [
                            55.23601,
                            25.04199
                        ],
                        [
                            55.236011,
                            25.041983
                        ],
                        [
                            55.236012,
                            25.04198
                        ],
                        [
                            55.236052,
                            25.041573
                        ],
                        [
                            55.23605,
                            25.041573
                        ],
                        [
                            55.236051,
                            25.041568
                        ],
                        [
                            55.236046,
                            25.041569
                        ],
                        [
                            55.236048,
                            25.041552
                        ],
                        [
                            55.236044,
                            25.041553
                        ],
                        [
                            55.236045,
                            25.041542
                        ],
                        [
                            55.236042,
                            25.041543
                        ],
                        [
                            55.236043,
                            25.041531
                        ],
                        [
                            55.23604,
                            25.041532
                        ],
                        [
                            55.236041,
                            25.041526
                        ],
                        [
                            55.236038,
                            25.041527
                        ],
                        [
                            55.236039,
                            25.041516
                        ],
                        [
                            55.236033,
                            25.041517
                        ],
                        [
                            55.236035,
                            25.0415
                        ],
                        [
                            55.236024,
                            25.041503
                        ],
                        [
                            55.236025,
                            25.041488
                        ],
                        [
                            55.235986,
                            25.041498
                        ],
                        [
                            55.235986,
                            25.041493
                        ],
                        [
                            55.235984,
                            25.041493
                        ],
                        [
                            55.235986,
                            25.041478
                        ],
                        [
                            55.235983,
                            25.041479
                        ],
                        [
                            55.235983,
                            25.041477
                        ],
                        [
                            55.235979,
                            25.041478
                        ],
                        [
                            55.23598,
                            25.041467
                        ],
                        [
                            55.235975,
                            25.041468
                        ],
                        [
                            55.235977,
                            25.041451
                        ],
                        [
                            55.235973,
                            25.041452
                        ],
                        [
                            55.235974,
                            25.04144
                        ],
                        [
                            55.235972,
                            25.04144
                        ],
                        [
                            55.235973,
                            25.041435
                        ],
                        [
                            55.235947,
                            25.041442
                        ]
                    ]
                ]
            }
        },
        {
            "type": "Feature",
            "properties": {
                "observation_date": "2014-10-09",
                "source": "20141009_LS_AE_Rxxx_x014_LC08_L1TP_160043_20141009_20200910_02_T1_TCI",
                "sensor_name": "Landsat 8",
                "type": "observation",
                "current_phase": "No Activity",
                "is_occluded": "False",
                "is_site_boundary": "True",
                "score": 1.0
            },
            "geometry": {
                "type": "MultiPolygon",
                "coordinates": [
                    [
                        [
                            [
                                55.23261,
                                25.0445
                            ],
                            [
                                55.232671,
                                25.044707
                            ],
                            [
                                55.233251,
                                25.045149
                            ],
                            [
                                55.234103,
                                25.045506
                            ],
                            [
                                55.234783,
                                25.045652
                            ],
                            [
                                55.235618,
                                25.045675
                            ],
                            [
                                55.235936,
                                25.04563
                            ],
                            [
                                55.235988,
                                25.045604
                            ],
                            [
                                55.235553,
                                25.042974
                            ],
                            [
                                55.235941,
                                25.04198
                            ],
                            [
                                55.235981,
                                25.041572
                            ],
                            [
                                55.235488,
                                25.041697
                            ],
                            [
                                55.234916,
                                25.042037
                            ],
                            [
                                55.23261,
                                25.0445
                            ]
                        ]
                    ]
                ]
            }
        },
        {
            "type": "Feature",
            "properties": {
                "observation_date": "2014-11-10",
                "source": "20141110_LS_AE_Rxxx_x014_LC08_L1TP_160043_20141110_20200910_02_T1_TCI",
                "sensor_name": "Landsat 8",
                "type": "observation",
                "current_phase": "No Activity",
                "is_occluded": "False",
                "is_site_boundary": "True",
                "score": 1.0
            },
            "geometry": {
                "type": "MultiPolygon",
                "coordinates": [
                    [
                        [
                            [
                                55.23261,
                                25.0445
                            ],
                            [
                                55.232671,
                                25.044707
                            ],
                            [
                                55.233251,
                                25.045149
                            ],
                            [
                                55.234103,
                                25.045506
                            ],
                            [
                                55.234783,
                                25.045652
                            ],
                            [
                                55.235618,
                                25.045675
                            ],
                            [
                                55.235936,
                                25.04563
                            ],
                            [
                                55.235988,
                                25.045604
                            ],
                            [
                                55.235553,
                                25.042974
                            ],
                            [
                                55.235941,
                                25.04198
                            ],
                            [
                                55.235981,
                                25.041572
                            ],
                            [
                                55.235488,
                                25.041697
                            ],
                            [
                                55.234916,
                                25.042037
                            ],
                            [
                                55.23261,
                                25.0445
                            ]
                        ]
                    ]
                ]
            }
        },
        {
            "type": "Feature",
            "properties": {
                "observation_date": "2014-12-28",
                "source": "20141228_LS_AE_Rxxx_x014_LC08_L1TP_160043_20141228_20200910_02_T1_TCI",
                "sensor_name": "Landsat 8",
                "type": "observation",
                "current_phase": "No Activity",
                "is_occluded": "False",
                "is_site_boundary": "True",
                "score": 1.0
            },
            "geometry": {
                "type": "MultiPolygon",
                "coordinates": [
                    [
                        [
                            [
                                55.23261,
                                25.0445
                            ],
                            [
                                55.232671,
                                25.044707
                            ],
                            [
                                55.233251,
                                25.045149
                            ],
                            [
                                55.234103,
                                25.045506
                            ],
                            [
                                55.234783,
                                25.045652
                            ],
                            [
                                55.235618,
                                25.045675
                            ],
                            [
                                55.235936,
                                25.04563
                            ],
                            [
                                55.235988,
                                25.045604
                            ],
                            [
                                55.235553,
                                25.042974
                            ],
                            [
                                55.235941,
                                25.04198
                            ],
                            [
                                55.235981,
                                25.041572
                            ],
                            [
                                55.235488,
                                25.041697
                            ],
                            [
                                55.234916,
                                25.042037
                            ],
                            [
                                55.23261,
                                25.0445
                            ]
                        ]
                    ]
                ]
            }
        },
        {
            "type": "Feature",
            "properties": {
                "observation_date": "2015-01-29",
                "source": "20150129_LS_AE_Rxxx_x014_LC08_L1TP_160043_20150129_20200909_02_T1_TCI",
                "sensor_name": "Landsat 8",
                "type": "observation",
                "current_phase": "No Activity",
                "is_occluded": "False",
                "is_site_boundary": "True",
                "score": 1.0
            },
            "geometry": {
                "type": "MultiPolygon",
                "coordinates": [
                    [
                        [
                            [
                                55.23261,
                                25.0445
                            ],
                            [
                                55.232671,
                                25.044707
                            ],
                            [
                                55.233251,
                                25.045149
                            ],
                            [
                                55.234103,
                                25.045506
                            ],
                            [
                                55.234783,
                                25.045652
                            ],
                            [
                                55.235618,
                                25.045675
                            ],
                            [
                                55.235936,
                                25.04563
                            ],
                            [
                                55.235988,
                                25.045604
                            ],
                            [
                                55.235553,
                                25.042974
                            ],
                            [
                                55.235941,
                                25.04198
                            ],
                            [
                                55.235981,
                                25.041572
                            ],
                            [
                                55.235488,
                                25.041697
                            ],
                            [
                                55.234916,
                                25.042037
                            ],
                            [
                                55.23261,
                                25.0445
                            ]
                        ]
                    ]
                ]
            }
        },
        {
            "type": "Feature",
            "properties": {
                "observation_date": "2015-02-14",
                "source": "20150214_LS_AE_Rxxx_x014_LC08_L1TP_160043_20150214_20200909_02_T1_TCI",
                "sensor_name": "Landsat 8",
                "type": "observation",
                "current_phase": "No Activity",
                "is_occluded": "False",
                "is_site_boundary": "True",
                "score": 1.0
            },
            "geometry": {
                "type": "MultiPolygon",
                "coordinates": [
                    [
                        [
                            [
                                55.23261,
                                25.0445
                            ],
                            [
                                55.232671,
                                25.044707
                            ],
                            [
                                55.233251,
                                25.045149
                            ],
                            [
                                55.234103,
                                25.045506
                            ],
                            [
                                55.234783,
                                25.045652
                            ],
                            [
                                55.235618,
                                25.045675
                            ],
                            [
                                55.235936,
                                25.04563
                            ],
                            [
                                55.235988,
                                25.045604
                            ],
                            [
                                55.235553,
                                25.042974
                            ],
                            [
                                55.235941,
                                25.04198
                            ],
                            [
                                55.235981,
                                25.041572
                            ],
                            [
                                55.235488,
                                25.041697
                            ],
                            [
                                55.234916,
                                25.042037
                            ],
                            [
                                55.23261,
                                25.0445
                            ]
                        ]
                    ]
                ]
            }
        },
        {
            "type": "Feature",
            "properties": {
                "observation_date": "2015-03-02",
                "source": "20150302_LS_AE_Rxxx_x014_LO08_L1TP_160043_20150302_20200924_02_T1_TCI",
                "sensor_name": "Landsat 8",
                "type": "observation",
                "current_phase": "No Activity",
                "is_occluded": "False",
                "is_site_boundary": "True",
                "score": 1.0
            },
            "geometry": {
                "type": "MultiPolygon",
                "coordinates": [
                    [
                        [
                            [
                                55.23261,
                                25.0445
                            ],
                            [
                                55.232671,
                                25.044707
                            ],
                            [
                                55.233251,
                                25.045149
                            ],
                            [
                                55.234103,
                                25.045506
                            ],
                            [
                                55.234783,
                                25.045652
                            ],
                            [
                                55.235618,
                                25.045675
                            ],
                            [
                                55.235936,
                                25.04563
                            ],
                            [
                                55.235988,
                                25.045604
                            ],
                            [
                                55.235553,
                                25.042974
                            ],
                            [
                                55.235941,
                                25.04198
                            ],
                            [
                                55.235981,
                                25.041572
                            ],
                            [
                                55.235488,
                                25.041697
                            ],
                            [
                                55.234916,
                                25.042037
                            ],
                            [
                                55.23261,
                                25.0445
                            ]
                        ]
                    ]
                ]
            }
        },
        {
            "type": "Feature",
            "properties": {
                "observation_date": "2015-04-19",
                "source": "20150419_LS_AE_Rxxx_x014_LC08_L1TP_160043_20150419_20200909_02_T1_TCI",
                "sensor_name": "Landsat 8",
                "type": "observation",
                "current_phase": "No Activity",
                "is_occluded": "False",
                "is_site_boundary": "True",
                "score": 1.0
            },
            "geometry": {
                "type": "MultiPolygon",
                "coordinates": [
                    [
                        [
                            [
                                55.23261,
                                25.0445
                            ],
                            [
                                55.232671,
                                25.044707
                            ],
                            [
                                55.233251,
                                25.045149
                            ],
                            [
                                55.234103,
                                25.045506
                            ],
                            [
                                55.234783,
                                25.045652
                            ],
                            [
                                55.235618,
                                25.045675
                            ],
                            [
                                55.235936,
                                25.04563
                            ],
                            [
                                55.235988,
                                25.045604
                            ],
                            [
                                55.235553,
                                25.042974
                            ],
                            [
                                55.235941,
                                25.04198
                            ],
                            [
                                55.235981,
                                25.041572
                            ],
                            [
                                55.235488,
                                25.041697
                            ],
                            [
                                55.234916,
                                25.042037
                            ],
                            [
                                55.23261,
                                25.0445
                            ]
                        ]
                    ]
                ]
            }
        },
        {
            "type": "Feature",
            "properties": {
                "observation_date": "2015-05-21",
                "source": "20150521_LS_AE_Rxxx_x014_LC08_L1TP_160043_20150521_20200909_02_T1_TCI",
                "sensor_name": "Landsat 8",
                "type": "observation",
                "current_phase": "No Activity",
                "is_occluded": "False",
                "is_site_boundary": "True",
                "score": 1.0
            },
            "geometry": {
                "type": "MultiPolygon",
                "coordinates": [
                    [
                        [
                            [
                                55.23261,
                                25.0445
                            ],
                            [
                                55.232671,
                                25.044707
                            ],
                            [
                                55.233251,
                                25.045149
                            ],
                            [
                                55.234103,
                                25.045506
                            ],
                            [
                                55.234783,
                                25.045652
                            ],
                            [
                                55.235618,
                                25.045675
                            ],
                            [
                                55.235936,
                                25.04563
                            ],
                            [
                                55.235988,
                                25.045604
                            ],
                            [
                                55.235553,
                                25.042974
                            ],
                            [
                                55.235941,
                                25.04198
                            ],
                            [
                                55.235981,
                                25.041572
                            ],
                            [
                                55.235488,
                                25.041697
                            ],
                            [
                                55.234916,
                                25.042037
                            ],
                            [
                                55.23261,
                                25.0445
                            ]
                        ]
                    ]
                ]
            }
        },
        {
            "type": "Feature",
            "properties": {
                "observation_date": "2015-06-06",
                "source": "20150606_LS_AE_Rxxx_x014_LC08_L1TP_160043_20150606_20200909_02_T1_TCI",
                "sensor_name": "Landsat 8",
                "type": "observation",
                "current_phase": "No Activity",
                "is_occluded": "False",
                "is_site_boundary": "True",
                "score": 1.0
            },
            "geometry": {
                "type": "MultiPolygon",
                "coordinates": [
                    [
                        [
                            [
                                55.23261,
                                25.0445
                            ],
                            [
                                55.232671,
                                25.044707
                            ],
                            [
                                55.233251,
                                25.045149
                            ],
                            [
                                55.234103,
                                25.045506
                            ],
                            [
                                55.234783,
                                25.045652
                            ],
                            [
                                55.235618,
                                25.045675
                            ],
                            [
                                55.235936,
                                25.04563
                            ],
                            [
                                55.235988,
                                25.045604
                            ],
                            [
                                55.235553,
                                25.042974
                            ],
                            [
                                55.235941,
                                25.04198
                            ],
                            [
                                55.235981,
                                25.041572
                            ],
                            [
                                55.235488,
                                25.041697
                            ],
                            [
                                55.234916,
                                25.042037
                            ],
                            [
                                55.23261,
                                25.0445
                            ]
                        ]
                    ]
                ]
            }
        },
        {
            "type": "Feature",
            "properties": {
                "observation_date": "2015-07-24",
                "source": "20150724_LS_AE_Rxxx_x014_LC08_L1TP_160043_20150724_20200908_02_T1_TCI",
                "sensor_name": "Landsat 8",
                "type": "observation",
                "current_phase": "No Activity",
                "is_occluded": "False",
                "is_site_boundary": "True",
                "score": 1.0
            },
            "geometry": {
                "type": "MultiPolygon",
                "coordinates": [
                    [
                        [
                            [
                                55.23261,
                                25.0445
                            ],
                            [
                                55.232671,
                                25.044707
                            ],
                            [
                                55.233251,
                                25.045149
                            ],
                            [
                                55.234103,
                                25.045506
                            ],
                            [
                                55.234783,
                                25.045652
                            ],
                            [
                                55.235618,
                                25.045675
                            ],
                            [
                                55.235936,
                                25.04563
                            ],
                            [
                                55.235988,
                                25.045604
                            ],
                            [
                                55.235553,
                                25.042974
                            ],
                            [
                                55.235941,
                                25.04198
                            ],
                            [
                                55.235981,
                                25.041572
                            ],
                            [
                                55.235488,
                                25.041697
                            ],
                            [
                                55.234916,
                                25.042037
                            ],
                            [
                                55.23261,
                                25.0445
                            ]
                        ]
                    ]
                ]
            }
        },
        {
            "type": "Feature",
            "properties": {
                "observation_date": "2015-08-25",
                "source": "20150825_LS_AE_Rxxx_x014_LC08_L1TP_160043_20150825_20200908_02_T1_TCI",
                "sensor_name": "Landsat 8",
                "type": "observation",
                "current_phase": "No Activity",
                "is_occluded": "False",
                "is_site_boundary": "True",
                "score": 1.0
            },
            "geometry": {
                "type": "MultiPolygon",
                "coordinates": [
                    [
                        [
                            [
                                55.23261,
                                25.0445
                            ],
                            [
                                55.232671,
                                25.044707
                            ],
                            [
                                55.233251,
                                25.045149
                            ],
                            [
                                55.234103,
                                25.045506
                            ],
                            [
                                55.234783,
                                25.045652
                            ],
                            [
                                55.235618,
                                25.045675
                            ],
                            [
                                55.235936,
                                25.04563
                            ],
                            [
                                55.235988,
                                25.045604
                            ],
                            [
                                55.235553,
                                25.042974
                            ],
                            [
                                55.235941,
                                25.04198
                            ],
                            [
                                55.235981,
                                25.041572
                            ],
                            [
                                55.235488,
                                25.041697
                            ],
                            [
                                55.234916,
                                25.042037
                            ],
                            [
                                55.23261,
                                25.0445
                            ]
                        ]
                    ]
                ]
            }
        },
        {
            "type": "Feature",
            "properties": {
                "observation_date": "2015-09-10",
                "source": "20150910_LS_AE_Rxxx_x014_LC08_L1TP_160043_20150910_20200908_02_T1_TCI",
                "sensor_name": "Landsat 8",
                "type": "observation",
                "current_phase": "No Activity",
                "is_occluded": "False",
                "is_site_boundary": "True",
                "score": 1.0
            },
            "geometry": {
                "type": "MultiPolygon",
                "coordinates": [
                    [
                        [
                            [
                                55.23261,
                                25.0445
                            ],
                            [
                                55.232671,
                                25.044707
                            ],
                            [
                                55.233251,
                                25.045149
                            ],
                            [
                                55.234103,
                                25.045506
                            ],
                            [
                                55.234783,
                                25.045652
                            ],
                            [
                                55.235618,
                                25.045675
                            ],
                            [
                                55.235936,
                                25.04563
                            ],
                            [
                                55.235988,
                                25.045604
                            ],
                            [
                                55.235553,
                                25.042974
                            ],
                            [
                                55.235941,
                                25.04198
                            ],
                            [
                                55.235981,
                                25.041572
                            ],
                            [
                                55.235488,
                                25.041697
                            ],
                            [
                                55.234916,
                                25.042037
                            ],
                            [
                                55.23261,
                                25.0445
                            ]
                        ]
                    ]
                ]
            }
        },
        {
            "type": "Feature",
            "properties": {
                "observation_date": "2015-10-12",
                "source": "20151012_LS_AE_Rxxx_x014_LC08_L1TP_160043_20151012_20200908_02_T1_TCI",
                "sensor_name": "Landsat 8",
                "type": "observation",
                "current_phase": "No Activity",
                "is_occluded": "False",
                "is_site_boundary": "True",
                "score": 1.0
            },
            "geometry": {
                "type": "MultiPolygon",
                "coordinates": [
                    [
                        [
                            [
                                55.23261,
                                25.0445
                            ],
                            [
                                55.232671,
                                25.044707
                            ],
                            [
                                55.233251,
                                25.045149
                            ],
                            [
                                55.234103,
                                25.045506
                            ],
                            [
                                55.234783,
                                25.045652
                            ],
                            [
                                55.235618,
                                25.045675
                            ],
                            [
                                55.235936,
                                25.04563
                            ],
                            [
                                55.235988,
                                25.045604
                            ],
                            [
                                55.235553,
                                25.042974
                            ],
                            [
                                55.235941,
                                25.04198
                            ],
                            [
                                55.235981,
                                25.041572
                            ],
                            [
                                55.235488,
                                25.041697
                            ],
                            [
                                55.234916,
                                25.042037
                            ],
                            [
                                55.23261,
                                25.0445
                            ]
                        ]
                    ]
                ]
            }
        },
        {
            "type": "Feature",
            "properties": {
                "observation_date": "2015-11-29",
                "source": "20151129_LS_AE_Rxxx_x014_LC08_L1TP_160043_20151129_20200908_02_T1_TCI",
                "sensor_name": "Landsat 8",
                "type": "observation",
                "current_phase": "Unknown",
                "is_occluded": "False",
                "is_site_boundary": "True",
                "score": 1.0
            },
            "geometry": {
                "type": "MultiPolygon",
                "coordinates": [
                    [
                        [
                            [
                                55.23261,
                                25.0445
                            ],
                            [
                                55.232671,
                                25.044707
                            ],
                            [
                                55.233251,
                                25.045149
                            ],
                            [
                                55.234103,
                                25.045506
                            ],
                            [
                                55.234783,
                                25.045652
                            ],
                            [
                                55.235618,
                                25.045675
                            ],
                            [
                                55.235936,
                                25.04563
                            ],
                            [
                                55.235988,
                                25.045604
                            ],
                            [
                                55.235553,
                                25.042974
                            ],
                            [
                                55.235941,
                                25.04198
                            ],
                            [
                                55.235981,
                                25.041572
                            ],
                            [
                                55.235488,
                                25.041697
                            ],
                            [
                                55.234916,
                                25.042037
                            ],
                            [
                                55.23261,
                                25.0445
                            ]
                        ]
                    ]
                ]
            }
        },
        {
            "type": "Feature",
            "properties": {
                "observation_date": "2015-12-31",
                "source": "20151231_LS_AE_Rxxx_x014_LC08_L1TP_160043_20151231_20200908_02_T1_TCI",
                "sensor_name": "Landsat 8",
                "type": "observation",
                "current_phase": "Unknown",
                "is_occluded": "False",
                "is_site_boundary": "True",
                "score": 1.0
            },
            "geometry": {
                "type": "MultiPolygon",
                "coordinates": [
                    [
                        [
                            [
                                55.23261,
                                25.0445
                            ],
                            [
                                55.232671,
                                25.044707
                            ],
                            [
                                55.233251,
                                25.045149
                            ],
                            [
                                55.234103,
                                25.045506
                            ],
                            [
                                55.234783,
                                25.045652
                            ],
                            [
                                55.235618,
                                25.045675
                            ],
                            [
                                55.235936,
                                25.04563
                            ],
                            [
                                55.235988,
                                25.045604
                            ],
                            [
                                55.235553,
                                25.042974
                            ],
                            [
                                55.235941,
                                25.04198
                            ],
                            [
                                55.235981,
                                25.041572
                            ],
                            [
                                55.235488,
                                25.041697
                            ],
                            [
                                55.234916,
                                25.042037
                            ],
                            [
                                55.23261,
                                25.0445
                            ]
                        ]
                    ]
                ]
            }
        },
        {
            "type": "Feature",
            "properties": {
                "observation_date": "2016-03-20",
                "source": "20160320_LS_AE_Rxxx_x014_LC08_L1TP_160043_20160320_20200907_02_T1_TCI",
                "sensor_name": "Landsat 8",
                "type": "observation",
                "current_phase": "Unknown",
                "is_occluded": "False",
                "is_site_boundary": "True",
                "score": 1.0
            },
            "geometry": {
                "type": "MultiPolygon",
                "coordinates": [
                    [
                        [
                            [
                                55.23261,
                                25.0445
                            ],
                            [
                                55.232671,
                                25.044707
                            ],
                            [
                                55.233251,
                                25.045149
                            ],
                            [
                                55.234103,
                                25.045506
                            ],
                            [
                                55.234783,
                                25.045652
                            ],
                            [
                                55.235618,
                                25.045675
                            ],
                            [
                                55.235936,
                                25.04563
                            ],
                            [
                                55.235988,
                                25.045604
                            ],
                            [
                                55.235553,
                                25.042974
                            ],
                            [
                                55.235941,
                                25.04198
                            ],
                            [
                                55.235981,
                                25.041572
                            ],
                            [
                                55.235488,
                                25.041697
                            ],
                            [
                                55.234916,
                                25.042037
                            ],
                            [
                                55.23261,
                                25.0445
                            ]
                        ]
                    ]
                ]
            }
        },
        {
            "type": "Feature",
            "properties": {
                "observation_date": "2016-04-05",
                "source": "20160405_LS_AE_Rxxx_x014_LC08_L1TP_160043_20160405_20200907_02_T1_TCI",
                "sensor_name": "Landsat 8",
                "type": "observation",
                "current_phase": "Unknown",
                "is_occluded": "False",
                "is_site_boundary": "True",
                "score": 1.0
            },
            "geometry": {
                "type": "MultiPolygon",
                "coordinates": [
                    [
                        [
                            [
                                55.23261,
                                25.0445
                            ],
                            [
                                55.232671,
                                25.044707
                            ],
                            [
                                55.233251,
                                25.045149
                            ],
                            [
                                55.234103,
                                25.045506
                            ],
                            [
                                55.234783,
                                25.045652
                            ],
                            [
                                55.235618,
                                25.045675
                            ],
                            [
                                55.235936,
                                25.04563
                            ],
                            [
                                55.235988,
                                25.045604
                            ],
                            [
                                55.235553,
                                25.042974
                            ],
                            [
                                55.235941,
                                25.04198
                            ],
                            [
                                55.235981,
                                25.041572
                            ],
                            [
                                55.235488,
                                25.041697
                            ],
                            [
                                55.234916,
                                25.042037
                            ],
                            [
                                55.23261,
                                25.0445
                            ]
                        ]
                    ]
                ]
            }
        },
        {
            "type": "Feature",
            "properties": {
                "observation_date": "2016-05-23",
                "source": "20160523_LS_AE_Rxxx_x014_LC08_L1TP_160043_20160523_20200906_02_T1_TCI",
                "sensor_name": "Landsat 8",
                "type": "observation",
                "current_phase": "Site Preparation",
                "is_occluded": "False",
                "is_site_boundary": "True",
                "score": 1.0
            },
            "geometry": {
                "type": "MultiPolygon",
                "coordinates": [
                    [
                        [
                            [
                                55.23261,
                                25.0445
                            ],
                            [
                                55.232671,
                                25.044707
                            ],
                            [
                                55.233251,
                                25.045149
                            ],
                            [
                                55.234103,
                                25.045506
                            ],
                            [
                                55.234783,
                                25.045652
                            ],
                            [
                                55.235618,
                                25.045675
                            ],
                            [
                                55.235936,
                                25.04563
                            ],
                            [
                                55.235988,
                                25.045604
                            ],
                            [
                                55.235553,
                                25.042974
                            ],
                            [
                                55.235941,
                                25.04198
                            ],
                            [
                                55.235981,
                                25.041572
                            ],
                            [
                                55.235488,
                                25.041697
                            ],
                            [
                                55.234916,
                                25.042037
                            ],
                            [
                                55.23261,
                                25.0445
                            ]
                        ]
                    ]
                ]
            }
        },
        {
            "type": "Feature",
            "properties": {
                "observation_date": "2016-06-05",
                "source": "16JUN05100242-P1BS-500171678030_04_P002",
                "sensor_name": "WorldView",
                "type": "observation",
                "current_phase": "Active Construction",
                "is_occluded": "False",
                "is_site_boundary": "True",
                "score": 1.0
            },
            "geometry": {
                "type": "MultiPolygon",
                "coordinates": [
                    [
                        [
                            [
                                55.232596,
                                25.044473
                            ],
                            [
                                55.232656,
                                25.044681
                            ],
                            [
                                55.233233,
                                25.045126
                            ],
                            [
                                55.234081,
                                25.045486
                            ],
                            [
                                55.234759,
                                25.045632
                            ],
                            [
                                55.23559,
                                25.045655
                            ],
                            [
                                55.235906,
                                25.04561
                            ],
                            [
                                55.235957,
                                25.045584
                            ],
                            [
                                55.235525,
                                25.042936
                            ],
                            [
                                55.235912,
                                25.041935
                            ],
                            [
                                55.235952,
                                25.041524
                            ],
                            [
                                55.23546,
                                25.04165
                            ],
                            [
                                55.234891,
                                25.041993
                            ],
                            [
                                55.232596,
                                25.044473
                            ]
                        ]
                    ]
                ]
            }
        },
        {
            "type": "Feature",
            "properties": {
                "observation_date": "2016-06-08",
                "source": "20160608_LS_AE_Rxxx_x014_LC08_L1TP_160043_20160608_20200906_02_T1_TCI",
                "sensor_name": "Landsat 8",
                "type": "observation",
                "current_phase": "Active Construction",
                "is_occluded": "False",
                "is_site_boundary": "True",
                "score": 1.0
            },
            "geometry": {
                "type": "MultiPolygon",
                "coordinates": [
                    [
                        [
                            [
                                55.23261,
                                25.0445
                            ],
                            [
                                55.232671,
                                25.044707
                            ],
                            [
                                55.233251,
                                25.045149
                            ],
                            [
                                55.234103,
                                25.045506
                            ],
                            [
                                55.234783,
                                25.045652
                            ],
                            [
                                55.235618,
                                25.045675
                            ],
                            [
                                55.235936,
                                25.04563
                            ],
                            [
                                55.235988,
                                25.045604
                            ],
                            [
                                55.235553,
                                25.042974
                            ],
                            [
                                55.235941,
                                25.04198
                            ],
                            [
                                55.235981,
                                25.041572
                            ],
                            [
                                55.235488,
                                25.041697
                            ],
                            [
                                55.234916,
                                25.042037
                            ],
                            [
                                55.23261,
                                25.0445
                            ]
                        ]
                    ]
                ]
            }
        },
        {
            "type": "Feature",
            "properties": {
                "observation_date": "2016-07-26",
                "source": "20160726_LS_AE_Rxxx_x014_LC08_L1TP_160043_20160726_20200906_02_T1_TCI",
                "sensor_name": "Landsat 8",
                "type": "observation",
                "current_phase": "Active Construction",
                "is_occluded": "False",
                "is_site_boundary": "True",
                "score": 1.0
            },
            "geometry": {
                "type": "MultiPolygon",
                "coordinates": [
                    [
                        [
                            [
                                55.23261,
                                25.0445
                            ],
                            [
                                55.232671,
                                25.044707
                            ],
                            [
                                55.233251,
                                25.045149
                            ],
                            [
                                55.234103,
                                25.045506
                            ],
                            [
                                55.234783,
                                25.045652
                            ],
                            [
                                55.235618,
                                25.045675
                            ],
                            [
                                55.235936,
                                25.04563
                            ],
                            [
                                55.235988,
                                25.045604
                            ],
                            [
                                55.235553,
                                25.042974
                            ],
                            [
                                55.235941,
                                25.04198
                            ],
                            [
                                55.235981,
                                25.041572
                            ],
                            [
                                55.235488,
                                25.041697
                            ],
                            [
                                55.234916,
                                25.042037
                            ],
                            [
                                55.23261,
                                25.0445
                            ]
                        ]
                    ]
                ]
            }
        },
        {
            "type": "Feature",
            "properties": {
                "observation_date": "2016-08-11",
                "source": "20160811_LS_AE_Rxxx_x014_LC08_L1TP_160043_20160811_20200906_02_T1_TCI",
                "sensor_name": "Landsat 8",
                "type": "observation",
                "current_phase": "Active Construction",
                "is_occluded": "False",
                "is_site_boundary": "True",
                "score": 1.0
            },
            "geometry": {
                "type": "MultiPolygon",
                "coordinates": [
                    [
                        [
                            [
                                55.23261,
                                25.0445
                            ],
                            [
                                55.232671,
                                25.044707
                            ],
                            [
                                55.233251,
                                25.045149
                            ],
                            [
                                55.234103,
                                25.045506
                            ],
                            [
                                55.234783,
                                25.045652
                            ],
                            [
                                55.235618,
                                25.045675
                            ],
                            [
                                55.235936,
                                25.04563
                            ],
                            [
                                55.235988,
                                25.045604
                            ],
                            [
                                55.235553,
                                25.042974
                            ],
                            [
                                55.235941,
                                25.04198
                            ],
                            [
                                55.235981,
                                25.041572
                            ],
                            [
                                55.235488,
                                25.041697
                            ],
                            [
                                55.234916,
                                25.042037
                            ],
                            [
                                55.23261,
                                25.0445
                            ]
                        ]
                    ]
                ]
            }
        },
        {
            "type": "Feature",
            "properties": {
                "observation_date": "2016-08-13",
                "source": "16AUG13071753-P1BS-500346924010_18_P004",
                "sensor_name": "WorldView",
                "type": "observation",
                "current_phase": "Active Construction",
                "is_occluded": "False",
                "is_site_boundary": "True",
                "score": 1.0
            },
            "geometry": {
                "type": "MultiPolygon",
                "coordinates": [
                    [
                        [
                            [
                                55.232596,
                                25.044473
                            ],
                            [
                                55.232656,
                                25.044681
                            ],
                            [
                                55.233233,
                                25.045126
                            ],
                            [
                                55.234081,
                                25.045486
                            ],
                            [
                                55.234759,
                                25.045632
                            ],
                            [
                                55.23559,
                                25.045655
                            ],
                            [
                                55.235906,
                                25.04561
                            ],
                            [
                                55.235957,
                                25.045584
                            ],
                            [
                                55.235525,
                                25.042936
                            ],
                            [
                                55.235912,
                                25.041935
                            ],
                            [
                                55.235952,
                                25.041524
                            ],
                            [
                                55.23546,
                                25.04165
                            ],
                            [
                                55.234891,
                                25.041993
                            ],
                            [
                                55.232596,
                                25.044473
                            ]
                        ]
                    ]
                ]
            }
        },
        {
            "type": "Feature",
            "properties": {
                "observation_date": "2016-09-12",
                "source": "20160912_LS_AE_Rxxx_x014_LC08_L1TP_160043_20160912_20200906_02_T1_TCI",
                "sensor_name": "Landsat 8",
                "type": "observation",
                "current_phase": "Active Construction",
                "is_occluded": "False",
                "is_site_boundary": "True",
                "score": 1.0
            },
            "geometry": {
                "type": "MultiPolygon",
                "coordinates": [
                    [
                        [
                            [
                                55.232613,
                                25.0445
                            ],
                            [
                                55.232673,
                                25.044707
                            ],
                            [
                                55.233253,
                                25.045149
                            ],
                            [
                                55.234105,
                                25.045506
                            ],
                            [
                                55.234786,
                                25.045652
                            ],
                            [
                                55.235621,
                                25.045675
                            ],
                            [
                                55.235939,
                                25.04563
                            ],
                            [
                                55.23599,
                                25.045605
                            ],
                            [
                                55.235556,
                                25.042975
                            ],
                            [
                                55.235944,
                                25.04198
                            ],
                            [
                                55.235984,
                                25.041573
                            ],
                            [
                                55.23549,
                                25.041698
                            ],
                            [
                                55.234919,
                                25.042038
                            ],
                            [
                                55.232613,
                                25.0445
                            ]
                        ]
                    ]
                ]
            }
        },
        {
            "type": "Feature",
            "properties": {
                "observation_date": "2016-10-14",
                "source": "20161014_LS_AE_Rxxx_x014_LC08_L1TP_160043_20161014_20200905_02_T1_TCI",
                "sensor_name": "Landsat 8",
                "type": "observation",
                "current_phase": "Active Construction",
                "is_occluded": "False",
                "is_site_boundary": "True",
                "score": 1.0
            },
            "geometry": {
                "type": "MultiPolygon",
                "coordinates": [
                    [
                        [
                            [
                                55.232615,
                                25.044501
                            ],
                            [
                                55.232675,
                                25.044708
                            ],
                            [
                                55.233256,
                                25.04515
                            ],
                            [
                                55.234108,
                                25.045507
                            ],
                            [
                                55.234788,
                                25.045652
                            ],
                            [
                                55.235623,
                                25.045675
                            ],
                            [
                                55.235941,
                                25.045631
                            ],
                            [
                                55.235992,
                                25.045605
                            ],
                            [
                                55.235558,
                                25.042975
                            ],
                            [
                                55.235946,
                                25.041981
                            ],
                            [
                                55.235986,
                                25.041573
                            ],
                            [
                                55.235492,
                                25.041698
                            ],
                            [
                                55.234921,
                                25.042038
                            ],
                            [
                                55.232615,
                                25.044501
                            ]
                        ]
                    ]
                ]
            }
        },
        {
            "type": "Feature",
            "properties": {
                "observation_date": "2016-11-15",
                "source": "20161115_LS_AE_Rxxx_x014_LC08_L1TP_160043_20161115_20200905_02_T1_TCI",
                "sensor_name": "Landsat 8",
                "type": "observation",
                "current_phase": "Active Construction",
                "is_occluded": "False",
                "is_site_boundary": "True",
                "score": 1.0
            },
            "geometry": {
                "type": "MultiPolygon",
                "coordinates": [
                    [
                        [
                            [
                                55.232618,
                                25.044501
                            ],
                            [
                                55.232678,
                                25.044708
                            ],
                            [
                                55.233258,
                                25.04515
                            ],
                            [
                                55.23411,
                                25.045507
                            ],
                            [
                                55.234791,
                                25.045653
                            ],
                            [
                                55.235626,
                                25.045676
                            ],
                            [
                                55.235944,
                                25.045631
                            ],
                            [
                                55.235995,
                                25.045605
                            ],
                            [
                                55.23556,
                                25.042975
                            ],
                            [
                                55.235948,
                                25.041981
                            ],
                            [
                                55.235989,
                                25.041573
                            ],
                            [
                                55.235495,
                                25.041698
                            ],
                            [
                                55.234924,
                                25.042039
                            ],
                            [
                                55.232618,
                                25.044501
                            ]
                        ]
                    ]
                ]
            }
        },
        {
            "type": "Feature",
            "properties": {
                "observation_date": "2016-12-01",
                "source": "20161201_LS_AE_Rxxx_x014_LC08_L1TP_160043_20161201_20200905_02_T1_TCI",
                "sensor_name": "Landsat 8",
                "type": "observation",
                "current_phase": "Active Construction",
                "is_occluded": "False",
                "is_site_boundary": "True",
                "score": 1.0
            },
            "geometry": {
                "type": "MultiPolygon",
                "coordinates": [
                    [
                        [
                            [
                                55.23262,
                                25.044501
                            ],
                            [
                                55.23268,
                                25.044708
                            ],
                            [
                                55.233261,
                                25.04515
                            ],
                            [
                                55.234112,
                                25.045507
                            ],
                            [
                                55.234793,
                                25.045653
                            ],
                            [
                                55.235628,
                                25.045676
                            ],
                            [
                                55.235946,
                                25.045631
                            ],
                            [
                                55.235997,
                                25.045606
                            ],
                            [
                                55.235563,
                                25.042976
                            ],
                            [
                                55.235951,
                                25.041981
                            ],
                            [
                                55.235991,
                                25.041574
                            ],
                            [
                                55.235497,
                                25.041699
                            ],
                            [
                                55.234926,
                                25.042039
                            ],
                            [
                                55.23262,
                                25.044501
                            ]
                        ]
                    ]
                ]
            }
        },
        {
            "type": "Feature",
            "properties": {
                "observation_date": "2017-01-04",
                "source": "20170104_S2_AE_Rxxx_x014_S2A_40RCN_20170104_0_L2A_TCI",
                "sensor_name": "Sentinel-2",
                "type": "observation",
                "current_phase": "Active Construction",
                "is_occluded": "False",
                "is_site_boundary": "True",
                "score": 1.0
            },
            "geometry": {
                "type": "MultiPolygon",
                "coordinates": [
                    [
                        [
                            [
                                55.232592,
                                25.044462
                            ],
                            [
                                55.232652,
                                25.044671
                            ],
                            [
                                55.233226,
                                25.045118
                            ],
                            [
                                55.234069,
                                25.045478
                            ],
                            [
                                55.234743,
                                25.045625
                            ],
                            [
                                55.23557,
                                25.045648
                            ],
                            [
                                55.235885,
                                25.045603
                            ],
                            [
                                55.235936,
                                25.045577
                            ],
                            [
                                55.235506,
                                25.042921
                            ],
                            [
                                55.235891,
                                25.041916
                            ],
                            [
                                55.235931,
                                25.041505
                            ],
                            [
                                55.235442,
                                25.041631
                            ],
                            [
                                55.234876,
                                25.041975
                            ],
                            [
                                55.232592,
                                25.044462
                            ]
                        ]
                    ]
                ]
            }
        },
        {
            "type": "Feature",
            "properties": {
                "observation_date": "2017-03-07",
                "source": "20170307_LS_AE_Rxxx_x014_LC08_L1TP_160043_20170307_20200905_02_T1_TCI",
                "sensor_name": "Landsat 8",
                "type": "observation",
                "current_phase": "Active Construction",
                "is_occluded": "False",
                "is_site_boundary": "True",
                "score": 1.0
            },
            "geometry": {
                "type": "MultiPolygon",
                "coordinates": [
                    [
                        [
                            [
                                55.232625,
                                25.044502
                            ],
                            [
                                55.232685,
                                25.044709
                            ],
                            [
                                55.233265,
                                25.045151
                            ],
                            [
                                55.234117,
                                25.045508
                            ],
                            [
                                55.234798,
                                25.045654
                            ],
                            [
                                55.235633,
                                25.045677
                            ],
                            [
                                55.235951,
                                25.045632
                            ],
                            [
                                55.236002,
                                25.045606
                            ],
                            [
                                55.235568,
                                25.042976
                            ],
                            [
                                55.235956,
                                25.041982
                            ],
                            [
                                55.235996,
                                25.041574
                            ],
                            [
                                55.235502,
                                25.041699
                            ],
                            [
                                55.234931,
                                25.04204
                            ],
                            [
                                55.232625,
                                25.044502
                            ]
                        ]
                    ]
                ]
            }
        },
        {
            "type": "Feature",
            "properties": {
                "observation_date": "2017-03-15",
                "source": "20170315_S2_AE_Rxxx_x014_S2A_40RCN_20170315_0_L2A_TCI",
                "sensor_name": "Sentinel-2",
                "type": "observation",
                "current_phase": "Active Construction",
                "is_occluded": "False",
                "is_site_boundary": "True",
                "score": 1.0
            },
            "geometry": {
                "type": "MultiPolygon",
                "coordinates": [
                    [
                        [
                            [
                                55.232597,
                                25.044463
                            ],
                            [
                                55.232656,
                                25.044672
                            ],
                            [
                                55.233231,
                                25.045118
                            ],
                            [
                                55.234074,
                                25.045479
                            ],
                            [
                                55.234748,
                                25.045626
                            ],
                            [
                                55.235575,
                                25.045649
                            ],
                            [
                                55.23589,
                                25.045604
                            ],
                            [
                                55.23594,
                                25.045578
                            ],
                            [
                                55.235511,
                                25.042921
                            ],
                            [
                                55.235895,
                                25.041917
                            ],
                            [
                                55.235935,
                                25.041505
                            ],
                            [
                                55.235446,
                                25.041632
                            ],
                            [
                                55.234881,
                                25.041975
                            ],
                            [
                                55.232597,
                                25.044463
                            ]
                        ]
                    ]
                ]
            }
        },
        {
            "type": "Feature",
            "properties": {
                "observation_date": "2017-04-04",
                "source": "20170404_S2_AE_Rxxx_x014_S2A_40RCN_20170404_0_L2A_TCI",
                "sensor_name": "Sentinel-2",
                "type": "observation",
                "current_phase": "Active Construction",
                "is_occluded": "False",
                "is_site_boundary": "True",
                "score": 1.0
            },
            "geometry": {
                "type": "MultiPolygon",
                "coordinates": [
                    [
                        [
                            [
                                55.232599,
                                25.044463
                            ],
                            [
                                55.232659,
                                25.044672
                            ],
                            [
                                55.233233,
                                25.045119
                            ],
                            [
                                55.234077,
                                25.045479
                            ],
                            [
                                55.234751,
                                25.045626
                            ],
                            [
                                55.235577,
                                25.045649
                            ],
                            [
                                55.235892,
                                25.045604
                            ],
                            [
                                55.235943,
                                25.045578
                            ],
                            [
                                55.235513,
                                25.042922
                            ],
                            [
                                55.235898,
                                25.041917
                            ],
                            [
                                55.235938,
                                25.041506
                            ],
                            [
                                55.235449,
                                25.041632
                            ],
                            [
                                55.234883,
                                25.041976
                            ],
                            [
                                55.232599,
                                25.044463
                            ]
                        ]
                    ]
                ]
            }
        },
        {
            "type": "Feature",
            "properties": {
                "observation_date": "2017-04-24",
                "source": "20170424_LS_AE_Rxxx_x014_LC08_L1TP_160043_20170424_20200904_02_T1_TCI",
                "sensor_name": "Landsat 8",
                "type": "observation",
                "current_phase": "Active Construction",
                "is_occluded": "False",
                "is_site_boundary": "True",
                "score": 1.0
            },
            "geometry": {
                "type": "MultiPolygon",
                "coordinates": [
                    [
                        [
                            [
                                55.232632,
                                25.044503
                            ],
                            [
                                55.232693,
                                25.04471
                            ],
                            [
                                55.233273,
                                25.045152
                            ],
                            [
                                55.234125,
                                25.045509
                            ],
                            [
                                55.234805,
                                25.045655
                            ],
                            [
                                55.23564,
                                25.045678
                            ],
                            [
                                55.235958,
                                25.045633
                            ],
                            [
                                55.23601,
                                25.045608
                            ],
                            [
                                55.235575,
                                25.042978
                            ],
                            [
                                55.235963,
                                25.041983
                            ],
                            [
                                55.236003,
                                25.041576
                            ],
                            [
                                55.23551,
                                25.041701
                            ],
                            [
                                55.234938,
                                25.042041
                            ],
                            [
                                55.232632,
                                25.044503
                            ]
                        ]
                    ]
                ]
            }
        },
        {
            "type": "Feature",
            "properties": {
                "observation_date": "2017-05-10",
                "source": "20170510_LS_AE_Rxxx_x014_LC08_L1TP_160043_20170510_20200904_02_T1_TCI",
                "sensor_name": "Landsat 8",
                "type": "observation",
                "current_phase": "Active Construction",
                "is_occluded": "False",
                "is_site_boundary": "True",
                "score": 1.0
            },
            "geometry": {
                "type": "MultiPolygon",
                "coordinates": [
                    [
                        [
                            [
                                55.232635,
                                25.044503
                            ],
                            [
                                55.232695,
                                25.04471
                            ],
                            [
                                55.233275,
                                25.045153
                            ],
                            [
                                55.234127,
                                25.04551
                            ],
                            [
                                55.234808,
                                25.045655
                            ],
                            [
                                55.235643,
                                25.045678
                            ],
                            [
                                55.235961,
                                25.045634
                            ],
                            [
                                55.236012,
                                25.045608
                            ],
                            [
                                55.235578,
                                25.042978
                            ],
                            [
                                55.235966,
                                25.041984
                            ],
                            [
                                55.236006,
                                25.041576
                            ],
                            [
                                55.235512,
                                25.041701
                            ],
                            [
                                55.234941,
                                25.042041
                            ],
                            [
                                55.232635,
                                25.044503
                            ]
                        ]
                    ]
                ]
            }
        },
        {
            "type": "Feature",
            "properties": {
                "observation_date": "2017-05-14",
                "source": "20170514_S2_AE_Rxxx_x014_S2A_40RCN_20170514_0_L2A_TCI",
                "sensor_name": "Sentinel-2",
                "type": "observation",
                "current_phase": "Active Construction",
                "is_occluded": "False",
                "is_site_boundary": "True",
                "score": 1.0
            },
            "geometry": {
                "type": "MultiPolygon",
                "coordinates": [
                    [
                        [
                            [
                                55.232607,
                                25.044464
                            ],
                            [
                                55.232666,
                                25.044674
                            ],
                            [
                                55.23324,
                                25.04512
                            ],
                            [
                                55.234084,
                                25.04548
                            ],
                            [
                                55.234758,
                                25.045627
                            ],
                            [
                                55.235584,
                                25.04565
                            ],
                            [
                                55.235899,
                                25.045605
                            ],
                            [
                                55.23595,
                                25.045579
                            ],
                            [
                                55.235521,
                                25.042923
                            ],
                            [
                                55.235905,
                                25.041918
                            ],
                            [
                                55.235945,
                                25.041507
                            ],
                            [
                                55.235456,
                                25.041633
                            ],
                            [
                                55.23489,
                                25.041977
                            ],
                            [
                                55.232607,
                                25.044464
                            ]
                        ]
                    ]
                ]
            }
        },
        {
            "type": "Feature",
            "properties": {
                "observation_date": "2017-06-11",
                "source": "20170611_LS_AE_Rxxx_x014_LC08_L1TP_160043_20170611_20200903_02_T1_TCI",
                "sensor_name": "Landsat 8",
                "type": "observation",
                "current_phase": "Active Construction",
                "is_occluded": "False",
                "is_site_boundary": "True",
                "score": 1.0
            },
            "geometry": {
                "type": "MultiPolygon",
                "coordinates": [
                    [
                        [
                            [
                                55.23264,
                                25.044504
                            ],
                            [
                                55.2327,
                                25.044711
                            ],
                            [
                                55.23328,
                                25.045153
                            ],
                            [
                                55.234132,
                                25.04551
                            ],
                            [
                                55.234813,
                                25.045656
                            ],
                            [
                                55.235648,
                                25.045679
                            ],
                            [
                                55.235966,
                                25.045634
                            ],
                            [
                                55.236017,
                                25.045609
                            ],
                            [
                                55.235583,
                                25.042979
                            ],
                            [
                                55.23597,
                                25.041984
                            ],
                            [
                                55.236011,
                                25.041577
                            ],
                            [
                                55.235517,
                                25.041702
                            ],
                            [
                                55.234946,
                                25.042042
                            ],
                            [
                                55.23264,
                                25.044504
                            ]
                        ]
                    ]
                ]
            }
        },
        {
            "type": "Feature",
            "properties": {
                "observation_date": "2017-06-13",
                "source": "20170613_S2_AE_Rxxx_x014_S2A_40RCN_20170613_0_L2A_TCI",
                "sensor_name": "Sentinel-2",
                "type": "observation",
                "current_phase": "Active Construction",
                "is_occluded": "False",
                "is_site_boundary": "True",
                "score": 1.0
            },
            "geometry": {
                "type": "MultiPolygon",
                "coordinates": [
                    [
                        [
                            [
                                55.232611,
                                25.044465
                            ],
                            [
                                55.232671,
                                25.044674
                            ],
                            [
                                55.233245,
                                25.045121
                            ],
                            [
                                55.234089,
                                25.045481
                            ],
                            [
                                55.234763,
                                25.045628
                            ],
                            [
                                55.235589,
                                25.045651
                            ],
                            [
                                55.235904,
                                25.045606
                            ],
                            [
                                55.235955,
                                25.04558
                            ],
                            [
                                55.235526,
                                25.042924
                            ],
                            [
                                55.23591,
                                25.041919
                            ],
                            [
                                55.23595,
                                25.041507
                            ],
                            [
                                55.235461,
                                25.041634
                            ],
                            [
                                55.234895,
                                25.041978
                            ],
                            [
                                55.232611,
                                25.044465
                            ]
                        ]
                    ]
                ]
            }
        },
        {
            "type": "Feature",
            "properties": {
                "observation_date": "2017-07-13",
                "source": "20170713_LS_AE_Rxxx_x014_LC08_L1TP_160043_20170713_20200903_02_T1_TCI",
                "sensor_name": "Landsat 8",
                "type": "observation",
                "current_phase": "Active Construction",
                "is_occluded": "False",
                "is_site_boundary": "True",
                "score": 1.0
            },
            "geometry": {
                "type": "MultiPolygon",
                "coordinates": [
                    [
                        [
                            [
                                55.232645,
                                25.044505
                            ],
                            [
                                55.232705,
                                25.044712
                            ],
                            [
                                55.233285,
                                25.045154
                            ],
                            [
                                55.234137,
                                25.045511
                            ],
                            [
                                55.234818,
                                25.045657
                            ],
                            [
                                55.235653,
                                25.04568
                            ],
                            [
                                55.235971,
                                25.045635
                            ],
                            [
                                55.236022,
                                25.045609
                            ],
                            [
                                55.235587,
                                25.042979
                            ],
                            [
                                55.235975,
                                25.041985
                            ],
                            [
                                55.236016,
                                25.041577
                            ],
                            [
                                55.235522,
                                25.041702
                            ],
                            [
                                55.234951,
                                25.042043
                            ],
                            [
                                55.232645,
                                25.044505
                            ]
                        ]
                    ]
                ]
            }
        },
        {
            "type": "Feature",
            "properties": {
                "observation_date": "2017-07-23",
                "source": "20170723_S2_AE_Rxxx_x014_S2A_40RCN_20170723_0_L2A_TCI",
                "sensor_name": "Sentinel-2",
                "type": "observation",
                "current_phase": "Active Construction",
                "is_occluded": "False",
                "is_site_boundary": "True",
                "score": 1.0
            },
            "geometry": {
                "type": "MultiPolygon",
                "coordinates": [
                    [
                        [
                            [
                                55.232616,
                                25.044466
                            ],
                            [
                                55.232676,
                                25.044675
                            ],
                            [
                                55.23325,
                                25.045121
                            ],
                            [
                                55.234094,
                                25.045482
                            ],
                            [
                                55.234768,
                                25.045629
                            ],
                            [
                                55.235594,
                                25.045652
                            ],
                            [
                                55.235909,
                                25.045607
                            ],
                            [
                                55.23596,
                                25.045581
                            ],
                            [
                                55.23553,
                                25.042924
                            ],
                            [
                                55.235915,
                                25.04192
                            ],
                            [
                                55.235955,
                                25.041508
                            ],
                            [
                                55.235466,
                                25.041635
                            ],
                            [
                                55.2349,
                                25.041978
                            ],
                            [
                                55.232616,
                                25.044466
                            ]
                        ]
                    ]
                ]
            }
        },
        {
            "type": "Feature",
            "properties": {
                "observation_date": "2017-08-17",
                "source": "20170817_S2_AE_Rxxx_x014_S2B_40RCN_20170817_0_L2A_TCI",
                "sensor_name": "Sentinel-2",
                "type": "observation",
                "current_phase": "Active Construction",
                "is_occluded": "False",
                "is_site_boundary": "True",
                "score": 1.0
            },
            "geometry": {
                "type": "MultiPolygon",
                "coordinates": [
                    [
                        [
                            [
                                55.232619,
                                25.044466
                            ],
                            [
                                55.232678,
                                25.044675
                            ],
                            [
                                55.233253,
                                25.045122
                            ],
                            [
                                55.234096,
                                25.045482
                            ],
                            [
                                55.23477,
                                25.045629
                            ],
                            [
                                55.235597,
                                25.045652
                            ],
                            [
                                55.235912,
                                25.045607
                            ],
                            [
                                55.235962,
                                25.045581
                            ],
                            [
                                55.235533,
                                25.042925
                            ],
                            [
                                55.235917,
                                25.04192
                            ],
                            [
                                55.235957,
                                25.041509
                            ],
                            [
                                55.235468,
                                25.041635
                            ],
                            [
                                55.234902,
                                25.041979
                            ],
                            [
                                55.232619,
                                25.044466
                            ]
                        ]
                    ]
                ]
            }
        },
        {
            "type": "Feature",
            "properties": {
                "observation_date": "2017-08-30",
                "source": "20170830_LS_AE_Rxxx_x014_LC08_L1TP_160043_20170830_20200903_02_T1_TCI",
                "sensor_name": "Landsat 8",
                "type": "observation",
                "current_phase": "Active Construction",
                "is_occluded": "False",
                "is_site_boundary": "True",
                "score": 1.0
            },
            "geometry": {
                "type": "MultiPolygon",
                "coordinates": [
                    [
                        [
                            [
                                55.232652,
                                25.044506
                            ],
                            [
                                55.232712,
                                25.044713
                            ],
                            [
                                55.233292,
                                25.045155
                            ],
                            [
                                55.234144,
                                25.045512
                            ],
                            [
                                55.234825,
                                25.045658
                            ],
                            [
                                55.23566,
                                25.045681
                            ],
                            [
                                55.235978,
                                25.045636
                            ],
                            [
                                55.236029,
                                25.04561
                            ],
                            [
                                55.235595,
                                25.04298
                            ],
                            [
                                55.235983,
                                25.041986
                            ],
                            [
                                55.236023,
                                25.041578
                            ],
                            [
                                55.235529,
                                25.041703
                            ],
                            [
                                55.234958,
                                25.042044
                            ],
                            [
                                55.232652,
                                25.044506
                            ]
                        ]
                    ]
                ]
            }
        },
        {
            "type": "Feature",
            "properties": {
                "observation_date": "2017-09-06",
                "source": "20170906_S2_AE_Rxxx_x014_S2B_40RCN_20170906_0_L2A_TCI",
                "sensor_name": "Sentinel-2",
                "type": "observation",
                "current_phase": "Active Construction",
                "is_occluded": "False",
                "is_site_boundary": "True",
                "score": 1.0
            },
            "geometry": {
                "type": "MultiPolygon",
                "coordinates": [
                    [
                        [
                            [
                                55.232624,
                                25.044467
                            ],
                            [
                                55.232683,
                                25.044676
                            ],
                            [
                                55.233257,
                                25.045123
                            ],
                            [
                                55.234101,
                                25.045483
                            ],
                            [
                                55.234775,
                                25.04563
                            ],
                            [
                                55.235601,
                                25.045653
                            ],
                            [
                                55.235916,
                                25.045608
                            ],
                            [
                                55.235967,
                                25.045582
                            ],
                            [
                                55.235538,
                                25.042925
                            ],
                            [
                                55.235922,
                                25.041921
                            ],
                            [
                                55.235962,
                                25.041509
                            ],
                            [
                                55.235473,
                                25.041636
                            ],
                            [
                                55.234907,
                                25.041979
                            ],
                            [
                                55.232624,
                                25.044467
                            ]
                        ]
                    ]
                ]
            }
        },
        {
            "type": "Feature",
            "properties": {
                "observation_date": "2017-09-15",
                "source": "20170915_LS_AE_Rxxx_x014_LC08_L1TP_160043_20170915_20200903_02_T1_TCI",
                "sensor_name": "Landsat 8",
                "type": "observation",
                "current_phase": "Active Construction",
                "is_occluded": "False",
                "is_site_boundary": "True",
                "score": 1.0
            },
            "geometry": {
                "type": "MultiPolygon",
                "coordinates": [
                    [
                        [
                            [
                                55.232657,
                                25.044507
                            ],
                            [
                                55.232717,
                                25.044714
                            ],
                            [
                                55.233297,
                                25.045156
                            ],
                            [
                                55.234149,
                                25.045513
                            ],
                            [
                                55.23483,
                                25.045658
                            ],
                            [
                                55.235665,
                                25.045681
                            ],
                            [
                                55.235983,
                                25.045637
                            ],
                            [
                                55.236034,
                                25.045611
                            ],
                            [
                                55.2356,
                                25.042981
                            ],
                            [
                                55.235988,
                                25.041987
                            ],
                            [
                                55.236028,
                                25.041579
                            ],
                            [
                                55.235534,
                                25.041704
                            ],
                            [
                                55.234963,
                                25.042044
                            ],
                            [
                                55.232657,
                                25.044507
                            ]
                        ]
                    ]
                ]
            }
        },
        {
            "type": "Feature",
            "properties": {
                "observation_date": "2017-10-16",
                "source": "20171016_S2_AE_Rxxx_x014_S2B_40RCN_20171016_0_L2A_TCI",
                "sensor_name": "Sentinel-2",
                "type": "observation",
                "current_phase": "Active Construction",
                "is_occluded": "False",
                "is_site_boundary": "True",
                "score": 1.0
            },
            "geometry": {
                "type": "MultiPolygon",
                "coordinates": [
                    [
                        [
                            [
                                55.232628,
                                25.044468
                            ],
                            [
                                55.232688,
                                25.044677
                            ],
                            [
                                55.233262,
                                25.045123
                            ],
                            [
                                55.234106,
                                25.045484
                            ],
                            [
                                55.23478,
                                25.045631
                            ],
                            [
                                55.235606,
                                25.045654
                            ],
                            [
                                55.235921,
                                25.045608
                            ],
                            [
                                55.235972,
                                25.045583
                            ],
                            [
                                55.235543,
                                25.042926
                            ],
                            [
                                55.235927,
                                25.041922
                            ],
                            [
                                55.235967,
                                25.04151
                            ],
                            [
                                55.235478,
                                25.041636
                            ],
                            [
                                55.234912,
                                25.04198
                            ],
                            [
                                55.232628,
                                25.044468
                            ]
                        ]
                    ]
                ]
            }
        },
        {
            "type": "Feature",
            "properties": {
                "observation_date": "2017-10-17",
                "source": "20171017_LS_AE_Rxxx_x014_LC08_L1TP_160043_20171017_20200902_02_T1_TCI",
                "sensor_name": "Landsat 8",
                "type": "observation",
                "current_phase": "Active Construction",
                "is_occluded": "False",
                "is_site_boundary": "True",
                "score": 1.0
            },
            "geometry": {
                "type": "MultiPolygon",
                "coordinates": [
                    [
                        [
                            [
                                55.232662,
                                25.044507
                            ],
                            [
                                55.232722,
                                25.044714
                            ],
                            [
                                55.233302,
                                25.045157
                            ],
                            [
                                55.234154,
                                25.045514
                            ],
                            [
                                55.234835,
                                25.045659
                            ],
                            [
                                55.23567,
                                25.045682
                            ],
                            [
                                55.235988,
                                25.045638
                            ],
                            [
                                55.236039,
                                25.045612
                            ],
                            [
                                55.235605,
                                25.042982
                            ],
                            [
                                55.235993,
                                25.041988
                            ],
                            [
                                55.236033,
                                25.04158
                            ],
                            [
                                55.235539,
                                25.041705
                            ],
                            [
                                55.234968,
                                25.042045
                            ],
                            [
                                55.232662,
                                25.044507
                            ]
                        ]
                    ]
                ]
            }
        },
        {
            "type": "Feature",
            "properties": {
                "observation_date": "2017-11-02",
                "source": "20171102_LS_AE_Rxxx_x014_LC08_L1TP_160043_20171102_20200902_02_T1_TCI",
                "sensor_name": "Landsat 8",
                "type": "observation",
                "current_phase": "Active Construction",
                "is_occluded": "False",
                "is_site_boundary": "True",
                "score": 1.0
            },
            "geometry": {
                "type": "MultiPolygon",
                "coordinates": [
                    [
                        [
                            [
                                55.232664,
                                25.044508
                            ],
                            [
                                55.232724,
                                25.044715
                            ],
                            [
                                55.233305,
                                25.045157
                            ],
                            [
                                55.234157,
                                25.045514
                            ],
                            [
                                55.234837,
                                25.04566
                            ],
                            [
                                55.235672,
                                25.045683
                            ],
                            [
                                55.23599,
                                25.045638
                            ],
                            [
                                55.236042,
                                25.045612
                            ],
                            [
                                55.235607,
                                25.042982
                            ],
                            [
                                55.235995,
                                25.041988
                            ],
                            [
                                55.236035,
                                25.04158
                            ],
                            [
                                55.235542,
                                25.041705
                            ],
                            [
                                55.23497,
                                25.042045
                            ],
                            [
                                55.232664,
                                25.044508
                            ]
                        ]
                    ]
                ]
            }
        },
        {
            "type": "Feature",
            "properties": {
                "observation_date": "2017-11-13",
                "source": "17NOV13095918-P1BS-501764823010_01_P002",
                "sensor_name": "WorldView",
                "type": "observation",
                "current_phase": "Active Construction",
                "is_occluded": "False",
                "is_site_boundary": "True",
                "score": 1.0
            },
            "geometry": {
                "type": "MultiPolygon",
                "coordinates": [
                    [
                        [
                            [
                                55.232652,
                                25.044481
                            ],
                            [
                                55.232712,
                                25.04469
                            ],
                            [
                                55.233289,
                                25.045135
                            ],
                            [
                                55.234137,
                                25.045494
                            ],
                            [
                                55.234815,
                                25.045641
                            ],
                            [
                                55.235646,
                                25.045664
                            ],
                            [
                                55.235962,
                                25.045619
                            ],
                            [
                                55.236013,
                                25.045593
                            ],
                            [
                                55.235581,
                                25.042945
                            ],
                            [
                                55.235968,
                                25.041943
                            ],
                            [
                                55.236008,
                                25.041533
                            ],
                            [
                                55.235516,
                                25.041659
                            ],
                            [
                                55.234948,
                                25.042001
                            ],
                            [
                                55.232652,
                                25.044481
                            ]
                        ]
                    ]
                ]
            }
        },
        {
            "type": "Feature",
            "properties": {
                "observation_date": "2017-11-20",
                "source": "20171120_S2_AE_Rxxx_x014_S2A_40RCN_20171120_0_L2A_TCI",
                "sensor_name": "Sentinel-2",
                "type": "observation",
                "current_phase": "Active Construction",
                "is_occluded": "False",
                "is_site_boundary": "True",
                "score": 1.0
            },
            "geometry": {
                "type": "MultiPolygon",
                "coordinates": [
                    [
                        [
                            [
                                55.232638,
                                25.044469
                            ],
                            [
                                55.232698,
                                25.044678
                            ],
                            [
                                55.233272,
                                25.045125
                            ],
                            [
                                55.234115,
                                25.045485
                            ],
                            [
                                55.234789,
                                25.045632
                            ],
                            [
                                55.235616,
                                25.045655
                            ],
                            [
                                55.235931,
                                25.04561
                            ],
                            [
                                55.235982,
                                25.045584
                            ],
                            [
                                55.235552,
                                25.042928
                            ],
                            [
                                55.235937,
                                25.041923
                            ],
                            [
                                55.235977,
                                25.041511
                            ],
                            [
                                55.235488,
                                25.041638
                            ],
                            [
                                55.234922,
                                25.041982
                            ],
                            [
                                55.232638,
                                25.044469
                            ]
                        ]
                    ]
                ]
            }
        },
        {
            "type": "Feature",
            "properties": {
                "observation_date": "2017-12-20",
                "source": "20171220_LS_AE_Rxxx_x014_LC08_L1TP_160043_20171220_20200902_02_T1_TCI",
                "sensor_name": "Landsat 8",
                "type": "observation",
                "current_phase": "Active Construction",
                "is_occluded": "False",
                "is_site_boundary": "True",
                "score": 1.0
            },
            "geometry": {
                "type": "MultiPolygon",
                "coordinates": [
                    [
                        [
                            [
                                55.232672,
                                25.044509
                            ],
                            [
                                55.232732,
                                25.044716
                            ],
                            [
                                55.233312,
                                25.045158
                            ],
                            [
                                55.234164,
                                25.045515
                            ],
                            [
                                55.234845,
                                25.045661
                            ],
                            [
                                55.23568,
                                25.045684
                            ],
                            [
                                55.235998,
                                25.045639
                            ],
                            [
                                55.236049,
                                25.045613
                            ],
                            [
                                55.235614,
                                25.042983
                            ],
                            [
                                55.236002,
                                25.041989
                            ],
                            [
                                55.236043,
                                25.041581
                            ],
                            [
                                55.235549,
                                25.041706
                            ],
                            [
                                55.234977,
                                25.042047
                            ],
                            [
                                55.232672,
                                25.044509
                            ]
                        ]
                    ]
                ]
            }
        },
        {
            "type": "Feature",
            "properties": {
                "observation_date": "2017-12-30",
                "source": "20171230_S2_AE_Rxxx_x014_S2A_40RCN_20171230_0_L2A_TCI",
                "sensor_name": "Sentinel-2",
                "type": "observation",
                "current_phase": "Active Construction",
                "is_occluded": "False",
                "is_site_boundary": "True",
                "score": 1.0
            },
            "geometry": {
                "type": "MultiPolygon",
                "coordinates": [
                    [
                        [
                            [
                                55.232643,
                                25.04447
                            ],
                            [
                                55.232703,
                                25.044679
                            ],
                            [
                                55.233277,
                                25.045125
                            ],
                            [
                                55.23412,
                                25.045486
                            ],
                            [
                                55.234794,
                                25.045633
                            ],
                            [
                                55.235621,
                                25.045656
                            ],
                            [
                                55.235936,
                                25.045611
                            ],
                            [
                                55.235987,
                                25.045585
                            ],
                            [
                                55.235557,
                                25.042928
                            ],
                            [
                                55.235941,
                                25.041924
                            ],
                            [
                                55.235982,
                                25.041512
                            ],
                            [
                                55.235493,
                                25.041639
                            ],
                            [
                                55.234927,
                                25.041982
                            ],
                            [
                                55.232643,
                                25.04447
                            ]
                        ]
                    ]
                ]
            }
        },
        {
            "type": "Feature",
            "properties": {
                "observation_date": "2018-01-19",
                "source": "20180119_S2_AE_Rxxx_x014_S2A_40RCN_20180119_0_L2A_TCI",
                "sensor_name": "Sentinel-2",
                "type": "observation",
                "current_phase": "Active Construction",
                "is_occluded": "False",
                "is_site_boundary": "True",
                "score": 1.0
            },
            "geometry": {
                "type": "MultiPolygon",
                "coordinates": [
                    [
                        [
                            [
                                55.232645,
                                25.04447
                            ],
                            [
                                55.232705,
                                25.044679
                            ],
                            [
                                55.233279,
                                25.045126
                            ],
                            [
                                55.234123,
                                25.045486
                            ],
                            [
                                55.234797,
                                25.045633
                            ],
                            [
                                55.235623,
                                25.045656
                            ],
                            [
                                55.235938,
                                25.045611
                            ],
                            [
                                55.235989,
                                25.045585
                            ],
                            [
                                55.23556,
                                25.042929
                            ],
                            [
                                55.235944,
                                25.041924
                            ],
                            [
                                55.235984,
                                25.041513
                            ],
                            [
                                55.235495,
                                25.041639
                            ],
                            [
                                55.234929,
                                25.041983
                            ],
                            [
                                55.232645,
                                25.04447
                            ]
                        ]
                    ]
                ]
            }
        },
        {
            "type": "Feature",
            "properties": {
                "observation_date": "2018-02-06",
                "source": "20180206_LS_AE_Rxxx_x014_LC08_L1TP_160043_20180206_20200902_02_T1_TCI",
                "sensor_name": "Landsat 8",
                "type": "observation",
                "current_phase": "Active Construction",
                "is_occluded": "False",
                "is_site_boundary": "True",
                "score": 1.0
            },
            "geometry": {
                "type": "MultiPolygon",
                "coordinates": [
                    [
                        [
                            [
                                55.232679,
                                25.04451
                            ],
                            [
                                55.232739,
                                25.044717
                            ],
                            [
                                55.233319,
                                25.045159
                            ],
                            [
                                55.234171,
                                25.045516
                            ],
                            [
                                55.234852,
                                25.045662
                            ],
                            [
                                55.235687,
                                25.045685
                            ],
                            [
                                55.236005,
                                25.04564
                            ],
                            [
                                55.236056,
                                25.045614
                            ],
                            [
                                55.235622,
                                25.042984
                            ],
                            [
                                55.23601,
                                25.04199
                            ],
                            [
                                55.23605,
                                25.041582
                            ],
                            [
                                55.235556,
                                25.041707
                            ],
                            [
                                55.234985,
                                25.042048
                            ],
                            [
                                55.232679,
                                25.04451
                            ]
                        ]
                    ]
                ]
            }
        },
        {
            "type": "Feature",
            "properties": {
                "observation_date": "2018-02-08",
                "source": "20180208_S2_AE_Rxxx_x014_S2A_40RCN_20180208_0_L2A_TCI",
                "sensor_name": "Sentinel-2",
                "type": "observation",
                "current_phase": "Active Construction",
                "is_occluded": "False",
                "is_site_boundary": "True",
                "score": 1.0
            },
            "geometry": {
                "type": "MultiPolygon",
                "coordinates": [
                    [
                        [
                            [
                                55.23265,
                                25.044471
                            ],
                            [
                                55.23271,
                                25.04468
                            ],
                            [
                                55.233284,
                                25.045127
                            ],
                            [
                                55.234128,
                                25.045487
                            ],
                            [
                                55.234801,
                                25.045634
                            ],
                            [
                                55.235628,
                                25.045657
                            ],
                            [
                                55.235943,
                                25.045612
                            ],
                            [
                                55.235994,
                                25.045586
                            ],
                            [
                                55.235564,
                                25.04293
                            ],
                            [
                                55.235949,
                                25.041925
                            ],
                            [
                                55.235989,
                                25.041513
                            ],
                            [
                                55.2355,
                                25.04164
                            ],
                            [
                                55.234934,
                                25.041983
                            ],
                            [
                                55.23265,
                                25.044471
                            ]
                        ]
                    ]
                ]
            }
        },
        {
            "type": "Feature",
            "properties": {
                "observation_date": "2018-03-08",
                "source": "18MAR08072034-P1BS-502009134020_01_P003",
                "sensor_name": "WorldView",
                "type": "observation",
                "current_phase": "Active Construction",
                "is_occluded": "False",
                "is_site_boundary": "True",
                "score": 1.0
            },
            "geometry": {
                "type": "MultiPolygon",
                "coordinates": [
                    [
                        [
                            [
                                55.232669,
                                25.044484
                            ],
                            [
                                55.232729,
                                25.044692
                            ],
                            [
                                55.233306,
                                25.045137
                            ],
                            [
                                55.234154,
                                25.045497
                            ],
                            [
                                55.234832,
                                25.045643
                            ],
                            [
                                55.235663,
                                25.045666
                            ],
                            [
                                55.235979,
                                25.045621
                            ],
                            [
                                55.23603,
                                25.045595
                            ],
                            [
                                55.235598,
                                25.042947
                            ],
                            [
                                55.235985,
                                25.041946
                            ],
                            [
                                55.236025,
                                25.041535
                            ],
                            [
                                55.235533,
                                25.041661
                            ],
                            [
                                55.234965,
                                25.042004
                            ],
                            [
                                55.232669,
                                25.044484
                            ]
                        ]
                    ]
                ]
            }
        },
        {
            "type": "Feature",
            "properties": {
                "observation_date": "2018-03-25",
                "source": "20180325_S2_AE_Rxxx_x014_S2B_40RCN_20180325_0_L2A_TCI",
                "sensor_name": "Sentinel-2",
                "type": "observation",
                "current_phase": "Active Construction",
                "is_occluded": "False",
                "is_site_boundary": "True",
                "score": 1.0
            },
            "geometry": {
                "type": "MultiPolygon",
                "coordinates": [
                    [
                        [
                            [
                                55.232652,
                                25.044466
                            ],
                            [
                                55.232711,
                                25.044675
                            ],
                            [
                                55.233285,
                                25.045122
                            ],
                            [
                                55.234129,
                                25.045482
                            ],
                            [
                                55.234803,
                                25.045629
                            ],
                            [
                                55.235629,
                                25.045652
                            ],
                            [
                                55.235944,
                                25.045607
                            ],
                            [
                                55.235995,
                                25.045581
                            ],
                            [
                                55.235566,
                                25.042925
                            ],
                            [
                                55.23595,
                                25.04192
                            ],
                            [
                                55.23599,
                                25.041508
                            ],
                            [
                                55.235501,
                                25.041635
                            ],
                            [
                                55.234935,
                                25.041979
                            ],
                            [
                                55.232652,
                                25.044466
                            ]
                        ]
                    ]
                ]
            }
        },
        {
            "type": "Feature",
            "properties": {
                "observation_date": "2018-03-26",
                "source": "20180326_LS_AE_Rxxx_x014_LC08_L1TP_160043_20180326_20200901_02_T1_TCI",
                "sensor_name": "Landsat 8",
                "type": "observation",
                "current_phase": "Active Construction",
                "is_occluded": "False",
                "is_site_boundary": "True",
                "score": 1.0
            },
            "geometry": {
                "type": "MultiPolygon",
                "coordinates": [
                    [
                        [
                            [
                                55.232681,
                                25.0445
                            ],
                            [
                                55.232742,
                                25.044707
                            ],
                            [
                                55.233322,
                                25.045149
                            ],
                            [
                                55.234174,
                                25.045507
                            ],
                            [
                                55.234854,
                                25.045652
                            ],
                            [
                                55.235689,
                                25.045675
                            ],
                            [
                                55.236007,
                                25.04563
                            ],
                            [
                                55.236059,
                                25.045605
                            ],
                            [
                                55.235624,
                                25.042975
                            ],
                            [
                                55.236012,
                                25.04198
                            ],
                            [
                                55.236052,
                                25.041573
                            ],
                            [
                                55.235559,
                                25.041698
                            ],
                            [
                                55.234987,
                                25.042038
                            ],
                            [
                                55.232681,
                                25.0445
                            ]
                        ]
                    ]
                ]
            }
        },
        {
            "type": "Feature",
            "properties": {
                "observation_date": "2018-04-11",
                "source": "20180411_LS_AE_Rxxx_x014_LC08_L1TP_160043_20180411_20201015_02_T1_TCI",
                "sensor_name": "Landsat 8",
                "type": "observation",
                "current_phase": "Active Construction",
                "is_occluded": "False",
                "is_site_boundary": "True",
                "score": 1.0
            },
            "geometry": {
                "type": "MultiPolygon",
                "coordinates": [
                    [
                        [
                            [
                                55.23268,
                                25.044495
                            ],
                            [
                                55.23274,
                                25.044702
                            ],
                            [
                                55.233321,
                                25.045144
                            ],
                            [
                                55.234173,
                                25.045501
                            ],
                            [
                                55.234853,
                                25.045647
                            ],
                            [
                                55.235688,
                                25.04567
                            ],
                            [
                                55.236006,
                                25.045625
                            ],
                            [
                                55.236057,
                                25.0456
                            ],
                            [
                                55.235623,
                                25.04297
                            ],
                            [
                                55.236011,
                                25.041975
                            ],
                            [
                                55.236051,
                                25.041568
                            ],
                            [
                                55.235557,
                                25.041693
                            ],
                            [
                                55.234986,
                                25.042033
                            ],
                            [
                                55.23268,
                                25.044495
                            ]
                        ]
                    ]
                ]
            }
        },
        {
            "type": "Feature",
            "properties": {
                "observation_date": "2018-04-29",
                "source": "20180429_S2_AE_Rxxx_x014_S2A_40RCN_20180429_0_L2A_TCI",
                "sensor_name": "Sentinel-2",
                "type": "observation",
                "current_phase": "Active Construction",
                "is_occluded": "False",
                "is_site_boundary": "True",
                "score": 1.0
            },
            "geometry": {
                "type": "MultiPolygon",
                "coordinates": [
                    [
                        [
                            [
                                55.232648,
                                25.044451
                            ],
                            [
                                55.232707,
                                25.04466
                            ],
                            [
                                55.233282,
                                25.045106
                            ],
                            [
                                55.234125,
                                25.045466
                            ],
                            [
                                55.234799,
                                25.045613
                            ],
                            [
                                55.235626,
                                25.045636
                            ],
                            [
                                55.235941,
                                25.045591
                            ],
                            [
                                55.235991,
                                25.045565
                            ],
                            [
                                55.235562,
                                25.042909
                            ],
                            [
                                55.235946,
                                25.041905
                            ],
                            [
                                55.235986,
                                25.041493
                            ],
                            [
                                55.235497,
                                25.041619
                            ],
                            [
                                55.234932,
                                25.041963
                            ],
                            [
                                55.232648,
                                25.044451
                            ]
                        ]
                    ]
                ]
            }
        },
        {
            "type": "Feature",
            "properties": {
                "observation_date": "2018-05-19",
                "source": "20180519_S2_AE_Rxxx_x014_S2A_40RCN_20180519_0_L2A_TCI",
                "sensor_name": "Sentinel-2",
                "type": "observation",
                "current_phase": "Active Construction",
                "is_occluded": "False",
                "is_site_boundary": "True",
                "score": 1.0
            },
            "geometry": {
                "type": "MultiPolygon",
                "coordinates": [
                    [
                        [
                            [
                                55.232647,
                                25.044445
                            ],
                            [
                                55.232706,
                                25.044654
                            ],
                            [
                                55.233281,
                                25.045101
                            ],
                            [
                                55.234124,
                                25.045461
                            ],
                            [
                                55.234798,
                                25.045608
                            ],
                            [
                                55.235625,
                                25.045631
                            ],
                            [
                                55.235939,
                                25.045586
                            ],
                            [
                                55.23599,
                                25.04556
                            ],
                            [
                                55.235561,
                                25.042904
                            ],
                            [
                                55.235945,
                                25.041899
                            ],
                            [
                                55.235985,
                                25.041488
                            ],
                            [
                                55.235496,
                                25.041614
                            ],
                            [
                                55.23493,
                                25.041958
                            ],
                            [
                                55.232647,
                                25.044445
                            ]
                        ]
                    ]
                ]
            }
        },
        {
            "type": "Feature",
            "properties": {
                "observation_date": "2018-05-29",
                "source": "20180529_LS_AE_Rxxx_x014_LC08_L1TP_160043_20180529_20201015_02_T1_TCI",
                "sensor_name": "Landsat 8",
                "type": "observation",
                "current_phase": "Active Construction",
                "is_occluded": "False",
                "is_site_boundary": "True",
                "score": 1.0
            },
            "geometry": {
                "type": "MultiPolygon",
                "coordinates": [
                    [
                        [
                            [
                                55.232677,
                                25.04448
                            ],
                            [
                                55.232737,
                                25.044687
                            ],
                            [
                                55.233317,
                                25.045129
                            ],
                            [
                                55.234169,
                                25.045486
                            ],
                            [
                                55.23485,
                                25.045631
                            ],
                            [
                                55.235685,
                                25.045654
                            ],
                            [
                                55.236003,
                                25.04561
                            ],
                            [
                                55.236054,
                                25.045584
                            ],
                            [
                                55.235619,
                                25.042954
                            ],
                            [
                                55.236007,
                                25.04196
                            ],
                            [
                                55.236048,
                                25.041552
                            ],
                            [
                                55.235554,
                                25.041677
                            ],
                            [
                                55.234982,
                                25.042017
                            ],
                            [
                                55.232677,
                                25.04448
                            ]
                        ]
                    ]
                ]
            }
        },
        {
            "type": "Feature",
            "properties": {
                "observation_date": "2018-06-13",
                "source": "20180613_S2_AE_Rxxx_x014_S2B_40RCN_20180613_0_L2A_TCI",
                "sensor_name": "Sentinel-2",
                "type": "observation",
                "current_phase": "Active Construction",
                "is_occluded": "False",
                "is_site_boundary": "True",
                "score": 1.0
            },
            "geometry": {
                "type": "MultiPolygon",
                "coordinates": [
                    [
                        [
                            [
                                55.232644,
                                25.044435
                            ],
                            [
                                55.232704,
                                25.044644
                            ],
                            [
                                55.233278,
                                25.04509
                            ],
                            [
                                55.234122,
                                25.045451
                            ],
                            [
                                55.234795,
                                25.045598
                            ],
                            [
                                55.235622,
                                25.045621
                            ],
                            [
                                55.235937,
                                25.045575
                            ],
                            [
                                55.235988,
                                25.04555
                            ],
                            [
                                55.235558,
                                25.042893
                            ],
                            [
                                55.235943,
                                25.041889
                            ],
                            [
                                55.235983,
                                25.041477
                            ],
                            [
                                55.235494,
                                25.041603
                            ],
                            [
                                55.234928,
                                25.041947
                            ],
                            [
                                55.232644,
                                25.044435
                            ]
                        ]
                    ]
                ]
            }
        },
        {
            "type": "Feature",
            "properties": {
                "observation_date": "2018-06-30",
                "source": "20180630_LS_AE_Rxxx_x014_LC08_L1TP_160043_20180630_20200831_02_T1_TCI",
                "sensor_name": "Landsat 8",
                "type": "observation",
                "current_phase": "Active Construction",
                "is_occluded": "False",
                "is_site_boundary": "True",
                "score": 1.0
            },
            "geometry": {
                "type": "MultiPolygon",
                "coordinates": [
                    [
                        [
                            [
                                55.232674,
                                25.044469
                            ],
                            [
                                55.232734,
                                25.044676
                            ],
                            [
                                55.233315,
                                25.045118
                            ],
                            [
                                55.234166,
                                25.045475
                            ],
                            [
                                55.234847,
                                25.045621
                            ],
                            [
                                55.235682,
                                25.045644
                            ],
                            [
                                55.236,
                                25.045599
                            ],
                            [
                                55.236051,
                                25.045574
                            ],
                            [
                                55.235617,
                                25.042944
                            ],
                            [
                                55.236005,
                                25.041949
                            ],
                            [
                                55.236045,
                                25.041542
                            ],
                            [
                                55.235551,
                                25.041667
                            ],
                            [
                                55.23498,
                                25.042007
                            ],
                            [
                                55.232674,
                                25.044469
                            ]
                        ]
                    ]
                ]
            }
        },
        {
            "type": "Feature",
            "properties": {
                "observation_date": "2018-07-03",
                "source": "20180703_S2_AE_Rxxx_x014_S2B_40RCN_20180703_0_L2A_TCI",
                "sensor_name": "Sentinel-2",
                "type": "observation",
                "current_phase": "Active Construction",
                "is_occluded": "False",
                "is_site_boundary": "True",
                "score": 1.0
            },
            "geometry": {
                "type": "MultiPolygon",
                "coordinates": [
                    [
                        [
                            [
                                55.232642,
                                25.044424
                            ],
                            [
                                55.232701,
                                25.044633
                            ],
                            [
                                55.233276,
                                25.04508
                            ],
                            [
                                55.234119,
                                25.04544
                            ],
                            [
                                55.234793,
                                25.045587
                            ],
                            [
                                55.23562,
                                25.04561
                            ],
                            [
                                55.235935,
                                25.045565
                            ],
                            [
                                55.235985,
                                25.045539
                            ],
                            [
                                55.235556,
                                25.042883
                            ],
                            [
                                55.23594,
                                25.041878
                            ],
                            [
                                55.23598,
                                25.041467
                            ],
                            [
                                55.235491,
                                25.041593
                            ],
                            [
                                55.234926,
                                25.041937
                            ],
                            [
                                55.232642,
                                25.044424
                            ]
                        ]
                    ]
                ]
            }
        },
        {
            "type": "Feature",
            "properties": {
                "observation_date": "2018-07-16",
                "source": "20180716_LS_AE_Rxxx_x014_LC08_L1TP_160043_20180716_20200831_02_T1_TCI",
                "sensor_name": "Landsat 8",
                "type": "observation",
                "current_phase": "Active Construction",
                "is_occluded": "False",
                "is_site_boundary": "True",
                "score": 1.0
            },
            "geometry": {
                "type": "MultiPolygon",
                "coordinates": [
                    [
                        [
                            [
                                55.232672,
                                25.044459
                            ],
                            [
                                55.232732,
                                25.044666
                            ],
                            [
                                55.233312,
                                25.045108
                            ],
                            [
                                55.234164,
                                25.045465
                            ],
                            [
                                55.234845,
                                25.045611
                            ],
                            [
                                55.23568,
                                25.045634
                            ],
                            [
                                55.235998,
                                25.045589
                            ],
                            [
                                55.236049,
                                25.045563
                            ],
                            [
                                55.235614,
                                25.042933
                            ],
                            [
                                55.236002,
                                25.041939
                            ],
                            [
                                55.236043,
                                25.041531
                            ],
                            [
                                55.235549,
                                25.041656
                            ],
                            [
                                55.234978,
                                25.041997
                            ],
                            [
                                55.232672,
                                25.044459
                            ]
                        ]
                    ]
                ]
            }
        },
        {
            "type": "Feature",
            "properties": {
                "observation_date": "2018-08-01",
                "source": "20180801_LS_AE_Rxxx_x014_LC08_L1TP_160043_20180801_20200831_02_T1_TCI",
                "sensor_name": "Landsat 8",
                "type": "observation",
                "current_phase": "Active Construction",
                "is_occluded": "False",
                "is_site_boundary": "True",
                "score": 1.0
            },
            "geometry": {
                "type": "MultiPolygon",
                "coordinates": [
                    [
                        [
                            [
                                55.23267,
                                25.044454
                            ],
                            [
                                55.232731,
                                25.044661
                            ],
                            [
                                55.233311,
                                25.045103
                            ],
                            [
                                55.234163,
                                25.04546
                            ],
                            [
                                55.234843,
                                25.045605
                            ],
                            [
                                55.235678,
                                25.045628
                            ],
                            [
                                55.235996,
                                25.045584
                            ],
                            [
                                55.236048,
                                25.045558
                            ],
                            [
                                55.235613,
                                25.042928
                            ],
                            [
                                55.236001,
                                25.041934
                            ],
                            [
                                55.236041,
                                25.041526
                            ],
                            [
                                55.235548,
                                25.041651
                            ],
                            [
                                55.234976,
                                25.041991
                            ],
                            [
                                55.23267,
                                25.044454
                            ]
                        ]
                    ]
                ]
            }
        },
        {
            "type": "Feature",
            "properties": {
                "observation_date": "2018-08-12",
                "source": "20180812_S2_AE_Rxxx_x014_S2B_40RCN_20180812_0_L2A_TCI",
                "sensor_name": "Sentinel-2",
                "type": "observation",
                "current_phase": "Active Construction",
                "is_occluded": "False",
                "is_site_boundary": "True",
                "score": 1.0
            },
            "geometry": {
                "type": "MultiPolygon",
                "coordinates": [
                    [
                        [
                            [
                                55.232638,
                                25.044409
                            ],
                            [
                                55.232698,
                                25.044618
                            ],
                            [
                                55.233272,
                                25.045064
                            ],
                            [
                                55.234116,
                                25.045425
                            ],
                            [
                                55.234789,
                                25.045571
                            ],
                            [
                                55.235616,
                                25.045594
                            ],
                            [
                                55.235931,
                                25.045549
                            ],
                            [
                                55.235982,
                                25.045523
                            ],
                            [
                                55.235552,
                                25.042867
                            ],
                            [
                                55.235937,
                                25.041863
                            ],
                            [
                                55.235977,
                                25.041451
                            ],
                            [
                                55.235488,
                                25.041577
                            ],
                            [
                                55.234922,
                                25.041921
                            ],
                            [
                                55.232638,
                                25.044409
                            ]
                        ]
                    ]
                ]
            }
        },
        {
            "type": "Feature",
            "properties": {
                "observation_date": "2018-09-02",
                "source": "20180902_LS_AE_Rxxx_x014_LC08_L1TP_160043_20180902_20200831_02_T1_TCI",
                "sensor_name": "Landsat 8",
                "type": "observation",
                "current_phase": "Active Construction",
                "is_occluded": "False",
                "is_site_boundary": "True",
                "score": 1.0
            },
            "geometry": {
                "type": "MultiPolygon",
                "coordinates": [
                    [
                        [
                            [
                                55.232668,
                                25.044443
                            ],
                            [
                                55.232728,
                                25.04465
                            ],
                            [
                                55.233308,
                                25.045092
                            ],
                            [
                                55.23416,
                                25.04545
                            ],
                            [
                                55.234841,
                                25.045595
                            ],
                            [
                                55.235676,
                                25.045618
                            ],
                            [
                                55.235994,
                                25.045573
                            ],
                            [
                                55.236045,
                                25.045548
                            ],
                            [
                                55.235611,
                                25.042918
                            ],
                            [
                                55.235999,
                                25.041923
                            ],
                            [
                                55.236039,
                                25.041516
                            ],
                            [
                                55.235545,
                                25.041641
                            ],
                            [
                                55.234974,
                                25.041981
                            ],
                            [
                                55.232668,
                                25.044443
                            ]
                        ]
                    ]
                ]
            }
        },
        {
            "type": "Feature",
            "properties": {
                "observation_date": "2018-09-11",
                "source": "20180911_S2_AE_Rxxx_x014_S2B_40RCN_20180911_0_L2A_TCI",
                "sensor_name": "Sentinel-2",
                "type": "observation",
                "current_phase": "Active Construction",
                "is_occluded": "False",
                "is_site_boundary": "True",
                "score": 1.0
            },
            "geometry": {
                "type": "MultiPolygon",
                "coordinates": [
                    [
                        [
                            [
                                55.232636,
                                25.044398
                            ],
                            [
                                55.232695,
                                25.044607
                            ],
                            [
                                55.23327,
                                25.045054
                            ],
                            [
                                55.234113,
                                25.045414
                            ],
                            [
                                55.234787,
                                25.045561
                            ],
                            [
                                55.235614,
                                25.045584
                            ],
                            [
                                55.235929,
                                25.045539
                            ],
                            [
                                55.235979,
                                25.045513
                            ],
                            [
                                55.23555,
                                25.042857
                            ],
                            [
                                55.235934,
                                25.041852
                            ],
                            [
                                55.235974,
                                25.04144
                            ],
                            [
                                55.235485,
                                25.041567
                            ],
                            [
                                55.23492,
                                25.041911
                            ],
                            [
                                55.232636,
                                25.044398
                            ]
                        ]
                    ]
                ]
            }
        },
        {
            "type": "Feature",
            "properties": {
                "observation_date": "2018-10-01",
                "source": "20181001_S2_AE_Rxxx_x014_S2B_40RCN_20181001_0_L2A_TCI",
                "sensor_name": "Sentinel-2",
                "type": "observation",
                "current_phase": "Active Construction",
                "is_occluded": "False",
                "is_site_boundary": "True",
                "score": 1.0
            },
            "geometry": {
                "type": "MultiPolygon",
                "coordinates": [
                    [
                        [
                            [
                                55.232635,
                                25.044393
                            ],
                            [
                                55.232694,
                                25.044602
                            ],
                            [
                                55.233268,
                                25.045048
                            ],
                            [
                                55.234112,
                                25.045409
                            ],
                            [
                                55.234786,
                                25.045556
                            ],
                            [
                                55.235612,
                                25.045579
                            ],
                            [
                                55.235927,
                                25.045534
                            ],
                            [
                                55.235978,
                                25.045508
                            ],
                            [
                                55.235549,
                                25.042851
                            ],
                            [
                                55.235933,
                                25.041847
                            ],
                            [
                                55.235973,
                                25.041435
                            ],
                            [
                                55.235484,
                                25.041562
                            ],
                            [
                                55.234918,
                                25.041905
                            ],
                            [
                                55.232635,
                                25.044393
                            ]
                        ]
                    ]
                ]
            }
        },
        {
            "type": "Feature",
            "properties": {
                "observation_date": "2018-10-04",
                "source": "20181004_LS_AE_Rxxx_x014_LC08_L1TP_160043_20181004_20200830_02_T1_TCI",
                "sensor_name": "Landsat 8",
                "type": "observation",
                "current_phase": "Active Construction",
                "is_occluded": "False",
                "is_site_boundary": "True",
                "score": 1.0
            },
            "geometry": {
                "type": "MultiPolygon",
                "coordinates": [
                    [
                        [
                            [
                                55.232664,
                                25.044428
                            ],
                            [
                                55.232725,
                                25.044635
                            ],
                            [
                                55.233305,
                                25.045077
                            ],
                            [
                                55.234157,
                                25.045434
                            ],
                            [
                                55.234837,
                                25.04558
                            ],
                            [
                                55.235672,
                                25.045603
                            ],
                            [
                                55.23599,
                                25.045558
                            ],
                            [
                                55.236042,
                                25.045532
                            ],
                            [
                                55.235607,
                                25.042902
                            ],
                            [
                                55.235995,
                                25.041908
                            ],
                            [
                                55.236035,
                                25.0415
                            ],
                            [
                                55.235542,
                                25.041625
                            ],
                            [
                                55.23497,
                                25.041965
                            ],
                            [
                                55.232664,
                                25.044428
                            ]
                        ]
                    ]
                ]
            }
        },
        {
            "type": "Feature",
            "properties": {
                "observation_date": "2018-11-05",
                "source": "20181105_LS_AE_Rxxx_x014_LC08_L1TP_160043_20181105_20200830_02_T1_TCI",
                "sensor_name": "Landsat 8",
                "type": "observation",
                "current_phase": "Active Construction",
                "is_occluded": "False",
                "is_site_boundary": "True",
                "score": 1.0
            },
            "geometry": {
                "type": "MultiPolygon",
                "coordinates": [
                    [
                        [
                            [
                                55.232654,
                                25.044416
                            ],
                            [
                                55.232714,
                                25.044623
                            ],
                            [
                                55.233294,
                                25.045065
                            ],
                            [
                                55.234146,
                                25.045422
                            ],
                            [
                                55.234827,
                                25.045567
                            ],
                            [
                                55.235662,
                                25.04559
                            ],
                            [
                                55.23598,
                                25.045546
                            ],
                            [
                                55.236031,
                                25.04552
                            ],
                            [
                                55.235597,
                                25.04289
                            ],
                            [
                                55.235985,
                                25.041896
                            ],
                            [
                                55.236025,
                                25.041488
                            ],
                            [
                                55.235531,
                                25.041613
                            ],
                            [
                                55.23496,
                                25.041953
                            ],
                            [
                                55.232654,
                                25.044416
                            ]
                        ]
                    ]
                ]
            }
        },
        {
            "type": "Feature",
            "properties": {
                "observation_date": "2018-11-10",
                "source": "20181110_S2_AE_Rxxx_x014_S2B_40RCN_20181110_0_L2A_TCI",
                "sensor_name": "Sentinel-2",
                "type": "observation",
                "current_phase": "Active Construction",
                "is_occluded": "False",
                "is_site_boundary": "True",
                "score": 1.0
            },
            "geometry": {
                "type": "MultiPolygon",
                "coordinates": [
                    [
                        [
                            [
                                55.232613,
                                25.044363
                            ],
                            [
                                55.232672,
                                25.044572
                            ],
                            [
                                55.233246,
                                25.045019
                            ],
                            [
                                55.23409,
                                25.045379
                            ],
                            [
                                55.234764,
                                25.045526
                            ],
                            [
                                55.23559,
                                25.045549
                            ],
                            [
                                55.235905,
                                25.045504
                            ],
                            [
                                55.235956,
                                25.045478
                            ],
                            [
                                55.235527,
                                25.042822
                            ],
                            [
                                55.235911,
                                25.041817
                            ],
                            [
                                55.235951,
                                25.041405
                            ],
                            [
                                55.235462,
                                25.041532
                            ],
                            [
                                55.234896,
                                25.041875
                            ],
                            [
                                55.232613,
                                25.044363
                            ]
                        ]
                    ]
                ]
            }
        },
        {
            "type": "Feature",
            "properties": {
                "observation_date": "2018-12-07",
                "source": "20181207_LS_AE_Rxxx_x014_LC08_L1TP_160043_20181207_20200830_02_T1_TCI",
                "sensor_name": "Landsat 8",
                "type": "observation",
                "current_phase": "Active Construction",
                "is_occluded": "False",
                "is_site_boundary": "True",
                "score": 1.0
            },
            "geometry": {
                "type": "MultiPolygon",
                "coordinates": [
                    [
                        [
                            [
                                55.232615,
                                25.044405
                            ],
                            [
                                55.232675,
                                25.044612
                            ],
                            [
                                55.233255,
                                25.045054
                            ],
                            [
                                55.234107,
                                25.045411
                            ],
                            [
                                55.234788,
                                25.045557
                            ],
                            [
                                55.235623,
                                25.04558
                            ],
                            [
                                55.235941,
                                25.045535
                            ],
                            [
                                55.235992,
                                25.04551
                            ],
                            [
                                55.235558,
                                25.04288
                            ],
                            [
                                55.235946,
                                25.041885
                            ],
                            [
                                55.235986,
                                25.041478
                            ],
                            [
                                55.235492,
                                25.041603
                            ],
                            [
                                55.234921,
                                25.041943
                            ],
                            [
                                55.232615,
                                25.044405
                            ]
                        ]
                    ]
                ]
            }
        },
        {
            "type": "Feature",
            "properties": {
                "observation_date": "2018-12-10",
                "source": "20181210_S2_AE_Rxxx_x014_S2B_40RCN_20181210_0_L2A_TCI",
                "sensor_name": "Sentinel-2",
                "type": "observation",
                "current_phase": "Active Construction",
                "is_occluded": "False",
                "is_site_boundary": "True",
                "score": 1.0
            },
            "geometry": {
                "type": "MultiPolygon",
                "coordinates": [
                    [
                        [
                            [
                                55.232556,
                                25.044367
                            ],
                            [
                                55.232616,
                                25.044576
                            ],
                            [
                                55.23319,
                                25.045022
                            ],
                            [
                                55.234034,
                                25.045383
                            ],
                            [
                                55.234708,
                                25.045529
                            ],
                            [
                                55.235534,
                                25.045552
                            ],
                            [
                                55.235849,
                                25.045507
                            ],
                            [
                                55.2359,
                                25.045481
                            ],
                            [
                                55.23547,
                                25.042825
                            ],
                            [
                                55.235855,
                                25.041821
                            ],
                            [
                                55.235895,
                                25.041409
                            ],
                            [
                                55.235406,
                                25.041535
                            ],
                            [
                                55.23484,
                                25.041879
                            ],
                            [
                                55.232556,
                                25.044367
                            ]
                        ]
                    ]
                ]
            }
        },
        {
            "type": "Feature",
            "properties": {
                "observation_date": "2019-01-29",
                "source": "20190129_S2_AE_Rxxx_x014_S2B_40RCN_20190129_0_L2A_TCI",
                "sensor_name": "Sentinel-2",
                "type": "observation",
                "current_phase": "Active Construction",
                "is_occluded": "False",
                "is_site_boundary": "True",
                "score": 1.0
            },
            "geometry": {
                "type": "MultiPolygon",
                "coordinates": [
                    [
                        [
                            [
                                55.232464,
                                25.044378
                            ],
                            [
                                55.232524,
                                25.044587
                            ],
                            [
                                55.233098,
                                25.045034
                            ],
                            [
                                55.233941,
                                25.045394
                            ],
                            [
                                55.234615,
                                25.045541
                            ],
                            [
                                55.235442,
                                25.045564
                            ],
                            [
                                55.235757,
                                25.045519
                            ],
                            [
                                55.235808,
                                25.045493
                            ],
                            [
                                55.235378,
                                25.042837
                            ],
                            [
                                55.235763,
                                25.041832
                            ],
                            [
                                55.235803,
                                25.041421
                            ],
                            [
                                55.235314,
                                25.041547
                            ],
                            [
                                55.234748,
                                25.041891
                            ],
                            [
                                55.232464,
                                25.044378
                            ]
                        ]
                    ]
                ]
            }
        },
        {
            "type": "Feature",
            "properties": {
                "observation_date": "2019-02-08",
                "source": "20190208_S2_AE_Rxxx_x014_S2B_40RCN_20190208_0_L2A_TCI",
                "sensor_name": "Sentinel-2",
                "type": "observation",
                "current_phase": "Unknown",
                "is_occluded": "False",
                "is_site_boundary": "True",
                "score": 1.0
            },
            "geometry": {
                "type": "MultiPolygon",
                "coordinates": [
                    [
                        [
                            [
                                55.232627,
                                25.044404
                            ],
                            [
                                55.232687,
                                25.044613
                            ],
                            [
                                55.233261,
                                25.045059
                            ],
                            [
                                55.234105,
                                25.04542
                            ],
                            [
                                55.234779,
                                25.045567
                            ],
                            [
                                55.235605,
                                25.04559
                            ],
                            [
                                55.23592,
                                25.045545
                            ],
                            [
                                55.235971,
                                25.045519
                            ],
                            [
                                55.235541,
                                25.042862
                            ],
                            [
                                55.235926,
                                25.041858
                            ],
                            [
                                55.235966,
                                25.041446
                            ],
                            [
                                55.235477,
                                25.041573
                            ],
                            [
                                55.234911,
                                25.041916
                            ],
                            [
                                55.232627,
                                25.044404
                            ]
                        ]
                    ]
                ]
            }
        },
        {
            "type": "Feature",
            "properties": {
                "observation_date": "2019-02-09",
                "source": "20190209_LS_AE_Rxxx_x014_LC08_L1TP_160043_20190209_20200829_02_T1_TCI",
                "sensor_name": "Landsat 8",
                "type": "observation",
                "current_phase": "Unknown",
                "is_occluded": "False",
                "is_site_boundary": "True",
                "score": 1.0
            },
            "geometry": {
                "type": "MultiPolygon",
                "coordinates": [
                    [
                        [
                            [
                                55.232653,
                                25.04445
                            ],
                            [
                                55.232713,
                                25.044657
                            ],
                            [
                                55.233293,
                                25.045099
                            ],
                            [
                                55.234145,
                                25.045456
                            ],
                            [
                                55.234826,
                                25.045602
                            ],
                            [
                                55.235661,
                                25.045625
                            ],
                            [
                                55.235979,
                                25.04558
                            ],
                            [
                                55.23603,
                                25.045555
                            ],
                            [
                                55.235596,
                                25.042925
                            ],
                            [
                                55.235984,
                                25.04193
                            ],
                            [
                                55.236024,
                                25.041523
                            ],
                            [
                                55.23553,
                                25.041648
                            ],
                            [
                                55.234959,
                                25.041988
                            ],
                            [
                                55.232653,
                                25.04445
                            ]
                        ]
                    ]
                ]
            }
        },
        {
            "type": "Feature",
            "properties": {
                "observation_date": "2019-03-05",
                "source": "20190305_S2_AE_Rxxx_x014_S2A_40RCN_20190305_0_L2A_TCI",
                "sensor_name": "Sentinel-2",
                "type": "observation",
                "current_phase": "Unknown",
                "is_occluded": "False",
                "is_site_boundary": "True",
                "score": 1.0
            },
            "geometry": {
                "type": "MultiPolygon",
                "coordinates": [
                    [
                        [
                            [
                                55.232617,
                                25.044416
                            ],
                            [
                                55.232676,
                                25.044626
                            ],
                            [
                                55.233251,
                                25.045072
                            ],
                            [
                                55.234094,
                                25.045432
                            ],
                            [
                                55.234768,
                                25.045579
                            ],
                            [
                                55.235595,
                                25.045602
                            ],
                            [
                                55.23591,
                                25.045557
                            ],
                            [
                                55.23596,
                                25.045531
                            ],
                            [
                                55.235531,
                                25.042875
                            ],
                            [
                                55.235915,
                                25.04187
                            ],
                            [
                                55.235955,
                                25.041459
                            ],
                            [
                                55.235466,
                                25.041585
                            ],
                            [
                                55.234901,
                                25.041929
                            ],
                            [
                                55.232617,
                                25.044416
                            ]
                        ]
                    ]
                ]
            }
        },
        {
            "type": "Feature",
            "properties": {
                "observation_date": "2019-03-13",
                "source": "20190313_LS_AE_Rxxx_x014_LC08_L1TP_160043_20190313_20200829_02_T1_TCI",
                "sensor_name": "Landsat 8",
                "type": "observation",
                "current_phase": "Unknown",
                "is_occluded": "False",
                "is_site_boundary": "True",
                "score": 1.0
            },
            "geometry": {
                "type": "MultiPolygon",
                "coordinates": [
                    [
                        [
                            [
                                55.232642,
                                25.044463
                            ],
                            [
                                55.232702,
                                25.04467
                            ],
                            [
                                55.233283,
                                25.045112
                            ],
                            [
                                55.234135,
                                25.045469
                            ],
                            [
                                55.234815,
                                25.045614
                            ],
                            [
                                55.23565,
                                25.045637
                            ],
                            [
                                55.235968,
                                25.045593
                            ],
                            [
                                55.236019,
                                25.045567
                            ],
                            [
                                55.235585,
                                25.042937
                            ],
                            [
                                55.235973,
                                25.041943
                            ],
                            [
                                55.236013,
                                25.041535
                            ],
                            [
                                55.235519,
                                25.04166
                            ],
                            [
                                55.234948,
                                25.042
                            ],
                            [
                                55.232642,
                                25.044463
                            ]
                        ]
                    ]
                ]
            }
        },
        {
            "type": "Feature",
            "properties": {
                "observation_date": "2019-04-19",
                "source": "20190419_S2_AE_Rxxx_x014_S2B_40RCN_20190419_0_L2A_TCI",
                "sensor_name": "Sentinel-2",
                "type": "observation",
                "current_phase": "Unknown",
                "is_occluded": "False",
                "is_site_boundary": "True",
                "score": 1.0
            },
            "geometry": {
                "type": "MultiPolygon",
                "coordinates": [
                    [
                        [
                            [
                                55.232606,
                                25.044429
                            ],
                            [
                                55.232666,
                                25.044638
                            ],
                            [
                                55.23324,
                                25.045084
                            ],
                            [
                                55.234084,
                                25.045445
                            ],
                            [
                                55.234757,
                                25.045592
                            ],
                            [
                                55.235584,
                                25.045615
                            ],
                            [
                                55.235899,
                                25.04557
                            ],
                            [
                                55.23595,
                                25.045544
                            ],
                            [
                                55.23552,
                                25.042887
                            ],
                            [
                                55.235905,
                                25.041883
                            ],
                            [
                                55.235945,
                                25.041471
                            ],
                            [
                                55.235456,
                                25.041598
                            ],
                            [
                                55.23489,
                                25.041941
                            ],
                            [
                                55.232606,
                                25.044429
                            ]
                        ]
                    ]
                ]
            }
        },
        {
            "type": "Feature",
            "properties": {
                "observation_date": "2019-04-30",
                "source": "20190430_LS_AE_Rxxx_x014_LC08_L1TP_160043_20190430_20200828_02_T1_TCI",
                "sensor_name": "Landsat 8",
                "type": "observation",
                "current_phase": "Unknown",
                "is_occluded": "False",
                "is_site_boundary": "True",
                "score": 1.0
            },
            "geometry": {
                "type": "MultiPolygon",
                "coordinates": [
                    [
                        [
                            [
                                55.232632,
                                25.044475
                            ],
                            [
                                55.232692,
                                25.044682
                            ],
                            [
                                55.233272,
                                25.045124
                            ],
                            [
                                55.234124,
                                25.045481
                            ],
                            [
                                55.234805,
                                25.045627
                            ],
                            [
                                55.23564,
                                25.04565
                            ],
                            [
                                55.235958,
                                25.045605
                            ],
                            [
                                55.236009,
                                25.045579
                            ],
                            [
                                55.235574,
                                25.042949
                            ],
                            [
                                55.235962,
                                25.041955
                            ],
                            [
                                55.236003,
                                25.041547
                            ],
                            [
                                55.235509,
                                25.041672
                            ],
                            [
                                55.234937,
                                25.042013
                            ],
                            [
                                55.232632,
                                25.044475
                            ]
                        ]
                    ]
                ]
            }
        },
        {
            "type": "Feature",
            "properties": {
                "observation_date": "2019-05-14",
                "source": "20190514_S2_AE_Rxxx_x014_S2A_40RCN_20190514_0_L2A_TCI",
                "sensor_name": "Sentinel-2",
                "type": "observation",
                "current_phase": "Unknown",
                "is_occluded": "False",
                "is_site_boundary": "True",
                "score": 1.0
            },
            "geometry": {
                "type": "MultiPolygon",
                "coordinates": [
                    [
                        [
                            [
                                55.232596,
                                25.044442
                            ],
                            [
                                55.232655,
                                25.044651
                            ],
                            [
                                55.23323,
                                25.045097
                            ],
                            [
                                55.234073,
                                25.045458
                            ],
                            [
                                55.234747,
                                25.045604
                            ],
                            [
                                55.235574,
                                25.045627
                            ],
                            [
                                55.235889,
                                25.045582
                            ],
                            [
                                55.235939,
                                25.045556
                            ],
                            [
                                55.23551,
                                25.0429
                            ],
                            [
                                55.235894,
                                25.041896
                            ],
                            [
                                55.235934,
                                25.041484
                            ],
                            [
                                55.235445,
                                25.04161
                            ],
                            [
                                55.234879,
                                25.041954
                            ],
                            [
                                55.232596,
                                25.044442
                            ]
                        ]
                    ]
                ]
            }
        },
        {
            "type": "Feature",
            "properties": {
                "observation_date": "2019-05-16",
                "source": "20190516_LS_AE_Rxxx_x014_LC08_L1TP_160043_20190516_20200828_02_T1_TCI",
                "sensor_name": "Landsat 8",
                "type": "observation",
                "current_phase": "Unknown",
                "is_occluded": "False",
                "is_site_boundary": "True",
                "score": 1.0
            },
            "geometry": {
                "type": "MultiPolygon",
                "coordinates": [
                    [
                        [
                            [
                                55.232621,
                                25.044487
                            ],
                            [
                                55.232681,
                                25.044694
                            ],
                            [
                                55.233261,
                                25.045136
                            ],
                            [
                                55.234113,
                                25.045494
                            ],
                            [
                                55.234794,
                                25.045639
                            ],
                            [
                                55.235629,
                                25.045662
                            ],
                            [
                                55.235947,
                                25.045617
                            ],
                            [
                                55.235998,
                                25.045592
                            ],
                            [
                                55.235564,
                                25.042962
                            ],
                            [
                                55.235952,
                                25.041968
                            ],
                            [
                                55.235992,
                                25.04156
                            ],
                            [
                                55.235498,
                                25.041685
                            ],
                            [
                                55.234927,
                                25.042025
                            ],
                            [
                                55.232621,
                                25.044487
                            ]
                        ]
                    ]
                ]
            }
        },
        {
            "type": "Feature",
            "properties": {
                "observation_date": "2019-06-01",
                "source": "20190601_LS_AE_Rxxx_x014_LC08_L1TP_160043_20190601_20200828_02_T1_TCI",
                "sensor_name": "Landsat 8",
                "type": "observation",
                "current_phase": "Unknown",
                "is_occluded": "False",
                "is_site_boundary": "True",
                "score": 1.0
            },
            "geometry": {
                "type": "MultiPolygon",
                "coordinates": [
                    [
                        [
                            [
                                55.232616,
                                25.044494
                            ],
                            [
                                55.232676,
                                25.044701
                            ],
                            [
                                55.233256,
                                25.045143
                            ],
                            [
                                55.234108,
                                25.0455
                            ],
                            [
                                55.234789,
                                25.045645
                            ],
                            [
                                55.235624,
                                25.045668
                            ],
                            [
                                55.235942,
                                25.045624
                            ],
                            [
                                55.235993,
                                25.045598
                            ],
                            [
                                55.235558,
                                25.042968
                            ],
                            [
                                55.235946,
                                25.041974
                            ],
                            [
                                55.235987,
                                25.041566
                            ],
                            [
                                55.235493,
                                25.041691
                            ],
                            [
                                55.234922,
                                25.042031
                            ],
                            [
                                55.232616,
                                25.044494
                            ]
                        ]
                    ]
                ]
            }
        },
        {
            "type": "Feature",
            "properties": {
                "observation_date": "2019-06-13",
                "source": "20190613_S2_AE_Rxxx_x014_S2A_40RCN_20190613_0_L2A_TCI",
                "sensor_name": "Sentinel-2",
                "type": "observation",
                "current_phase": "Unknown",
                "is_occluded": "False",
                "is_site_boundary": "True",
                "score": 1.0
            },
            "geometry": {
                "type": "MultiPolygon",
                "coordinates": [
                    [
                        [
                            [
                                55.23258,
                                25.04446
                            ],
                            [
                                55.232639,
                                25.04467
                            ],
                            [
                                55.233214,
                                25.045116
                            ],
                            [
                                55.234057,
                                25.045476
                            ],
                            [
                                55.234731,
                                25.045623
                            ],
                            [
                                55.235558,
                                25.045646
                            ],
                            [
                                55.235873,
                                25.045601
                            ],
                            [
                                55.235923,
                                25.045575
                            ],
                            [
                                55.235494,
                                25.042919
                            ],
                            [
                                55.235878,
                                25.041914
                            ],
                            [
                                55.235918,
                                25.041503
                            ],
                            [
                                55.235429,
                                25.041629
                            ],
                            [
                                55.234864,
                                25.041973
                            ],
                            [
                                55.23258,
                                25.04446
                            ]
                        ]
                    ]
                ]
            }
        },
        {
            "type": "Feature",
            "properties": {
                "observation_date": "2019-07-03",
                "source": "20190703_S2_AE_Rxxx_x014_S2A_40RCN_20190703_0_L2A_TCI",
                "sensor_name": "Sentinel-2",
                "type": "observation",
                "current_phase": "Post Construction",
                "is_occluded": "False",
                "is_site_boundary": "True",
                "score": 1.0
            },
            "geometry": {
                "type": "MultiPolygon",
                "coordinates": [
                    [
                        [
                            [
                                55.23262,
                                25.044461
                            ],
                            [
                                55.232679,
                                25.04467
                            ],
                            [
                                55.233253,
                                25.045116
                            ],
                            [
                                55.234097,
                                25.045477
                            ],
                            [
                                55.234771,
                                25.045624
                            ],
                            [
                                55.235597,
                                25.045647
                            ],
                            [
                                55.235912,
                                25.045602
                            ],
                            [
                                55.235963,
                                25.045576
                            ],
                            [
                                55.235534,
                                25.042919
                            ],
                            [
                                55.235918,
                                25.041915
                            ],
                            [
                                55.235958,
                                25.041503
                            ],
                            [
                                55.235469,
                                25.04163
                            ],
                            [
                                55.234903,
                                25.041973
                            ],
                            [
                                55.23262,
                                25.044461
                            ]
                        ]
                    ]
                ]
            }
        },
        {
            "type": "Feature",
            "properties": {
                "observation_date": "2019-07-19",
                "source": "20190719_LS_AE_Rxxx_x014_LC08_L1TP_160043_20190719_20200827_02_T1_TCI",
                "sensor_name": "Landsat 8",
                "type": "observation",
                "current_phase": "Post Construction",
                "is_occluded": "False",
                "is_site_boundary": "True",
                "score": 1.0
            },
            "geometry": {
                "type": "MultiPolygon",
                "coordinates": [
                    [
                        [
                            [
                                55.232644,
                                25.044502
                            ],
                            [
                                55.232704,
                                25.044709
                            ],
                            [
                                55.233284,
                                25.045151
                            ],
                            [
                                55.234136,
                                25.045508
                            ],
                            [
                                55.234817,
                                25.045654
                            ],
                            [
                                55.235652,
                                25.045677
                            ],
                            [
                                55.23597,
                                25.045632
                            ],
                            [
                                55.236021,
                                25.045606
                            ],
                            [
                                55.235587,
                                25.042976
                            ],
                            [
                                55.235974,
                                25.041982
                            ],
                            [
                                55.236015,
                                25.041574
                            ],
                            [
                                55.235521,
                                25.041699
                            ],
                            [
                                55.23495,
                                25.04204
                            ],
                            [
                                55.232644,
                                25.044502
                            ]
                        ]
                    ]
                ]
            }
        },
        {
            "type": "Feature",
            "properties": {
                "observation_date": "2019-08-20",
                "source": "20190820_LS_AE_Rxxx_x014_LC08_L1TP_160043_20190820_20200827_02_T1_TCI",
                "sensor_name": "Landsat 8",
                "type": "observation",
                "current_phase": "Post Construction",
                "is_occluded": "False",
                "is_site_boundary": "True",
                "score": 1.0
            },
            "geometry": {
                "type": "MultiPolygon",
                "coordinates": [
                    [
                        [
                            [
                                55.232637,
                                25.044504
                            ],
                            [
                                55.232697,
                                25.044711
                            ],
                            [
                                55.233278,
                                25.045153
                            ],
                            [
                                55.234129,
                                25.04551
                            ],
                            [
                                55.23481,
                                25.045655
                            ],
                            [
                                55.235645,
                                25.045678
                            ],
                            [
                                55.235963,
                                25.045634
                            ],
                            [
                                55.236014,
                                25.045608
                            ],
                            [
                                55.23558,
                                25.042978
                            ],
                            [
                                55.235968,
                                25.041984
                            ],
                            [
                                55.236008,
                                25.041576
                            ],
                            [
                                55.235514,
                                25.041701
                            ],
                            [
                                55.234943,
                                25.042041
                            ],
                            [
                                55.232637,
                                25.044504
                            ]
                        ]
                    ]
                ]
            }
        },
        {
            "type": "Feature",
            "properties": {
                "observation_date": "2019-08-27",
                "source": "20190827_S2_AE_Rxxx_x014_S2B_40RCN_20190827_0_L2A_TCI",
                "sensor_name": "Sentinel-2",
                "type": "observation",
                "current_phase": "Post Construction",
                "is_occluded": "False",
                "is_site_boundary": "True",
                "score": 1.0
            },
            "geometry": {
                "type": "MultiPolygon",
                "coordinates": [
                    [
                        [
                            [
                                55.2326,
                                25.044466
                            ],
                            [
                                55.232659,
                                25.044675
                            ],
                            [
                                55.233234,
                                25.045122
                            ],
                            [
                                55.234077,
                                25.045482
                            ],
                            [
                                55.234751,
                                25.045629
                            ],
                            [
                                55.235578,
                                25.045652
                            ],
                            [
                                55.235893,
                                25.045607
                            ],
                            [
                                55.235943,
                                25.045581
                            ],
                            [
                                55.235514,
                                25.042925
                            ],
                            [
                                55.235898,
                                25.04192
                            ],
                            [
                                55.235938,
                                25.041508
                            ],
                            [
                                55.235449,
                                25.041635
                            ],
                            [
                                55.234884,
                                25.041978
                            ],
                            [
                                55.2326,
                                25.044466
                            ]
                        ]
                    ]
                ]
            }
        },
        {
            "type": "Feature",
            "properties": {
                "observation_date": "2019-09-21",
                "source": "20190921_LS_AE_Rxxx_x014_LC08_L1TP_160043_20190921_20200826_02_T1_TCI",
                "sensor_name": "Landsat 8",
                "type": "observation",
                "current_phase": "Post Construction",
                "is_occluded": "False",
                "is_site_boundary": "True",
                "score": 1.0
            },
            "geometry": {
                "type": "MultiPolygon",
                "coordinates": [
                    [
                        [
                            [
                                55.232624,
                                25.044507
                            ],
                            [
                                55.232684,
                                25.044714
                            ],
                            [
                                55.233264,
                                25.045156
                            ],
                            [
                                55.234116,
                                25.045513
                            ],
                            [
                                55.234797,
                                25.045659
                            ],
                            [
                                55.235632,
                                25.045682
                            ],
                            [
                                55.23595,
                                25.045637
                            ],
                            [
                                55.236001,
                                25.045612
                            ],
                            [
                                55.235567,
                                25.042982
                            ],
                            [
                                55.235954,
                                25.041987
                            ],
                            [
                                55.235995,
                                25.04158
                            ],
                            [
                                55.235501,
                                25.041705
                            ],
                            [
                                55.23493,
                                25.042045
                            ],
                            [
                                55.232624,
                                25.044507
                            ]
                        ]
                    ]
                ]
            }
        },
        {
            "type": "Feature",
            "properties": {
                "observation_date": "2019-09-21",
                "source": "20190921_S2_AE_Rxxx_x014_S2A_40RCN_20190921_0_L2A_TCI",
                "sensor_name": "Sentinel-2",
                "type": "observation",
                "current_phase": "Post Construction",
                "is_occluded": "False",
                "is_site_boundary": "True",
                "score": 1.0
            },
            "geometry": {
                "type": "MultiPolygon",
                "coordinates": [
                    [
                        [
                            [
                                55.232587,
                                25.04447
                            ],
                            [
                                55.232646,
                                25.044679
                            ],
                            [
                                55.23322,
                                25.045125
                            ],
                            [
                                55.234064,
                                25.045485
                            ],
                            [
                                55.234738,
                                25.045632
                            ],
                            [
                                55.235564,
                                25.045655
                            ],
                            [
                                55.235879,
                                25.04561
                            ],
                            [
                                55.23593,
                                25.045584
                            ],
                            [
                                55.235501,
                                25.042928
                            ],
                            [
                                55.235885,
                                25.041924
                            ],
                            [
                                55.235925,
                                25.041512
                            ],
                            [
                                55.235436,
                                25.041638
                            ],
                            [
                                55.23487,
                                25.041982
                            ],
                            [
                                55.232587,
                                25.04447
                            ]
                        ]
                    ]
                ]
            }
        },
        {
            "type": "Feature",
            "properties": {
                "observation_date": "2019-10-23",
                "source": "20191023_LS_AE_Rxxx_x014_LC08_L1TP_160043_20191023_20200825_02_T1_TCI",
                "sensor_name": "Landsat 8",
                "type": "observation",
                "current_phase": "Post Construction",
                "is_occluded": "False",
                "is_site_boundary": "True",
                "score": 1.0
            },
            "geometry": {
                "type": "MultiPolygon",
                "coordinates": [
                    [
                        [
                            [
                                55.232617,
                                25.044511
                            ],
                            [
                                55.232677,
                                25.044718
                            ],
                            [
                                55.233257,
                                25.04516
                            ],
                            [
                                55.234109,
                                25.045517
                            ],
                            [
                                55.23479,
                                25.045662
                            ],
                            [
                                55.235625,
                                25.045685
                            ],
                            [
                                55.235943,
                                25.045641
                            ],
                            [
                                55.235994,
                                25.045615
                            ],
                            [
                                55.23556,
                                25.042985
                            ],
                            [
                                55.235948,
                                25.041991
                            ],
                            [
                                55.235988,
                                25.041583
                            ],
                            [
                                55.235494,
                                25.041708
                            ],
                            [
                                55.234923,
                                25.042048
                            ],
                            [
                                55.232617,
                                25.044511
                            ]
                        ]
                    ]
                ]
            }
        },
        {
            "type": "Feature",
            "properties": {
                "observation_date": "2019-10-31",
                "source": "20191031_S2_AE_Rxxx_x014_S2A_40RCN_20191031_0_L2A_TCI",
                "sensor_name": "Sentinel-2",
                "type": "observation",
                "current_phase": "Post Construction",
                "is_occluded": "False",
                "is_site_boundary": "True",
                "score": 1.0
            },
            "geometry": {
                "type": "MultiPolygon",
                "coordinates": [
                    [
                        [
                            [
                                55.232586,
                                25.044473
                            ],
                            [
                                55.232646,
                                25.044682
                            ],
                            [
                                55.23322,
                                25.045129
                            ],
                            [
                                55.234063,
                                25.045489
                            ],
                            [
                                55.234737,
                                25.045636
                            ],
                            [
                                55.235564,
                                25.045659
                            ],
                            [
                                55.235879,
                                25.045614
                            ],
                            [
                                55.235929,
                                25.045588
                            ],
                            [
                                55.2355,
                                25.042932
                            ],
                            [
                                55.235884,
                                25.041927
                            ],
                            [
                                55.235924,
                                25.041515
                            ],
                            [
                                55.235436,
                                25.041642
                            ],
                            [
                                55.23487,
                                25.041985
                            ],
                            [
                                55.232586,
                                25.044473
                            ]
                        ]
                    ]
                ]
            }
        },
        {
            "type": "Feature",
            "properties": {
                "observation_date": "2019-11-05",
                "source": "20191105_S2_AE_Rxxx_x014_S2B_40RCN_20191105_0_L2A_TCI",
                "sensor_name": "Sentinel-2",
                "type": "observation",
                "current_phase": "Post Construction",
                "is_occluded": "False",
                "is_site_boundary": "True",
                "score": 1.0
            },
            "geometry": {
                "type": "MultiPolygon",
                "coordinates": [
                    [
                        [
                            [
                                55.232597,
                                25.044376
                            ],
                            [
                                55.232656,
                                25.044585
                            ],
                            [
                                55.233231,
                                25.045031
                            ],
                            [
                                55.234074,
                                25.045392
                            ],
                            [
                                55.234748,
                                25.045539
                            ],
                            [
                                55.235575,
                                25.045562
                            ],
                            [
                                55.23589,
                                25.045517
                            ],
                            [
                                55.23594,
                                25.045491
                            ],
                            [
                                55.235511,
                                25.042834
                            ],
                            [
                                55.235895,
                                25.04183
                            ],
                            [
                                55.235935,
                                25.041418
                            ],
                            [
                                55.235447,
                                25.041545
                            ],
                            [
                                55.234881,
                                25.041888
                            ],
                            [
                                55.232597,
                                25.044376
                            ]
                        ]
                    ]
                ]
            }
        },
        {
            "type": "Feature",
            "properties": {
                "observation_date": "2019-11-08",
                "source": "20191108_LS_AE_Rxxx_x014_LC08_L1TP_160043_20191108_20200825_02_T1_TCI",
                "sensor_name": "Landsat 8",
                "type": "observation",
                "current_phase": "Post Construction",
                "is_occluded": "False",
                "is_site_boundary": "True",
                "score": 1.0
            },
            "geometry": {
                "type": "MultiPolygon",
                "coordinates": [
                    [
                        [
                            [
                                55.23266,
                                25.044467
                            ],
                            [
                                55.23272,
                                25.044674
                            ],
                            [
                                55.2333,
                                25.045116
                            ],
                            [
                                55.234152,
                                25.045474
                            ],
                            [
                                55.234833,
                                25.045619
                            ],
                            [
                                55.235668,
                                25.045642
                            ],
                            [
                                55.235986,
                                25.045597
                            ],
                            [
                                55.236037,
                                25.045572
                            ],
                            [
                                55.235603,
                                25.042942
                            ],
                            [
                                55.235991,
                                25.041947
                            ],
                            [
                                55.236031,
                                25.04154
                            ],
                            [
                                55.235537,
                                25.041665
                            ],
                            [
                                55.234966,
                                25.042005
                            ],
                            [
                                55.23266,
                                25.044467
                            ]
                        ]
                    ]
                ]
            }
        },
        {
            "type": "Feature",
            "properties": {
                "observation_date": "2019-12-20",
                "source": "20191220_S2_AE_Rxxx_x014_S2A_40RCN_20191220_0_L2A_TCI",
                "sensor_name": "Sentinel-2",
                "type": "observation",
                "current_phase": "Post Construction",
                "is_occluded": "False",
                "is_site_boundary": "True",
                "score": 1.0
            },
            "geometry": {
                "type": "MultiPolygon",
                "coordinates": [
                    [
                        [
                            [
                                55.232661,
                                25.044479
                            ],
                            [
                                55.232721,
                                25.044688
                            ],
                            [
                                55.233295,
                                25.045135
                            ],
                            [
                                55.234139,
                                25.045495
                            ],
                            [
                                55.234812,
                                25.045642
                            ],
                            [
                                55.235639,
                                25.045665
                            ],
                            [
                                55.235954,
                                25.04562
                            ],
                            [
                                55.236005,
                                25.045594
                            ],
                            [
                                55.235575,
                                25.042938
                            ],
                            [
                                55.23596,
                                25.041933
                            ],
                            [
                                55.236,
                                25.041522
                            ],
                            [
                                55.235511,
                                25.041648
                            ],
                            [
                                55.234945,
                                25.041992
                            ],
                            [
                                55.232661,
                                25.044479
                            ]
                        ]
                    ]
                ]
            }
        },
        {
            "type": "Feature",
            "properties": {
                "observation_date": "2019-12-26",
                "source": "20191226_LS_AE_Rxxx_x014_LC08_L1TP_160043_20191226_20200825_02_T1_TCI",
                "sensor_name": "Landsat 8",
                "type": "observation",
                "current_phase": "Post Construction",
                "is_occluded": "False",
                "is_site_boundary": "True",
                "score": 1.0
            },
            "geometry": {
                "type": "MultiPolygon",
                "coordinates": [
                    [
                        [
                            [
                                55.23261,
                                25.0445
                            ],
                            [
                                55.232671,
                                25.044707
                            ],
                            [
                                55.233251,
                                25.045149
                            ],
                            [
                                55.234103,
                                25.045506
                            ],
                            [
                                55.234783,
                                25.045652
                            ],
                            [
                                55.235618,
                                25.045675
                            ],
                            [
                                55.235936,
                                25.04563
                            ],
                            [
                                55.235988,
                                25.045604
                            ],
                            [
                                55.235553,
                                25.042974
                            ],
                            [
                                55.235941,
                                25.04198
                            ],
                            [
                                55.235981,
                                25.041572
                            ],
                            [
                                55.235488,
                                25.041697
                            ],
                            [
                                55.234916,
                                25.042037
                            ],
                            [
                                55.23261,
                                25.0445
                            ]
                        ]
                    ]
                ]
            }
        }
    ]
}