{
    "type": "FeatureCollection",
    "features": [
        {
            "type": "Feature",
            "properties": {
                "type": "site",
                "region_id": "AE_R002",
                "site_id": "AE_R002_0029",
                "version": "2.0.0",
                "status": "positive_annotated",
                "mgrs": "40RCN",
                "score": 1.0,
                "start_date": "2013-12-09",
                "end_date": "2019-12-25",
                "model_content": "annotation",
                "originator": "te",
                "validated": "True",
                "misc_info": {
                    "commit_hash": "dbdea3485a8eb34730f81ec01861c62e6358b0b5"
                }
            },
            "geometry": {
                "type": "Polygon",
                "coordinates": [
                    [
                        [
                            55.388379,
                            25.087487
                        ],
                        [
                            55.388359,
                            25.087457
                        ],
                        [
                            55.388356,
                            25.087459
                        ],
                        [
                            55.388351,
                            25.087451
                        ],
                        [
                            55.388307,
                            25.087476
                        ],
                        [
                            55.3883,
                            25.087465
                        ],
                        [
                            55.388196,
                            25.087524
                        ],
                        [
                            55.388194,
                            25.087521
                        ],
                        [
                            55.388116,
                            25.087565
                        ],
                        [
                            55.3881,
                            25.087541
                        ],
                        [
                            55.388081,
                            25.087552
                        ],
                        [
                            55.388073,
                            25.087539
                        ],
                        [
                            55.386287,
                            25.088552
                        ],
                        [
                            55.386626,
                            25.089112
                        ],
                        [
                            55.386628,
                            25.089111
                        ],
                        [
                            55.386683,
                            25.0892
                        ],
                        [
                            55.386715,
                            25.089184
                        ],
                        [
                            55.386718,
                            25.089188
                        ],
                        [
                            55.386755,
                            25.089169
                        ],
                        [
                            55.386758,
                            25.089173
                        ],
                        [
                            55.386769,
                            25.089167
                        ],
                        [
                            55.386774,
                            25.089175
                        ],
                        [
                            55.386831,
                            25.089146
                        ],
                        [
                            55.386838,
                            25.089157
                        ],
                        [
                            55.386847,
                            25.089153
                        ],
                        [
                            55.386873,
                            25.08914
                        ],
                        [
                            55.386938,
                            25.089248
                        ],
                        [
                            55.38694,
                            25.089251
                        ],
                        [
                            55.386968,
                            25.089236
                        ],
                        [
                            55.386986,
                            25.089265
                        ],
                        [
                            55.388858,
                            25.088309
                        ],
                        [
                            55.388841,
                            25.088283
                        ],
                        [
                            55.388851,
                            25.088278
                        ],
                        [
                            55.388835,
                            25.088254
                        ],
                        [
                            55.388841,
                            25.088251
                        ],
                        [
                            55.388839,
                            25.088248
                        ],
                        [
                            55.388844,
                            25.088246
                        ],
                        [
                            55.388824,
                            25.088215
                        ],
                        [
                            55.38883,
                            25.088212
                        ],
                        [
                            55.388802,
                            25.088169
                        ],
                        [
                            55.388836,
                            25.088151
                        ],
                        [
                            55.388835,
                            25.08815
                        ],
                        [
                            55.388848,
                            25.088143
                        ],
                        [
                            55.388847,
                            25.088141
                        ],
                        [
                            55.388857,
                            25.088136
                        ],
                        [
                            55.388856,
                            25.088134
                        ],
                        [
                            55.388859,
                            25.088132
                        ],
                        [
                            55.388854,
                            25.088124
                        ],
                        [
                            55.388856,
                            25.088123
                        ],
                        [
                            55.388854,
                            25.08812
                        ],
                        [
                            55.388887,
                            25.088103
                        ],
                        [
                            55.388487,
                            25.087484
                        ],
                        [
                            55.388451,
                            25.087504
                        ],
                        [
                            55.388417,
                            25.087523
                        ],
                        [
                            55.388389,
                            25.087481
                        ],
                        [
                            55.388379,
                            25.087487
                        ]
                    ]
                ]
            }
        },
        {
            "type": "Feature",
            "properties": {
                "observation_date": "2013-12-09",
                "source": "LC08_L1TP_160043_20131209_20200912_02_T1_TCI",
                "sensor_name": "Landsat 8",
                "type": "observation",
                "current_phase": "No Activity",
                "is_occluded": "False",
                "is_site_boundary": "True",
                "score": 1.0
            },
            "geometry": {
                "type": "MultiPolygon",
                "coordinates": [
                    [
                        [
                            [
                                55.386561,
                                25.088552
                            ],
                            [
                                55.388347,
                                25.087539
                            ],
                            [
                                55.388747,
                                25.088157
                            ],
                            [
                                55.3869,
                                25.089112
                            ],
                            [
                                55.386561,
                                25.088552
                            ]
                        ]
                    ]
                ]
            }
        },
        {
            "type": "Feature",
            "properties": {
                "observation_date": "2014-01-26",
                "source": "LC08_L1TP_160043_20140126_20200912_02_T1_TCI",
                "sensor_name": "Landsat 8",
                "type": "observation",
                "current_phase": "No Activity",
                "is_occluded": "False",
                "is_site_boundary": "True",
                "score": 1.0
            },
            "geometry": {
                "type": "MultiPolygon",
                "coordinates": [
                    [
                        [
                            [
                                55.3869,
                                25.089112
                            ],
                            [
                                55.388747,
                                25.088157
                            ],
                            [
                                55.388347,
                                25.087539
                            ],
                            [
                                55.386561,
                                25.088552
                            ],
                            [
                                55.3869,
                                25.089112
                            ]
                        ]
                    ]
                ]
            }
        },
        {
            "type": "Feature",
            "properties": {
                "observation_date": "2014-02-11",
                "source": "LC08_L1TP_160043_20140211_20200911_02_T1_TCI",
                "sensor_name": "Landsat 8",
                "type": "observation",
                "current_phase": "No Activity",
                "is_occluded": "False",
                "is_site_boundary": "True",
                "score": 1.0
            },
            "geometry": {
                "type": "MultiPolygon",
                "coordinates": [
                    [
                        [
                            [
                                55.3869,
                                25.089112
                            ],
                            [
                                55.388747,
                                25.088157
                            ],
                            [
                                55.388347,
                                25.087539
                            ],
                            [
                                55.386561,
                                25.088552
                            ],
                            [
                                55.3869,
                                25.089112
                            ]
                        ]
                    ]
                ]
            }
        },
        {
            "type": "Feature",
            "properties": {
                "observation_date": "2014-03-15",
                "source": "LC08_L1TP_160043_20140315_20200911_02_T1_TCI",
                "sensor_name": "Landsat 8",
                "type": "observation",
                "current_phase": "No Activity",
                "is_occluded": "False",
                "is_site_boundary": "True",
                "score": 1.0
            },
            "geometry": {
                "type": "MultiPolygon",
                "coordinates": [
                    [
                        [
                            [
                                55.3869,
                                25.089112
                            ],
                            [
                                55.388747,
                                25.088157
                            ],
                            [
                                55.388347,
                                25.087539
                            ],
                            [
                                55.386561,
                                25.088552
                            ],
                            [
                                55.3869,
                                25.089112
                            ]
                        ]
                    ]
                ]
            }
        },
        {
            "type": "Feature",
            "properties": {
                "observation_date": "2014-04-16",
                "source": "LC08_L1TP_160043_20140416_20200911_02_T1_TCI",
                "sensor_name": "Landsat 8",
                "type": "observation",
                "current_phase": "No Activity",
                "is_occluded": "False",
                "is_site_boundary": "True",
                "score": 1.0
            },
            "geometry": {
                "type": "MultiPolygon",
                "coordinates": [
                    [
                        [
                            [
                                55.3869,
                                25.089112
                            ],
                            [
                                55.388747,
                                25.088157
                            ],
                            [
                                55.388347,
                                25.087539
                            ],
                            [
                                55.386561,
                                25.088552
                            ],
                            [
                                55.3869,
                                25.089112
                            ]
                        ]
                    ]
                ]
            }
        },
        {
            "type": "Feature",
            "properties": {
                "observation_date": "2014-05-18",
                "source": "LC08_L1TP_160043_20140518_20200911_02_T1_TCI",
                "sensor_name": "Landsat 8",
                "type": "observation",
                "current_phase": "No Activity",
                "is_occluded": "False",
                "is_site_boundary": "True",
                "score": 1.0
            },
            "geometry": {
                "type": "MultiPolygon",
                "coordinates": [
                    [
                        [
                            [
                                55.3869,
                                25.089112
                            ],
                            [
                                55.388747,
                                25.088157
                            ],
                            [
                                55.388347,
                                25.087539
                            ],
                            [
                                55.386561,
                                25.088552
                            ],
                            [
                                55.3869,
                                25.089112
                            ]
                        ]
                    ]
                ]
            }
        },
        {
            "type": "Feature",
            "properties": {
                "observation_date": "2014-06-03",
                "source": "LC08_L1TP_160043_20140603_20200911_02_T1_TCI",
                "sensor_name": "Landsat 8",
                "type": "observation",
                "current_phase": "No Activity",
                "is_occluded": "False",
                "is_site_boundary": "True",
                "score": 1.0
            },
            "geometry": {
                "type": "MultiPolygon",
                "coordinates": [
                    [
                        [
                            [
                                55.3869,
                                25.089112
                            ],
                            [
                                55.388747,
                                25.088157
                            ],
                            [
                                55.388347,
                                25.087539
                            ],
                            [
                                55.386561,
                                25.088552
                            ],
                            [
                                55.3869,
                                25.089112
                            ]
                        ]
                    ]
                ]
            }
        },
        {
            "type": "Feature",
            "properties": {
                "observation_date": "2014-07-05",
                "source": "LC08_L1TP_160043_20140705_20200911_02_T1_TCI",
                "sensor_name": "Landsat 8",
                "type": "observation",
                "current_phase": "No Activity",
                "is_occluded": "False",
                "is_site_boundary": "True",
                "score": 1.0
            },
            "geometry": {
                "type": "MultiPolygon",
                "coordinates": [
                    [
                        [
                            [
                                55.3869,
                                25.089112
                            ],
                            [
                                55.388747,
                                25.088157
                            ],
                            [
                                55.388347,
                                25.087539
                            ],
                            [
                                55.386561,
                                25.088552
                            ],
                            [
                                55.3869,
                                25.089112
                            ]
                        ]
                    ]
                ]
            }
        },
        {
            "type": "Feature",
            "properties": {
                "observation_date": "2014-08-06",
                "source": "LC08_L1TP_160043_20140806_20200911_02_T1_TCI",
                "sensor_name": "Landsat 8",
                "type": "observation",
                "current_phase": "No Activity",
                "is_occluded": "False",
                "is_site_boundary": "True",
                "score": 1.0
            },
            "geometry": {
                "type": "MultiPolygon",
                "coordinates": [
                    [
                        [
                            [
                                55.3869,
                                25.089112
                            ],
                            [
                                55.388747,
                                25.088157
                            ],
                            [
                                55.388347,
                                25.087539
                            ],
                            [
                                55.386561,
                                25.088552
                            ],
                            [
                                55.3869,
                                25.089112
                            ]
                        ]
                    ]
                ]
            }
        },
        {
            "type": "Feature",
            "properties": {
                "observation_date": "2014-09-07",
                "source": "LC08_L1TP_160043_20140907_20200911_02_T1_TCI",
                "sensor_name": "Landsat 8",
                "type": "observation",
                "current_phase": "No Activity",
                "is_occluded": "False",
                "is_site_boundary": "True",
                "score": 1.0
            },
            "geometry": {
                "type": "MultiPolygon",
                "coordinates": [
                    [
                        [
                            [
                                55.3869,
                                25.089112
                            ],
                            [
                                55.388747,
                                25.088157
                            ],
                            [
                                55.388347,
                                25.087539
                            ],
                            [
                                55.386561,
                                25.088552
                            ],
                            [
                                55.3869,
                                25.089112
                            ]
                        ]
                    ]
                ]
            }
        },
        {
            "type": "Feature",
            "properties": {
                "observation_date": "2014-10-04",
                "source": "14OCT04071543-P1BS-500171678030_01_P035",
                "sensor_name": "WorldView",
                "type": "observation",
                "current_phase": "No Activity",
                "is_occluded": "False",
                "is_site_boundary": "True",
                "score": 1.0
            },
            "geometry": {
                "type": "MultiPolygon",
                "coordinates": [
                    [
                        [
                            [
                                55.386939,
                                25.08911
                            ],
                            [
                                55.388809,
                                25.088154
                            ],
                            [
                                55.388404,
                                25.087535
                            ],
                            [
                                55.386596,
                                25.088549
                            ],
                            [
                                55.386939,
                                25.08911
                            ]
                        ]
                    ]
                ]
            }
        },
        {
            "type": "Feature",
            "properties": {
                "observation_date": "2014-10-09",
                "source": "LC08_L1TP_160043_20141009_20200910_02_T1_TCI",
                "sensor_name": "Landsat 8",
                "type": "observation",
                "current_phase": "No Activity",
                "is_occluded": "False",
                "is_site_boundary": "True",
                "score": 1.0
            },
            "geometry": {
                "type": "MultiPolygon",
                "coordinates": [
                    [
                        [
                            [
                                55.3869,
                                25.089112
                            ],
                            [
                                55.388747,
                                25.088157
                            ],
                            [
                                55.388347,
                                25.087539
                            ],
                            [
                                55.386561,
                                25.088552
                            ],
                            [
                                55.3869,
                                25.089112
                            ]
                        ]
                    ]
                ]
            }
        },
        {
            "type": "Feature",
            "properties": {
                "observation_date": "2014-11-07",
                "source": "14NOV07071512-P1BS-500185007020_01_P002",
                "sensor_name": "WorldView",
                "type": "observation",
                "current_phase": "No Activity",
                "is_occluded": "False",
                "is_site_boundary": "True",
                "score": 1.0
            },
            "geometry": {
                "type": "MultiPolygon",
                "coordinates": [
                    [
                        [
                            [
                                55.386939,
                                25.08911
                            ],
                            [
                                55.388809,
                                25.088154
                            ],
                            [
                                55.388404,
                                25.087535
                            ],
                            [
                                55.386596,
                                25.088549
                            ],
                            [
                                55.386939,
                                25.08911
                            ]
                        ]
                    ]
                ]
            }
        },
        {
            "type": "Feature",
            "properties": {
                "observation_date": "2014-11-10",
                "source": "LC08_L1TP_160043_20141110_20200910_02_T1_TCI",
                "sensor_name": "Landsat 8",
                "type": "observation",
                "current_phase": "No Activity",
                "is_occluded": "False",
                "is_site_boundary": "True",
                "score": 1.0
            },
            "geometry": {
                "type": "MultiPolygon",
                "coordinates": [
                    [
                        [
                            [
                                55.3869,
                                25.089112
                            ],
                            [
                                55.388747,
                                25.088157
                            ],
                            [
                                55.388347,
                                25.087539
                            ],
                            [
                                55.386561,
                                25.088552
                            ],
                            [
                                55.3869,
                                25.089112
                            ]
                        ]
                    ]
                ]
            }
        },
        {
            "type": "Feature",
            "properties": {
                "observation_date": "2014-12-12",
                "source": "LC08_L1TP_160043_20141212_20200910_02_T1_TCI",
                "sensor_name": "Landsat 8",
                "type": "observation",
                "current_phase": "No Activity",
                "is_occluded": "False",
                "is_site_boundary": "True",
                "score": 1.0
            },
            "geometry": {
                "type": "MultiPolygon",
                "coordinates": [
                    [
                        [
                            [
                                55.3869,
                                25.089112
                            ],
                            [
                                55.388747,
                                25.088157
                            ],
                            [
                                55.388347,
                                25.087539
                            ],
                            [
                                55.386561,
                                25.088552
                            ],
                            [
                                55.3869,
                                25.089112
                            ]
                        ]
                    ]
                ]
            }
        },
        {
            "type": "Feature",
            "properties": {
                "observation_date": "2015-01-29",
                "source": "LC08_L1TP_160043_20150129_20200909_02_T1_TCI",
                "sensor_name": "Landsat 8",
                "type": "observation",
                "current_phase": "No Activity",
                "is_occluded": "False",
                "is_site_boundary": "True",
                "score": 1.0
            },
            "geometry": {
                "type": "MultiPolygon",
                "coordinates": [
                    [
                        [
                            [
                                55.3869,
                                25.089112
                            ],
                            [
                                55.388747,
                                25.088157
                            ],
                            [
                                55.388347,
                                25.087539
                            ],
                            [
                                55.386561,
                                25.088552
                            ],
                            [
                                55.3869,
                                25.089112
                            ]
                        ]
                    ]
                ]
            }
        },
        {
            "type": "Feature",
            "properties": {
                "observation_date": "2015-02-08",
                "source": "15FEB08073731-P1BS-500247201020_01_P002",
                "sensor_name": "WorldView",
                "type": "observation",
                "current_phase": "No Activity",
                "is_occluded": "False",
                "is_site_boundary": "True",
                "score": 1.0
            },
            "geometry": {
                "type": "MultiPolygon",
                "coordinates": [
                    [
                        [
                            [
                                55.386596,
                                25.088549
                            ],
                            [
                                55.388404,
                                25.087535
                            ],
                            [
                                55.388809,
                                25.088154
                            ],
                            [
                                55.386939,
                                25.08911
                            ],
                            [
                                55.386596,
                                25.088549
                            ]
                        ]
                    ]
                ]
            }
        },
        {
            "type": "Feature",
            "properties": {
                "observation_date": "2015-02-14",
                "source": "LC08_L1TP_160043_20150214_20200909_02_T1_TCI",
                "sensor_name": "Landsat 8",
                "type": "observation",
                "current_phase": "Unknown",
                "is_occluded": "False",
                "is_site_boundary": "True",
                "score": 1.0
            },
            "geometry": {
                "type": "MultiPolygon",
                "coordinates": [
                    [
                        [
                            [
                                55.386561,
                                25.088552
                            ],
                            [
                                55.388347,
                                25.087539
                            ],
                            [
                                55.388747,
                                25.088157
                            ],
                            [
                                55.3869,
                                25.089112
                            ],
                            [
                                55.386561,
                                25.088552
                            ]
                        ]
                    ]
                ]
            }
        },
        {
            "type": "Feature",
            "properties": {
                "observation_date": "2015-03-18",
                "source": "LC08_L1TP_160043_20150318_20200909_02_T1_TCI",
                "sensor_name": "Landsat 8",
                "type": "observation",
                "current_phase": "Unknown",
                "is_occluded": "False",
                "is_site_boundary": "True",
                "score": 1.0
            },
            "geometry": {
                "type": "MultiPolygon",
                "coordinates": [
                    [
                        [
                            [
                                55.3869,
                                25.089112
                            ],
                            [
                                55.388747,
                                25.088157
                            ],
                            [
                                55.388347,
                                25.087539
                            ],
                            [
                                55.386561,
                                25.088552
                            ],
                            [
                                55.3869,
                                25.089112
                            ]
                        ]
                    ]
                ]
            }
        },
        {
            "type": "Feature",
            "properties": {
                "observation_date": "2015-04-19",
                "source": "LC08_L1TP_160043_20150419_20200909_02_T1_TCI",
                "sensor_name": "Landsat 8",
                "type": "observation",
                "current_phase": "Unknown",
                "is_occluded": "False",
                "is_site_boundary": "True",
                "score": 1.0
            },
            "geometry": {
                "type": "MultiPolygon",
                "coordinates": [
                    [
                        [
                            [
                                55.3869,
                                25.089112
                            ],
                            [
                                55.388747,
                                25.088157
                            ],
                            [
                                55.388347,
                                25.087539
                            ],
                            [
                                55.386561,
                                25.088552
                            ],
                            [
                                55.3869,
                                25.089112
                            ]
                        ]
                    ]
                ]
            }
        },
        {
            "type": "Feature",
            "properties": {
                "observation_date": "2015-05-21",
                "source": "LC08_L1TP_160043_20150521_20200909_02_T1_TCI",
                "sensor_name": "Landsat 8",
                "type": "observation",
                "current_phase": "Unknown",
                "is_occluded": "False",
                "is_site_boundary": "True",
                "score": 1.0
            },
            "geometry": {
                "type": "MultiPolygon",
                "coordinates": [
                    [
                        [
                            [
                                55.3869,
                                25.089112
                            ],
                            [
                                55.388747,
                                25.088157
                            ],
                            [
                                55.388347,
                                25.087539
                            ],
                            [
                                55.386561,
                                25.088552
                            ],
                            [
                                55.3869,
                                25.089112
                            ]
                        ]
                    ]
                ]
            }
        },
        {
            "type": "Feature",
            "properties": {
                "observation_date": "2015-06-06",
                "source": "LC08_L1TP_160043_20150606_20200909_02_T1_TCI",
                "sensor_name": "Landsat 8",
                "type": "observation",
                "current_phase": "Unknown",
                "is_occluded": "False",
                "is_site_boundary": "True",
                "score": 1.0
            },
            "geometry": {
                "type": "MultiPolygon",
                "coordinates": [
                    [
                        [
                            [
                                55.3869,
                                25.089112
                            ],
                            [
                                55.388747,
                                25.088157
                            ],
                            [
                                55.388347,
                                25.087539
                            ],
                            [
                                55.386561,
                                25.088552
                            ],
                            [
                                55.3869,
                                25.089112
                            ]
                        ]
                    ]
                ]
            }
        },
        {
            "type": "Feature",
            "properties": {
                "observation_date": "2015-07-08",
                "source": "LC08_L1TP_160043_20150708_20200909_02_T1_TCI",
                "sensor_name": "Landsat 8",
                "type": "observation",
                "current_phase": "Unknown",
                "is_occluded": "False",
                "is_site_boundary": "True",
                "score": 1.0
            },
            "geometry": {
                "type": "MultiPolygon",
                "coordinates": [
                    [
                        [
                            [
                                55.3869,
                                25.089112
                            ],
                            [
                                55.388747,
                                25.088157
                            ],
                            [
                                55.388347,
                                25.087539
                            ],
                            [
                                55.386561,
                                25.088552
                            ],
                            [
                                55.3869,
                                25.089112
                            ]
                        ]
                    ]
                ]
            }
        },
        {
            "type": "Feature",
            "properties": {
                "observation_date": "2015-08-25",
                "source": "LC08_L1TP_160043_20150825_20200908_02_T1_TCI",
                "sensor_name": "Landsat 8",
                "type": "observation",
                "current_phase": "Unknown",
                "is_occluded": "False",
                "is_site_boundary": "True",
                "score": 1.0
            },
            "geometry": {
                "type": "MultiPolygon",
                "coordinates": [
                    [
                        [
                            [
                                55.3869,
                                25.089112
                            ],
                            [
                                55.388747,
                                25.088157
                            ],
                            [
                                55.388347,
                                25.087539
                            ],
                            [
                                55.386561,
                                25.088552
                            ],
                            [
                                55.3869,
                                25.089112
                            ]
                        ]
                    ]
                ]
            }
        },
        {
            "type": "Feature",
            "properties": {
                "observation_date": "2015-09-10",
                "source": "LC08_L1TP_160043_20150910_20200908_02_T1_TCI",
                "sensor_name": "Landsat 8",
                "type": "observation",
                "current_phase": "Unknown",
                "is_occluded": "False",
                "is_site_boundary": "True",
                "score": 1.0
            },
            "geometry": {
                "type": "MultiPolygon",
                "coordinates": [
                    [
                        [
                            [
                                55.386561,
                                25.088552
                            ],
                            [
                                55.388347,
                                25.087539
                            ],
                            [
                                55.388747,
                                25.088157
                            ],
                            [
                                55.3869,
                                25.089112
                            ],
                            [
                                55.386561,
                                25.088552
                            ]
                        ]
                    ]
                ]
            }
        },
        {
            "type": "Feature",
            "properties": {
                "observation_date": "2015-10-12",
                "source": "LC08_L1TP_160043_20151012_20200908_02_T1_TCI",
                "sensor_name": "Landsat 8",
                "type": "observation",
                "current_phase": "Active Construction",
                "is_occluded": "False",
                "is_site_boundary": "True",
                "score": 1.0
            },
            "geometry": {
                "type": "MultiPolygon",
                "coordinates": [
                    [
                        [
                            [
                                55.386561,
                                25.088552
                            ],
                            [
                                55.388347,
                                25.087539
                            ],
                            [
                                55.388747,
                                25.088157
                            ],
                            [
                                55.3869,
                                25.089112
                            ],
                            [
                                55.386561,
                                25.088552
                            ]
                        ]
                    ]
                ]
            }
        },
        {
            "type": "Feature",
            "properties": {
                "observation_date": "2015-11-29",
                "source": "LC08_L1TP_160043_20151129_20200908_02_T1_TCI",
                "sensor_name": "Landsat 8",
                "type": "observation",
                "current_phase": "Active Construction",
                "is_occluded": "False",
                "is_site_boundary": "True",
                "score": 1.0
            },
            "geometry": {
                "type": "MultiPolygon",
                "coordinates": [
                    [
                        [
                            [
                                55.386905,
                                25.089132
                            ],
                            [
                                55.388752,
                                25.088176
                            ],
                            [
                                55.388352,
                                25.087558
                            ],
                            [
                                55.386566,
                                25.088571
                            ],
                            [
                                55.386905,
                                25.089132
                            ]
                        ]
                    ]
                ]
            }
        },
        {
            "type": "Feature",
            "properties": {
                "observation_date": "2015-12-15",
                "source": "LC08_L1TP_160043_20151215_20200908_02_T1_TCI",
                "sensor_name": "Landsat 8",
                "type": "observation",
                "current_phase": "Active Construction",
                "is_occluded": "False",
                "is_site_boundary": "True",
                "score": 1.0
            },
            "geometry": {
                "type": "MultiPolygon",
                "coordinates": [
                    [
                        [
                            [
                                55.386911,
                                25.089151
                            ],
                            [
                                55.388758,
                                25.088196
                            ],
                            [
                                55.388357,
                                25.087577
                            ],
                            [
                                55.386572,
                                25.088591
                            ],
                            [
                                55.386911,
                                25.089151
                            ]
                        ]
                    ]
                ]
            }
        },
        {
            "type": "Feature",
            "properties": {
                "observation_date": "2016-01-10",
                "source": "S2A_40RCN_20160110_0_L1C_TCI",
                "sensor_name": "Sentinel-2",
                "type": "observation",
                "current_phase": "Active Construction",
                "is_occluded": "False",
                "is_site_boundary": "True",
                "score": 1.0
            },
            "geometry": {
                "type": "MultiPolygon",
                "coordinates": [
                    [
                        [
                            [
                                55.386959,
                                25.089169
                            ],
                            [
                                55.38883,
                                25.088212
                            ],
                            [
                                55.388425,
                                25.087593
                            ],
                            [
                                55.386615,
                                25.088607
                            ],
                            [
                                55.386959,
                                25.089169
                            ]
                        ]
                    ]
                ]
            }
        },
        {
            "type": "Feature",
            "properties": {
                "observation_date": "2016-01-16",
                "source": "LC08_L1TP_160043_20160116_20200907_02_T1_TCI",
                "sensor_name": "Landsat 8",
                "type": "observation",
                "current_phase": "Active Construction",
                "is_occluded": "False",
                "is_site_boundary": "True",
                "score": 1.0
            },
            "geometry": {
                "type": "MultiPolygon",
                "coordinates": [
                    [
                        [
                            [
                                55.386921,
                                25.08919
                            ],
                            [
                                55.388769,
                                25.088234
                            ],
                            [
                                55.388368,
                                25.087616
                            ],
                            [
                                55.386583,
                                25.088629
                            ],
                            [
                                55.386921,
                                25.08919
                            ]
                        ]
                    ]
                ]
            }
        },
        {
            "type": "Feature",
            "properties": {
                "observation_date": "2016-02-09",
                "source": "S2A_40RCN_20160209_0_L1C_TCI",
                "sensor_name": "Sentinel-2",
                "type": "observation",
                "current_phase": "Active Construction",
                "is_occluded": "False",
                "is_site_boundary": "True",
                "score": 1.0
            },
            "geometry": {
                "type": "MultiPolygon",
                "coordinates": [
                    [
                        [
                            [
                                55.38697,
                                25.089207
                            ],
                            [
                                55.388841,
                                25.088251
                            ],
                            [
                                55.388436,
                                25.087632
                            ],
                            [
                                55.386626,
                                25.088646
                            ],
                            [
                                55.38697,
                                25.089207
                            ]
                        ]
                    ]
                ]
            }
        },
        {
            "type": "Feature",
            "properties": {
                "observation_date": "2016-02-17",
                "source": "LC08_L1TP_160043_20160217_20200907_02_T1_TCI",
                "sensor_name": "Landsat 8",
                "type": "observation",
                "current_phase": "Active Construction",
                "is_occluded": "False",
                "is_site_boundary": "True",
                "score": 1.0
            },
            "geometry": {
                "type": "MultiPolygon",
                "coordinates": [
                    [
                        [
                            [
                                55.386932,
                                25.089229
                            ],
                            [
                                55.388779,
                                25.088273
                            ],
                            [
                                55.388379,
                                25.087655
                            ],
                            [
                                55.386594,
                                25.088668
                            ],
                            [
                                55.386932,
                                25.089229
                            ]
                        ]
                    ]
                ]
            }
        },
        {
            "type": "Feature",
            "properties": {
                "observation_date": "2016-03-20",
                "source": "LC08_L1TP_160043_20160320_20200907_02_T1_TCI",
                "sensor_name": "Landsat 8",
                "type": "observation",
                "current_phase": "Active Construction",
                "is_occluded": "False",
                "is_site_boundary": "True",
                "score": 1.0
            },
            "geometry": {
                "type": "MultiPolygon",
                "coordinates": [
                    [
                        [
                            [
                                55.386938,
                                25.089248
                            ],
                            [
                                55.388785,
                                25.088292
                            ],
                            [
                                55.388385,
                                25.087674
                            ],
                            [
                                55.386599,
                                25.088687
                            ],
                            [
                                55.386938,
                                25.089248
                            ]
                        ]
                    ]
                ]
            }
        },
        {
            "type": "Feature",
            "properties": {
                "observation_date": "2016-03-20",
                "source": "S2A_40RCN_20160320_0_L1C_TCI",
                "sensor_name": "Sentinel-2",
                "type": "observation",
                "current_phase": "Active Construction",
                "is_occluded": "False",
                "is_site_boundary": "True",
                "score": 1.0
            },
            "geometry": {
                "type": "MultiPolygon",
                "coordinates": [
                    [
                        [
                            [
                                55.386986,
                                25.089265
                            ],
                            [
                                55.388858,
                                25.088309
                            ],
                            [
                                55.388452,
                                25.08769
                            ],
                            [
                                55.386643,
                                25.088704
                            ],
                            [
                                55.386986,
                                25.089265
                            ]
                        ]
                    ]
                ]
            }
        },
        {
            "type": "Feature",
            "properties": {
                "observation_date": "2016-04-05",
                "source": "LC08_L1TP_160043_20160405_20200907_02_T1_TCI",
                "sensor_name": "Landsat 8",
                "type": "observation",
                "current_phase": "Active Construction",
                "is_occluded": "False",
                "is_site_boundary": "True",
                "score": 1.0
            },
            "geometry": {
                "type": "MultiPolygon",
                "coordinates": [
                    [
                        [
                            [
                                55.38694,
                                25.089251
                            ],
                            [
                                55.388787,
                                25.088296
                            ],
                            [
                                55.388387,
                                25.087678
                            ],
                            [
                                55.386601,
                                25.088691
                            ],
                            [
                                55.38694,
                                25.089251
                            ]
                        ]
                    ]
                ]
            }
        },
        {
            "type": "Feature",
            "properties": {
                "observation_date": "2016-04-19",
                "source": "S2A_40RCN_20160419_0_L1C_TCI",
                "sensor_name": "Sentinel-2",
                "type": "observation",
                "current_phase": "Active Construction",
                "is_occluded": "False",
                "is_site_boundary": "True",
                "score": 1.0
            },
            "geometry": {
                "type": "MultiPolygon",
                "coordinates": [
                    [
                        [
                            [
                                55.38698,
                                25.089234
                            ],
                            [
                                55.388851,
                                25.088278
                            ],
                            [
                                55.388446,
                                25.087659
                            ],
                            [
                                55.386636,
                                25.088673
                            ],
                            [
                                55.38698,
                                25.089234
                            ]
                        ]
                    ]
                ]
            }
        },
        {
            "type": "Feature",
            "properties": {
                "observation_date": "2016-05-23",
                "source": "LC08_L1TP_160043_20160523_20200906_02_T1_TCI",
                "sensor_name": "Landsat 8",
                "type": "observation",
                "current_phase": "Active Construction",
                "is_occluded": "False",
                "is_site_boundary": "True",
                "score": 1.0
            },
            "geometry": {
                "type": "MultiPolygon",
                "coordinates": [
                    [
                        [
                            [
                                55.386933,
                                25.08922
                            ],
                            [
                                55.38878,
                                25.088264
                            ],
                            [
                                55.38838,
                                25.087646
                            ],
                            [
                                55.386595,
                                25.088659
                            ],
                            [
                                55.386933,
                                25.08922
                            ]
                        ]
                    ]
                ]
            }
        },
        {
            "type": "Feature",
            "properties": {
                "observation_date": "2016-05-29",
                "source": "S2A_40RCN_20160529_0_L1C_TCI",
                "sensor_name": "Sentinel-2",
                "type": "observation",
                "current_phase": "Active Construction",
                "is_occluded": "False",
                "is_site_boundary": "True",
                "score": 1.0
            },
            "geometry": {
                "type": "MultiPolygon",
                "coordinates": [
                    [
                        [
                            [
                                55.386973,
                                25.089202
                            ],
                            [
                                55.388844,
                                25.088246
                            ],
                            [
                                55.388439,
                                25.087627
                            ],
                            [
                                55.38663,
                                25.088641
                            ],
                            [
                                55.386973,
                                25.089202
                            ]
                        ]
                    ]
                ]
            }
        },
        {
            "type": "Feature",
            "properties": {
                "observation_date": "2016-06-07",
                "source": "16JUN07064619-M1BS-014855234010_01_P004",
                "sensor_name": "WorldView",
                "type": "observation",
                "current_phase": "Active Construction",
                "is_occluded": "False",
                "is_site_boundary": "True",
                "score": 1.0
            },
            "geometry": {
                "type": "MultiPolygon",
                "coordinates": [
                    [
                        [
                            [
                                55.386987,
                                25.08908
                            ],
                            [
                                55.388856,
                                25.088123
                            ],
                            [
                                55.388451,
                                25.087504
                            ],
                            [
                                55.386644,
                                25.088519
                            ],
                            [
                                55.386987,
                                25.08908
                            ]
                        ]
                    ]
                ]
            }
        },
        {
            "type": "Feature",
            "properties": {
                "observation_date": "2016-06-08",
                "source": "LC08_L1TP_160043_20160608_20200906_02_T1_TCI",
                "sensor_name": "Landsat 8",
                "type": "observation",
                "current_phase": "Active Construction",
                "is_occluded": "False",
                "is_site_boundary": "True",
                "score": 1.0
            },
            "geometry": {
                "type": "MultiPolygon",
                "coordinates": [
                    [
                        [
                            [
                                55.386946,
                                25.089086
                            ],
                            [
                                55.388793,
                                25.088131
                            ],
                            [
                                55.388393,
                                25.087513
                            ],
                            [
                                55.386607,
                                25.088526
                            ],
                            [
                                55.386946,
                                25.089086
                            ]
                        ]
                    ]
                ]
            }
        },
        {
            "type": "Feature",
            "properties": {
                "observation_date": "2016-06-18",
                "source": "S2A_40RCN_20160618_0_L1C_TCI",
                "sensor_name": "Sentinel-2",
                "type": "observation",
                "current_phase": "Active Construction",
                "is_occluded": "False",
                "is_site_boundary": "True",
                "score": 1.0
            },
            "geometry": {
                "type": "MultiPolygon",
                "coordinates": [
                    [
                        [
                            [
                                55.386987,
                                25.089088
                            ],
                            [
                                55.388859,
                                25.088132
                            ],
                            [
                                55.388453,
                                25.087513
                            ],
                            [
                                55.386644,
                                25.088527
                            ],
                            [
                                55.386987,
                                25.089088
                            ]
                        ]
                    ]
                ]
            }
        },
        {
            "type": "Feature",
            "properties": {
                "observation_date": "2016-07-18",
                "source": "S2A_40RCN_20160718_0_L1C_TCI",
                "sensor_name": "Sentinel-2",
                "type": "observation",
                "current_phase": "Active Construction",
                "is_occluded": "False",
                "is_site_boundary": "True",
                "score": 1.0
            },
            "geometry": {
                "type": "MultiPolygon",
                "coordinates": [
                    [
                        [
                            [
                                55.386986,
                                25.089092
                            ],
                            [
                                55.388857,
                                25.088136
                            ],
                            [
                                55.388452,
                                25.087517
                            ],
                            [
                                55.386642,
                                25.088531
                            ],
                            [
                                55.386986,
                                25.089092
                            ]
                        ]
                    ]
                ]
            }
        },
        {
            "type": "Feature",
            "properties": {
                "observation_date": "2016-07-26",
                "source": "LC08_L1TP_160043_20160726_20200906_02_T1_TCI",
                "sensor_name": "Landsat 8",
                "type": "observation",
                "current_phase": "Active Construction",
                "is_occluded": "False",
                "is_site_boundary": "True",
                "score": 1.0
            },
            "geometry": {
                "type": "MultiPolygon",
                "coordinates": [
                    [
                        [
                            [
                                55.386941,
                                25.089098
                            ],
                            [
                                55.388788,
                                25.088142
                            ],
                            [
                                55.388388,
                                25.087524
                            ],
                            [
                                55.386602,
                                25.088537
                            ],
                            [
                                55.386941,
                                25.089098
                            ]
                        ]
                    ]
                ]
            }
        },
        {
            "type": "Feature",
            "properties": {
                "observation_date": "2016-08-07",
                "source": "16AUG07072018-M1BS-014855224010_01_P009",
                "sensor_name": "WorldView",
                "type": "observation",
                "current_phase": "Active Construction",
                "is_occluded": "False",
                "is_site_boundary": "True",
                "score": 1.0
            },
            "geometry": {
                "type": "MultiPolygon",
                "coordinates": [
                    [
                        [
                            [
                                55.386979,
                                25.089099
                            ],
                            [
                                55.388848,
                                25.088143
                            ],
                            [
                                55.388443,
                                25.087524
                            ],
                            [
                                55.386636,
                                25.088538
                            ],
                            [
                                55.386979,
                                25.089099
                            ]
                        ]
                    ]
                ]
            }
        },
        {
            "type": "Feature",
            "properties": {
                "observation_date": "2016-08-11",
                "source": "LC08_L1TP_160043_20160811_20200906_02_T1_TCI",
                "sensor_name": "Landsat 8",
                "type": "observation",
                "current_phase": "Active Construction",
                "is_occluded": "False",
                "is_site_boundary": "True",
                "score": 1.0
            },
            "geometry": {
                "type": "MultiPolygon",
                "coordinates": [
                    [
                        [
                            [
                                55.386931,
                                25.089105
                            ],
                            [
                                55.388778,
                                25.08815
                            ],
                            [
                                55.388378,
                                25.087532
                            ],
                            [
                                55.386592,
                                25.088545
                            ],
                            [
                                55.386931,
                                25.089105
                            ]
                        ]
                    ]
                ]
            }
        },
        {
            "type": "Feature",
            "properties": {
                "observation_date": "2016-08-27",
                "source": "S2A_40RCN_20160827_0_L1C_TCI",
                "sensor_name": "Sentinel-2",
                "type": "observation",
                "current_phase": "Active Construction",
                "is_occluded": "False",
                "is_site_boundary": "True",
                "score": 1.0
            },
            "geometry": {
                "type": "MultiPolygon",
                "coordinates": [
                    [
                        [
                            [
                                55.386965,
                                25.089107
                            ],
                            [
                                55.388836,
                                25.088151
                            ],
                            [
                                55.388431,
                                25.087532
                            ],
                            [
                                55.386621,
                                25.088546
                            ],
                            [
                                55.386965,
                                25.089107
                            ]
                        ]
                    ]
                ]
            }
        },
        {
            "type": "Feature",
            "properties": {
                "observation_date": "2016-09-06",
                "source": "S2A_40RCN_20160906_0_L1C_TCI",
                "sensor_name": "Sentinel-2",
                "type": "observation",
                "current_phase": "Active Construction",
                "is_occluded": "False",
                "is_site_boundary": "True",
                "score": 1.0
            },
            "geometry": {
                "type": "MultiPolygon",
                "coordinates": [
                    [
                        [
                            [
                                55.386956,
                                25.08911
                            ],
                            [
                                55.388827,
                                25.088154
                            ],
                            [
                                55.388422,
                                25.087535
                            ],
                            [
                                55.386612,
                                25.088549
                            ],
                            [
                                55.386956,
                                25.08911
                            ]
                        ]
                    ]
                ]
            }
        },
        {
            "type": "Feature",
            "properties": {
                "observation_date": "2016-09-28",
                "source": "LC08_L1TP_160043_20160928_20200906_02_T1_TCI",
                "sensor_name": "Landsat 8",
                "type": "observation",
                "current_phase": "Active Construction",
                "is_occluded": "False",
                "is_site_boundary": "True",
                "score": 1.0
            },
            "geometry": {
                "type": "MultiPolygon",
                "coordinates": [
                    [
                        [
                            [
                                55.386904,
                                25.089116
                            ],
                            [
                                55.388751,
                                25.08816
                            ],
                            [
                                55.388351,
                                25.087542
                            ],
                            [
                                55.386565,
                                25.088556
                            ],
                            [
                                55.386904,
                                25.089116
                            ]
                        ]
                    ]
                ]
            }
        },
        {
            "type": "Feature",
            "properties": {
                "observation_date": "2016-10-16",
                "source": "S2A_40RCN_20161016_0_L1C_TCI",
                "sensor_name": "Sentinel-2",
                "type": "observation",
                "current_phase": "Active Construction",
                "is_occluded": "False",
                "is_site_boundary": "True",
                "score": 1.0
            },
            "geometry": {
                "type": "MultiPolygon",
                "coordinates": [
                    [
                        [
                            [
                                55.386938,
                                25.089118
                            ],
                            [
                                55.388809,
                                25.088161
                            ],
                            [
                                55.388403,
                                25.087543
                            ],
                            [
                                55.386594,
                                25.088557
                            ],
                            [
                                55.386938,
                                25.089118
                            ]
                        ]
                    ]
                ]
            }
        },
        {
            "type": "Feature",
            "properties": {
                "observation_date": "2016-10-30",
                "source": "LC08_L1TP_160043_20161030_20200905_02_T1_TCI",
                "sensor_name": "Landsat 8",
                "type": "observation",
                "current_phase": "Active Construction",
                "is_occluded": "False",
                "is_site_boundary": "True",
                "score": 1.0
            },
            "geometry": {
                "type": "MultiPolygon",
                "coordinates": [
                    [
                        [
                            [
                                55.386886,
                                25.089123
                            ],
                            [
                                55.388733,
                                25.088168
                            ],
                            [
                                55.388333,
                                25.087549
                            ],
                            [
                                55.386547,
                                25.088563
                            ],
                            [
                                55.386886,
                                25.089123
                            ]
                        ]
                    ]
                ]
            }
        },
        {
            "type": "Feature",
            "properties": {
                "observation_date": "2016-11-15",
                "source": "LC08_L1TP_160043_20161115_20200905_02_T1_TCI",
                "sensor_name": "Landsat 8",
                "type": "observation",
                "current_phase": "Active Construction",
                "is_occluded": "False",
                "is_site_boundary": "True",
                "score": 1.0
            },
            "geometry": {
                "type": "MultiPolygon",
                "coordinates": [
                    [
                        [
                            [
                                55.386868,
                                25.08913
                            ],
                            [
                                55.388715,
                                25.088175
                            ],
                            [
                                55.388315,
                                25.087556
                            ],
                            [
                                55.386529,
                                25.08857
                            ],
                            [
                                55.386868,
                                25.08913
                            ]
                        ]
                    ]
                ]
            }
        },
        {
            "type": "Feature",
            "properties": {
                "observation_date": "2016-11-15",
                "source": "S2A_40RCN_20161115_0_L1C_TCI",
                "sensor_name": "Sentinel-2",
                "type": "observation",
                "current_phase": "Active Construction",
                "is_occluded": "False",
                "is_site_boundary": "True",
                "score": 1.0
            },
            "geometry": {
                "type": "MultiPolygon",
                "coordinates": [
                    [
                        [
                            [
                                55.38692,
                                25.089125
                            ],
                            [
                                55.388791,
                                25.088169
                            ],
                            [
                                55.388385,
                                25.08755
                            ],
                            [
                                55.386576,
                                25.088564
                            ],
                            [
                                55.38692,
                                25.089125
                            ]
                        ]
                    ]
                ]
            }
        },
        {
            "type": "Feature",
            "properties": {
                "observation_date": "2016-12-17",
                "source": "LC08_L1TP_160043_20161217_20200905_02_T1_TCI",
                "sensor_name": "Landsat 8",
                "type": "observation",
                "current_phase": "Active Construction",
                "is_occluded": "False",
                "is_site_boundary": "True",
                "score": 1.0
            },
            "geometry": {
                "type": "MultiPolygon",
                "coordinates": [
                    [
                        [
                            [
                                55.386859,
                                25.089134
                            ],
                            [
                                55.388706,
                                25.088178
                            ],
                            [
                                55.388306,
                                25.08756
                            ],
                            [
                                55.386521,
                                25.088573
                            ],
                            [
                                55.386859,
                                25.089134
                            ]
                        ]
                    ]
                ]
            }
        },
        {
            "type": "Feature",
            "properties": {
                "observation_date": "2016-12-25",
                "source": "S2A_40RCN_20161225_0_L1C_TCI",
                "sensor_name": "Sentinel-2",
                "type": "observation",
                "current_phase": "Active Construction",
                "is_occluded": "False",
                "is_site_boundary": "True",
                "score": 1.0
            },
            "geometry": {
                "type": "MultiPolygon",
                "coordinates": [
                    [
                        [
                            [
                                55.386892,
                                25.089135
                            ],
                            [
                                55.388764,
                                25.088179
                            ],
                            [
                                55.388358,
                                25.08756
                            ],
                            [
                                55.386549,
                                25.088574
                            ],
                            [
                                55.386892,
                                25.089135
                            ]
                        ]
                    ]
                ]
            }
        },
        {
            "type": "Feature",
            "properties": {
                "observation_date": "2017-01-04",
                "source": "S2A_40RCN_20170104_0_L2A_TCI",
                "sensor_name": "Sentinel-2",
                "type": "observation",
                "current_phase": "Active Construction",
                "is_occluded": "False",
                "is_site_boundary": "True",
                "score": 1.0
            },
            "geometry": {
                "type": "MultiPolygon",
                "coordinates": [
                    [
                        [
                            [
                                55.386883,
                                25.089139
                            ],
                            [
                                55.388755,
                                25.088183
                            ],
                            [
                                55.388349,
                                25.087564
                            ],
                            [
                                55.38654,
                                25.088578
                            ],
                            [
                                55.386883,
                                25.089139
                            ]
                        ]
                    ]
                ]
            }
        },
        {
            "type": "Feature",
            "properties": {
                "observation_date": "2017-01-18",
                "source": "LC08_L1TP_160043_20170118_20200905_02_T1_TCI",
                "sensor_name": "Landsat 8",
                "type": "observation",
                "current_phase": "Active Construction",
                "is_occluded": "False",
                "is_site_boundary": "True",
                "score": 1.0
            },
            "geometry": {
                "type": "MultiPolygon",
                "coordinates": [
                    [
                        [
                            [
                                55.386833,
                                25.089145
                            ],
                            [
                                55.38868,
                                25.088189
                            ],
                            [
                                55.388279,
                                25.087571
                            ],
                            [
                                55.386494,
                                25.088584
                            ],
                            [
                                55.386833,
                                25.089145
                            ]
                        ]
                    ]
                ]
            }
        },
        {
            "type": "Feature",
            "properties": {
                "observation_date": "2017-03-07",
                "source": "LC08_L1TP_160043_20170307_20200905_02_T1_TCI",
                "sensor_name": "Landsat 8",
                "type": "observation",
                "current_phase": "Active Construction",
                "is_occluded": "False",
                "is_site_boundary": "True",
                "score": 1.0
            },
            "geometry": {
                "type": "MultiPolygon",
                "coordinates": [
                    [
                        [
                            [
                                55.386815,
                                25.089152
                            ],
                            [
                                55.388662,
                                25.088196
                            ],
                            [
                                55.388262,
                                25.087578
                            ],
                            [
                                55.386476,
                                25.088591
                            ],
                            [
                                55.386815,
                                25.089152
                            ]
                        ]
                    ]
                ]
            }
        },
        {
            "type": "Feature",
            "properties": {
                "observation_date": "2017-03-15",
                "source": "S2A_40RCN_20170315_0_L2A_TCI",
                "sensor_name": "Sentinel-2",
                "type": "observation",
                "current_phase": "Active Construction",
                "is_occluded": "False",
                "is_site_boundary": "True",
                "score": 1.0
            },
            "geometry": {
                "type": "MultiPolygon",
                "coordinates": [
                    [
                        [
                            [
                                55.386847,
                                25.089153
                            ],
                            [
                                55.388718,
                                25.088197
                            ],
                            [
                                55.388313,
                                25.087578
                            ],
                            [
                                55.386504,
                                25.088592
                            ],
                            [
                                55.386847,
                                25.089153
                            ]
                        ]
                    ]
                ]
            }
        },
        {
            "type": "Feature",
            "properties": {
                "observation_date": "2017-04-14",
                "source": "S2A_40RCN_20170414_0_L2A_TCI",
                "sensor_name": "Sentinel-2",
                "type": "observation",
                "current_phase": "Active Construction",
                "is_occluded": "False",
                "is_site_boundary": "True",
                "score": 1.0
            },
            "geometry": {
                "type": "MultiPolygon",
                "coordinates": [
                    [
                        [
                            [
                                55.386838,
                                25.089157
                            ],
                            [
                                55.388709,
                                25.088201
                            ],
                            [
                                55.388304,
                                25.087582
                            ],
                            [
                                55.386495,
                                25.088596
                            ],
                            [
                                55.386838,
                                25.089157
                            ]
                        ]
                    ]
                ]
            }
        },
        {
            "type": "Feature",
            "properties": {
                "observation_date": "2017-04-24",
                "source": "LC08_L1TP_160043_20170424_20200904_02_T1_TCI",
                "sensor_name": "Landsat 8",
                "type": "observation",
                "current_phase": "Active Construction",
                "is_occluded": "False",
                "is_site_boundary": "True",
                "score": 1.0
            },
            "geometry": {
                "type": "MultiPolygon",
                "coordinates": [
                    [
                        [
                            [
                                55.386758,
                                25.089173
                            ],
                            [
                                55.388605,
                                25.088218
                            ],
                            [
                                55.388204,
                                25.0876
                            ],
                            [
                                55.386419,
                                25.088613
                            ],
                            [
                                55.386758,
                                25.089173
                            ]
                        ]
                    ]
                ]
            }
        },
        {
            "type": "Feature",
            "properties": {
                "observation_date": "2017-05-10",
                "source": "LC08_L1TP_160043_20170510_20200904_02_T1_TCI",
                "sensor_name": "Landsat 8",
                "type": "observation",
                "current_phase": "Active Construction",
                "is_occluded": "False",
                "is_site_boundary": "True",
                "score": 1.0
            },
            "geometry": {
                "type": "MultiPolygon",
                "coordinates": [
                    [
                        [
                            [
                                55.386718,
                                25.089188
                            ],
                            [
                                55.388565,
                                25.088232
                            ],
                            [
                                55.388165,
                                25.087614
                            ],
                            [
                                55.386379,
                                25.088628
                            ],
                            [
                                55.386718,
                                25.089188
                            ]
                        ]
                    ]
                ]
            }
        },
        {
            "type": "Feature",
            "properties": {
                "observation_date": "2017-05-24",
                "source": "S2A_40RCN_20170524_0_L2A_TCI",
                "sensor_name": "Sentinel-2",
                "type": "observation",
                "current_phase": "Active Construction",
                "is_occluded": "False",
                "is_site_boundary": "True",
                "score": 1.0
            },
            "geometry": {
                "type": "MultiPolygon",
                "coordinates": [
                    [
                        [
                            [
                                55.386683,
                                25.0892
                            ],
                            [
                                55.388554,
                                25.088244
                            ],
                            [
                                55.388149,
                                25.087625
                            ],
                            [
                                55.38634,
                                25.088639
                            ],
                            [
                                55.386683,
                                25.0892
                            ]
                        ]
                    ]
                ]
            }
        },
        {
            "type": "Feature",
            "properties": {
                "observation_date": "2017-06-03",
                "source": "S2A_40RCN_20170603_0_L2A_TCI",
                "sensor_name": "Sentinel-2",
                "type": "observation",
                "current_phase": "Active Construction",
                "is_occluded": "False",
                "is_site_boundary": "True",
                "score": 1.0
            },
            "geometry": {
                "type": "MultiPolygon",
                "coordinates": [
                    [
                        [
                            [
                                55.386701,
                                25.089167
                            ],
                            [
                                55.388573,
                                25.088211
                            ],
                            [
                                55.388167,
                                25.087592
                            ],
                            [
                                55.386358,
                                25.088606
                            ],
                            [
                                55.386701,
                                25.089167
                            ]
                        ]
                    ]
                ]
            }
        },
        {
            "type": "Feature",
            "properties": {
                "observation_date": "2017-06-11",
                "source": "LC08_L1TP_160043_20170611_20200903_02_T1_TCI",
                "sensor_name": "Landsat 8",
                "type": "observation",
                "current_phase": "Active Construction",
                "is_occluded": "False",
                "is_site_boundary": "True",
                "score": 1.0
            },
            "geometry": {
                "type": "MultiPolygon",
                "coordinates": [
                    [
                        [
                            [
                                55.386626,
                                25.089112
                            ],
                            [
                                55.388473,
                                25.088157
                            ],
                            [
                                55.388073,
                                25.087539
                            ],
                            [
                                55.386287,
                                25.088552
                            ],
                            [
                                55.386626,
                                25.089112
                            ]
                        ]
                    ]
                ]
            }
        },
        {
            "type": "Feature",
            "properties": {
                "observation_date": "2017-07-13",
                "source": "LC08_L1TP_160043_20170713_20200903_02_T1_TCI",
                "sensor_name": "Landsat 8",
                "type": "observation",
                "current_phase": "Active Construction",
                "is_occluded": "False",
                "is_site_boundary": "True",
                "score": 1.0
            },
            "geometry": {
                "type": "MultiPolygon",
                "coordinates": [
                    [
                        [
                            [
                                55.386653,
                                25.089115
                            ],
                            [
                                55.3885,
                                25.088159
                            ],
                            [
                                55.3881,
                                25.087541
                            ],
                            [
                                55.386314,
                                25.088554
                            ],
                            [
                                55.386653,
                                25.089115
                            ]
                        ]
                    ]
                ]
            }
        },
        {
            "type": "Feature",
            "properties": {
                "observation_date": "2017-07-18",
                "source": "S2B_40RCN_20170718_0_L2A_TCI",
                "sensor_name": "Sentinel-2",
                "type": "observation",
                "current_phase": "Active Construction",
                "is_occluded": "False",
                "is_site_boundary": "True",
                "score": 1.0
            },
            "geometry": {
                "type": "MultiPolygon",
                "coordinates": [
                    [
                        [
                            [
                                55.38672,
                                25.089115
                            ],
                            [
                                55.388591,
                                25.088159
                            ],
                            [
                                55.388186,
                                25.08754
                            ],
                            [
                                55.386376,
                                25.088554
                            ],
                            [
                                55.38672,
                                25.089115
                            ]
                        ]
                    ]
                ]
            }
        },
        {
            "type": "Feature",
            "properties": {
                "observation_date": "2017-08-14",
                "source": "LC08_L1TP_160043_20170814_20200903_02_T1_TCI",
                "sensor_name": "Landsat 8",
                "type": "observation",
                "current_phase": "Active Construction",
                "is_occluded": "False",
                "is_site_boundary": "True",
                "score": 1.0
            },
            "geometry": {
                "type": "MultiPolygon",
                "coordinates": [
                    [
                        [
                            [
                                55.386707,
                                25.08912
                            ],
                            [
                                55.388554,
                                25.088164
                            ],
                            [
                                55.388154,
                                25.087546
                            ],
                            [
                                55.386368,
                                25.088559
                            ],
                            [
                                55.386707,
                                25.08912
                            ]
                        ]
                    ]
                ]
            }
        },
        {
            "type": "Feature",
            "properties": {
                "observation_date": "2017-08-22",
                "source": "S2A_40RCN_20170822_0_L2A_TCI",
                "sensor_name": "Sentinel-2",
                "type": "observation",
                "current_phase": "Active Construction",
                "is_occluded": "False",
                "is_site_boundary": "True",
                "score": 1.0
            },
            "geometry": {
                "type": "MultiPolygon",
                "coordinates": [
                    [
                        [
                            [
                                55.386759,
                                25.089135
                            ],
                            [
                                55.38863,
                                25.088179
                            ],
                            [
                                55.388225,
                                25.08756
                            ],
                            [
                                55.386415,
                                25.088574
                            ],
                            [
                                55.386759,
                                25.089135
                            ]
                        ]
                    ]
                ]
            }
        },
        {
            "type": "Feature",
            "properties": {
                "observation_date": "2017-09-15",
                "source": "LC08_L1TP_160043_20170915_20200903_02_T1_TCI",
                "sensor_name": "Landsat 8",
                "type": "observation",
                "current_phase": "Active Construction",
                "is_occluded": "False",
                "is_site_boundary": "True",
                "score": 1.0
            },
            "geometry": {
                "type": "MultiPolygon",
                "coordinates": [
                    [
                        [
                            [
                                55.38673,
                                25.089154
                            ],
                            [
                                55.388577,
                                25.088199
                            ],
                            [
                                55.388177,
                                25.08758
                            ],
                            [
                                55.386391,
                                25.088594
                            ],
                            [
                                55.38673,
                                25.089154
                            ]
                        ]
                    ]
                ]
            }
        },
        {
            "type": "Feature",
            "properties": {
                "observation_date": "2017-09-26",
                "source": "S2B_40RCN_20170926_0_L2A_TCI",
                "sensor_name": "Sentinel-2",
                "type": "observation",
                "current_phase": "Active Construction",
                "is_occluded": "False",
                "is_site_boundary": "True",
                "score": 1.0
            },
            "geometry": {
                "type": "MultiPolygon",
                "coordinates": [
                    [
                        [
                            [
                                55.386782,
                                25.089169
                            ],
                            [
                                55.388653,
                                25.088213
                            ],
                            [
                                55.388247,
                                25.087594
                            ],
                            [
                                55.386438,
                                25.088608
                            ],
                            [
                                55.386782,
                                25.089169
                            ]
                        ]
                    ]
                ]
            }
        },
        {
            "type": "Feature",
            "properties": {
                "observation_date": "2017-10-01",
                "source": "S2A_40RCN_20171001_0_L2A_TCI",
                "sensor_name": "Sentinel-2",
                "type": "observation",
                "current_phase": "Active Construction",
                "is_occluded": "False",
                "is_site_boundary": "True",
                "score": 1.0
            },
            "geometry": {
                "type": "MultiPolygon",
                "coordinates": [
                    [
                        [
                            [
                                55.386844,
                                25.089137
                            ],
                            [
                                55.388715,
                                25.088181
                            ],
                            [
                                55.38831,
                                25.087562
                            ],
                            [
                                55.3865,
                                25.088576
                            ],
                            [
                                55.386844,
                                25.089137
                            ]
                        ]
                    ]
                ]
            }
        },
        {
            "type": "Feature",
            "properties": {
                "observation_date": "2017-10-10",
                "source": "17OCT10095421-P1BS-501631093010_01_P001",
                "sensor_name": "WorldView",
                "type": "observation",
                "current_phase": "Active Construction",
                "is_occluded": "False",
                "is_site_boundary": "True",
                "score": 1.0
            },
            "geometry": {
                "type": "MultiPolygon",
                "coordinates": [
                    [
                        [
                            [
                                55.386903,
                                25.089105
                            ],
                            [
                                55.388773,
                                25.088149
                            ],
                            [
                                55.388368,
                                25.08753
                            ],
                            [
                                55.38656,
                                25.088544
                            ],
                            [
                                55.386903,
                                25.089105
                            ]
                        ]
                    ]
                ]
            }
        },
        {
            "type": "Feature",
            "properties": {
                "observation_date": "2017-10-17",
                "source": "LC08_L1TP_160043_20171017_20200902_02_T1_TCI",
                "sensor_name": "Landsat 8",
                "type": "observation",
                "current_phase": "Active Construction",
                "is_occluded": "False",
                "is_site_boundary": "True",
                "score": 1.0
            },
            "geometry": {
                "type": "MultiPolygon",
                "coordinates": [
                    [
                        [
                            [
                                55.386865,
                                25.089101
                            ],
                            [
                                55.388712,
                                25.088146
                            ],
                            [
                                55.388312,
                                25.087527
                            ],
                            [
                                55.386526,
                                25.088541
                            ],
                            [
                                55.386865,
                                25.089101
                            ]
                        ]
                    ]
                ]
            }
        },
        {
            "type": "Feature",
            "properties": {
                "observation_date": "2017-11-02",
                "source": "LC08_L1TP_160043_20171102_20200902_02_T1_TCI",
                "sensor_name": "Landsat 8",
                "type": "observation",
                "current_phase": "Active Construction",
                "is_occluded": "False",
                "is_site_boundary": "True",
                "score": 1.0
            },
            "geometry": {
                "type": "MultiPolygon",
                "coordinates": [
                    [
                        [
                            [
                                55.386866,
                                25.089095
                            ],
                            [
                                55.388713,
                                25.08814
                            ],
                            [
                                55.388313,
                                25.087521
                            ],
                            [
                                55.386527,
                                25.088535
                            ],
                            [
                                55.386866,
                                25.089095
                            ]
                        ]
                    ]
                ]
            }
        },
        {
            "type": "Feature",
            "properties": {
                "observation_date": "2017-11-20",
                "source": "S2A_40RCN_20171120_0_L2A_TCI",
                "sensor_name": "Sentinel-2",
                "type": "observation",
                "current_phase": "Active Construction",
                "is_occluded": "False",
                "is_site_boundary": "True",
                "score": 1.0
            },
            "geometry": {
                "type": "MultiPolygon",
                "coordinates": [
                    [
                        [
                            [
                                55.386909,
                                25.089087
                            ],
                            [
                                55.388781,
                                25.088131
                            ],
                            [
                                55.388375,
                                25.087512
                            ],
                            [
                                55.386566,
                                25.088526
                            ],
                            [
                                55.386909,
                                25.089087
                            ]
                        ]
                    ]
                ]
            }
        },
        {
            "type": "Feature",
            "properties": {
                "observation_date": "2017-12-05",
                "source": "S2B_40RCN_20171205_0_L2A_TCI",
                "sensor_name": "Sentinel-2",
                "type": "observation",
                "current_phase": "Active Construction",
                "is_occluded": "False",
                "is_site_boundary": "True",
                "score": 1.0
            },
            "geometry": {
                "type": "MultiPolygon",
                "coordinates": [
                    [
                        [
                            [
                                55.38691,
                                25.089081
                            ],
                            [
                                55.388782,
                                25.088125
                            ],
                            [
                                55.388376,
                                25.087506
                            ],
                            [
                                55.386567,
                                25.08852
                            ],
                            [
                                55.38691,
                                25.089081
                            ]
                        ]
                    ]
                ]
            }
        },
        {
            "type": "Feature",
            "properties": {
                "observation_date": "2017-12-20",
                "source": "LC08_L1TP_160043_20171220_20200902_02_T1_TCI",
                "sensor_name": "Landsat 8",
                "type": "observation",
                "current_phase": "Active Construction",
                "is_occluded": "False",
                "is_site_boundary": "True",
                "score": 1.0
            },
            "geometry": {
                "type": "MultiPolygon",
                "coordinates": [
                    [
                        [
                            [
                                55.386869,
                                25.089077
                            ],
                            [
                                55.388716,
                                25.088122
                            ],
                            [
                                55.388316,
                                25.087503
                            ],
                            [
                                55.38653,
                                25.088517
                            ],
                            [
                                55.386869,
                                25.089077
                            ]
                        ]
                    ]
                ]
            }
        },
        {
            "type": "Feature",
            "properties": {
                "observation_date": "2017-12-30",
                "source": "17DEC30095332-P1BS-501824017010_01_P001",
                "sensor_name": "WorldView",
                "type": "observation",
                "current_phase": "Active Construction",
                "is_occluded": "False",
                "is_site_boundary": "True",
                "score": 1.0
            },
            "geometry": {
                "type": "MultiPolygon",
                "coordinates": [
                    [
                        [
                            [
                                55.386909,
                                25.089069
                            ],
                            [
                                55.388779,
                                25.088113
                            ],
                            [
                                55.388374,
                                25.087494
                            ],
                            [
                                55.386566,
                                25.088508
                            ],
                            [
                                55.386909,
                                25.089069
                            ]
                        ]
                    ]
                ]
            }
        },
        {
            "type": "Feature",
            "properties": {
                "observation_date": "2018-01-14",
                "source": "S2B_40RCN_20180114_0_L2A_TCI",
                "sensor_name": "Sentinel-2",
                "type": "observation",
                "current_phase": "Active Construction",
                "is_occluded": "False",
                "is_site_boundary": "True",
                "score": 1.0
            },
            "geometry": {
                "type": "MultiPolygon",
                "coordinates": [
                    [
                        [
                            [
                                55.386909,
                                25.089063
                            ],
                            [
                                55.388781,
                                25.088107
                            ],
                            [
                                55.388375,
                                25.087488
                            ],
                            [
                                55.386566,
                                25.088502
                            ],
                            [
                                55.386909,
                                25.089063
                            ]
                        ]
                    ]
                ]
            }
        },
        {
            "type": "Feature",
            "properties": {
                "observation_date": "2018-01-21",
                "source": "LC08_L1TP_160043_20180121_20200902_02_T1_TCI",
                "sensor_name": "Landsat 8",
                "type": "observation",
                "current_phase": "Active Construction",
                "is_occluded": "True",
                "is_site_boundary": "True",
                "score": 1.0
            },
            "geometry": {
                "type": "MultiPolygon",
                "coordinates": [
                    [
                        [
                            [
                                55.386864,
                                25.089059
                            ],
                            [
                                55.388711,
                                25.088103
                            ],
                            [
                                55.388311,
                                25.087485
                            ],
                            [
                                55.386525,
                                25.088499
                            ],
                            [
                                55.386864,
                                25.089059
                            ]
                        ]
                    ]
                ]
            }
        },
        {
            "type": "Feature",
            "properties": {
                "observation_date": "2018-02-18",
                "source": "S2A_40RCN_20180218_0_L2A_TCI",
                "sensor_name": "Sentinel-2",
                "type": "observation",
                "current_phase": "Active Construction",
                "is_occluded": "False",
                "is_site_boundary": "True",
                "score": 1.0
            },
            "geometry": {
                "type": "MultiPolygon",
                "coordinates": [
                    [
                        [
                            [
                                55.386903,
                                25.089051
                            ],
                            [
                                55.388774,
                                25.088095
                            ],
                            [
                                55.388369,
                                25.087476
                            ],
                            [
                                55.386559,
                                25.08849
                            ],
                            [
                                55.386903,
                                25.089051
                            ]
                        ]
                    ]
                ]
            }
        },
        {
            "type": "Feature",
            "properties": {
                "observation_date": "2018-02-22",
                "source": "LC08_L1TP_160043_20180222_20200902_02_T1_TCI",
                "sensor_name": "Landsat 8",
                "type": "observation",
                "current_phase": "Active Construction",
                "is_occluded": "False",
                "is_site_boundary": "True",
                "score": 1.0
            },
            "geometry": {
                "type": "MultiPolygon",
                "coordinates": [
                    [
                        [
                            [
                                55.386857,
                                25.089047
                            ],
                            [
                                55.388704,
                                25.088091
                            ],
                            [
                                55.388304,
                                25.087473
                            ],
                            [
                                55.386519,
                                25.088486
                            ],
                            [
                                55.386857,
                                25.089047
                            ]
                        ]
                    ]
                ]
            }
        },
        {
            "type": "Feature",
            "properties": {
                "observation_date": "2018-03-10",
                "source": "LC08_L1TP_160043_20180310_20200901_02_T1_TCI",
                "sensor_name": "Landsat 8",
                "type": "observation",
                "current_phase": "Active Construction",
                "is_occluded": "False",
                "is_site_boundary": "True",
                "score": 1.0
            },
            "geometry": {
                "type": "MultiPolygon",
                "coordinates": [
                    [
                        [
                            [
                                55.386854,
                                25.08904
                            ],
                            [
                                55.388701,
                                25.088085
                            ],
                            [
                                55.388301,
                                25.087467
                            ],
                            [
                                55.386515,
                                25.08848
                            ],
                            [
                                55.386854,
                                25.08904
                            ]
                        ]
                    ]
                ]
            }
        },
        {
            "type": "Feature",
            "properties": {
                "observation_date": "2018-03-25",
                "source": "S2B_40RCN_20180325_0_L2A_TCI",
                "sensor_name": "Sentinel-2",
                "type": "observation",
                "current_phase": "Active Construction",
                "is_occluded": "False",
                "is_site_boundary": "True",
                "score": 1.0
            },
            "geometry": {
                "type": "MultiPolygon",
                "coordinates": [
                    [
                        [
                            [
                                55.386893,
                                25.089032
                            ],
                            [
                                55.388764,
                                25.088076
                            ],
                            [
                                55.388359,
                                25.087457
                            ],
                            [
                                55.38655,
                                25.088471
                            ],
                            [
                                55.386893,
                                25.089032
                            ]
                        ]
                    ]
                ]
            }
        },
        {
            "type": "Feature",
            "properties": {
                "observation_date": "2018-04-08",
                "source": "18APR08071427-P1BS-014858888010_01_P003",
                "sensor_name": "WorldView",
                "type": "observation",
                "current_phase": "Active Construction",
                "is_occluded": "False",
                "is_site_boundary": "True",
                "score": 1.0
            },
            "geometry": {
                "type": "MultiPolygon",
                "coordinates": [
                    [
                        [
                            [
                                55.386887,
                                25.089026
                            ],
                            [
                                55.388756,
                                25.08807
                            ],
                            [
                                55.388351,
                                25.087451
                            ],
                            [
                                55.386544,
                                25.088465
                            ],
                            [
                                55.386887,
                                25.089026
                            ]
                        ]
                    ]
                ]
            }
        },
        {
            "type": "Feature",
            "properties": {
                "observation_date": "2018-04-27",
                "source": "LC08_L1TP_160043_20180427_20200901_02_T1_TCI",
                "sensor_name": "Landsat 8",
                "type": "observation",
                "current_phase": "Active Construction",
                "is_occluded": "False",
                "is_site_boundary": "True",
                "score": 1.0
            },
            "geometry": {
                "type": "MultiPolygon",
                "coordinates": [
                    [
                        [
                            [
                                55.386853,
                                25.089039
                            ],
                            [
                                55.3887,
                                25.088084
                            ],
                            [
                                55.3883,
                                25.087465
                            ],
                            [
                                55.386515,
                                25.088479
                            ],
                            [
                                55.386853,
                                25.089039
                            ]
                        ]
                    ]
                ]
            }
        },
        {
            "type": "Feature",
            "properties": {
                "observation_date": "2018-04-29",
                "source": "S2A_40RCN_20180429_0_L2A_TCI",
                "sensor_name": "Sentinel-2",
                "type": "observation",
                "current_phase": "Active Construction",
                "is_occluded": "False",
                "is_site_boundary": "True",
                "score": 1.0
            },
            "geometry": {
                "type": "MultiPolygon",
                "coordinates": [
                    [
                        [
                            [
                                55.386901,
                                25.089048
                            ],
                            [
                                55.388772,
                                25.088092
                            ],
                            [
                                55.388367,
                                25.087473
                            ],
                            [
                                55.386558,
                                25.088487
                            ],
                            [
                                55.386901,
                                25.089048
                            ]
                        ]
                    ]
                ]
            }
        },
        {
            "type": "Feature",
            "properties": {
                "observation_date": "2018-05-04",
                "source": "18MAY04072739-P1BS-014858843010_01_P006",
                "sensor_name": "WorldView",
                "type": "observation",
                "current_phase": "Active Construction",
                "is_occluded": "False",
                "is_site_boundary": "True",
                "score": 1.0
            },
            "geometry": {
                "type": "MultiPolygon",
                "coordinates": [
                    [
                        [
                            [
                                55.386904,
                                25.089059
                            ],
                            [
                                55.388773,
                                25.088103
                            ],
                            [
                                55.388368,
                                25.087484
                            ],
                            [
                                55.386561,
                                25.088498
                            ],
                            [
                                55.386904,
                                25.089059
                            ]
                        ]
                    ]
                ]
            }
        },
        {
            "type": "Feature",
            "properties": {
                "observation_date": "2018-05-09",
                "source": "S2A_40RCN_20180509_0_L2A_TCI",
                "sensor_name": "Sentinel-2",
                "type": "observation",
                "current_phase": "Active Construction",
                "is_occluded": "False",
                "is_site_boundary": "True",
                "score": 1.0
            },
            "geometry": {
                "type": "MultiPolygon",
                "coordinates": [
                    [
                        [
                            [
                                55.386894,
                                25.089063
                            ],
                            [
                                55.388765,
                                25.088107
                            ],
                            [
                                55.388359,
                                25.087488
                            ],
                            [
                                55.38655,
                                25.088502
                            ],
                            [
                                55.386894,
                                25.089063
                            ]
                        ]
                    ]
                ]
            }
        },
        {
            "type": "Feature",
            "properties": {
                "observation_date": "2018-05-29",
                "source": "LC08_L1TP_160043_20180529_20201015_02_T1_TCI",
                "sensor_name": "Landsat 8",
                "type": "observation",
                "current_phase": "Active Construction",
                "is_occluded": "False",
                "is_site_boundary": "True",
                "score": 1.0
            },
            "geometry": {
                "type": "MultiPolygon",
                "coordinates": [
                    [
                        [
                            [
                                55.386839,
                                25.089069
                            ],
                            [
                                55.388686,
                                25.088113
                            ],
                            [
                                55.388285,
                                25.087495
                            ],
                            [
                                55.3865,
                                25.088508
                            ],
                            [
                                55.386839,
                                25.089069
                            ]
                        ]
                    ]
                ]
            }
        },
        {
            "type": "Feature",
            "properties": {
                "observation_date": "2018-06-23",
                "source": "S2B_40RCN_20180623_0_L2A_TCI",
                "sensor_name": "Sentinel-2",
                "type": "observation",
                "current_phase": "Active Construction",
                "is_occluded": "False",
                "is_site_boundary": "True",
                "score": 1.0
            },
            "geometry": {
                "type": "MultiPolygon",
                "coordinates": [
                    [
                        [
                            [
                                55.386867,
                                25.08907
                            ],
                            [
                                55.388738,
                                25.088114
                            ],
                            [
                                55.388333,
                                25.087495
                            ],
                            [
                                55.386524,
                                25.088509
                            ],
                            [
                                55.386867,
                                25.08907
                            ]
                        ]
                    ]
                ]
            }
        },
        {
            "type": "Feature",
            "properties": {
                "observation_date": "2018-06-30",
                "source": "LC08_L1TP_160043_20180630_20200831_02_T1_TCI",
                "sensor_name": "Landsat 8",
                "type": "observation",
                "current_phase": "Active Construction",
                "is_occluded": "False",
                "is_site_boundary": "True",
                "score": 1.0
            },
            "geometry": {
                "type": "MultiPolygon",
                "coordinates": [
                    [
                        [
                            [
                                55.386812,
                                25.089076
                            ],
                            [
                                55.38866,
                                25.088121
                            ],
                            [
                                55.388259,
                                25.087502
                            ],
                            [
                                55.386474,
                                25.088516
                            ],
                            [
                                55.386812,
                                25.089076
                            ]
                        ]
                    ]
                ]
            }
        },
        {
            "type": "Feature",
            "properties": {
                "observation_date": "2018-07-16",
                "source": "LC08_L1TP_160043_20180716_20200831_02_T1_TCI",
                "sensor_name": "Landsat 8",
                "type": "observation",
                "current_phase": "Active Construction",
                "is_occluded": "False",
                "is_site_boundary": "True",
                "score": 1.0
            },
            "geometry": {
                "type": "MultiPolygon",
                "coordinates": [
                    [
                        [
                            [
                                55.386799,
                                25.08908
                            ],
                            [
                                55.388646,
                                25.088125
                            ],
                            [
                                55.388246,
                                25.087506
                            ],
                            [
                                55.386461,
                                25.08852
                            ],
                            [
                                55.386799,
                                25.08908
                            ]
                        ]
                    ]
                ]
            }
        },
        {
            "type": "Feature",
            "properties": {
                "observation_date": "2018-07-18",
                "source": "S2A_40RCN_20180718_0_L2A_TCI",
                "sensor_name": "Sentinel-2",
                "type": "observation",
                "current_phase": "Active Construction",
                "is_occluded": "False",
                "is_site_boundary": "True",
                "score": 1.0
            },
            "geometry": {
                "type": "MultiPolygon",
                "coordinates": [
                    [
                        [
                            [
                                55.386827,
                                25.089082
                            ],
                            [
                                55.388699,
                                25.088126
                            ],
                            [
                                55.388293,
                                25.087507
                            ],
                            [
                                55.386484,
                                25.088521
                            ],
                            [
                                55.386827,
                                25.089082
                            ]
                        ]
                    ]
                ]
            }
        },
        {
            "type": "Feature",
            "properties": {
                "observation_date": "2018-08-01",
                "source": "LC08_L1TP_160043_20180801_20200831_02_T1_TCI",
                "sensor_name": "Landsat 8",
                "type": "observation",
                "current_phase": "Active Construction",
                "is_occluded": "False",
                "is_site_boundary": "True",
                "score": 1.0
            },
            "geometry": {
                "type": "MultiPolygon",
                "coordinates": [
                    [
                        [
                            [
                                55.386773,
                                25.089088
                            ],
                            [
                                55.38862,
                                25.088132
                            ],
                            [
                                55.38822,
                                25.087514
                            ],
                            [
                                55.386435,
                                25.088527
                            ],
                            [
                                55.386773,
                                25.089088
                            ]
                        ]
                    ]
                ]
            }
        },
        {
            "type": "Feature",
            "properties": {
                "observation_date": "2018-08-27",
                "source": "S2A_40RCN_20180827_0_L2A_TCI",
                "sensor_name": "Sentinel-2",
                "type": "observation",
                "current_phase": "Active Construction",
                "is_occluded": "False",
                "is_site_boundary": "True",
                "score": 1.0
            },
            "geometry": {
                "type": "MultiPolygon",
                "coordinates": [
                    [
                        [
                            [
                                55.386801,
                                25.089089
                            ],
                            [
                                55.388672,
                                25.088133
                            ],
                            [
                                55.388267,
                                25.087514
                            ],
                            [
                                55.386458,
                                25.088528
                            ],
                            [
                                55.386801,
                                25.089089
                            ]
                        ]
                    ]
                ]
            }
        },
        {
            "type": "Feature",
            "properties": {
                "observation_date": "2018-09-02",
                "source": "LC08_L1TP_160043_20180902_20200831_02_T1_TCI",
                "sensor_name": "Landsat 8",
                "type": "observation",
                "current_phase": "Active Construction",
                "is_occluded": "False",
                "is_site_boundary": "True",
                "score": 1.0
            },
            "geometry": {
                "type": "MultiPolygon",
                "coordinates": [
                    [
                        [
                            [
                                55.386747,
                                25.089095
                            ],
                            [
                                55.388594,
                                25.08814
                            ],
                            [
                                55.388194,
                                25.087521
                            ],
                            [
                                55.386408,
                                25.088535
                            ],
                            [
                                55.386747,
                                25.089095
                            ]
                        ]
                    ]
                ]
            }
        },
        {
            "type": "Feature",
            "properties": {
                "observation_date": "2018-09-21",
                "source": "S2B_40RCN_20180921_0_L2A_TCI",
                "sensor_name": "Sentinel-2",
                "type": "observation",
                "current_phase": "Active Construction",
                "is_occluded": "False",
                "is_site_boundary": "True",
                "score": 1.0
            },
            "geometry": {
                "type": "MultiPolygon",
                "coordinates": [
                    [
                        [
                            [
                                55.386775,
                                25.089097
                            ],
                            [
                                55.388646,
                                25.088141
                            ],
                            [
                                55.38824,
                                25.087522
                            ],
                            [
                                55.386431,
                                25.088536
                            ],
                            [
                                55.386775,
                                25.089097
                            ]
                        ]
                    ]
                ]
            }
        },
        {
            "type": "Feature",
            "properties": {
                "observation_date": "2018-10-04",
                "source": "LC08_L1TP_160043_20181004_20200830_02_T1_TCI",
                "sensor_name": "Landsat 8",
                "type": "observation",
                "current_phase": "Active Construction",
                "is_occluded": "False",
                "is_site_boundary": "True",
                "score": 1.0
            },
            "geometry": {
                "type": "MultiPolygon",
                "coordinates": [
                    [
                        [
                            [
                                55.386794,
                                25.08911
                            ],
                            [
                                55.388641,
                                25.088154
                            ],
                            [
                                55.388241,
                                25.087536
                            ],
                            [
                                55.386456,
                                25.088549
                            ],
                            [
                                55.386794,
                                25.08911
                            ]
                        ]
                    ]
                ]
            }
        },
        {
            "type": "Feature",
            "properties": {
                "observation_date": "2018-10-06",
                "source": "S2A_40RCN_20181006_0_L2A_TCI",
                "sensor_name": "Sentinel-2",
                "type": "observation",
                "current_phase": "Active Construction",
                "is_occluded": "False",
                "is_site_boundary": "True",
                "score": 1.0
            },
            "geometry": {
                "type": "MultiPolygon",
                "coordinates": [
                    [
                        [
                            [
                                55.386896,
                                25.089118
                            ],
                            [
                                55.388768,
                                25.088162
                            ],
                            [
                                55.388362,
                                25.087543
                            ],
                            [
                                55.386553,
                                25.088557
                            ],
                            [
                                55.386896,
                                25.089118
                            ]
                        ]
                    ]
                ]
            }
        },
        {
            "type": "Feature",
            "properties": {
                "observation_date": "2018-11-05",
                "source": "S2A_40RCN_20181105_0_L2A_TCI",
                "sensor_name": "Sentinel-2",
                "type": "observation",
                "current_phase": "Active Construction",
                "is_occluded": "False",
                "is_site_boundary": "True",
                "score": 1.0
            },
            "geometry": {
                "type": "MultiPolygon",
                "coordinates": [
                    [
                        [
                            [
                                55.386959,
                                25.089098
                            ],
                            [
                                55.38883,
                                25.088142
                            ],
                            [
                                55.388425,
                                25.087523
                            ],
                            [
                                55.386616,
                                25.088537
                            ],
                            [
                                55.386959,
                                25.089098
                            ]
                        ]
                    ]
                ]
            }
        },
        {
            "type": "Feature",
            "properties": {
                "observation_date": "2018-12-07",
                "source": "LC08_L1TP_160043_20181207_20200830_02_T1_TCI",
                "sensor_name": "Landsat 8",
                "type": "observation",
                "current_phase": "Active Construction",
                "is_occluded": "False",
                "is_site_boundary": "True",
                "score": 1.0
            },
            "geometry": {
                "type": "MultiPolygon",
                "coordinates": [
                    [
                        [
                            [
                                55.38704,
                                25.089058
                            ],
                            [
                                55.388887,
                                25.088103
                            ],
                            [
                                55.388487,
                                25.087484
                            ],
                            [
                                55.386701,
                                25.088498
                            ],
                            [
                                55.38704,
                                25.089058
                            ]
                        ]
                    ]
                ]
            }
        },
        {
            "type": "Feature",
            "properties": {
                "observation_date": "2018-12-20",
                "source": "S2B_40RCN_20181220_0_L2A_TCI",
                "sensor_name": "Sentinel-2",
                "type": "observation",
                "current_phase": "Active Construction",
                "is_occluded": "False",
                "is_site_boundary": "True",
                "score": 1.0
            },
            "geometry": {
                "type": "MultiPolygon",
                "coordinates": [
                    [
                        [
                            [
                                55.386844,
                                25.089124
                            ],
                            [
                                55.388716,
                                25.088168
                            ],
                            [
                                55.38831,
                                25.087549
                            ],
                            [
                                55.386501,
                                25.088563
                            ],
                            [
                                55.386844,
                                25.089124
                            ]
                        ]
                    ]
                ]
            }
        },
        {
            "type": "Feature",
            "properties": {
                "observation_date": "2019-01-04",
                "source": "S2A_40RCN_20190104_0_L2A_TCI",
                "sensor_name": "Sentinel-2",
                "type": "observation",
                "current_phase": "Active Construction",
                "is_occluded": "False",
                "is_site_boundary": "True",
                "score": 1.0
            },
            "geometry": {
                "type": "MultiPolygon",
                "coordinates": [
                    [
                        [
                            [
                                55.386844,
                                25.08911
                            ],
                            [
                                55.388715,
                                25.088153
                            ],
                            [
                                55.38831,
                                25.087534
                            ],
                            [
                                55.3865,
                                25.088548
                            ],
                            [
                                55.386844,
                                25.08911
                            ]
                        ]
                    ]
                ]
            }
        },
        {
            "type": "Feature",
            "properties": {
                "observation_date": "2019-02-18",
                "source": "S2B_40RCN_20190218_0_L2A_TCI",
                "sensor_name": "Sentinel-2",
                "type": "observation",
                "current_phase": "Active Construction",
                "is_occluded": "False",
                "is_site_boundary": "True",
                "score": 1.0
            },
            "geometry": {
                "type": "MultiPolygon",
                "coordinates": [
                    [
                        [
                            [
                                55.386843,
                                25.08908
                            ],
                            [
                                55.388714,
                                25.088124
                            ],
                            [
                                55.388309,
                                25.087505
                            ],
                            [
                                55.3865,
                                25.088519
                            ],
                            [
                                55.386843,
                                25.08908
                            ]
                        ]
                    ]
                ]
            }
        },
        {
            "type": "Feature",
            "properties": {
                "observation_date": "2019-02-25",
                "source": "LC08_L1TP_160043_20190225_20200829_02_T1_TCI",
                "sensor_name": "Landsat 8",
                "type": "observation",
                "current_phase": "Active Construction",
                "is_occluded": "False",
                "is_site_boundary": "True",
                "score": 1.0
            },
            "geometry": {
                "type": "MultiPolygon",
                "coordinates": [
                    [
                        [
                            [
                                55.386808,
                                25.089082
                            ],
                            [
                                55.388655,
                                25.088127
                            ],
                            [
                                55.388254,
                                25.087509
                            ],
                            [
                                55.386469,
                                25.088522
                            ],
                            [
                                55.386808,
                                25.089082
                            ]
                        ]
                    ]
                ]
            }
        },
        {
            "type": "Feature",
            "properties": {
                "observation_date": "2019-03-05",
                "source": "S2A_40RCN_20190305_0_L2A_TCI",
                "sensor_name": "Sentinel-2",
                "type": "observation",
                "current_phase": "Active Construction",
                "is_occluded": "False",
                "is_site_boundary": "True",
                "score": 1.0
            },
            "geometry": {
                "type": "MultiPolygon",
                "coordinates": [
                    [
                        [
                            [
                                55.386855,
                                25.08908
                            ],
                            [
                                55.388726,
                                25.088124
                            ],
                            [
                                55.38832,
                                25.087505
                            ],
                            [
                                55.386511,
                                25.088519
                            ],
                            [
                                55.386855,
                                25.08908
                            ]
                        ]
                    ]
                ]
            }
        },
        {
            "type": "Feature",
            "properties": {
                "observation_date": "2019-03-29",
                "source": "LC08_L1TP_160043_20190329_20200829_02_T1_TCI",
                "sensor_name": "Landsat 8",
                "type": "observation",
                "current_phase": "Active Construction",
                "is_occluded": "False",
                "is_site_boundary": "True",
                "score": 1.0
            },
            "geometry": {
                "type": "MultiPolygon",
                "coordinates": [
                    [
                        [
                            [
                                55.386819,
                                25.089082
                            ],
                            [
                                55.388666,
                                25.088127
                            ],
                            [
                                55.388266,
                                25.087509
                            ],
                            [
                                55.38648,
                                25.088522
                            ],
                            [
                                55.386819,
                                25.089082
                            ]
                        ]
                    ]
                ]
            }
        },
        {
            "type": "Feature",
            "properties": {
                "observation_date": "2019-04-24",
                "source": "S2A_40RCN_20190424_0_L2A_TCI",
                "sensor_name": "Sentinel-2",
                "type": "observation",
                "current_phase": "Active Construction",
                "is_occluded": "False",
                "is_site_boundary": "True",
                "score": 1.0
            },
            "geometry": {
                "type": "MultiPolygon",
                "coordinates": [
                    [
                        [
                            [
                                55.386872,
                                25.089081
                            ],
                            [
                                55.388744,
                                25.088124
                            ],
                            [
                                55.388338,
                                25.087505
                            ],
                            [
                                55.386529,
                                25.088519
                            ],
                            [
                                55.386872,
                                25.089081
                            ]
                        ]
                    ]
                ]
            }
        },
        {
            "type": "Feature",
            "properties": {
                "observation_date": "2019-05-16",
                "source": "LC08_L1TP_160043_20190516_20200828_02_T1_TCI",
                "sensor_name": "Landsat 8",
                "type": "observation",
                "current_phase": "Active Construction",
                "is_occluded": "False",
                "is_site_boundary": "True",
                "score": 1.0
            },
            "geometry": {
                "type": "MultiPolygon",
                "coordinates": [
                    [
                        [
                            [
                                55.386836,
                                25.089083
                            ],
                            [
                                55.388683,
                                25.088127
                            ],
                            [
                                55.388283,
                                25.087509
                            ],
                            [
                                55.386497,
                                25.088522
                            ],
                            [
                                55.386836,
                                25.089083
                            ]
                        ]
                    ]
                ]
            }
        },
        {
            "type": "Feature",
            "properties": {
                "observation_date": "2019-05-29",
                "source": "S2B_40RCN_20190529_0_L2A_TCI",
                "sensor_name": "Sentinel-2",
                "type": "observation",
                "current_phase": "Active Construction",
                "is_occluded": "False",
                "is_site_boundary": "True",
                "score": 1.0
            },
            "geometry": {
                "type": "MultiPolygon",
                "coordinates": [
                    [
                        [
                            [
                                55.386884,
                                25.089081
                            ],
                            [
                                55.388755,
                                25.088124
                            ],
                            [
                                55.38835,
                                25.087506
                            ],
                            [
                                55.38654,
                                25.08852
                            ],
                            [
                                55.386884,
                                25.089081
                            ]
                        ]
                    ]
                ]
            }
        },
        {
            "type": "Feature",
            "properties": {
                "observation_date": "2019-06-17",
                "source": "LC08_L1TP_160043_20190617_20200827_02_T1_TCI",
                "sensor_name": "Landsat 8",
                "type": "observation",
                "current_phase": "Active Construction",
                "is_occluded": "False",
                "is_site_boundary": "True",
                "score": 1.0
            },
            "geometry": {
                "type": "MultiPolygon",
                "coordinates": [
                    [
                        [
                            [
                                55.386838,
                                25.089084
                            ],
                            [
                                55.388685,
                                25.088128
                            ],
                            [
                                55.388285,
                                25.08751
                            ],
                            [
                                55.386499,
                                25.088523
                            ],
                            [
                                55.386838,
                                25.089084
                            ]
                        ]
                    ]
                ]
            }
        },
        {
            "type": "Feature",
            "properties": {
                "observation_date": "2019-06-18",
                "source": "S2B_40RCN_20190618_0_L2A_TCI",
                "sensor_name": "Sentinel-2",
                "type": "observation",
                "current_phase": "Active Construction",
                "is_occluded": "False",
                "is_site_boundary": "True",
                "score": 1.0
            },
            "geometry": {
                "type": "MultiPolygon",
                "coordinates": [
                    [
                        [
                            [
                                55.386532,
                                25.088521
                            ],
                            [
                                55.388341,
                                25.087507
                            ],
                            [
                                55.388747,
                                25.088126
                            ],
                            [
                                55.386875,
                                25.089083
                            ],
                            [
                                55.386532,
                                25.088521
                            ]
                        ]
                    ]
                ]
            }
        },
        {
            "type": "Feature",
            "properties": {
                "observation_date": "2019-06-24",
                "source": "19JUN24095642-P1BS-502619570010_01_P001",
                "sensor_name": "WorldView",
                "type": "observation",
                "current_phase": "Unknown",
                "is_occluded": "False",
                "is_site_boundary": "True",
                "score": 1.0
            },
            "geometry": {
                "type": "MultiPolygon",
                "coordinates": [
                    [
                        [
                            [
                                55.386582,
                                25.088495
                            ],
                            [
                                55.388389,
                                25.087481
                            ],
                            [
                                55.388794,
                                25.0881
                            ],
                            [
                                55.386925,
                                25.089056
                            ],
                            [
                                55.386582,
                                25.088495
                            ]
                        ]
                    ]
                ]
            }
        },
        {
            "type": "Feature",
            "properties": {
                "observation_date": "2019-07-03",
                "source": "LC08_L1TP_160043_20190703_20200827_02_T1_TCI",
                "sensor_name": "Landsat 8",
                "type": "observation",
                "current_phase": "Unknown",
                "is_occluded": "False",
                "is_site_boundary": "True",
                "score": 1.0
            },
            "geometry": {
                "type": "MultiPolygon",
                "coordinates": [
                    [
                        [
                            [
                                55.386893,
                                25.089085
                            ],
                            [
                                55.38874,
                                25.08813
                            ],
                            [
                                55.38834,
                                25.087511
                            ],
                            [
                                55.386554,
                                25.088525
                            ],
                            [
                                55.386893,
                                25.089085
                            ]
                        ]
                    ]
                ]
            }
        },
        {
            "type": "Feature",
            "properties": {
                "observation_date": "2019-07-13",
                "source": "S2A_40RCN_20190713_0_L2A_TCI",
                "sensor_name": "Sentinel-2",
                "type": "observation",
                "current_phase": "Unknown",
                "is_occluded": "False",
                "is_site_boundary": "True",
                "score": 1.0
            },
            "geometry": {
                "type": "MultiPolygon",
                "coordinates": [
                    [
                        [
                            [
                                55.386599,
                                25.088549
                            ],
                            [
                                55.388408,
                                25.087535
                            ],
                            [
                                55.388814,
                                25.088154
                            ],
                            [
                                55.386942,
                                25.08911
                            ],
                            [
                                55.386599,
                                25.088549
                            ]
                        ]
                    ]
                ]
            }
        },
        {
            "type": "Feature",
            "properties": {
                "observation_date": "2019-08-17",
                "source": "S2B_40RCN_20190817_0_L2A_TCI",
                "sensor_name": "Sentinel-2",
                "type": "observation",
                "current_phase": "Post Construction",
                "is_occluded": "False",
                "is_site_boundary": "True",
                "score": 1.0
            },
            "geometry": {
                "type": "MultiPolygon",
                "coordinates": [
                    [
                        [
                            [
                                55.386508,
                                25.088494
                            ],
                            [
                                55.388317,
                                25.08748
                            ],
                            [
                                55.388723,
                                25.088099
                            ],
                            [
                                55.386851,
                                25.089055
                            ],
                            [
                                55.386508,
                                25.088494
                            ]
                        ]
                    ]
                ]
            }
        },
        {
            "type": "Feature",
            "properties": {
                "observation_date": "2019-08-20",
                "source": "LC08_L1TP_160043_20190820_20200827_02_T1_TCI",
                "sensor_name": "Landsat 8",
                "type": "observation",
                "current_phase": "Post Construction",
                "is_occluded": "False",
                "is_site_boundary": "True",
                "score": 1.0
            },
            "geometry": {
                "type": "MultiPolygon",
                "coordinates": [
                    [
                        [
                            [
                                55.386822,
                                25.089079
                            ],
                            [
                                55.388669,
                                25.088124
                            ],
                            [
                                55.388268,
                                25.087505
                            ],
                            [
                                55.386483,
                                25.088519
                            ],
                            [
                                55.386822,
                                25.089079
                            ]
                        ]
                    ]
                ]
            }
        },
        {
            "type": "Feature",
            "properties": {
                "observation_date": "2019-08-29",
                "source": "19AUG29070515-M1BS-502626884040_05_P018",
                "sensor_name": "WorldView",
                "type": "observation",
                "current_phase": "Post Construction",
                "is_occluded": "False",
                "is_site_boundary": "True",
                "score": 1.0
            },
            "geometry": {
                "type": "MultiPolygon",
                "coordinates": [
                    [
                        [
                            [
                                55.386871,
                                25.089098
                            ],
                            [
                                55.38874,
                                25.088142
                            ],
                            [
                                55.388335,
                                25.087523
                            ],
                            [
                                55.386528,
                                25.088537
                            ],
                            [
                                55.386871,
                                25.089098
                            ]
                        ]
                    ]
                ]
            }
        },
        {
            "type": "Feature",
            "properties": {
                "observation_date": "2019-09-21",
                "source": "LC08_L1TP_160043_20190921_20200826_02_T1_TCI",
                "sensor_name": "Landsat 8",
                "type": "observation",
                "current_phase": "Post Construction",
                "is_occluded": "False",
                "is_site_boundary": "True",
                "score": 1.0
            },
            "geometry": {
                "type": "MultiPolygon",
                "coordinates": [
                    [
                        [
                            [
                                55.386806,
                                25.089093
                            ],
                            [
                                55.388653,
                                25.088137
                            ],
                            [
                                55.388253,
                                25.087519
                            ],
                            [
                                55.386467,
                                25.088532
                            ],
                            [
                                55.386806,
                                25.089093
                            ]
                        ]
                    ]
                ]
            }
        },
        {
            "type": "Feature",
            "properties": {
                "observation_date": "2019-09-26",
                "source": "S2B_40RCN_20190926_0_L2A_TCI",
                "sensor_name": "Sentinel-2",
                "type": "observation",
                "current_phase": "Post Construction",
                "is_occluded": "False",
                "is_site_boundary": "True",
                "score": 1.0
            },
            "geometry": {
                "type": "MultiPolygon",
                "coordinates": [
                    [
                        [
                            [
                                55.38682,
                                25.089083
                            ],
                            [
                                55.388691,
                                25.088127
                            ],
                            [
                                55.388286,
                                25.087508
                            ],
                            [
                                55.386477,
                                25.088522
                            ],
                            [
                                55.38682,
                                25.089083
                            ]
                        ]
                    ]
                ]
            }
        },
        {
            "type": "Feature",
            "properties": {
                "observation_date": "2019-10-07",
                "source": "LC08_L1TP_160043_20191007_20200825_02_T1_TCI",
                "sensor_name": "Landsat 8",
                "type": "observation",
                "current_phase": "Post Construction",
                "is_occluded": "False",
                "is_site_boundary": "True",
                "score": 1.0
            },
            "geometry": {
                "type": "MultiPolygon",
                "coordinates": [
                    [
                        [
                            [
                                55.38677,
                                25.089103
                            ],
                            [
                                55.388617,
                                25.088148
                            ],
                            [
                                55.388217,
                                25.087529
                            ],
                            [
                                55.386431,
                                25.088543
                            ],
                            [
                                55.38677,
                                25.089103
                            ]
                        ]
                    ]
                ]
            }
        },
        {
            "type": "Feature",
            "properties": {
                "observation_date": "2019-10-21",
                "source": "S2A_40RCN_20191021_0_L2A_TCI",
                "sensor_name": "Sentinel-2",
                "type": "observation",
                "current_phase": "Post Construction",
                "is_occluded": "False",
                "is_site_boundary": "True",
                "score": 1.0
            },
            "geometry": {
                "type": "MultiPolygon",
                "coordinates": [
                    [
                        [
                            [
                                55.386802,
                                25.08912
                            ],
                            [
                                55.388673,
                                25.088163
                            ],
                            [
                                55.388267,
                                25.087545
                            ],
                            [
                                55.386458,
                                25.088559
                            ],
                            [
                                55.386802,
                                25.08912
                            ]
                        ]
                    ]
                ]
            }
        },
        {
            "type": "Feature",
            "properties": {
                "observation_date": "2019-11-24",
                "source": "LC08_L1TP_160043_20191124_20200825_02_T1_TCI",
                "sensor_name": "Landsat 8",
                "type": "observation",
                "current_phase": "Post Construction",
                "is_occluded": "False",
                "is_site_boundary": "True",
                "score": 1.0
            },
            "geometry": {
                "type": "MultiPolygon",
                "coordinates": [
                    [
                        [
                            [
                                55.386743,
                                25.089159
                            ],
                            [
                                55.38859,
                                25.088203
                            ],
                            [
                                55.388189,
                                25.087585
                            ],
                            [
                                55.386404,
                                25.088598
                            ],
                            [
                                55.386743,
                                25.089159
                            ]
                        ]
                    ]
                ]
            }
        },
        {
            "type": "Feature",
            "properties": {
                "observation_date": "2019-12-25",
                "source": "S2B_40RCN_20191225_0_L2A_TCI",
                "sensor_name": "Sentinel-2",
                "type": "observation",
                "current_phase": "Post Construction",
                "is_occluded": "False",
                "is_site_boundary": "True",
                "score": 1.0
            },
            "geometry": {
                "type": "MultiPolygon",
                "coordinates": [
                    [
                        [
                            [
                                55.38643,
                                25.088614
                            ],
                            [
                                55.38824,
                                25.0876
                            ],
                            [
                                55.388645,
                                25.088219
                            ],
                            [
                                55.386774,
                                25.089175
                            ],
                            [
                                55.38643,
                                25.088614
                            ]
                        ]
                    ]
                ]
            }
        }
    ]
}