{
    "type": "FeatureCollection",
    "features": [
        {
            "type": "Feature",
            "properties": {
                "type": "site",
                "region_id": "AE_R002",
                "site_id": "AE_R002_0016",
                "version": "2.0.0",
                "status": "positive_annotated",
                "mgrs": "40RCN",
                "score": 1.0,
                "start_date": "2016-08-27",
                "end_date": "2021-10-10",
                "model_content": "annotation",
                "originator": "te",
                "validated": "True",
                "misc_info": {
                    "commit_hash": "8e08692eda2dec643e6abab764d830cd0f7f4055"
                }
            },
            "geometry": {
                "type": "Polygon",
                "coordinates": [
                    [
                        [
                            55.235231,
                            25.045678
                        ],
                        [
                            55.235231,
                            25.045675
                        ],
                        [
                            55.234671,
                            25.045669
                        ],
                        [
                            55.23423,
                            25.045627
                        ],
                        [
                            55.234226,
                            25.045639
                        ],
                        [
                            55.234217,
                            25.045638
                        ],
                        [
                            55.233939,
                            25.046503
                        ],
                        [
                            55.233976,
                            25.046508
                        ],
                        [
                            55.233959,
                            25.04656
                        ],
                        [
                            55.233986,
                            25.046563
                        ],
                        [
                            55.233974,
                            25.0466
                        ],
                        [
                            55.233979,
                            25.046601
                        ],
                        [
                            55.233975,
                            25.046614
                        ],
                        [
                            55.233976,
                            25.046614
                        ],
                        [
                            55.233973,
                            25.046623
                        ],
                        [
                            55.233974,
                            25.046623
                        ],
                        [
                            55.233971,
                            25.046633
                        ],
                        [
                            55.234355,
                            25.046682
                        ],
                        [
                            55.235004,
                            25.046721
                        ],
                        [
                            55.235016,
                            25.046721
                        ],
                        [
                            55.235054,
                            25.046723
                        ],
                        [
                            55.235368,
                            25.046716
                        ],
                        [
                            55.235368,
                            25.046715
                        ],
                        [
                            55.235369,
                            25.046715
                        ],
                        [
                            55.235369,
                            25.046712
                        ],
                        [
                            55.23537,
                            25.046712
                        ],
                        [
                            55.23537,
                            25.04671
                        ],
                        [
                            55.235372,
                            25.04671
                        ],
                        [
                            55.235372,
                            25.046708
                        ],
                        [
                            55.235373,
                            25.046708
                        ],
                        [
                            55.235372,
                            25.046696
                        ],
                        [
                            55.235374,
                            25.046696
                        ],
                        [
                            55.235373,
                            25.046686
                        ],
                        [
                            55.235375,
                            25.046686
                        ],
                        [
                            55.235375,
                            25.046681
                        ],
                        [
                            55.235375,
                            25.046676
                        ],
                        [
                            55.235372,
                            25.046633
                        ],
                        [
                            55.235391,
                            25.046633
                        ],
                        [
                            55.235391,
                            25.046631
                        ],
                        [
                            55.235409,
                            25.046631
                        ],
                        [
                            55.235407,
                            25.046606
                        ],
                        [
                            55.235424,
                            25.046606
                        ],
                        [
                            55.235423,
                            25.046594
                        ],
                        [
                            55.235432,
                            25.046594
                        ],
                        [
                            55.235366,
                            25.045695
                        ],
                        [
                            55.235362,
                            25.045695
                        ],
                        [
                            55.235362,
                            25.045694
                        ],
                        [
                            55.235349,
                            25.045694
                        ],
                        [
                            55.235349,
                            25.045692
                        ],
                        [
                            55.235341,
                            25.045692
                        ],
                        [
                            55.235341,
                            25.04569
                        ],
                        [
                            55.235324,
                            25.04569
                        ],
                        [
                            55.235324,
                            25.045688
                        ],
                        [
                            55.235311,
                            25.045688
                        ],
                        [
                            55.235311,
                            25.045686
                        ],
                        [
                            55.235303,
                            25.045686
                        ],
                        [
                            55.235303,
                            25.045684
                        ],
                        [
                            55.235294,
                            25.045684
                        ],
                        [
                            55.235294,
                            25.045683
                        ],
                        [
                            55.23529,
                            25.045683
                        ],
                        [
                            55.23529,
                            25.045682
                        ],
                        [
                            55.235278,
                            25.045682
                        ],
                        [
                            55.235278,
                            25.04568
                        ],
                        [
                            55.235256,
                            25.04568
                        ],
                        [
                            55.235256,
                            25.045679
                        ],
                        [
                            55.235247,
                            25.045679
                        ],
                        [
                            55.235247,
                            25.045678
                        ],
                        [
                            55.235231,
                            25.045678
                        ]
                    ]
                ]
            }
        },
        {
            "type": "Feature",
            "properties": {
                "observation_date": "2016-08-27",
                "source": "20160827_LS_AE_Rxxx_x016_LC08_L1TP_160043_20160827_20200906_02_T1_TCI",
                "sensor_name": "Landsat 8",
                "type": "observation",
                "current_phase": "No Activity",
                "is_occluded": "False",
                "is_site_boundary": "True",
                "score": 1.0
            },
            "geometry": {
                "type": "MultiPolygon",
                "coordinates": [
                    [
                        [
                            [
                                55.235375,
                                25.046676
                            ],
                            [
                                55.23531,
                                25.045776
                            ],
                            [
                                55.234743,
                                25.045771
                            ],
                            [
                                55.234298,
                                25.045728
                            ],
                            [
                                55.234016,
                                25.046594
                            ],
                            [
                                55.234404,
                                25.046644
                            ],
                            [
                                55.235061,
                                25.046683
                            ],
                            [
                                55.235375,
                                25.046676
                            ]
                        ]
                    ]
                ]
            }
        },
        {
            "type": "Feature",
            "properties": {
                "observation_date": "2016-09-28",
                "source": "20160928_LS_AE_Rxxx_x016_LC08_L1TP_160043_20160928_20200906_02_T1_TCI",
                "sensor_name": "Landsat 8",
                "type": "observation",
                "current_phase": "No Activity",
                "is_occluded": "False",
                "is_site_boundary": "True",
                "score": 1.0
            },
            "geometry": {
                "type": "MultiPolygon",
                "coordinates": [
                    [
                        [
                            [
                                55.235375,
                                25.046681
                            ],
                            [
                                55.235309,
                                25.045781
                            ],
                            [
                                55.234742,
                                25.045775
                            ],
                            [
                                55.234297,
                                25.045733
                            ],
                            [
                                55.234015,
                                25.046599
                            ],
                            [
                                55.234403,
                                25.046649
                            ],
                            [
                                55.235061,
                                25.046688
                            ],
                            [
                                55.235375,
                                25.046681
                            ]
                        ]
                    ]
                ]
            }
        },
        {
            "type": "Feature",
            "properties": {
                "observation_date": "2016-10-30",
                "source": "20161030_LS_AE_Rxxx_x016_LC08_L1TP_160043_20161030_20200905_02_T1_TCI",
                "sensor_name": "Landsat 8",
                "type": "observation",
                "current_phase": "No Activity",
                "is_occluded": "False",
                "is_site_boundary": "True",
                "score": 1.0
            },
            "geometry": {
                "type": "MultiPolygon",
                "coordinates": [
                    [
                        [
                            [
                                55.235374,
                                25.046686
                            ],
                            [
                                55.235308,
                                25.045786
                            ],
                            [
                                55.234741,
                                25.04578
                            ],
                            [
                                55.234296,
                                25.045738
                            ],
                            [
                                55.234014,
                                25.046604
                            ],
                            [
                                55.234402,
                                25.046653
                            ],
                            [
                                55.23506,
                                25.046693
                            ],
                            [
                                55.235374,
                                25.046686
                            ]
                        ]
                    ]
                ]
            }
        },
        {
            "type": "Feature",
            "properties": {
                "observation_date": "2016-11-15",
                "source": "20161115_LS_AE_Rxxx_x016_LC08_L1TP_160043_20161115_20200905_02_T1_TCI",
                "sensor_name": "Landsat 8",
                "type": "observation",
                "current_phase": "No Activity",
                "is_occluded": "False",
                "is_site_boundary": "True",
                "score": 1.0
            },
            "geometry": {
                "type": "MultiPolygon",
                "coordinates": [
                    [
                        [
                            [
                                55.235373,
                                25.04669
                            ],
                            [
                                55.235307,
                                25.045791
                            ],
                            [
                                55.23474,
                                25.045785
                            ],
                            [
                                55.234295,
                                25.045742
                            ],
                            [
                                55.234013,
                                25.046609
                            ],
                            [
                                55.234401,
                                25.046658
                            ],
                            [
                                55.235059,
                                25.046697
                            ],
                            [
                                55.235373,
                                25.04669
                            ]
                        ]
                    ]
                ]
            }
        },
        {
            "type": "Feature",
            "properties": {
                "observation_date": "2016-12-01",
                "source": "20161201_LS_AE_Rxxx_x016_LC08_L1TP_160043_20161201_20200905_02_T1_TCI",
                "sensor_name": "Landsat 8",
                "type": "observation",
                "current_phase": "No Activity",
                "is_occluded": "False",
                "is_site_boundary": "True",
                "score": 1.0
            },
            "geometry": {
                "type": "MultiPolygon",
                "coordinates": [
                    [
                        [
                            [
                                55.235372,
                                25.046695
                            ],
                            [
                                55.235306,
                                25.045795
                            ],
                            [
                                55.234739,
                                25.045789
                            ],
                            [
                                55.234294,
                                25.045747
                            ],
                            [
                                55.234012,
                                25.046613
                            ],
                            [
                                55.2344,
                                25.046663
                            ],
                            [
                                55.235058,
                                25.046702
                            ],
                            [
                                55.235372,
                                25.046695
                            ]
                        ]
                    ]
                ]
            }
        },
        {
            "type": "Feature",
            "properties": {
                "observation_date": "2017-01-04",
                "source": "20170104_S2_AE_Rxxx_x016_S2A_40RCN_20170104_0_L2A_TCI",
                "sensor_name": "Sentinel-2",
                "type": "observation",
                "current_phase": "No Activity",
                "is_occluded": "False",
                "is_site_boundary": "True",
                "score": 1.0
            },
            "geometry": {
                "type": "MultiPolygon",
                "coordinates": [
                    [
                        [
                            [
                                55.235318,
                                25.046695
                            ],
                            [
                                55.235254,
                                25.045794
                            ],
                            [
                                55.234694,
                                25.045789
                            ],
                            [
                                55.234253,
                                25.045746
                            ],
                            [
                                55.233975,
                                25.046614
                            ],
                            [
                                55.234359,
                                25.046663
                            ],
                            [
                                55.235008,
                                25.046702
                            ],
                            [
                                55.235318,
                                25.046695
                            ]
                        ]
                    ]
                ]
            }
        },
        {
            "type": "Feature",
            "properties": {
                "observation_date": "2017-03-07",
                "source": "20170307_LS_AE_Rxxx_x016_LC08_L1TP_160043_20170307_20200905_02_T1_TCI",
                "sensor_name": "Landsat 8",
                "type": "observation",
                "current_phase": "No Activity",
                "is_occluded": "False",
                "is_site_boundary": "True",
                "score": 1.0
            },
            "geometry": {
                "type": "MultiPolygon",
                "coordinates": [
                    [
                        [
                            [
                                55.23537,
                                25.046704
                            ],
                            [
                                55.235304,
                                25.045805
                            ],
                            [
                                55.234738,
                                25.045799
                            ],
                            [
                                55.234292,
                                25.045756
                            ],
                            [
                                55.23401,
                                25.046623
                            ],
                            [
                                55.234398,
                                25.046672
                            ],
                            [
                                55.235056,
                                25.046711
                            ],
                            [
                                55.23537,
                                25.046704
                            ]
                        ]
                    ]
                ]
            }
        },
        {
            "type": "Feature",
            "properties": {
                "observation_date": "2017-03-15",
                "source": "20170315_S2_AE_Rxxx_x016_S2A_40RCN_20170315_0_L2A_TCI",
                "sensor_name": "Sentinel-2",
                "type": "observation",
                "current_phase": "No Activity",
                "is_occluded": "False",
                "is_site_boundary": "True",
                "score": 1.0
            },
            "geometry": {
                "type": "MultiPolygon",
                "coordinates": [
                    [
                        [
                            [
                                55.235316,
                                25.046705
                            ],
                            [
                                55.235252,
                                25.045804
                            ],
                            [
                                55.234692,
                                25.045798
                            ],
                            [
                                55.234252,
                                25.045756
                            ],
                            [
                                55.233973,
                                25.046623
                            ],
                            [
                                55.234357,
                                25.046673
                            ],
                            [
                                55.235006,
                                25.046712
                            ],
                            [
                                55.235316,
                                25.046705
                            ]
                        ]
                    ]
                ]
            }
        },
        {
            "type": "Feature",
            "properties": {
                "observation_date": "2017-04-08",
                "source": "20170408_LS_AE_Rxxx_x016_LC08_L1TP_160043_20170408_20200904_02_T1_TCI",
                "sensor_name": "Landsat 8",
                "type": "observation",
                "current_phase": "No Activity",
                "is_occluded": "False",
                "is_site_boundary": "True",
                "score": 1.0
            },
            "geometry": {
                "type": "MultiPolygon",
                "coordinates": [
                    [
                        [
                            [
                                55.235368,
                                25.046714
                            ],
                            [
                                55.235302,
                                25.045814
                            ],
                            [
                                55.234736,
                                25.045808
                            ],
                            [
                                55.23429,
                                25.045766
                            ],
                            [
                                55.234008,
                                25.046632
                            ],
                            [
                                55.234396,
                                25.046682
                            ],
                            [
                                55.235054,
                                25.046721
                            ],
                            [
                                55.235368,
                                25.046714
                            ]
                        ]
                    ]
                ]
            }
        },
        {
            "type": "Feature",
            "properties": {
                "observation_date": "2017-04-24",
                "source": "20170424_S2_AE_Rxxx_x016_S2A_40RCN_20170424_0_L2A_TCI",
                "sensor_name": "Sentinel-2",
                "type": "observation",
                "current_phase": "No Activity",
                "is_occluded": "False",
                "is_site_boundary": "True",
                "score": 1.0
            },
            "geometry": {
                "type": "MultiPolygon",
                "coordinates": [
                    [
                        [
                            [
                                55.235315,
                                25.046714
                            ],
                            [
                                55.23525,
                                25.045813
                            ],
                            [
                                55.23469,
                                25.045808
                            ],
                            [
                                55.23425,
                                25.045765
                            ],
                            [
                                55.233971,
                                25.046633
                            ],
                            [
                                55.234355,
                                25.046682
                            ],
                            [
                                55.235004,
                                25.046721
                            ],
                            [
                                55.235315,
                                25.046714
                            ]
                        ]
                    ]
                ]
            }
        },
        {
            "type": "Feature",
            "properties": {
                "observation_date": "2017-05-04",
                "source": "20170504_S2_AE_Rxxx_x016_S2A_40RCN_20170504_0_L2A_TCI",
                "sensor_name": "Sentinel-2",
                "type": "observation",
                "current_phase": "No Activity",
                "is_occluded": "False",
                "is_site_boundary": "True",
                "score": 1.0
            },
            "geometry": {
                "type": "MultiPolygon",
                "coordinates": [
                    [
                        [
                            [
                                55.235315,
                                25.046713
                            ],
                            [
                                55.23525,
                                25.045812
                            ],
                            [
                                55.234691,
                                25.045806
                            ],
                            [
                                55.23425,
                                25.045764
                            ],
                            [
                                55.233972,
                                25.046632
                            ],
                            [
                                55.234355,
                                25.046681
                            ],
                            [
                                55.235005,
                                25.04672
                            ],
                            [
                                55.235315,
                                25.046713
                            ]
                        ]
                    ]
                ]
            }
        },
        {
            "type": "Feature",
            "properties": {
                "observation_date": "2017-05-26",
                "source": "20170526_LS_AE_Rxxx_x016_LC08_L1TP_160043_20170526_20200903_02_T1_TCI",
                "sensor_name": "Landsat 8",
                "type": "observation",
                "current_phase": "No Activity",
                "is_occluded": "False",
                "is_site_boundary": "True",
                "score": 1.0
            },
            "geometry": {
                "type": "MultiPolygon",
                "coordinates": [
                    [
                        [
                            [
                                55.235368,
                                25.046716
                            ],
                            [
                                55.235302,
                                25.045817
                            ],
                            [
                                55.234736,
                                25.045811
                            ],
                            [
                                55.23429,
                                25.045768
                            ],
                            [
                                55.234009,
                                25.046635
                            ],
                            [
                                55.234397,
                                25.046684
                            ],
                            [
                                55.235054,
                                25.046723
                            ],
                            [
                                55.235368,
                                25.046716
                            ]
                        ]
                    ]
                ]
            }
        },
        {
            "type": "Feature",
            "properties": {
                "observation_date": "2017-06-11",
                "source": "20170611_LS_AE_Rxxx_x016_LC08_L1TP_160043_20170611_20200903_02_T1_TCI",
                "sensor_name": "Landsat 8",
                "type": "observation",
                "current_phase": "No Activity",
                "is_occluded": "False",
                "is_site_boundary": "True",
                "score": 1.0
            },
            "geometry": {
                "type": "MultiPolygon",
                "coordinates": [
                    [
                        [
                            [
                                55.235369,
                                25.046715
                            ],
                            [
                                55.235303,
                                25.045816
                            ],
                            [
                                55.234736,
                                25.04581
                            ],
                            [
                                55.234291,
                                25.045767
                            ],
                            [
                                55.234009,
                                25.046634
                            ],
                            [
                                55.234397,
                                25.046683
                            ],
                            [
                                55.235055,
                                25.046722
                            ],
                            [
                                55.235369,
                                25.046715
                            ]
                        ]
                    ]
                ]
            }
        },
        {
            "type": "Feature",
            "properties": {
                "observation_date": "2017-06-13",
                "source": "20170613_S2_AE_Rxxx_x016_S2A_40RCN_20170613_0_L2A_TCI",
                "sensor_name": "Sentinel-2",
                "type": "observation",
                "current_phase": "No Activity",
                "is_occluded": "False",
                "is_site_boundary": "True",
                "score": 1.0
            },
            "geometry": {
                "type": "MultiPolygon",
                "coordinates": [
                    [
                        [
                            [
                                55.235317,
                                25.04671
                            ],
                            [
                                55.235252,
                                25.045809
                            ],
                            [
                                55.234692,
                                25.045803
                            ],
                            [
                                55.234252,
                                25.045761
                            ],
                            [
                                55.233974,
                                25.046628
                            ],
                            [
                                55.234357,
                                25.046678
                            ],
                            [
                                55.235007,
                                25.046717
                            ],
                            [
                                55.235317,
                                25.04671
                            ]
                        ]
                    ]
                ]
            }
        },
        {
            "type": "Feature",
            "properties": {
                "observation_date": "2017-07-23",
                "source": "20170723_S2_AE_Rxxx_x016_S2A_40RCN_20170723_0_L2A_TCI",
                "sensor_name": "Sentinel-2",
                "type": "observation",
                "current_phase": "No Activity",
                "is_occluded": "False",
                "is_site_boundary": "True",
                "score": 1.0
            },
            "geometry": {
                "type": "MultiPolygon",
                "coordinates": [
                    [
                        [
                            [
                                55.235317,
                                25.046709
                            ],
                            [
                                55.235253,
                                25.045808
                            ],
                            [
                                55.234693,
                                25.045802
                            ],
                            [
                                55.234253,
                                25.04576
                            ],
                            [
                                55.233974,
                                25.046627
                            ],
                            [
                                55.234358,
                                25.046677
                            ],
                            [
                                55.235007,
                                25.046716
                            ],
                            [
                                55.235317,
                                25.046709
                            ]
                        ]
                    ]
                ]
            }
        },
        {
            "type": "Feature",
            "properties": {
                "observation_date": "2017-07-29",
                "source": "20170729_LS_AE_Rxxx_x016_LC08_L1TP_160043_20170729_20200903_02_T1_TCI",
                "sensor_name": "Landsat 8",
                "type": "observation",
                "current_phase": "No Activity",
                "is_occluded": "False",
                "is_site_boundary": "True",
                "score": 1.0
            },
            "geometry": {
                "type": "MultiPolygon",
                "coordinates": [
                    [
                        [
                            [
                                55.23537,
                                25.046712
                            ],
                            [
                                55.235305,
                                25.045812
                            ],
                            [
                                55.234738,
                                25.045806
                            ],
                            [
                                55.234293,
                                25.045764
                            ],
                            [
                                55.234011,
                                25.04663
                            ],
                            [
                                55.234399,
                                25.04668
                            ],
                            [
                                55.235056,
                                25.046719
                            ],
                            [
                                55.23537,
                                25.046712
                            ]
                        ]
                    ]
                ]
            }
        },
        {
            "type": "Feature",
            "properties": {
                "observation_date": "2017-08-27",
                "source": "20170827_S2_AE_Rxxx_x016_S2B_40RCN_20170827_0_L2A_TCI",
                "sensor_name": "Sentinel-2",
                "type": "observation",
                "current_phase": "No Activity",
                "is_occluded": "False",
                "is_site_boundary": "True",
                "score": 1.0
            },
            "geometry": {
                "type": "MultiPolygon",
                "coordinates": [
                    [
                        [
                            [
                                55.235319,
                                25.046707
                            ],
                            [
                                55.235254,
                                25.045806
                            ],
                            [
                                55.234694,
                                25.0458
                            ],
                            [
                                55.234254,
                                25.045757
                            ],
                            [
                                55.233975,
                                25.046625
                            ],
                            [
                                55.234359,
                                25.046674
                            ],
                            [
                                55.235008,
                                25.046714
                            ],
                            [
                                55.235319,
                                25.046707
                            ]
                        ]
                    ]
                ]
            }
        },
        {
            "type": "Feature",
            "properties": {
                "observation_date": "2017-08-30",
                "source": "20170830_LS_AE_Rxxx_x016_LC08_L1TP_160043_20170830_20200903_02_T1_TCI",
                "sensor_name": "Landsat 8",
                "type": "observation",
                "current_phase": "No Activity",
                "is_occluded": "False",
                "is_site_boundary": "True",
                "score": 1.0
            },
            "geometry": {
                "type": "MultiPolygon",
                "coordinates": [
                    [
                        [
                            [
                                55.235372,
                                25.04671
                            ],
                            [
                                55.235306,
                                25.04581
                            ],
                            [
                                55.234739,
                                25.045804
                            ],
                            [
                                55.234294,
                                25.045762
                            ],
                            [
                                55.234012,
                                25.046628
                            ],
                            [
                                55.2344,
                                25.046678
                            ],
                            [
                                55.235058,
                                25.046717
                            ],
                            [
                                55.235372,
                                25.04671
                            ]
                        ]
                    ]
                ]
            }
        },
        {
            "type": "Feature",
            "properties": {
                "observation_date": "2017-09-06",
                "source": "20170906_S2_AE_Rxxx_x016_S2B_40RCN_20170906_0_L2A_TCI",
                "sensor_name": "Sentinel-2",
                "type": "observation",
                "current_phase": "No Activity",
                "is_occluded": "False",
                "is_site_boundary": "True",
                "score": 1.0
            },
            "geometry": {
                "type": "MultiPolygon",
                "coordinates": [
                    [
                        [
                            [
                                55.23532,
                                25.046704
                            ],
                            [
                                55.235255,
                                25.045803
                            ],
                            [
                                55.234695,
                                25.045798
                            ],
                            [
                                55.234255,
                                25.045755
                            ],
                            [
                                55.233976,
                                25.046623
                            ],
                            [
                                55.23436,
                                25.046672
                            ],
                            [
                                55.235009,
                                25.046711
                            ],
                            [
                                55.23532,
                                25.046704
                            ]
                        ]
                    ]
                ]
            }
        },
        {
            "type": "Feature",
            "properties": {
                "observation_date": "2017-09-15",
                "source": "20170915_LS_AE_Rxxx_x016_LC08_L1TP_160043_20170915_20200903_02_T1_TCI",
                "sensor_name": "Landsat 8",
                "type": "observation",
                "current_phase": "No Activity",
                "is_occluded": "False",
                "is_site_boundary": "True",
                "score": 1.0
            },
            "geometry": {
                "type": "MultiPolygon",
                "coordinates": [
                    [
                        [
                            [
                                55.235373,
                                25.046708
                            ],
                            [
                                55.235307,
                                25.045808
                            ],
                            [
                                55.23474,
                                25.045802
                            ],
                            [
                                55.234295,
                                25.04576
                            ],
                            [
                                55.234013,
                                25.046626
                            ],
                            [
                                55.234401,
                                25.046675
                            ],
                            [
                                55.235059,
                                25.046715
                            ],
                            [
                                55.235373,
                                25.046708
                            ]
                        ]
                    ]
                ]
            }
        },
        {
            "type": "Feature",
            "properties": {
                "observation_date": "2017-10-01",
                "source": "20171001_S2_AE_Rxxx_x016_S2A_40RCN_20171001_0_L2A_TCI",
                "sensor_name": "Sentinel-2",
                "type": "observation",
                "current_phase": "No Activity",
                "is_occluded": "False",
                "is_site_boundary": "True",
                "score": 1.0
            },
            "geometry": {
                "type": "MultiPolygon",
                "coordinates": [
                    [
                        [
                            [
                                55.235321,
                                25.046702
                            ],
                            [
                                55.235256,
                                25.045801
                            ],
                            [
                                55.234696,
                                25.045795
                            ],
                            [
                                55.234256,
                                25.045753
                            ],
                            [
                                55.233978,
                                25.046621
                            ],
                            [
                                55.234361,
                                25.04667
                            ],
                            [
                                55.235011,
                                25.046709
                            ],
                            [
                                55.235321,
                                25.046702
                            ]
                        ]
                    ]
                ]
            }
        },
        {
            "type": "Feature",
            "properties": {
                "observation_date": "2017-10-17",
                "source": "20171017_LS_AE_Rxxx_x016_LC08_L1TP_160043_20171017_20200902_02_T1_TCI",
                "sensor_name": "Landsat 8",
                "type": "observation",
                "current_phase": "No Activity",
                "is_occluded": "False",
                "is_site_boundary": "True",
                "score": 1.0
            },
            "geometry": {
                "type": "MultiPolygon",
                "coordinates": [
                    [
                        [
                            [
                                55.235374,
                                25.046696
                            ],
                            [
                                55.235308,
                                25.045797
                            ],
                            [
                                55.234742,
                                25.045791
                            ],
                            [
                                55.234296,
                                25.045748
                            ],
                            [
                                55.234015,
                                25.046615
                            ],
                            [
                                55.234403,
                                25.046664
                            ],
                            [
                                55.23506,
                                25.046703
                            ],
                            [
                                55.235374,
                                25.046696
                            ]
                        ]
                    ]
                ]
            }
        },
        {
            "type": "Feature",
            "properties": {
                "observation_date": "2017-11-02",
                "source": "20171102_LS_AE_Rxxx_x016_LC08_L1TP_160043_20171102_20200902_02_T1_TCI",
                "sensor_name": "Landsat 8",
                "type": "observation",
                "current_phase": "No Activity",
                "is_occluded": "False",
                "is_site_boundary": "True",
                "score": 1.0
            },
            "geometry": {
                "type": "MultiPolygon",
                "coordinates": [
                    [
                        [
                            [
                                55.235375,
                                25.046686
                            ],
                            [
                                55.235309,
                                25.045787
                            ],
                            [
                                55.234742,
                                25.045781
                            ],
                            [
                                55.234297,
                                25.045738
                            ],
                            [
                                55.234015,
                                25.046605
                            ],
                            [
                                55.234403,
                                25.046654
                            ],
                            [
                                55.235061,
                                25.046693
                            ],
                            [
                                55.235375,
                                25.046686
                            ]
                        ]
                    ]
                ]
            }
        },
        {
            "type": "Feature",
            "properties": {
                "observation_date": "2017-11-13",
                "source": "17NOV13095918-P1BS-501764823010_01_P002",
                "sensor_name": "WorldView",
                "type": "observation",
                "current_phase": "No Activity",
                "is_occluded": "False",
                "is_site_boundary": "True",
                "score": 1.0
            },
            "geometry": {
                "type": "MultiPolygon",
                "coordinates": [
                    [
                        [
                            [
                                55.235314,
                                25.046682
                            ],
                            [
                                55.23525,
                                25.045784
                            ],
                            [
                                55.234691,
                                25.045778
                            ],
                            [
                                55.234251,
                                25.045736
                            ],
                            [
                                55.233974,
                                25.0466
                            ],
                            [
                                55.234356,
                                25.046649
                            ],
                            [
                                55.235005,
                                25.046689
                            ],
                            [
                                55.235314,
                                25.046682
                            ]
                        ]
                    ]
                ]
            }
        },
        {
            "type": "Feature",
            "properties": {
                "observation_date": "2017-11-15",
                "source": "20171115_S2_AE_Rxxx_x016_S2B_40RCN_20171115_0_L2A_TCI",
                "sensor_name": "Sentinel-2",
                "type": "observation",
                "current_phase": "Unknown",
                "is_occluded": "False",
                "is_site_boundary": "True",
                "score": 1.0
            },
            "geometry": {
                "type": "MultiPolygon",
                "coordinates": [
                    [
                        [
                            [
                                55.235323,
                                25.046672
                            ],
                            [
                                55.235258,
                                25.045771
                            ],
                            [
                                55.234698,
                                25.045765
                            ],
                            [
                                55.234258,
                                25.045723
                            ],
                            [
                                55.23398,
                                25.04659
                            ],
                            [
                                55.234363,
                                25.04664
                            ],
                            [
                                55.235013,
                                25.046679
                            ],
                            [
                                55.235323,
                                25.046672
                            ]
                        ]
                    ]
                ]
            }
        },
        {
            "type": "Feature",
            "properties": {
                "observation_date": "2017-12-20",
                "source": "20171220_LS_AE_Rxxx_x016_LC08_L1TP_160043_20171220_20200902_02_T1_TCI",
                "sensor_name": "Landsat 8",
                "type": "observation",
                "current_phase": "Unknown",
                "is_occluded": "False",
                "is_site_boundary": "True",
                "score": 1.0
            },
            "geometry": {
                "type": "MultiPolygon",
                "coordinates": [
                    [
                        [
                            [
                                55.23537,
                                25.046659
                            ],
                            [
                                55.235304,
                                25.04576
                            ],
                            [
                                55.234738,
                                25.045754
                            ],
                            [
                                55.234292,
                                25.045711
                            ],
                            [
                                55.234018,
                                25.046578
                            ],
                            [
                                55.234399,
                                25.046627
                            ],
                            [
                                55.235056,
                                25.046666
                            ],
                            [
                                55.23537,
                                25.046659
                            ]
                        ]
                    ]
                ]
            }
        },
        {
            "type": "Feature",
            "properties": {
                "observation_date": "2017-12-30",
                "source": "20171230_S2_AE_Rxxx_x016_S2A_40RCN_20171230_0_L2A_TCI",
                "sensor_name": "Sentinel-2",
                "type": "observation",
                "current_phase": "Unknown",
                "is_occluded": "False",
                "is_site_boundary": "True",
                "score": 1.0
            },
            "geometry": {
                "type": "MultiPolygon",
                "coordinates": [
                    [
                        [
                            [
                                55.235312,
                                25.046638
                            ],
                            [
                                55.235248,
                                25.045737
                            ],
                            [
                                55.234688,
                                25.045731
                            ],
                            [
                                55.234248,
                                25.045689
                            ],
                            [
                                55.233983,
                                25.046557
                            ],
                            [
                                55.234353,
                                25.046606
                            ],
                            [
                                55.235002,
                                25.046645
                            ],
                            [
                                55.235312,
                                25.046638
                            ]
                        ]
                    ]
                ]
            }
        },
        {
            "type": "Feature",
            "properties": {
                "observation_date": "2018-01-24",
                "source": "20180124_S2_AE_Rxxx_x016_S2B_40RCN_20180124_0_L2A_TCI",
                "sensor_name": "Sentinel-2",
                "type": "observation",
                "current_phase": "Unknown",
                "is_occluded": "False",
                "is_site_boundary": "True",
                "score": 1.0
            },
            "geometry": {
                "type": "MultiPolygon",
                "coordinates": [
                    [
                        [
                            [
                                55.235307,
                                25.046621
                            ],
                            [
                                55.235242,
                                25.04572
                            ],
                            [
                                55.234683,
                                25.045714
                            ],
                            [
                                55.234242,
                                25.045672
                            ],
                            [
                                55.233985,
                                25.04654
                            ],
                            [
                                55.234347,
                                25.046589
                            ],
                            [
                                55.234997,
                                25.046628
                            ],
                            [
                                55.235307,
                                25.046621
                            ]
                        ]
                    ]
                ]
            }
        },
        {
            "type": "Feature",
            "properties": {
                "observation_date": "2018-02-03",
                "source": "20180203_S2_AE_Rxxx_x016_S2B_40RCN_20180203_0_L2A_TCI",
                "sensor_name": "Sentinel-2",
                "type": "observation",
                "current_phase": "Unknown",
                "is_occluded": "False",
                "is_site_boundary": "True",
                "score": 1.0
            },
            "geometry": {
                "type": "MultiPolygon",
                "coordinates": [
                    [
                        [
                            [
                                55.235302,
                                25.046604
                            ],
                            [
                                55.235237,
                                25.045703
                            ],
                            [
                                55.234677,
                                25.045697
                            ],
                            [
                                55.234237,
                                25.045655
                            ],
                            [
                                55.233987,
                                25.046523
                            ],
                            [
                                55.234342,
                                25.046572
                            ],
                            [
                                55.234992,
                                25.046611
                            ],
                            [
                                55.235302,
                                25.046604
                            ]
                        ]
                    ]
                ]
            }
        },
        {
            "type": "Feature",
            "properties": {
                "observation_date": "2018-02-06",
                "source": "20180206_LS_AE_Rxxx_x016_LC08_L1TP_160043_20180206_20200902_02_T1_TCI",
                "sensor_name": "Landsat 8",
                "type": "observation",
                "current_phase": "Unknown",
                "is_occluded": "False",
                "is_site_boundary": "True",
                "score": 1.0
            },
            "geometry": {
                "type": "MultiPolygon",
                "coordinates": [
                    [
                        [
                            [
                                55.235349,
                                25.046592
                            ],
                            [
                                55.235283,
                                25.045692
                            ],
                            [
                                55.234717,
                                25.045686
                            ],
                            [
                                55.234271,
                                25.045644
                            ],
                            [
                                55.234025,
                                25.04651
                            ],
                            [
                                55.234377,
                                25.046559
                            ],
                            [
                                55.235035,
                                25.046599
                            ],
                            [
                                55.235349,
                                25.046592
                            ]
                        ]
                    ]
                ]
            }
        },
        {
            "type": "Feature",
            "properties": {
                "observation_date": "2018-03-08",
                "source": "18MAR08072034-P1BS-502009134020_01_P003",
                "sensor_name": "WorldView",
                "type": "observation",
                "current_phase": "Site Preparation",
                "is_occluded": "False",
                "is_site_boundary": "True",
                "score": 1.0
            },
            "geometry": {
                "type": "MultiPolygon",
                "coordinates": [
                    [
                        [
                            [
                                55.235288,
                                25.046597
                            ],
                            [
                                55.235223,
                                25.0457
                            ],
                            [
                                55.234665,
                                25.045694
                            ],
                            [
                                55.234225,
                                25.045652
                            ],
                            [
                                55.233983,
                                25.046516
                            ],
                            [
                                55.23433,
                                25.046565
                            ],
                            [
                                55.234978,
                                25.046604
                            ],
                            [
                                55.235288,
                                25.046597
                            ]
                        ]
                    ]
                ]
            }
        },
        {
            "type": "Feature",
            "properties": {
                "observation_date": "2018-03-25",
                "source": "20180325_S2_AE_Rxxx_x016_S2B_40RCN_20180325_0_L2A_TCI",
                "sensor_name": "Sentinel-2",
                "type": "observation",
                "current_phase": "Site Preparation",
                "is_occluded": "False",
                "is_site_boundary": "True",
                "score": 1.0
            },
            "geometry": {
                "type": "MultiPolygon",
                "coordinates": [
                    [
                        [
                            [
                                55.235307,
                                25.046597
                            ],
                            [
                                55.235242,
                                25.045696
                            ],
                            [
                                55.234683,
                                25.045691
                            ],
                            [
                                55.234242,
                                25.045648
                            ],
                            [
                                55.233996,
                                25.046516
                            ],
                            [
                                55.234347,
                                25.046565
                            ],
                            [
                                55.234997,
                                25.046604
                            ],
                            [
                                55.235307,
                                25.046597
                            ]
                        ]
                    ]
                ]
            }
        },
        {
            "type": "Feature",
            "properties": {
                "observation_date": "2018-03-26",
                "source": "20180326_LS_AE_Rxxx_x016_LC08_L1TP_160043_20180326_20200901_02_T1_TCI",
                "sensor_name": "Landsat 8",
                "type": "observation",
                "current_phase": "Site Preparation",
                "is_occluded": "False",
                "is_site_boundary": "True",
                "score": 1.0
            },
            "geometry": {
                "type": "MultiPolygon",
                "coordinates": [
                    [
                        [
                            [
                                55.23537,
                                25.046612
                            ],
                            [
                                55.235304,
                                25.045712
                            ],
                            [
                                55.234738,
                                25.045707
                            ],
                            [
                                55.234292,
                                25.045664
                            ],
                            [
                                55.234039,
                                25.046531
                            ],
                            [
                                55.234399,
                                25.04658
                            ],
                            [
                                55.235056,
                                25.046619
                            ],
                            [
                                55.23537,
                                25.046612
                            ]
                        ]
                    ]
                ]
            }
        },
        {
            "type": "Feature",
            "properties": {
                "observation_date": "2018-04-04",
                "source": "20180404_S2_AE_Rxxx_x016_S2B_40RCN_20180404_0_L2A_TCI",
                "sensor_name": "Sentinel-2",
                "type": "observation",
                "current_phase": "Site Preparation",
                "is_occluded": "False",
                "is_site_boundary": "True",
                "score": 1.0
            },
            "geometry": {
                "type": "MultiPolygon",
                "coordinates": [
                    [
                        [
                            [
                                55.235328,
                                25.046618
                            ],
                            [
                                55.235263,
                                25.045717
                            ],
                            [
                                55.234704,
                                25.045711
                            ],
                            [
                                55.234263,
                                25.045669
                            ],
                            [
                                55.234009,
                                25.046537
                            ],
                            [
                                55.234368,
                                25.046586
                            ],
                            [
                                55.235018,
                                25.046625
                            ],
                            [
                                55.235328,
                                25.046618
                            ]
                        ]
                    ]
                ]
            }
        },
        {
            "type": "Feature",
            "properties": {
                "observation_date": "2018-04-11",
                "source": "20180411_LS_AE_Rxxx_x016_LC08_L1TP_160043_20180411_20201015_02_T1_TCI",
                "sensor_name": "Landsat 8",
                "type": "observation",
                "current_phase": "Site Preparation",
                "is_occluded": "False",
                "is_site_boundary": "True",
                "score": 1.0
            },
            "geometry": {
                "type": "MultiPolygon",
                "coordinates": [
                    [
                        [
                            [
                                55.235391,
                                25.046633
                            ],
                            [
                                55.235326,
                                25.045733
                            ],
                            [
                                55.234759,
                                25.045727
                            ],
                            [
                                55.234313,
                                25.045685
                            ],
                            [
                                55.234052,
                                25.046551
                            ],
                            [
                                55.23442,
                                25.0466
                            ],
                            [
                                55.235077,
                                25.04664
                            ],
                            [
                                55.235391,
                                25.046633
                            ]
                        ]
                    ]
                ]
            }
        },
        {
            "type": "Feature",
            "properties": {
                "observation_date": "2018-05-19",
                "source": "20180519_S2_AE_Rxxx_x016_S2A_40RCN_20180519_0_L2A_TCI",
                "sensor_name": "Sentinel-2",
                "type": "observation",
                "current_phase": "Site Preparation",
                "is_occluded": "False",
                "is_site_boundary": "True",
                "score": 1.0
            },
            "geometry": {
                "type": "MultiPolygon",
                "coordinates": [
                    [
                        [
                            [
                                55.235349,
                                25.046638
                            ],
                            [
                                55.235284,
                                25.045737
                            ],
                            [
                                55.234725,
                                25.045732
                            ],
                            [
                                55.234284,
                                25.045689
                            ],
                            [
                                55.234022,
                                25.046557
                            ],
                            [
                                55.234389,
                                25.046606
                            ],
                            [
                                55.235039,
                                25.046645
                            ],
                            [
                                55.235349,
                                25.046638
                            ]
                        ]
                    ]
                ]
            }
        },
        {
            "type": "Feature",
            "properties": {
                "observation_date": "2018-05-29",
                "source": "20180529_LS_AE_Rxxx_x016_LC08_L1TP_160043_20180529_20201015_02_T1_TCI",
                "sensor_name": "Landsat 8",
                "type": "observation",
                "current_phase": "Site Preparation",
                "is_occluded": "False",
                "is_site_boundary": "True",
                "score": 1.0
            },
            "geometry": {
                "type": "MultiPolygon",
                "coordinates": [
                    [
                        [
                            [
                                55.235409,
                                25.046631
                            ],
                            [
                                55.235344,
                                25.045731
                            ],
                            [
                                55.234777,
                                25.045725
                            ],
                            [
                                55.234331,
                                25.045683
                            ],
                            [
                                55.234062,
                                25.046549
                            ],
                            [
                                55.234438,
                                25.046598
                            ],
                            [
                                55.235095,
                                25.046638
                            ],
                            [
                                55.235409,
                                25.046631
                            ]
                        ]
                    ]
                ]
            }
        },
        {
            "type": "Feature",
            "properties": {
                "observation_date": "2018-06-13",
                "source": "20180613_S2_AE_Rxxx_x016_S2B_40RCN_20180613_0_L2A_TCI",
                "sensor_name": "Sentinel-2",
                "type": "observation",
                "current_phase": "Site Preparation",
                "is_occluded": "False",
                "is_site_boundary": "True",
                "score": 1.0
            },
            "geometry": {
                "type": "MultiPolygon",
                "coordinates": [
                    [
                        [
                            [
                                55.235364,
                                25.046614
                            ],
                            [
                                55.235299,
                                25.045713
                            ],
                            [
                                55.234739,
                                25.045707
                            ],
                            [
                                55.234299,
                                25.045665
                            ],
                            [
                                55.234029,
                                25.046533
                            ],
                            [
                                55.234404,
                                25.046582
                            ],
                            [
                                55.235054,
                                25.046621
                            ],
                            [
                                55.235364,
                                25.046614
                            ]
                        ]
                    ]
                ]
            }
        },
        {
            "type": "Feature",
            "properties": {
                "observation_date": "2018-06-30",
                "source": "20180630_LS_AE_Rxxx_x016_LC08_L1TP_160043_20180630_20200831_02_T1_TCI",
                "sensor_name": "Landsat 8",
                "type": "observation",
                "current_phase": "Site Preparation",
                "is_occluded": "False",
                "is_site_boundary": "True",
                "score": 1.0
            },
            "geometry": {
                "type": "MultiPolygon",
                "coordinates": [
                    [
                        [
                            [
                                55.235424,
                                25.046606
                            ],
                            [
                                55.235359,
                                25.045707
                            ],
                            [
                                55.234792,
                                25.045701
                            ],
                            [
                                55.234346,
                                25.045658
                            ],
                            [
                                55.234069,
                                25.046525
                            ],
                            [
                                55.234453,
                                25.046574
                            ],
                            [
                                55.23511,
                                25.046613
                            ],
                            [
                                55.235424,
                                25.046606
                            ]
                        ]
                    ]
                ]
            }
        },
        {
            "type": "Feature",
            "properties": {
                "observation_date": "2018-07-13",
                "source": "20180713_S2_AE_Rxxx_x016_S2B_40RCN_20180713_0_L2A_TCI",
                "sensor_name": "Sentinel-2",
                "type": "observation",
                "current_phase": "Site Preparation",
                "is_occluded": "False",
                "is_site_boundary": "True",
                "score": 1.0
            },
            "geometry": {
                "type": "MultiPolygon",
                "coordinates": [
                    [
                        [
                            [
                                55.235379,
                                25.04659
                            ],
                            [
                                55.235314,
                                25.045689
                            ],
                            [
                                55.234754,
                                25.045683
                            ],
                            [
                                55.234314,
                                25.045641
                            ],
                            [
                                55.234035,
                                25.046508
                            ],
                            [
                                55.234419,
                                25.046558
                            ],
                            [
                                55.235068,
                                25.046597
                            ],
                            [
                                55.235379,
                                25.04659
                            ]
                        ]
                    ]
                ]
            }
        },
        {
            "type": "Feature",
            "properties": {
                "observation_date": "2018-07-16",
                "source": "20180716_LS_AE_Rxxx_x016_LC08_L1TP_160043_20180716_20200831_02_T1_TCI",
                "sensor_name": "Landsat 8",
                "type": "observation",
                "current_phase": "Unknown",
                "is_occluded": "False",
                "is_site_boundary": "True",
                "score": 1.0
            },
            "geometry": {
                "type": "MultiPolygon",
                "coordinates": [
                    [
                        [
                            [
                                55.235432,
                                25.046594
                            ],
                            [
                                55.235366,
                                25.045695
                            ],
                            [
                                55.234799,
                                25.045689
                            ],
                            [
                                55.234354,
                                25.045646
                            ],
                            [
                                55.234072,
                                25.046513
                            ],
                            [
                                55.23446,
                                25.046562
                            ],
                            [
                                55.235118,
                                25.046601
                            ],
                            [
                                55.235432,
                                25.046594
                            ]
                        ]
                    ]
                ]
            }
        },
        {
            "type": "Feature",
            "properties": {
                "observation_date": "2018-08-17",
                "source": "20180817_LS_AE_Rxxx_x016_LC08_L1TP_160043_20180817_20200831_02_T1_TCI",
                "sensor_name": "Landsat 8",
                "type": "observation",
                "current_phase": "Unknown",
                "is_occluded": "False",
                "is_site_boundary": "True",
                "score": 1.0
            },
            "geometry": {
                "type": "MultiPolygon",
                "coordinates": [
                    [
                        [
                            [
                                55.235432,
                                25.046594
                            ],
                            [
                                55.235366,
                                25.045695
                            ],
                            [
                                55.234799,
                                25.045689
                            ],
                            [
                                55.234354,
                                25.045646
                            ],
                            [
                                55.234072,
                                25.046513
                            ],
                            [
                                55.23446,
                                25.046562
                            ],
                            [
                                55.235118,
                                25.046601
                            ],
                            [
                                55.235432,
                                25.046594
                            ]
                        ]
                    ]
                ]
            }
        },
        {
            "type": "Feature",
            "properties": {
                "observation_date": "2018-08-22",
                "source": "20180822_S2_AE_Rxxx_x016_S2B_40RCN_20180822_0_L2A_TCI",
                "sensor_name": "Sentinel-2",
                "type": "observation",
                "current_phase": "Unknown",
                "is_occluded": "False",
                "is_site_boundary": "True",
                "score": 1.0
            },
            "geometry": {
                "type": "MultiPolygon",
                "coordinates": [
                    [
                        [
                            [
                                55.235379,
                                25.04659
                            ],
                            [
                                55.235314,
                                25.045689
                            ],
                            [
                                55.234754,
                                25.045683
                            ],
                            [
                                55.234314,
                                25.045641
                            ],
                            [
                                55.234035,
                                25.046508
                            ],
                            [
                                55.234419,
                                25.046558
                            ],
                            [
                                55.235068,
                                25.046597
                            ],
                            [
                                55.235379,
                                25.04659
                            ]
                        ]
                    ]
                ]
            }
        },
        {
            "type": "Feature",
            "properties": {
                "observation_date": "2018-09-06",
                "source": "20180906_S2_AE_Rxxx_x016_S2A_40RCN_20180906_0_L2A_TCI",
                "sensor_name": "Sentinel-2",
                "type": "observation",
                "current_phase": "Unknown",
                "is_occluded": "False",
                "is_site_boundary": "True",
                "score": 1.0
            },
            "geometry": {
                "type": "MultiPolygon",
                "coordinates": [
                    [
                        [
                            [
                                55.235379,
                                25.04659
                            ],
                            [
                                55.235314,
                                25.045689
                            ],
                            [
                                55.234754,
                                25.045683
                            ],
                            [
                                55.234314,
                                25.045641
                            ],
                            [
                                55.234035,
                                25.046508
                            ],
                            [
                                55.234419,
                                25.046558
                            ],
                            [
                                55.235068,
                                25.046597
                            ],
                            [
                                55.235379,
                                25.04659
                            ]
                        ]
                    ]
                ]
            }
        },
        {
            "type": "Feature",
            "properties": {
                "observation_date": "2018-09-18",
                "source": "20180918_LS_AE_Rxxx_x016_LC08_L1TP_160043_20180918_20200830_02_T1_TCI",
                "sensor_name": "Landsat 8",
                "type": "observation",
                "current_phase": "Unknown",
                "is_occluded": "False",
                "is_site_boundary": "True",
                "score": 1.0
            },
            "geometry": {
                "type": "MultiPolygon",
                "coordinates": [
                    [
                        [
                            [
                                55.235432,
                                25.046594
                            ],
                            [
                                55.235366,
                                25.045695
                            ],
                            [
                                55.234799,
                                25.045689
                            ],
                            [
                                55.234354,
                                25.045646
                            ],
                            [
                                55.234072,
                                25.046513
                            ],
                            [
                                55.23446,
                                25.046562
                            ],
                            [
                                55.235118,
                                25.046601
                            ],
                            [
                                55.235432,
                                25.046594
                            ]
                        ]
                    ]
                ]
            }
        },
        {
            "type": "Feature",
            "properties": {
                "observation_date": "2018-10-04",
                "source": "20181004_LS_AE_Rxxx_x016_LC08_L1TP_160043_20181004_20200830_02_T1_TCI",
                "sensor_name": "Landsat 8",
                "type": "observation",
                "current_phase": "Unknown",
                "is_occluded": "False",
                "is_site_boundary": "True",
                "score": 1.0
            },
            "geometry": {
                "type": "MultiPolygon",
                "coordinates": [
                    [
                        [
                            [
                                55.235432,
                                25.046594
                            ],
                            [
                                55.235366,
                                25.045695
                            ],
                            [
                                55.234799,
                                25.045689
                            ],
                            [
                                55.234354,
                                25.045646
                            ],
                            [
                                55.234072,
                                25.046513
                            ],
                            [
                                55.23446,
                                25.046562
                            ],
                            [
                                55.235118,
                                25.046601
                            ],
                            [
                                55.235432,
                                25.046594
                            ]
                        ]
                    ]
                ]
            }
        },
        {
            "type": "Feature",
            "properties": {
                "observation_date": "2018-10-06",
                "source": "20181006_S2_AE_Rxxx_x016_S2A_40RCN_20181006_0_L2A_TCI",
                "sensor_name": "Sentinel-2",
                "type": "observation",
                "current_phase": "Active Construction",
                "is_occluded": "False",
                "is_site_boundary": "True",
                "score": 1.0
            },
            "geometry": {
                "type": "MultiPolygon",
                "coordinates": [
                    [
                        [
                            [
                                55.235379,
                                25.04659
                            ],
                            [
                                55.235314,
                                25.045689
                            ],
                            [
                                55.234754,
                                25.045683
                            ],
                            [
                                55.234314,
                                25.045641
                            ],
                            [
                                55.234035,
                                25.046508
                            ],
                            [
                                55.234419,
                                25.046558
                            ],
                            [
                                55.235068,
                                25.046597
                            ],
                            [
                                55.235379,
                                25.04659
                            ]
                        ]
                    ]
                ]
            }
        },
        {
            "type": "Feature",
            "properties": {
                "observation_date": "2018-11-05",
                "source": "20181105_LS_AE_Rxxx_x016_LC08_L1TP_160043_20181105_20200830_02_T1_TCI",
                "sensor_name": "Landsat 8",
                "type": "observation",
                "current_phase": "Active Construction",
                "is_occluded": "False",
                "is_site_boundary": "True",
                "score": 1.0
            },
            "geometry": {
                "type": "MultiPolygon",
                "coordinates": [
                    [
                        [
                            [
                                55.235432,
                                25.046594
                            ],
                            [
                                55.235366,
                                25.045695
                            ],
                            [
                                55.234799,
                                25.045689
                            ],
                            [
                                55.234354,
                                25.045646
                            ],
                            [
                                55.234072,
                                25.046513
                            ],
                            [
                                55.23446,
                                25.046562
                            ],
                            [
                                55.235118,
                                25.046601
                            ],
                            [
                                55.235432,
                                25.046594
                            ]
                        ]
                    ]
                ]
            }
        },
        {
            "type": "Feature",
            "properties": {
                "observation_date": "2018-11-05",
                "source": "20181105_S2_AE_Rxxx_x016_S2A_40RCN_20181105_0_L2A_TCI",
                "sensor_name": "Sentinel-2",
                "type": "observation",
                "current_phase": "Active Construction",
                "is_occluded": "False",
                "is_site_boundary": "True",
                "score": 1.0
            },
            "geometry": {
                "type": "MultiPolygon",
                "coordinates": [
                    [
                        [
                            [
                                55.235379,
                                25.04659
                            ],
                            [
                                55.235314,
                                25.045689
                            ],
                            [
                                55.234754,
                                25.045683
                            ],
                            [
                                55.234314,
                                25.045641
                            ],
                            [
                                55.234035,
                                25.046508
                            ],
                            [
                                55.234419,
                                25.046558
                            ],
                            [
                                55.235068,
                                25.046597
                            ],
                            [
                                55.235379,
                                25.04659
                            ]
                        ]
                    ]
                ]
            }
        },
        {
            "type": "Feature",
            "properties": {
                "observation_date": "2018-12-07",
                "source": "20181207_LS_AE_Rxxx_x016_LC08_L1TP_160043_20181207_20200830_02_T1_TCI",
                "sensor_name": "Landsat 8",
                "type": "observation",
                "current_phase": "Active Construction",
                "is_occluded": "False",
                "is_site_boundary": "True",
                "score": 1.0
            },
            "geometry": {
                "type": "MultiPolygon",
                "coordinates": [
                    [
                        [
                            [
                                55.235432,
                                25.046594
                            ],
                            [
                                55.235366,
                                25.045695
                            ],
                            [
                                55.234799,
                                25.045689
                            ],
                            [
                                55.234354,
                                25.045646
                            ],
                            [
                                55.234072,
                                25.046513
                            ],
                            [
                                55.23446,
                                25.046562
                            ],
                            [
                                55.235118,
                                25.046601
                            ],
                            [
                                55.235432,
                                25.046594
                            ]
                        ]
                    ]
                ]
            }
        },
        {
            "type": "Feature",
            "properties": {
                "observation_date": "2018-12-15",
                "source": "20181215_S2_AE_Rxxx_x016_S2A_40RCN_20181215_0_L2A_TCI",
                "sensor_name": "Sentinel-2",
                "type": "observation",
                "current_phase": "Active Construction",
                "is_occluded": "False",
                "is_site_boundary": "True",
                "score": 1.0
            },
            "geometry": {
                "type": "MultiPolygon",
                "coordinates": [
                    [
                        [
                            [
                                55.235379,
                                25.04659
                            ],
                            [
                                55.235314,
                                25.045689
                            ],
                            [
                                55.234754,
                                25.045683
                            ],
                            [
                                55.234314,
                                25.045641
                            ],
                            [
                                55.234035,
                                25.046508
                            ],
                            [
                                55.234419,
                                25.046558
                            ],
                            [
                                55.235068,
                                25.046597
                            ],
                            [
                                55.235379,
                                25.04659
                            ]
                        ]
                    ]
                ]
            }
        },
        {
            "type": "Feature",
            "properties": {
                "observation_date": "2019-01-29",
                "source": "20190129_S2_AE_Rxxx_x016_S2B_40RCN_20190129_0_L2A_TCI",
                "sensor_name": "Sentinel-2",
                "type": "observation",
                "current_phase": "Active Construction",
                "is_occluded": "False",
                "is_site_boundary": "True",
                "score": 1.0
            },
            "geometry": {
                "type": "MultiPolygon",
                "coordinates": [
                    [
                        [
                            [
                                55.235379,
                                25.04659
                            ],
                            [
                                55.235314,
                                25.045689
                            ],
                            [
                                55.234754,
                                25.045683
                            ],
                            [
                                55.234314,
                                25.045641
                            ],
                            [
                                55.234035,
                                25.046508
                            ],
                            [
                                55.234419,
                                25.046558
                            ],
                            [
                                55.235068,
                                25.046597
                            ],
                            [
                                55.235379,
                                25.04659
                            ]
                        ]
                    ]
                ]
            }
        },
        {
            "type": "Feature",
            "properties": {
                "observation_date": "2019-02-08",
                "source": "20190208_S2_AE_Rxxx_x016_S2B_40RCN_20190208_0_L2A_TCI",
                "sensor_name": "Sentinel-2",
                "type": "observation",
                "current_phase": "Active Construction",
                "is_occluded": "False",
                "is_site_boundary": "True",
                "score": 1.0
            },
            "geometry": {
                "type": "MultiPolygon",
                "coordinates": [
                    [
                        [
                            [
                                55.235374,
                                25.046593
                            ],
                            [
                                55.235309,
                                25.045692
                            ],
                            [
                                55.234749,
                                25.045686
                            ],
                            [
                                55.234309,
                                25.045643
                            ],
                            [
                                55.234031,
                                25.046511
                            ],
                            [
                                55.234414,
                                25.04656
                            ],
                            [
                                55.235064,
                                25.0466
                            ],
                            [
                                55.235374,
                                25.046593
                            ]
                        ]
                    ]
                ]
            }
        },
        {
            "type": "Feature",
            "properties": {
                "observation_date": "2019-02-09",
                "source": "20190209_LS_AE_Rxxx_x016_LC08_L1TP_160043_20190209_20200829_02_T1_TCI",
                "sensor_name": "Landsat 8",
                "type": "observation",
                "current_phase": "Active Construction",
                "is_occluded": "False",
                "is_site_boundary": "True",
                "score": 1.0
            },
            "geometry": {
                "type": "MultiPolygon",
                "coordinates": [
                    [
                        [
                            [
                                55.235422,
                                25.0466
                            ],
                            [
                                55.235356,
                                25.0457
                            ],
                            [
                                55.23479,
                                25.045694
                            ],
                            [
                                55.234344,
                                25.045652
                            ],
                            [
                                55.234063,
                                25.046518
                            ],
                            [
                                55.234451,
                                25.046568
                            ],
                            [
                                55.235108,
                                25.046607
                            ],
                            [
                                55.235422,
                                25.0466
                            ]
                        ]
                    ]
                ]
            }
        },
        {
            "type": "Feature",
            "properties": {
                "observation_date": "2019-03-05",
                "source": "20190305_S2_AE_Rxxx_x016_S2A_40RCN_20190305_0_L2A_TCI",
                "sensor_name": "Sentinel-2",
                "type": "observation",
                "current_phase": "Active Construction",
                "is_occluded": "False",
                "is_site_boundary": "True",
                "score": 1.0
            },
            "geometry": {
                "type": "MultiPolygon",
                "coordinates": [
                    [
                        [
                            [
                                55.235364,
                                25.046598
                            ],
                            [
                                55.2353,
                                25.045697
                            ],
                            [
                                55.23474,
                                25.045692
                            ],
                            [
                                55.2343,
                                25.045649
                            ],
                            [
                                55.234021,
                                25.046517
                            ],
                            [
                                55.234405,
                                25.046566
                            ],
                            [
                                55.235054,
                                25.046605
                            ],
                            [
                                55.235364,
                                25.046598
                            ]
                        ]
                    ]
                ]
            }
        },
        {
            "type": "Feature",
            "properties": {
                "observation_date": "2019-03-13",
                "source": "20190313_LS_AE_Rxxx_x016_LC08_L1TP_160043_20190313_20200829_02_T1_TCI",
                "sensor_name": "Landsat 8",
                "type": "observation",
                "current_phase": "Active Construction",
                "is_occluded": "False",
                "is_site_boundary": "True",
                "score": 1.0
            },
            "geometry": {
                "type": "MultiPolygon",
                "coordinates": [
                    [
                        [
                            [
                                55.235413,
                                25.046605
                            ],
                            [
                                55.235347,
                                25.045706
                            ],
                            [
                                55.23478,
                                25.0457
                            ],
                            [
                                55.234335,
                                25.045657
                            ],
                            [
                                55.234053,
                                25.046524
                            ],
                            [
                                55.234441,
                                25.046573
                            ],
                            [
                                55.235099,
                                25.046612
                            ],
                            [
                                55.235413,
                                25.046605
                            ]
                        ]
                    ]
                ]
            }
        },
        {
            "type": "Feature",
            "properties": {
                "observation_date": "2019-04-24",
                "source": "20190424_S2_AE_Rxxx_x016_S2A_40RCN_20190424_0_L2A_TCI",
                "sensor_name": "Sentinel-2",
                "type": "observation",
                "current_phase": "Active Construction",
                "is_occluded": "False",
                "is_site_boundary": "True",
                "score": 1.0
            },
            "geometry": {
                "type": "MultiPolygon",
                "coordinates": [
                    [
                        [
                            [
                                55.235355,
                                25.046604
                            ],
                            [
                                55.23529,
                                25.045703
                            ],
                            [
                                55.23473,
                                25.045697
                            ],
                            [
                                55.23429,
                                25.045655
                            ],
                            [
                                55.234012,
                                25.046522
                            ],
                            [
                                55.234395,
                                25.046572
                            ],
                            [
                                55.235045,
                                25.046611
                            ],
                            [
                                55.235355,
                                25.046604
                            ]
                        ]
                    ]
                ]
            }
        },
        {
            "type": "Feature",
            "properties": {
                "observation_date": "2019-04-30",
                "source": "20190430_LS_AE_Rxxx_x016_LC08_L1TP_160043_20190430_20200828_02_T1_TCI",
                "sensor_name": "Landsat 8",
                "type": "observation",
                "current_phase": "Active Construction",
                "is_occluded": "False",
                "is_site_boundary": "True",
                "score": 1.0
            },
            "geometry": {
                "type": "MultiPolygon",
                "coordinates": [
                    [
                        [
                            [
                                55.235403,
                                25.046611
                            ],
                            [
                                55.235337,
                                25.045711
                            ],
                            [
                                55.234771,
                                25.045705
                            ],
                            [
                                55.234325,
                                25.045663
                            ],
                            [
                                55.234044,
                                25.046529
                            ],
                            [
                                55.234432,
                                25.046579
                            ],
                            [
                                55.235089,
                                25.046618
                            ],
                            [
                                55.235403,
                                25.046611
                            ]
                        ]
                    ]
                ]
            }
        },
        {
            "type": "Feature",
            "properties": {
                "observation_date": "2019-05-09",
                "source": "20190509_S2_AE_Rxxx_x016_S2B_40RCN_20190509_1_L2A_TCI",
                "sensor_name": "Sentinel-2",
                "type": "observation",
                "current_phase": "Active Construction",
                "is_occluded": "False",
                "is_site_boundary": "True",
                "score": 1.0
            },
            "geometry": {
                "type": "MultiPolygon",
                "coordinates": [
                    [
                        [
                            [
                                55.235346,
                                25.046609
                            ],
                            [
                                55.235281,
                                25.045708
                            ],
                            [
                                55.234721,
                                25.045703
                            ],
                            [
                                55.234281,
                                25.04566
                            ],
                            [
                                55.234002,
                                25.046528
                            ],
                            [
                                55.234386,
                                25.046577
                            ],
                            [
                                55.235035,
                                25.046616
                            ],
                            [
                                55.235346,
                                25.046609
                            ]
                        ]
                    ]
                ]
            }
        },
        {
            "type": "Feature",
            "properties": {
                "observation_date": "2019-05-16",
                "source": "20190516_LS_AE_Rxxx_x016_LC08_L1TP_160043_20190516_20200828_02_T1_TCI",
                "sensor_name": "Landsat 8",
                "type": "observation",
                "current_phase": "Active Construction",
                "is_occluded": "False",
                "is_site_boundary": "True",
                "score": 1.0
            },
            "geometry": {
                "type": "MultiPolygon",
                "coordinates": [
                    [
                        [
                            [
                                55.235394,
                                25.046617
                            ],
                            [
                                55.235328,
                                25.045717
                            ],
                            [
                                55.234761,
                                25.045711
                            ],
                            [
                                55.234316,
                                25.045668
                            ],
                            [
                                55.234034,
                                25.046535
                            ],
                            [
                                55.234422,
                                25.046584
                            ],
                            [
                                55.23508,
                                25.046623
                            ],
                            [
                                55.235394,
                                25.046617
                            ]
                        ]
                    ]
                ]
            }
        },
        {
            "type": "Feature",
            "properties": {
                "observation_date": "2019-06-13",
                "source": "20190613_S2_AE_Rxxx_x016_S2A_40RCN_20190613_0_L2A_TCI",
                "sensor_name": "Sentinel-2",
                "type": "observation",
                "current_phase": "Active Construction",
                "is_occluded": "False",
                "is_site_boundary": "True",
                "score": 1.0
            },
            "geometry": {
                "type": "MultiPolygon",
                "coordinates": [
                    [
                        [
                            [
                                55.235336,
                                25.046615
                            ],
                            [
                                55.235271,
                                25.045714
                            ],
                            [
                                55.234712,
                                25.045708
                            ],
                            [
                                55.234271,
                                25.045666
                            ],
                            [
                                55.233993,
                                25.046533
                            ],
                            [
                                55.234376,
                                25.046583
                            ],
                            [
                                55.235026,
                                25.046622
                            ],
                            [
                                55.235336,
                                25.046615
                            ]
                        ]
                    ]
                ]
            }
        },
        {
            "type": "Feature",
            "properties": {
                "observation_date": "2019-06-17",
                "source": "20190617_LS_AE_Rxxx_x016_LC08_L1TP_160043_20190617_20200827_02_T1_TCI",
                "sensor_name": "Landsat 8",
                "type": "observation",
                "current_phase": "Active Construction",
                "is_occluded": "False",
                "is_site_boundary": "True",
                "score": 1.0
            },
            "geometry": {
                "type": "MultiPolygon",
                "coordinates": [
                    [
                        [
                            [
                                55.235384,
                                25.046622
                            ],
                            [
                                55.235318,
                                25.045722
                            ],
                            [
                                55.234752,
                                25.045717
                            ],
                            [
                                55.234306,
                                25.045674
                            ],
                            [
                                55.234024,
                                25.04654
                            ],
                            [
                                55.234413,
                                25.04659
                            ],
                            [
                                55.23507,
                                25.046629
                            ],
                            [
                                55.235384,
                                25.046622
                            ]
                        ]
                    ]
                ]
            }
        },
        {
            "type": "Feature",
            "properties": {
                "observation_date": "2019-07-08",
                "source": "20190708_S2_AE_Rxxx_x016_S2B_40RCN_20190708_0_L2A_TCI",
                "sensor_name": "Sentinel-2",
                "type": "observation",
                "current_phase": "Active Construction",
                "is_occluded": "False",
                "is_site_boundary": "True",
                "score": 1.0
            },
            "geometry": {
                "type": "MultiPolygon",
                "coordinates": [
                    [
                        [
                            [
                                55.235327,
                                25.04662
                            ],
                            [
                                55.235262,
                                25.045719
                            ],
                            [
                                55.234702,
                                25.045714
                            ],
                            [
                                55.234262,
                                25.045671
                            ],
                            [
                                55.233983,
                                25.046539
                            ],
                            [
                                55.234367,
                                25.046588
                            ],
                            [
                                55.235016,
                                25.046627
                            ],
                            [
                                55.235327,
                                25.04662
                            ]
                        ]
                    ]
                ]
            }
        },
        {
            "type": "Feature",
            "properties": {
                "observation_date": "2019-07-19",
                "source": "20190719_LS_AE_Rxxx_x016_LC08_L1TP_160043_20190719_20200827_02_T1_TCI",
                "sensor_name": "Landsat 8",
                "type": "observation",
                "current_phase": "Active Construction",
                "is_occluded": "False",
                "is_site_boundary": "True",
                "score": 1.0
            },
            "geometry": {
                "type": "MultiPolygon",
                "coordinates": [
                    [
                        [
                            [
                                55.235374,
                                25.046628
                            ],
                            [
                                55.235309,
                                25.045728
                            ],
                            [
                                55.234742,
                                25.045722
                            ],
                            [
                                55.234297,
                                25.04568
                            ],
                            [
                                55.234015,
                                25.046546
                            ],
                            [
                                55.234403,
                                25.046595
                            ],
                            [
                                55.23506,
                                25.046635
                            ],
                            [
                                55.235374,
                                25.046628
                            ]
                        ]
                    ]
                ]
            }
        },
        {
            "type": "Feature",
            "properties": {
                "observation_date": "2019-08-02",
                "source": "20190802_S2_AE_Rxxx_x016_S2A_40RCN_20190802_0_L2A_TCI",
                "sensor_name": "Sentinel-2",
                "type": "observation",
                "current_phase": "Active Construction",
                "is_occluded": "False",
                "is_site_boundary": "True",
                "score": 1.0
            },
            "geometry": {
                "type": "MultiPolygon",
                "coordinates": [
                    [
                        [
                            [
                                55.235317,
                                25.046626
                            ],
                            [
                                55.235253,
                                25.045725
                            ],
                            [
                                55.234693,
                                25.045719
                            ],
                            [
                                55.234252,
                                25.045677
                            ],
                            [
                                55.233974,
                                25.046544
                            ],
                            [
                                55.234358,
                                25.046594
                            ],
                            [
                                55.235007,
                                25.046633
                            ],
                            [
                                55.235317,
                                25.046626
                            ]
                        ]
                    ]
                ]
            }
        },
        {
            "type": "Feature",
            "properties": {
                "observation_date": "2019-08-04",
                "source": "20190804_LS_AE_Rxxx_x016_LC08_L1TP_160043_20190804_20200827_02_T1_TCI",
                "sensor_name": "Landsat 8",
                "type": "observation",
                "current_phase": "Active Construction",
                "is_occluded": "False",
                "is_site_boundary": "True",
                "score": 1.0
            },
            "geometry": {
                "type": "MultiPolygon",
                "coordinates": [
                    [
                        [
                            [
                                55.235365,
                                25.046633
                            ],
                            [
                                55.235299,
                                25.045733
                            ],
                            [
                                55.234733,
                                25.045728
                            ],
                            [
                                55.234287,
                                25.045685
                            ],
                            [
                                55.234005,
                                25.046551
                            ],
                            [
                                55.234394,
                                25.046601
                            ],
                            [
                                55.235051,
                                25.04664
                            ],
                            [
                                55.235365,
                                25.046633
                            ]
                        ]
                    ]
                ]
            }
        },
        {
            "type": "Feature",
            "properties": {
                "observation_date": "2019-08-29",
                "source": "19AUG29070526-P1BS-502626884040_05_P001",
                "sensor_name": "WorldView",
                "type": "observation",
                "current_phase": "Active Construction",
                "is_occluded": "False",
                "is_site_boundary": "True",
                "score": 1.0
            },
            "geometry": {
                "type": "MultiPolygon",
                "coordinates": [
                    [
                        [
                            [
                                55.235299,
                                25.046641
                            ],
                            [
                                55.235235,
                                25.045744
                            ],
                            [
                                55.234676,
                                25.045738
                            ],
                            [
                                55.234236,
                                25.045696
                            ],
                            [
                                55.233959,
                                25.04656
                            ],
                            [
                                55.234341,
                                25.046609
                            ],
                            [
                                55.23499,
                                25.046648
                            ],
                            [
                                55.235299,
                                25.046641
                            ]
                        ]
                    ]
                ]
            }
        },
        {
            "type": "Feature",
            "properties": {
                "observation_date": "2019-09-21",
                "source": "20190921_LS_AE_Rxxx_x016_LC08_L1TP_160043_20190921_20200826_02_T1_TCI",
                "sensor_name": "Landsat 8",
                "type": "observation",
                "current_phase": "Active Construction",
                "is_occluded": "False",
                "is_site_boundary": "True",
                "score": 1.0
            },
            "geometry": {
                "type": "MultiPolygon",
                "coordinates": [
                    [
                        [
                            [
                                55.235384,
                                25.046622
                            ],
                            [
                                55.235318,
                                25.045722
                            ],
                            [
                                55.234752,
                                25.045717
                            ],
                            [
                                55.234306,
                                25.045674
                            ],
                            [
                                55.234024,
                                25.04654
                            ],
                            [
                                55.234413,
                                25.04659
                            ],
                            [
                                55.23507,
                                25.046629
                            ],
                            [
                                55.235384,
                                25.046622
                            ]
                        ]
                    ]
                ]
            }
        },
        {
            "type": "Feature",
            "properties": {
                "observation_date": "2019-09-21",
                "source": "20190921_S2_AE_Rxxx_x016_S2A_40RCN_20190921_0_L2A_TCI",
                "sensor_name": "Sentinel-2",
                "type": "observation",
                "current_phase": "Active Construction",
                "is_occluded": "False",
                "is_site_boundary": "True",
                "score": 1.0
            },
            "geometry": {
                "type": "MultiPolygon",
                "coordinates": [
                    [
                        [
                            [
                                55.235355,
                                25.046604
                            ],
                            [
                                55.23529,
                                25.045703
                            ],
                            [
                                55.23473,
                                25.045697
                            ],
                            [
                                55.23429,
                                25.045655
                            ],
                            [
                                55.234012,
                                25.046522
                            ],
                            [
                                55.234395,
                                25.046572
                            ],
                            [
                                55.235045,
                                25.046611
                            ],
                            [
                                55.235355,
                                25.046604
                            ]
                        ]
                    ]
                ]
            }
        },
        {
            "type": "Feature",
            "properties": {
                "observation_date": "2019-10-08",
                "source": "19OCT08100851-P1BS_R4C1-502704253040_06_P001",
                "sensor_name": "WorldView",
                "type": "observation",
                "current_phase": "Active Construction",
                "is_occluded": "False",
                "is_site_boundary": "True",
                "score": 1.0
            },
            "geometry": {
                "type": "MultiPolygon",
                "coordinates": [
                    [
                        [
                            [
                                55.23537,
                                25.0466
                            ],
                            [
                                55.235305,
                                25.045702
                            ],
                            [
                                55.234746,
                                25.045697
                            ],
                            [
                                55.234307,
                                25.045654
                            ],
                            [
                                55.234029,
                                25.046519
                            ],
                            [
                                55.234412,
                                25.046568
                            ],
                            [
                                55.23506,
                                25.046607
                            ],
                            [
                                55.23537,
                                25.0466
                            ]
                        ]
                    ]
                ]
            }
        },
        {
            "type": "Feature",
            "properties": {
                "observation_date": "2019-10-23",
                "source": "20191023_LS_AE_Rxxx_x016_LC08_L1TP_160043_20191023_20200825_02_T1_TCI",
                "sensor_name": "Landsat 8",
                "type": "observation",
                "current_phase": "Active Construction",
                "is_occluded": "False",
                "is_site_boundary": "True",
                "score": 1.0
            },
            "geometry": {
                "type": "MultiPolygon",
                "coordinates": [
                    [
                        [
                            [
                                55.235427,
                                25.046594
                            ],
                            [
                                55.235362,
                                25.045694
                            ],
                            [
                                55.234795,
                                25.045688
                            ],
                            [
                                55.23435,
                                25.045646
                            ],
                            [
                                55.234068,
                                25.046512
                            ],
                            [
                                55.234456,
                                25.046561
                            ],
                            [
                                55.235113,
                                25.046601
                            ],
                            [
                                55.235427,
                                25.046594
                            ]
                        ]
                    ]
                ]
            }
        },
        {
            "type": "Feature",
            "properties": {
                "observation_date": "2019-10-26",
                "source": "20191026_S2_AE_Rxxx_x016_S2B_40RCN_20191026_0_L2A_TCI",
                "sensor_name": "Sentinel-2",
                "type": "observation",
                "current_phase": "Active Construction",
                "is_occluded": "False",
                "is_site_boundary": "True",
                "score": 1.0
            },
            "geometry": {
                "type": "MultiPolygon",
                "coordinates": [
                    [
                        [
                            [
                                55.23537,
                                25.046588
                            ],
                            [
                                55.235305,
                                25.045687
                            ],
                            [
                                55.234746,
                                25.045682
                            ],
                            [
                                55.234305,
                                25.045639
                            ],
                            [
                                55.234027,
                                25.046507
                            ],
                            [
                                55.23441,
                                25.046556
                            ],
                            [
                                55.23506,
                                25.046595
                            ],
                            [
                                55.23537,
                                25.046588
                            ]
                        ]
                    ]
                ]
            }
        },
        {
            "type": "Feature",
            "properties": {
                "observation_date": "2019-11-05",
                "source": "20191105_S2_AE_Rxxx_x016_S2B_40RCN_20191105_0_L2A_TCI",
                "sensor_name": "Sentinel-2",
                "type": "observation",
                "current_phase": "Active Construction",
                "is_occluded": "False",
                "is_site_boundary": "True",
                "score": 1.0
            },
            "geometry": {
                "type": "MultiPolygon",
                "coordinates": [
                    [
                        [
                            [
                                55.235366,
                                25.046588
                            ],
                            [
                                55.235301,
                                25.045687
                            ],
                            [
                                55.234742,
                                25.045681
                            ],
                            [
                                55.234301,
                                25.045639
                            ],
                            [
                                55.234023,
                                25.046506
                            ],
                            [
                                55.234406,
                                25.046556
                            ],
                            [
                                55.235056,
                                25.046595
                            ],
                            [
                                55.235366,
                                25.046588
                            ]
                        ]
                    ]
                ]
            }
        },
        {
            "type": "Feature",
            "properties": {
                "observation_date": "2019-11-08",
                "source": "20191108_LS_AE_Rxxx_x016_LC08_L1TP_160043_20191108_20200825_02_T1_TCI",
                "sensor_name": "Landsat 8",
                "type": "observation",
                "current_phase": "Active Construction",
                "is_occluded": "False",
                "is_site_boundary": "True",
                "score": 1.0
            },
            "geometry": {
                "type": "MultiPolygon",
                "coordinates": [
                    [
                        [
                            [
                                55.235415,
                                25.046592
                            ],
                            [
                                55.235349,
                                25.045692
                            ],
                            [
                                55.234783,
                                25.045686
                            ],
                            [
                                55.234337,
                                25.045643
                            ],
                            [
                                55.234055,
                                25.04651
                            ],
                            [
                                55.234443,
                                25.046559
                            ],
                            [
                                55.235101,
                                25.046598
                            ],
                            [
                                55.235415,
                                25.046592
                            ]
                        ]
                    ]
                ]
            }
        },
        {
            "type": "Feature",
            "properties": {
                "observation_date": "2019-12-20",
                "source": "20191220_S2_AE_Rxxx_x016_S2A_40RCN_20191220_0_L2A_TCI",
                "sensor_name": "Sentinel-2",
                "type": "observation",
                "current_phase": "Active Construction",
                "is_occluded": "False",
                "is_site_boundary": "True",
                "score": 1.0
            },
            "geometry": {
                "type": "MultiPolygon",
                "coordinates": [
                    [
                        [
                            [
                                55.235358,
                                25.046586
                            ],
                            [
                                55.235293,
                                25.045685
                            ],
                            [
                                55.234733,
                                25.04568
                            ],
                            [
                                55.234293,
                                25.045637
                            ],
                            [
                                55.234014,
                                25.046505
                            ],
                            [
                                55.234398,
                                25.046554
                            ],
                            [
                                55.235047,
                                25.046593
                            ],
                            [
                                55.235358,
                                25.046586
                            ]
                        ]
                    ]
                ]
            }
        },
        {
            "type": "Feature",
            "properties": {
                "observation_date": "2019-12-26",
                "source": "20191226_LS_AE_Rxxx_x016_LC08_L1TP_160043_20191226_20200825_02_T1_TCI",
                "sensor_name": "Landsat 8",
                "type": "observation",
                "current_phase": "Active Construction",
                "is_occluded": "False",
                "is_site_boundary": "True",
                "score": 1.0
            },
            "geometry": {
                "type": "MultiPolygon",
                "coordinates": [
                    [
                        [
                            [
                                55.235406,
                                25.04659
                            ],
                            [
                                55.235341,
                                25.04569
                            ],
                            [
                                55.234774,
                                25.045685
                            ],
                            [
                                55.234328,
                                25.045642
                            ],
                            [
                                55.234047,
                                25.046508
                            ],
                            [
                                55.234435,
                                25.046558
                            ],
                            [
                                55.235092,
                                25.046597
                            ],
                            [
                                55.235406,
                                25.04659
                            ]
                        ]
                    ]
                ]
            }
        },
        {
            "type": "Feature",
            "properties": {
                "observation_date": "2020-01-09",
                "source": "20200109_S2_AE_Rxxx_x016_S2A_40RCN_20200109_0_L2A_TCI",
                "sensor_name": "Sentinel-2",
                "type": "observation",
                "current_phase": "Active Construction",
                "is_occluded": "False",
                "is_site_boundary": "True",
                "score": 1.0
            },
            "geometry": {
                "type": "MultiPolygon",
                "coordinates": [
                    [
                        [
                            [
                                55.235349,
                                25.046585
                            ],
                            [
                                55.235285,
                                25.045684
                            ],
                            [
                                55.234725,
                                25.045678
                            ],
                            [
                                55.234285,
                                25.045636
                            ],
                            [
                                55.234006,
                                25.046503
                            ],
                            [
                                55.23439,
                                25.046553
                            ],
                            [
                                55.235039,
                                25.046592
                            ],
                            [
                                55.235349,
                                25.046585
                            ]
                        ]
                    ]
                ]
            }
        },
        {
            "type": "Feature",
            "properties": {
                "observation_date": "2020-02-08",
                "source": "20200208_S2_AE_Rxxx_x016_S2A_40RCN_20200208_0_L2A_TCI",
                "sensor_name": "Sentinel-2",
                "type": "observation",
                "current_phase": "Active Construction",
                "is_occluded": "False",
                "is_site_boundary": "True",
                "score": 1.0
            },
            "geometry": {
                "type": "MultiPolygon",
                "coordinates": [
                    [
                        [
                            [
                                55.235345,
                                25.046584
                            ],
                            [
                                55.235281,
                                25.045683
                            ],
                            [
                                55.234721,
                                25.045678
                            ],
                            [
                                55.23428,
                                25.045635
                            ],
                            [
                                55.234002,
                                25.046503
                            ],
                            [
                                55.234385,
                                25.046552
                            ],
                            [
                                55.235035,
                                25.046591
                            ],
                            [
                                55.235345,
                                25.046584
                            ]
                        ]
                    ]
                ]
            }
        },
        {
            "type": "Feature",
            "properties": {
                "observation_date": "2020-03-09",
                "source": "20200309_S2_AE_Rxxx_x016_S2A_40RCN_20200309_0_L2A_TCI",
                "sensor_name": "Sentinel-2",
                "type": "observation",
                "current_phase": "Active Construction",
                "is_occluded": "False",
                "is_site_boundary": "True",
                "score": 1.0
            },
            "geometry": {
                "type": "MultiPolygon",
                "coordinates": [
                    [
                        [
                            [
                                55.235341,
                                25.046584
                            ],
                            [
                                55.235276,
                                25.045683
                            ],
                            [
                                55.234717,
                                25.045677
                            ],
                            [
                                55.234276,
                                25.045634
                            ],
                            [
                                55.233998,
                                25.046502
                            ],
                            [
                                55.234381,
                                25.046551
                            ],
                            [
                                55.235031,
                                25.046591
                            ],
                            [
                                55.235341,
                                25.046584
                            ]
                        ]
                    ]
                ]
            }
        },
        {
            "type": "Feature",
            "properties": {
                "observation_date": "2020-03-31",
                "source": "20200331_LS_AE_Rxxx_x016_LC08_L1TP_160043_20200331_20200822_02_T1_TCI",
                "sensor_name": "Landsat 8",
                "type": "observation",
                "current_phase": "Active Construction",
                "is_occluded": "False",
                "is_site_boundary": "True",
                "score": 1.0
            },
            "geometry": {
                "type": "MultiPolygon",
                "coordinates": [
                    [
                        [
                            [
                                55.23539,
                                25.046587
                            ],
                            [
                                55.235324,
                                25.045688
                            ],
                            [
                                55.234757,
                                25.045682
                            ],
                            [
                                55.234312,
                                25.045639
                            ],
                            [
                                55.23403,
                                25.046506
                            ],
                            [
                                55.234418,
                                25.046555
                            ],
                            [
                                55.235076,
                                25.046594
                            ],
                            [
                                55.23539,
                                25.046587
                            ]
                        ]
                    ]
                ]
            }
        },
        {
            "type": "Feature",
            "properties": {
                "observation_date": "2020-04-03",
                "source": "20200403_S2_AE_Rxxx_x016_S2B_40RCN_20200403_0_L2A_TCI",
                "sensor_name": "Sentinel-2",
                "type": "observation",
                "current_phase": "Active Construction",
                "is_occluded": "False",
                "is_site_boundary": "True",
                "score": 1.0
            },
            "geometry": {
                "type": "MultiPolygon",
                "coordinates": [
                    [
                        [
                            [
                                55.235333,
                                25.046582
                            ],
                            [
                                55.235268,
                                25.045681
                            ],
                            [
                                55.234708,
                                25.045676
                            ],
                            [
                                55.234268,
                                25.045633
                            ],
                            [
                                55.233989,
                                25.046501
                            ],
                            [
                                55.234373,
                                25.04655
                            ],
                            [
                                55.235022,
                                25.046589
                            ],
                            [
                                55.235333,
                                25.046582
                            ]
                        ]
                    ]
                ]
            }
        },
        {
            "type": "Feature",
            "properties": {
                "observation_date": "2020-05-03",
                "source": "20200503_S2_AE_Rxxx_x016_S2B_40RCN_20200503_0_L2A_TCI",
                "sensor_name": "Sentinel-2",
                "type": "observation",
                "current_phase": "Active Construction",
                "is_occluded": "False",
                "is_site_boundary": "True",
                "score": 1.0
            },
            "geometry": {
                "type": "MultiPolygon",
                "coordinates": [
                    [
                        [
                            [
                                55.235329,
                                25.046582
                            ],
                            [
                                55.235264,
                                25.045681
                            ],
                            [
                                55.234704,
                                25.045675
                            ],
                            [
                                55.234264,
                                25.045632
                            ],
                            [
                                55.233985,
                                25.0465
                            ],
                            [
                                55.234369,
                                25.046549
                            ],
                            [
                                55.235018,
                                25.046589
                            ],
                            [
                                55.235329,
                                25.046582
                            ]
                        ]
                    ]
                ]
            }
        },
        {
            "type": "Feature",
            "properties": {
                "observation_date": "2020-05-18",
                "source": "20200518_LS_AE_Rxxx_x016_LC08_L1TP_160043_20200518_20200820_02_T1_TCI",
                "sensor_name": "Landsat 8",
                "type": "observation",
                "current_phase": "Active Construction",
                "is_occluded": "False",
                "is_site_boundary": "True",
                "score": 1.0
            },
            "geometry": {
                "type": "MultiPolygon",
                "coordinates": [
                    [
                        [
                            [
                                55.235377,
                                25.046585
                            ],
                            [
                                55.235311,
                                25.045686
                            ],
                            [
                                55.234745,
                                25.04568
                            ],
                            [
                                55.234299,
                                25.045637
                            ],
                            [
                                55.234017,
                                25.046504
                            ],
                            [
                                55.234405,
                                25.046553
                            ],
                            [
                                55.235063,
                                25.046592
                            ],
                            [
                                55.235377,
                                25.046585
                            ]
                        ]
                    ]
                ]
            }
        },
        {
            "type": "Feature",
            "properties": {
                "observation_date": "2020-06-07",
                "source": "20200607_S2_AE_Rxxx_x016_S2A_40RCN_20200607_0_L2A_TCI",
                "sensor_name": "Sentinel-2",
                "type": "observation",
                "current_phase": "Active Construction",
                "is_occluded": "False",
                "is_site_boundary": "True",
                "score": 1.0
            },
            "geometry": {
                "type": "MultiPolygon",
                "coordinates": [
                    [
                        [
                            [
                                55.23532,
                                25.04658
                            ],
                            [
                                55.235256,
                                25.045679
                            ],
                            [
                                55.234696,
                                25.045673
                            ],
                            [
                                55.234255,
                                25.045631
                            ],
                            [
                                55.233977,
                                25.046499
                            ],
                            [
                                55.23436,
                                25.046548
                            ],
                            [
                                55.23501,
                                25.046587
                            ],
                            [
                                55.23532,
                                25.04658
                            ]
                        ]
                    ]
                ]
            }
        },
        {
            "type": "Feature",
            "properties": {
                "observation_date": "2020-06-19",
                "source": "20200619_LS_AE_Rxxx_x016_LC08_L1TP_160043_20200619_20200823_02_T1_TCI",
                "sensor_name": "Landsat 8",
                "type": "observation",
                "current_phase": "Active Construction",
                "is_occluded": "False",
                "is_site_boundary": "True",
                "score": 1.0
            },
            "geometry": {
                "type": "MultiPolygon",
                "coordinates": [
                    [
                        [
                            [
                                55.235368,
                                25.046584
                            ],
                            [
                                55.235303,
                                25.045684
                            ],
                            [
                                55.234736,
                                25.045678
                            ],
                            [
                                55.234291,
                                25.045636
                            ],
                            [
                                55.234009,
                                25.046502
                            ],
                            [
                                55.234397,
                                25.046552
                            ],
                            [
                                55.235054,
                                25.046591
                            ],
                            [
                                55.235368,
                                25.046584
                            ]
                        ]
                    ]
                ]
            }
        },
        {
            "type": "Feature",
            "properties": {
                "observation_date": "2020-07-02",
                "source": "20200702_S2_AE_Rxxx_x016_S2B_40RCN_20200702_0_L2A_TCI",
                "sensor_name": "Sentinel-2",
                "type": "observation",
                "current_phase": "Active Construction",
                "is_occluded": "False",
                "is_site_boundary": "True",
                "score": 1.0
            },
            "geometry": {
                "type": "MultiPolygon",
                "coordinates": [
                    [
                        [
                            [
                                55.235312,
                                25.046579
                            ],
                            [
                                55.235247,
                                25.045678
                            ],
                            [
                                55.234687,
                                25.045672
                            ],
                            [
                                55.234247,
                                25.04563
                            ],
                            [
                                55.233969,
                                25.046497
                            ],
                            [
                                55.234352,
                                25.046547
                            ],
                            [
                                55.235002,
                                25.046586
                            ],
                            [
                                55.235312,
                                25.046579
                            ]
                        ]
                    ]
                ]
            }
        },
        {
            "type": "Feature",
            "properties": {
                "observation_date": "2020-07-05",
                "source": "20200705_LS_AE_Rxxx_x016_LC08_L1TP_160043_20200705_20200913_02_T1_TCI",
                "sensor_name": "Landsat 8",
                "type": "observation",
                "current_phase": "Active Construction",
                "is_occluded": "False",
                "is_site_boundary": "True",
                "score": 1.0
            },
            "geometry": {
                "type": "MultiPolygon",
                "coordinates": [
                    [
                        [
                            [
                                55.23536,
                                25.046583
                            ],
                            [
                                55.235294,
                                25.045683
                            ],
                            [
                                55.234728,
                                25.045677
                            ],
                            [
                                55.234282,
                                25.045634
                            ],
                            [
                                55.234001,
                                25.046501
                            ],
                            [
                                55.234389,
                                25.04655
                            ],
                            [
                                55.235046,
                                25.046589
                            ],
                            [
                                55.23536,
                                25.046583
                            ]
                        ]
                    ]
                ]
            }
        },
        {
            "type": "Feature",
            "properties": {
                "observation_date": "2020-08-06",
                "source": "20200806_LS_AE_Rxxx_x016_LC08_L1TP_160043_20200806_20200916_02_T1_TCI",
                "sensor_name": "Landsat 8",
                "type": "observation",
                "current_phase": "Active Construction",
                "is_occluded": "False",
                "is_site_boundary": "True",
                "score": 1.0
            },
            "geometry": {
                "type": "MultiPolygon",
                "coordinates": [
                    [
                        [
                            [
                                55.235356,
                                25.046582
                            ],
                            [
                                55.23529,
                                25.045682
                            ],
                            [
                                55.234724,
                                25.045676
                            ],
                            [
                                55.234278,
                                25.045634
                            ],
                            [
                                55.233996,
                                25.0465
                            ],
                            [
                                55.234384,
                                25.04655
                            ],
                            [
                                55.235042,
                                25.046589
                            ],
                            [
                                55.235356,
                                25.046582
                            ]
                        ]
                    ]
                ]
            }
        },
        {
            "type": "Feature",
            "properties": {
                "observation_date": "2020-08-31",
                "source": "20200831_S2_AE_Rxxx_x016_S2B_40RCN_20200831_0_L2A_TCI",
                "sensor_name": "Sentinel-2",
                "type": "observation",
                "current_phase": "Active Construction",
                "is_occluded": "False",
                "is_site_boundary": "True",
                "score": 1.0
            },
            "geometry": {
                "type": "MultiPolygon",
                "coordinates": [
                    [
                        [
                            [
                                55.235295,
                                25.046576
                            ],
                            [
                                55.235231,
                                25.045675
                            ],
                            [
                                55.234671,
                                25.045669
                            ],
                            [
                                55.23423,
                                25.045627
                            ],
                            [
                                55.233952,
                                25.046494
                            ],
                            [
                                55.234335,
                                25.046544
                            ],
                            [
                                55.234985,
                                25.046583
                            ],
                            [
                                55.235295,
                                25.046576
                            ]
                        ]
                    ]
                ]
            }
        },
        {
            "type": "Feature",
            "properties": {
                "observation_date": "2020-09-07",
                "source": "20200907_LS_AE_Rxxx_x016_LC08_L1TP_160043_20200907_20200918_02_T1_TCI",
                "sensor_name": "Landsat 8",
                "type": "observation",
                "current_phase": "Active Construction",
                "is_occluded": "False",
                "is_site_boundary": "True",
                "score": 1.0
            },
            "geometry": {
                "type": "MultiPolygon",
                "coordinates": [
                    [
                        [
                            [
                                55.235343,
                                25.04658
                            ],
                            [
                                55.235278,
                                25.04568
                            ],
                            [
                                55.234711,
                                25.045674
                            ],
                            [
                                55.234265,
                                25.045632
                            ],
                            [
                                55.233984,
                                25.046498
                            ],
                            [
                                55.234372,
                                25.046548
                            ],
                            [
                                55.235029,
                                25.046587
                            ],
                            [
                                55.235343,
                                25.04658
                            ]
                        ]
                    ]
                ]
            }
        },
        {
            "type": "Feature",
            "properties": {
                "observation_date": "2020-09-10",
                "source": "20SEP10064325-M1BS-014464100010_01_P003",
                "sensor_name": "WorldView",
                "type": "observation",
                "current_phase": "Active Construction",
                "is_occluded": "False",
                "is_site_boundary": "True",
                "score": 1.0
            },
            "geometry": {
                "type": "MultiPolygon",
                "coordinates": [
                    [
                        [
                            [
                                55.23528,
                                25.046584
                            ],
                            [
                                55.235215,
                                25.045686
                            ],
                            [
                                55.234657,
                                25.045681
                            ],
                            [
                                55.234217,
                                25.045638
                            ],
                            [
                                55.233939,
                                25.046503
                            ],
                            [
                                55.234322,
                                25.046552
                            ],
                            [
                                55.23497,
                                25.046591
                            ],
                            [
                                55.23528,
                                25.046584
                            ]
                        ]
                    ]
                ]
            }
        },
        {
            "type": "Feature",
            "properties": {
                "observation_date": "2020-09-30",
                "source": "20200930_S2_AE_Rxxx_x016_S2B_40RCN_20200930_0_L2A_TCI",
                "sensor_name": "Sentinel-2",
                "type": "observation",
                "current_phase": "Active Construction",
                "is_occluded": "False",
                "is_site_boundary": "True",
                "score": 1.0
            },
            "geometry": {
                "type": "MultiPolygon",
                "coordinates": [
                    [
                        [
                            [
                                55.23531,
                                25.04658
                            ],
                            [
                                55.235246,
                                25.045679
                            ],
                            [
                                55.234686,
                                25.045673
                            ],
                            [
                                55.234245,
                                25.04563
                            ],
                            [
                                55.233967,
                                25.046498
                            ],
                            [
                                55.23435,
                                25.046547
                            ],
                            [
                                55.235,
                                25.046587
                            ],
                            [
                                55.23531,
                                25.04658
                            ]
                        ]
                    ]
                ]
            }
        },
        {
            "type": "Feature",
            "properties": {
                "observation_date": "2020-10-05",
                "source": "20201005_S2_AE_Rxxx_x016_S2A_40RCN_20201005_0_L2A_TCI",
                "sensor_name": "Sentinel-2",
                "type": "observation",
                "current_phase": "Active Construction",
                "is_occluded": "False",
                "is_site_boundary": "True",
                "score": 1.0
            },
            "geometry": {
                "type": "MultiPolygon",
                "coordinates": [
                    [
                        [
                            [
                                55.235333,
                                25.046585
                            ],
                            [
                                55.235269,
                                25.045684
                            ],
                            [
                                55.234709,
                                25.045678
                            ],
                            [
                                55.234269,
                                25.045635
                            ],
                            [
                                55.23399,
                                25.046503
                            ],
                            [
                                55.234374,
                                25.046552
                            ],
                            [
                                55.235023,
                                25.046592
                            ],
                            [
                                55.235333,
                                25.046585
                            ]
                        ]
                    ]
                ]
            }
        },
        {
            "type": "Feature",
            "properties": {
                "observation_date": "2020-10-07",
                "source": "20OCT07071051-M1BS-014466698010_01_P002",
                "sensor_name": "WorldView",
                "type": "observation",
                "current_phase": "Active Construction",
                "is_occluded": "False",
                "is_site_boundary": "True",
                "score": 1.0
            },
            "geometry": {
                "type": "MultiPolygon",
                "coordinates": [
                    [
                        [
                            [
                                55.23535,
                                25.046599
                            ],
                            [
                                55.235285,
                                25.045701
                            ],
                            [
                                55.234726,
                                25.045695
                            ],
                            [
                                55.234287,
                                25.045653
                            ],
                            [
                                55.234009,
                                25.046518
                            ],
                            [
                                55.234391,
                                25.046567
                            ],
                            [
                                55.23504,
                                25.046606
                            ],
                            [
                                55.23535,
                                25.046599
                            ]
                        ]
                    ]
                ]
            }
        },
        {
            "type": "Feature",
            "properties": {
                "observation_date": "2020-10-25",
                "source": "20201025_LS_AE_Rxxx_x016_LC08_L1TP_160043_20201025_20201106_02_T1_TCI",
                "sensor_name": "Landsat 8",
                "type": "observation",
                "current_phase": "Unknown",
                "is_occluded": "False",
                "is_site_boundary": "True",
                "score": 1.0
            },
            "geometry": {
                "type": "MultiPolygon",
                "coordinates": [
                    [
                        [
                            [
                                55.23541,
                                25.046594
                            ],
                            [
                                55.235344,
                                25.045694
                            ],
                            [
                                55.234777,
                                25.045689
                            ],
                            [
                                55.234332,
                                25.045646
                            ],
                            [
                                55.23405,
                                25.046512
                            ],
                            [
                                55.234438,
                                25.046562
                            ],
                            [
                                55.235096,
                                25.046601
                            ],
                            [
                                55.23541,
                                25.046594
                            ]
                        ]
                    ]
                ]
            }
        },
        {
            "type": "Feature",
            "properties": {
                "observation_date": "2020-11-26",
                "source": "20201126_LS_AE_Rxxx_x016_LC08_L1TP_160043_20201126_20210316_02_T1_TCI",
                "sensor_name": "Landsat 8",
                "type": "observation",
                "current_phase": "Unknown",
                "is_occluded": "False",
                "is_site_boundary": "True",
                "score": 1.0
            },
            "geometry": {
                "type": "MultiPolygon",
                "coordinates": [
                    [
                        [
                            [
                                55.235409,
                                25.046594
                            ],
                            [
                                55.235344,
                                25.045694
                            ],
                            [
                                55.234777,
                                25.045689
                            ],
                            [
                                55.234331,
                                25.045646
                            ],
                            [
                                55.23405,
                                25.046512
                            ],
                            [
                                55.234438,
                                25.046562
                            ],
                            [
                                55.235095,
                                25.046601
                            ],
                            [
                                55.235409,
                                25.046594
                            ]
                        ]
                    ]
                ]
            }
        },
        {
            "type": "Feature",
            "properties": {
                "observation_date": "2020-11-29",
                "source": "20201129_S2_AE_Rxxx_x016_S2B_40RCN_20201129_0_L2A_TCI",
                "sensor_name": "Sentinel-2",
                "type": "observation",
                "current_phase": "Unknown",
                "is_occluded": "False",
                "is_site_boundary": "True",
                "score": 1.0
            },
            "geometry": {
                "type": "MultiPolygon",
                "coordinates": [
                    [
                        [
                            [
                                55.235356,
                                25.04659
                            ],
                            [
                                55.235291,
                                25.045689
                            ],
                            [
                                55.234732,
                                25.045683
                            ],
                            [
                                55.234291,
                                25.04564
                            ],
                            [
                                55.234013,
                                25.046508
                            ],
                            [
                                55.234396,
                                25.046557
                            ],
                            [
                                55.235046,
                                25.046597
                            ],
                            [
                                55.235356,
                                25.04659
                            ]
                        ]
                    ]
                ]
            }
        },
        {
            "type": "Feature",
            "properties": {
                "observation_date": "2020-12-04",
                "source": "20201204_S2_AE_Rxxx_x016_S2A_40RCN_20201204_0_L2A_TCI",
                "sensor_name": "Sentinel-2",
                "type": "observation",
                "current_phase": "Unknown",
                "is_occluded": "False",
                "is_site_boundary": "True",
                "score": 1.0
            },
            "geometry": {
                "type": "MultiPolygon",
                "coordinates": [
                    [
                        [
                            [
                                55.235356,
                                25.04659
                            ],
                            [
                                55.235291,
                                25.045689
                            ],
                            [
                                55.234731,
                                25.045683
                            ],
                            [
                                55.234291,
                                25.04564
                            ],
                            [
                                55.234013,
                                25.046508
                            ],
                            [
                                55.234396,
                                25.046557
                            ],
                            [
                                55.235046,
                                25.046597
                            ],
                            [
                                55.235356,
                                25.04659
                            ]
                        ]
                    ]
                ]
            }
        },
        {
            "type": "Feature",
            "properties": {
                "observation_date": "2020-12-28",
                "source": "20201228_LS_AE_Rxxx_x016_LC08_L1TP_160043_20201228_20210310_02_T1_TCI",
                "sensor_name": "Landsat 8",
                "type": "observation",
                "current_phase": "Unknown",
                "is_occluded": "False",
                "is_site_boundary": "True",
                "score": 1.0
            },
            "geometry": {
                "type": "MultiPolygon",
                "coordinates": [
                    [
                        [
                            [
                                55.235408,
                                25.046594
                            ],
                            [
                                55.235343,
                                25.045694
                            ],
                            [
                                55.234776,
                                25.045689
                            ],
                            [
                                55.23433,
                                25.045646
                            ],
                            [
                                55.234049,
                                25.046512
                            ],
                            [
                                55.234437,
                                25.046562
                            ],
                            [
                                55.235094,
                                25.046601
                            ],
                            [
                                55.235408,
                                25.046594
                            ]
                        ]
                    ]
                ]
            }
        },
        {
            "type": "Feature",
            "properties": {
                "observation_date": "2021-01-13",
                "source": "20210113_LS_AE_Rxxx_x016_LC08_L1TP_160043_20210113_20210308_02_T1_TCI",
                "sensor_name": "Landsat 8",
                "type": "observation",
                "current_phase": "Unknown",
                "is_occluded": "False",
                "is_site_boundary": "True",
                "score": 1.0
            },
            "geometry": {
                "type": "MultiPolygon",
                "coordinates": [
                    [
                        [
                            [
                                55.235408,
                                25.046594
                            ],
                            [
                                55.235342,
                                25.045694
                            ],
                            [
                                55.234776,
                                25.045689
                            ],
                            [
                                55.23433,
                                25.045646
                            ],
                            [
                                55.234049,
                                25.046512
                            ],
                            [
                                55.234437,
                                25.046562
                            ],
                            [
                                55.235094,
                                25.046601
                            ],
                            [
                                55.235408,
                                25.046594
                            ]
                        ]
                    ]
                ]
            }
        },
        {
            "type": "Feature",
            "properties": {
                "observation_date": "2021-01-23",
                "source": "20210123_S2_AE_Rxxx_x016_S2A_40RCN_20210123_0_L2A_TCI",
                "sensor_name": "Sentinel-2",
                "type": "observation",
                "current_phase": "Unknown",
                "is_occluded": "False",
                "is_site_boundary": "True",
                "score": 1.0
            },
            "geometry": {
                "type": "MultiPolygon",
                "coordinates": [
                    [
                        [
                            [
                                55.235355,
                                25.04659
                            ],
                            [
                                55.23529,
                                25.045689
                            ],
                            [
                                55.23473,
                                25.045683
                            ],
                            [
                                55.23429,
                                25.04564
                            ],
                            [
                                55.234012,
                                25.046508
                            ],
                            [
                                55.234395,
                                25.046557
                            ],
                            [
                                55.235045,
                                25.046597
                            ],
                            [
                                55.235355,
                                25.04659
                            ]
                        ]
                    ]
                ]
            }
        },
        {
            "type": "Feature",
            "properties": {
                "observation_date": "2021-02-17",
                "source": "20210217_S2_AE_Rxxx_x016_S2B_40RCN_20210217_0_L2A_TCI",
                "sensor_name": "Sentinel-2",
                "type": "observation",
                "current_phase": "Unknown",
                "is_occluded": "False",
                "is_site_boundary": "True",
                "score": 1.0
            },
            "geometry": {
                "type": "MultiPolygon",
                "coordinates": [
                    [
                        [
                            [
                                55.235355,
                                25.04659
                            ],
                            [
                                55.23529,
                                25.045689
                            ],
                            [
                                55.23473,
                                25.045683
                            ],
                            [
                                55.23429,
                                25.04564
                            ],
                            [
                                55.234011,
                                25.046508
                            ],
                            [
                                55.234395,
                                25.046557
                            ],
                            [
                                55.235044,
                                25.046597
                            ],
                            [
                                55.235355,
                                25.04659
                            ]
                        ]
                    ]
                ]
            }
        },
        {
            "type": "Feature",
            "properties": {
                "observation_date": "2021-03-14",
                "source": "20210314_S2_AE_Rxxx_x016_S2A_40RCN_20210314_0_L2A_TCI",
                "sensor_name": "Sentinel-2",
                "type": "observation",
                "current_phase": "Post Construction",
                "is_occluded": "False",
                "is_site_boundary": "True",
                "score": 1.0
            },
            "geometry": {
                "type": "MultiPolygon",
                "coordinates": [
                    [
                        [
                            [
                                55.235355,
                                25.04659
                            ],
                            [
                                55.23529,
                                25.045689
                            ],
                            [
                                55.23473,
                                25.045683
                            ],
                            [
                                55.23429,
                                25.04564
                            ],
                            [
                                55.234011,
                                25.046508
                            ],
                            [
                                55.234395,
                                25.046557
                            ],
                            [
                                55.235044,
                                25.046597
                            ],
                            [
                                55.235355,
                                25.04659
                            ]
                        ]
                    ]
                ]
            }
        },
        {
            "type": "Feature",
            "properties": {
                "observation_date": "2021-03-18",
                "source": "20210318_LS_AE_Rxxx_x016_LC08_L1TP_160043_20210318_20210328_02_T1_TCI",
                "sensor_name": "Landsat 8",
                "type": "observation",
                "current_phase": "Post Construction",
                "is_occluded": "False",
                "is_site_boundary": "True",
                "score": 1.0
            },
            "geometry": {
                "type": "MultiPolygon",
                "coordinates": [
                    [
                        [
                            [
                                55.235406,
                                25.046594
                            ],
                            [
                                55.235341,
                                25.045694
                            ],
                            [
                                55.234774,
                                25.045688
                            ],
                            [
                                55.234328,
                                25.045646
                            ],
                            [
                                55.234047,
                                25.046512
                            ],
                            [
                                55.234435,
                                25.046562
                            ],
                            [
                                55.235092,
                                25.046601
                            ],
                            [
                                55.235406,
                                25.046594
                            ]
                        ]
                    ]
                ]
            }
        },
        {
            "type": "Feature",
            "properties": {
                "observation_date": "2021-04-13",
                "source": "20210413_S2_AE_Rxxx_x016_S2A_40RCN_20210413_0_L2A_TCI",
                "sensor_name": "Sentinel-2",
                "type": "observation",
                "current_phase": "Post Construction",
                "is_occluded": "False",
                "is_site_boundary": "True",
                "score": 1.0
            },
            "geometry": {
                "type": "MultiPolygon",
                "coordinates": [
                    [
                        [
                            [
                                55.235352,
                                25.04659
                            ],
                            [
                                55.235288,
                                25.045689
                            ],
                            [
                                55.234728,
                                25.045683
                            ],
                            [
                                55.234287,
                                25.04564
                            ],
                            [
                                55.234009,
                                25.046508
                            ],
                            [
                                55.234393,
                                25.046557
                            ],
                            [
                                55.235042,
                                25.046597
                            ],
                            [
                                55.235352,
                                25.04659
                            ]
                        ]
                    ]
                ]
            }
        },
        {
            "type": "Feature",
            "properties": {
                "observation_date": "2021-04-19",
                "source": "20210419_LS_AE_Rxxx_x016_LC08_L1TP_160043_20210419_20210424_02_T1_TCI",
                "sensor_name": "Landsat 8",
                "type": "observation",
                "current_phase": "Post Construction",
                "is_occluded": "False",
                "is_site_boundary": "True",
                "score": 1.0
            },
            "geometry": {
                "type": "MultiPolygon",
                "coordinates": [
                    [
                        [
                            [
                                55.235404,
                                25.046594
                            ],
                            [
                                55.235338,
                                25.045694
                            ],
                            [
                                55.234772,
                                25.045688
                            ],
                            [
                                55.234326,
                                25.045646
                            ],
                            [
                                55.234044,
                                25.046512
                            ],
                            [
                                55.234433,
                                25.046562
                            ],
                            [
                                55.23509,
                                25.046601
                            ],
                            [
                                55.235404,
                                25.046594
                            ]
                        ]
                    ]
                ]
            }
        },
        {
            "type": "Feature",
            "properties": {
                "observation_date": "2021-05-21",
                "source": "20210521_LS_AE_Rxxx_x016_LC08_L1TP_160043_20210521_20210528_02_T1_TCI",
                "sensor_name": "Landsat 8",
                "type": "observation",
                "current_phase": "Post Construction",
                "is_occluded": "False",
                "is_site_boundary": "True",
                "score": 1.0
            },
            "geometry": {
                "type": "MultiPolygon",
                "coordinates": [
                    [
                        [
                            [
                                55.235403,
                                25.046594
                            ],
                            [
                                55.235337,
                                25.045694
                            ],
                            [
                                55.234771,
                                25.045688
                            ],
                            [
                                55.234325,
                                25.045646
                            ],
                            [
                                55.234043,
                                25.046512
                            ],
                            [
                                55.234431,
                                25.046562
                            ],
                            [
                                55.235089,
                                25.046601
                            ],
                            [
                                55.235403,
                                25.046594
                            ]
                        ]
                    ]
                ]
            }
        },
        {
            "type": "Feature",
            "properties": {
                "observation_date": "2021-05-28",
                "source": "20210528_S2_AE_Rxxx_x016_S2B_40RCN_20210528_0_L2A_TCI",
                "sensor_name": "Sentinel-2",
                "type": "observation",
                "current_phase": "Post Construction",
                "is_occluded": "False",
                "is_site_boundary": "True",
                "score": 1.0
            },
            "geometry": {
                "type": "MultiPolygon",
                "coordinates": [
                    [
                        [
                            [
                                55.235349,
                                25.046589
                            ],
                            [
                                55.235284,
                                25.045689
                            ],
                            [
                                55.234724,
                                25.045683
                            ],
                            [
                                55.234284,
                                25.04564
                            ],
                            [
                                55.234006,
                                25.046508
                            ],
                            [
                                55.234389,
                                25.046557
                            ],
                            [
                                55.235039,
                                25.046597
                            ],
                            [
                                55.235349,
                                25.046589
                            ]
                        ]
                    ]
                ]
            }
        },
        {
            "type": "Feature",
            "properties": {
                "observation_date": "2021-06-02",
                "source": "20210602_S2_AE_Rxxx_x016_S2A_40RCN_20210602_0_L2A_TCI",
                "sensor_name": "Sentinel-2",
                "type": "observation",
                "current_phase": "Post Construction",
                "is_occluded": "False",
                "is_site_boundary": "True",
                "score": 1.0
            },
            "geometry": {
                "type": "MultiPolygon",
                "coordinates": [
                    [
                        [
                            [
                                55.235349,
                                25.046589
                            ],
                            [
                                55.235284,
                                25.045689
                            ],
                            [
                                55.234724,
                                25.045683
                            ],
                            [
                                55.234284,
                                25.04564
                            ],
                            [
                                55.234006,
                                25.046508
                            ],
                            [
                                55.234389,
                                25.046557
                            ],
                            [
                                55.235039,
                                25.046597
                            ],
                            [
                                55.235349,
                                25.046589
                            ]
                        ]
                    ]
                ]
            }
        },
        {
            "type": "Feature",
            "properties": {
                "observation_date": "2021-06-06",
                "source": "20210606_LS_AE_Rxxx_x016_LC08_L1TP_160043_20210606_20210615_02_T1_TCI",
                "sensor_name": "Landsat 8",
                "type": "observation",
                "current_phase": "Post Construction",
                "is_occluded": "False",
                "is_site_boundary": "True",
                "score": 1.0
            },
            "geometry": {
                "type": "MultiPolygon",
                "coordinates": [
                    [
                        [
                            [
                                55.235402,
                                25.046594
                            ],
                            [
                                55.235336,
                                25.045694
                            ],
                            [
                                55.234769,
                                25.045688
                            ],
                            [
                                55.234324,
                                25.045646
                            ],
                            [
                                55.234042,
                                25.046512
                            ],
                            [
                                55.23443,
                                25.046562
                            ],
                            [
                                55.235088,
                                25.046601
                            ],
                            [
                                55.235402,
                                25.046594
                            ]
                        ]
                    ]
                ]
            }
        },
        {
            "type": "Feature",
            "properties": {
                "observation_date": "2021-07-22",
                "source": "20210722_S2_AE_Rxxx_x016_S2A_40RCN_20210722_0_L2A_TCI",
                "sensor_name": "Sentinel-2",
                "type": "observation",
                "current_phase": "Post Construction",
                "is_occluded": "False",
                "is_site_boundary": "True",
                "score": 1.0
            },
            "geometry": {
                "type": "MultiPolygon",
                "coordinates": [
                    [
                        [
                            [
                                55.235349,
                                25.046589
                            ],
                            [
                                55.235284,
                                25.045689
                            ],
                            [
                                55.234724,
                                25.045683
                            ],
                            [
                                55.234284,
                                25.04564
                            ],
                            [
                                55.234006,
                                25.046508
                            ],
                            [
                                55.234389,
                                25.046557
                            ],
                            [
                                55.235039,
                                25.046597
                            ],
                            [
                                55.235349,
                                25.046589
                            ]
                        ]
                    ]
                ]
            }
        },
        {
            "type": "Feature",
            "properties": {
                "observation_date": "2021-08-01",
                "source": "20210801_S2_AE_Rxxx_x016_S2A_40RCN_20210801_0_L2A_TCI",
                "sensor_name": "Sentinel-2",
                "type": "observation",
                "current_phase": "Post Construction",
                "is_occluded": "False",
                "is_site_boundary": "True",
                "score": 1.0
            },
            "geometry": {
                "type": "MultiPolygon",
                "coordinates": [
                    [
                        [
                            [
                                55.235349,
                                25.046589
                            ],
                            [
                                55.235284,
                                25.045689
                            ],
                            [
                                55.234724,
                                25.045683
                            ],
                            [
                                55.234284,
                                25.04564
                            ],
                            [
                                55.234006,
                                25.046508
                            ],
                            [
                                55.234389,
                                25.046557
                            ],
                            [
                                55.235039,
                                25.046597
                            ],
                            [
                                55.235349,
                                25.046589
                            ]
                        ]
                    ]
                ]
            }
        },
        {
            "type": "Feature",
            "properties": {
                "observation_date": "2021-09-20",
                "source": "20210920_S2_AE_Rxxx_x016_S2A_40RCN_20210920_0_L2A_TCI",
                "sensor_name": "Sentinel-2",
                "type": "observation",
                "current_phase": "Post Construction",
                "is_occluded": "False",
                "is_site_boundary": "True",
                "score": 1.0
            },
            "geometry": {
                "type": "MultiPolygon",
                "coordinates": [
                    [
                        [
                            [
                                55.235349,
                                25.046589
                            ],
                            [
                                55.235284,
                                25.045689
                            ],
                            [
                                55.234724,
                                25.045683
                            ],
                            [
                                55.234284,
                                25.04564
                            ],
                            [
                                55.234006,
                                25.046508
                            ],
                            [
                                55.234389,
                                25.046557
                            ],
                            [
                                55.235039,
                                25.046597
                            ],
                            [
                                55.235349,
                                25.046589
                            ]
                        ]
                    ]
                ]
            }
        },
        {
            "type": "Feature",
            "properties": {
                "observation_date": "2021-10-10",
                "source": "20211010_S2_AE_Rxxx_x016_S2A_40RCN_20211010_0_L2A_TCI",
                "sensor_name": "Sentinel-2",
                "type": "observation",
                "current_phase": "Post Construction",
                "is_occluded": "False",
                "is_site_boundary": "True",
                "score": 1.0
            },
            "geometry": {
                "type": "MultiPolygon",
                "coordinates": [
                    [
                        [
                            [
                                55.235349,
                                25.046589
                            ],
                            [
                                55.235284,
                                25.045689
                            ],
                            [
                                55.234724,
                                25.045683
                            ],
                            [
                                55.234284,
                                25.04564
                            ],
                            [
                                55.234006,
                                25.046508
                            ],
                            [
                                55.234389,
                                25.046557
                            ],
                            [
                                55.235039,
                                25.046597
                            ],
                            [
                                55.235349,
                                25.046589
                            ]
                        ]
                    ]
                ]
            }
        }
    ]
}