{
    "type": "FeatureCollection",
    "features": [
        {
            "type": "Feature",
            "properties": {
                "type": "site",
                "region_id": "AE_R002",
                "site_id": "AE_R002_0019",
                "version": "2.0.0",
                "status": "positive_annotated",
                "mgrs": "40RCN",
                "score": 1.0,
                "start_date": "2016-01-10",
                "end_date": "2021-01-18",
                "model_content": "annotation",
                "originator": "te",
                "validated": "True",
                "misc_info": {
                    "commit_hash": "8e08692eda2dec643e6abab764d830cd0f7f4055"
                }
            },
            "geometry": {
                "type": "Polygon",
                "coordinates": [
                    [
                        [
                            55.230395,
                            25.041601
                        ],
                        [
                            55.230434,
                            25.041566
                        ],
                        [
                            55.229803,
                            25.040992
                        ],
                        [
                            55.229008,
                            25.040483
                        ],
                        [
                            55.228993,
                            25.040508
                        ],
                        [
                            55.228982,
                            25.040501
                        ],
                        [
                            55.22898,
                            25.040504
                        ],
                        [
                            55.228977,
                            25.040502
                        ],
                        [
                            55.228976,
                            25.040505
                        ],
                        [
                            55.228973,
                            25.040503
                        ],
                        [
                            55.228971,
                            25.040506
                        ],
                        [
                            55.228968,
                            25.040504
                        ],
                        [
                            55.228966,
                            25.040507
                        ],
                        [
                            55.228963,
                            25.040505
                        ],
                        [
                            55.228962,
                            25.040508
                        ],
                        [
                            55.228959,
                            25.040506
                        ],
                        [
                            55.228954,
                            25.040515
                        ],
                        [
                            55.228945,
                            25.040509
                        ],
                        [
                            55.228554,
                            25.041193
                        ],
                        [
                            55.228555,
                            25.041197
                        ],
                        [
                            55.228532,
                            25.041238
                        ],
                        [
                            55.228537,
                            25.041253
                        ],
                        [
                            55.228469,
                            25.041372
                        ],
                        [
                            55.228586,
                            25.041722
                        ],
                        [
                            55.229057,
                            25.041943
                        ],
                        [
                            55.229642,
                            25.042334
                        ],
                        [
                            55.229685,
                            25.042296
                        ],
                        [
                            55.229691,
                            25.0423
                        ],
                        [
                            55.229697,
                            25.042295
                        ],
                        [
                            55.229721,
                            25.042311
                        ],
                        [
                            55.229729,
                            25.042304
                        ],
                        [
                            55.229733,
                            25.042307
                        ],
                        [
                            55.229735,
                            25.042305
                        ],
                        [
                            55.229738,
                            25.042307
                        ],
                        [
                            55.229749,
                            25.042297
                        ],
                        [
                            55.229757,
                            25.042302
                        ],
                        [
                            55.230405,
                            25.041738
                        ],
                        [
                            55.2304,
                            25.041734
                        ],
                        [
                            55.230418,
                            25.041718
                        ],
                        [
                            55.230413,
                            25.041714
                        ],
                        [
                            55.230423,
                            25.041705
                        ],
                        [
                            55.230411,
                            25.041694
                        ],
                        [
                            55.230446,
                            25.041663
                        ],
                        [
                            55.230429,
                            25.041648
                        ],
                        [
                            55.230438,
                            25.04164
                        ],
                        [
                            55.230395,
                            25.041601
                        ]
                    ]
                ]
            }
        },
        {
            "type": "Feature",
            "properties": {
                "observation_date": "2016-01-10",
                "source": "20160110_S2_AE_Rxxx_x019_S2A_40RCN_20160110_0_L1C_TCI",
                "sensor_name": "Sentinel-2",
                "type": "observation",
                "current_phase": "No Activity",
                "is_occluded": "False",
                "is_site_boundary": "True",
                "score": 1.0
            },
            "geometry": {
                "type": "MultiPolygon",
                "coordinates": [
                    [
                        [
                            [
                                55.228709,
                                25.041537
                            ],
                            [
                                55.228591,
                                25.041185
                            ],
                            [
                                55.228982,
                                25.040501
                            ],
                            [
                                55.229778,
                                25.041011
                            ],
                            [
                                55.230409,
                                25.041584
                            ],
                            [
                                55.229763,
                                25.04215
                            ],
                            [
                                55.229178,
                                25.041758
                            ],
                            [
                                55.228709,
                                25.041537
                            ]
                        ]
                    ]
                ]
            }
        },
        {
            "type": "Feature",
            "properties": {
                "observation_date": "2016-06-05",
                "source": "16JUN05100242-P1BS-500718481010_01_P008",
                "sensor_name": "WorldView",
                "type": "observation",
                "current_phase": "Site Preparation",
                "is_occluded": "False",
                "is_site_boundary": "True",
                "score": 1.0
            },
            "geometry": {
                "type": "MultiPolygon",
                "coordinates": [
                    [
                        [
                            [
                                55.228677,
                                25.041696
                            ],
                            [
                                55.228559,
                                25.041345
                            ],
                            [
                                55.22895,
                                25.040664
                            ],
                            [
                                55.229748,
                                25.041172
                            ],
                            [
                                55.23038,
                                25.041743
                            ],
                            [
                                55.229733,
                                25.042307
                            ],
                            [
                                55.229147,
                                25.041916
                            ],
                            [
                                55.228677,
                                25.041696
                            ]
                        ]
                    ]
                ]
            }
        },
        {
            "type": "Feature",
            "properties": {
                "observation_date": "2016-08-13",
                "source": "16AUG13071753-M1BS-500346924010_18_P004",
                "sensor_name": "WorldView",
                "type": "observation",
                "current_phase": "Site Preparation",
                "is_occluded": "False",
                "is_site_boundary": "True",
                "score": 1.0
            },
            "geometry": {
                "type": "MultiPolygon",
                "coordinates": [
                    [
                        [
                            [
                                55.229152,
                                25.041917
                            ],
                            [
                                55.229738,
                                25.042307
                            ],
                            [
                                55.230385,
                                25.041743
                            ],
                            [
                                55.229753,
                                25.041172
                            ],
                            [
                                55.228955,
                                25.040665
                            ],
                            [
                                55.228564,
                                25.041346
                            ],
                            [
                                55.228682,
                                25.041696
                            ],
                            [
                                55.229152,
                                25.041917
                            ]
                        ]
                    ]
                ]
            }
        },
        {
            "type": "Feature",
            "properties": {
                "observation_date": "2017-01-04",
                "source": "20170104_S2_AE_Rxxx_x019_S2A_40RCN_20170104_0_L2A_TCI",
                "sensor_name": "Sentinel-2",
                "type": "observation",
                "current_phase": "Site Preparation",
                "is_occluded": "False",
                "is_site_boundary": "True",
                "score": 1.0
            },
            "geometry": {
                "type": "MultiPolygon",
                "coordinates": [
                    [
                        [
                            [
                                55.22915,
                                25.041903
                            ],
                            [
                                55.229734,
                                25.042295
                            ],
                            [
                                55.23038,
                                25.041729
                            ],
                            [
                                55.229749,
                                25.041155
                            ],
                            [
                                55.228953,
                                25.040646
                            ],
                            [
                                55.228563,
                                25.04133
                            ],
                            [
                                55.22868,
                                25.041681
                            ],
                            [
                                55.22915,
                                25.041903
                            ]
                        ]
                    ]
                ]
            }
        },
        {
            "type": "Feature",
            "properties": {
                "observation_date": "2017-03-15",
                "source": "20170315_S2_AE_Rxxx_x019_S2A_40RCN_20170315_0_L2A_TCI",
                "sensor_name": "Sentinel-2",
                "type": "observation",
                "current_phase": "Site Preparation",
                "is_occluded": "False",
                "is_site_boundary": "True",
                "score": 1.0
            },
            "geometry": {
                "type": "MultiPolygon",
                "coordinates": [
                    [
                        [
                            [
                                55.229155,
                                25.041902
                            ],
                            [
                                55.229739,
                                25.042294
                            ],
                            [
                                55.230385,
                                25.041728
                            ],
                            [
                                55.229754,
                                25.041154
                            ],
                            [
                                55.228958,
                                25.040645
                            ],
                            [
                                55.228568,
                                25.041329
                            ],
                            [
                                55.228685,
                                25.041681
                            ],
                            [
                                55.229155,
                                25.041902
                            ]
                        ]
                    ]
                ]
            }
        },
        {
            "type": "Feature",
            "properties": {
                "observation_date": "2017-04-24",
                "source": "20170424_S2_AE_Rxxx_x019_S2A_40RCN_20170424_0_L2A_TCI",
                "sensor_name": "Sentinel-2",
                "type": "observation",
                "current_phase": "Site Preparation",
                "is_occluded": "False",
                "is_site_boundary": "True",
                "score": 1.0
            },
            "geometry": {
                "type": "MultiPolygon",
                "coordinates": [
                    [
                        [
                            [
                                55.22916,
                                25.041901
                            ],
                            [
                                55.229744,
                                25.042293
                            ],
                            [
                                55.23039,
                                25.041727
                            ],
                            [
                                55.229759,
                                25.041154
                            ],
                            [
                                55.228963,
                                25.040644
                            ],
                            [
                                55.228573,
                                25.041328
                            ],
                            [
                                55.22869,
                                25.04168
                            ],
                            [
                                55.22916,
                                25.041901
                            ]
                        ]
                    ]
                ]
            }
        },
        {
            "type": "Feature",
            "properties": {
                "observation_date": "2017-05-14",
                "source": "20170514_S2_AE_Rxxx_x019_S2A_40RCN_20170514_0_L2A_TCI",
                "sensor_name": "Sentinel-2",
                "type": "observation",
                "current_phase": "Site Preparation",
                "is_occluded": "False",
                "is_site_boundary": "True",
                "score": 1.0
            },
            "geometry": {
                "type": "MultiPolygon",
                "coordinates": [
                    [
                        [
                            [
                                55.229165,
                                25.0419
                            ],
                            [
                                55.229749,
                                25.042292
                            ],
                            [
                                55.230395,
                                25.041726
                            ],
                            [
                                55.229764,
                                25.041153
                            ],
                            [
                                55.228968,
                                25.040644
                            ],
                            [
                                55.228578,
                                25.041327
                            ],
                            [
                                55.228695,
                                25.041679
                            ],
                            [
                                55.229165,
                                25.0419
                            ]
                        ]
                    ]
                ]
            }
        },
        {
            "type": "Feature",
            "properties": {
                "observation_date": "2017-06-13",
                "source": "20170613_S2_AE_Rxxx_x019_S2A_40RCN_20170613_0_L2A_TCI",
                "sensor_name": "Sentinel-2",
                "type": "observation",
                "current_phase": "Site Preparation",
                "is_occluded": "False",
                "is_site_boundary": "True",
                "score": 1.0
            },
            "geometry": {
                "type": "MultiPolygon",
                "coordinates": [
                    [
                        [
                            [
                                55.22917,
                                25.0419
                            ],
                            [
                                55.229754,
                                25.042292
                            ],
                            [
                                55.2304,
                                25.041726
                            ],
                            [
                                55.229769,
                                25.041152
                            ],
                            [
                                55.228973,
                                25.040643
                            ],
                            [
                                55.228583,
                                25.041326
                            ],
                            [
                                55.2287,
                                25.041678
                            ],
                            [
                                55.22917,
                                25.0419
                            ]
                        ]
                    ]
                ]
            }
        },
        {
            "type": "Feature",
            "properties": {
                "observation_date": "2017-07-23",
                "source": "20170723_S2_AE_Rxxx_x019_S2A_40RCN_20170723_0_L2A_TCI",
                "sensor_name": "Sentinel-2",
                "type": "observation",
                "current_phase": "Site Preparation",
                "is_occluded": "False",
                "is_site_boundary": "True",
                "score": 1.0
            },
            "geometry": {
                "type": "MultiPolygon",
                "coordinates": [
                    [
                        [
                            [
                                55.229175,
                                25.041899
                            ],
                            [
                                55.229759,
                                25.042291
                            ],
                            [
                                55.230405,
                                25.041725
                            ],
                            [
                                55.229774,
                                25.041151
                            ],
                            [
                                55.228978,
                                25.040642
                            ],
                            [
                                55.228588,
                                25.041325
                            ],
                            [
                                55.228705,
                                25.041677
                            ],
                            [
                                55.229175,
                                25.041899
                            ]
                        ]
                    ]
                ]
            }
        },
        {
            "type": "Feature",
            "properties": {
                "observation_date": "2017-08-07",
                "source": "20170807_S2_AE_Rxxx_x019_S2B_40RCN_20170807_0_L2A_TCI",
                "sensor_name": "Sentinel-2",
                "type": "observation",
                "current_phase": "Site Preparation",
                "is_occluded": "False",
                "is_site_boundary": "True",
                "score": 1.0
            },
            "geometry": {
                "type": "MultiPolygon",
                "coordinates": [
                    [
                        [
                            [
                                55.229188,
                                25.041892
                            ],
                            [
                                55.229772,
                                25.042284
                            ],
                            [
                                55.230418,
                                25.041718
                            ],
                            [
                                55.229788,
                                25.041144
                            ],
                            [
                                55.228992,
                                25.040635
                            ],
                            [
                                55.228601,
                                25.041318
                            ],
                            [
                                55.228719,
                                25.04167
                            ],
                            [
                                55.229188,
                                25.041892
                            ]
                        ]
                    ]
                ]
            }
        },
        {
            "type": "Feature",
            "properties": {
                "observation_date": "2017-09-06",
                "source": "20170906_S2_AE_Rxxx_x019_S2B_40RCN_20170906_0_L2A_TCI",
                "sensor_name": "Sentinel-2",
                "type": "observation",
                "current_phase": "Site Preparation",
                "is_occluded": "False",
                "is_site_boundary": "True",
                "score": 1.0
            },
            "geometry": {
                "type": "MultiPolygon",
                "coordinates": [
                    [
                        [
                            [
                                55.229204,
                                25.04174
                            ],
                            [
                                55.229788,
                                25.042132
                            ],
                            [
                                55.230434,
                                25.041566
                            ],
                            [
                                55.229803,
                                25.040992
                            ],
                            [
                                55.229008,
                                25.040483
                            ],
                            [
                                55.228617,
                                25.041166
                            ],
                            [
                                55.228735,
                                25.041518
                            ],
                            [
                                55.229204,
                                25.04174
                            ]
                        ]
                    ]
                ]
            }
        },
        {
            "type": "Feature",
            "properties": {
                "observation_date": "2017-10-11",
                "source": "20171011_S2_AE_Rxxx_x019_S2A_40RCN_20171011_0_L2A_TCI",
                "sensor_name": "Sentinel-2",
                "type": "observation",
                "current_phase": "Site Preparation",
                "is_occluded": "False",
                "is_site_boundary": "True",
                "score": 1.0
            },
            "geometry": {
                "type": "MultiPolygon",
                "coordinates": [
                    [
                        [
                            [
                                55.229127,
                                25.041836
                            ],
                            [
                                55.229711,
                                25.042228
                            ],
                            [
                                55.230357,
                                25.041661
                            ],
                            [
                                55.229726,
                                25.041088
                            ],
                            [
                                55.22893,
                                25.040579
                            ],
                            [
                                55.22854,
                                25.041262
                            ],
                            [
                                55.228657,
                                25.041614
                            ],
                            [
                                55.229127,
                                25.041836
                            ]
                        ]
                    ]
                ]
            }
        },
        {
            "type": "Feature",
            "properties": {
                "observation_date": "2017-11-13",
                "source": "17NOV13095918-P1BS-501764823010_01_P002",
                "sensor_name": "WorldView",
                "type": "observation",
                "current_phase": "Site Preparation",
                "is_occluded": "False",
                "is_site_boundary": "True",
                "score": 1.0
            },
            "geometry": {
                "type": "MultiPolygon",
                "coordinates": [
                    [
                        [
                            [
                                55.229057,
                                25.041943
                            ],
                            [
                                55.229642,
                                25.042334
                            ],
                            [
                                55.23029,
                                25.04177
                            ],
                            [
                                55.229657,
                                25.041198
                            ],
                            [
                                55.22886,
                                25.040691
                            ],
                            [
                                55.228469,
                                25.041372
                            ],
                            [
                                55.228586,
                                25.041722
                            ],
                            [
                                55.229057,
                                25.041943
                            ]
                        ]
                    ]
                ]
            }
        },
        {
            "type": "Feature",
            "properties": {
                "observation_date": "2017-11-30",
                "source": "20171130_S2_AE_Rxxx_x019_S2A_40RCN_20171130_0_L2A_TCI",
                "sensor_name": "Sentinel-2",
                "type": "observation",
                "current_phase": "Site Preparation",
                "is_occluded": "False",
                "is_site_boundary": "True",
                "score": 1.0
            },
            "geometry": {
                "type": "MultiPolygon",
                "coordinates": [
                    [
                        [
                            [
                                55.229215,
                                25.041837
                            ],
                            [
                                55.2298,
                                25.042229
                            ],
                            [
                                55.230446,
                                25.041663
                            ],
                            [
                                55.229815,
                                25.04109
                            ],
                            [
                                55.229019,
                                25.04058
                            ],
                            [
                                55.228629,
                                25.041264
                            ],
                            [
                                55.228746,
                                25.041616
                            ],
                            [
                                55.229215,
                                25.041837
                            ]
                        ]
                    ]
                ]
            }
        },
        {
            "type": "Feature",
            "properties": {
                "observation_date": "2017-12-10",
                "source": "20171210_S2_AE_Rxxx_x019_S2A_40RCN_20171210_0_L2A_TCI",
                "sensor_name": "Sentinel-2",
                "type": "observation",
                "current_phase": "Site Preparation",
                "is_occluded": "False",
                "is_site_boundary": "True",
                "score": 1.0
            },
            "geometry": {
                "type": "MultiPolygon",
                "coordinates": [
                    [
                        [
                            [
                                55.229193,
                                25.041855
                            ],
                            [
                                55.229778,
                                25.042247
                            ],
                            [
                                55.230424,
                                25.041681
                            ],
                            [
                                55.229793,
                                25.041108
                            ],
                            [
                                55.228997,
                                25.040598
                            ],
                            [
                                55.228607,
                                25.041282
                            ],
                            [
                                55.228724,
                                25.041634
                            ],
                            [
                                55.229193,
                                25.041855
                            ]
                        ]
                    ]
                ]
            }
        },
        {
            "type": "Feature",
            "properties": {
                "observation_date": "2018-01-14",
                "source": "20180114_S2_AE_Rxxx_x019_S2B_40RCN_20180114_0_L2A_TCI",
                "sensor_name": "Sentinel-2",
                "type": "observation",
                "current_phase": "Site Preparation",
                "is_occluded": "False",
                "is_site_boundary": "True",
                "score": 1.0
            },
            "geometry": {
                "type": "MultiPolygon",
                "coordinates": [
                    [
                        [
                            [
                                55.229171,
                                25.041873
                            ],
                            [
                                55.229756,
                                25.042265
                            ],
                            [
                                55.230402,
                                25.041699
                            ],
                            [
                                55.229771,
                                25.041125
                            ],
                            [
                                55.228975,
                                25.040616
                            ],
                            [
                                55.228585,
                                25.0413
                            ],
                            [
                                55.228702,
                                25.041651
                            ],
                            [
                                55.229171,
                                25.041873
                            ]
                        ]
                    ]
                ]
            }
        },
        {
            "type": "Feature",
            "properties": {
                "observation_date": "2018-03-08",
                "source": "18MAR08072034-P1BS-502009134020_01_P003",
                "sensor_name": "WorldView",
                "type": "observation",
                "current_phase": "Site Preparation",
                "is_occluded": "False",
                "is_site_boundary": "True",
                "score": 1.0
            },
            "geometry": {
                "type": "MultiPolygon",
                "coordinates": [
                    [
                        [
                            [
                                55.229135,
                                25.041921
                            ],
                            [
                                55.229721,
                                25.042311
                            ],
                            [
                                55.230368,
                                25.041747
                            ],
                            [
                                55.229736,
                                25.041176
                            ],
                            [
                                55.228938,
                                25.040668
                            ],
                            [
                                55.228547,
                                25.041349
                            ],
                            [
                                55.228665,
                                25.0417
                            ],
                            [
                                55.229135,
                                25.041921
                            ]
                        ]
                    ]
                ]
            }
        },
        {
            "type": "Feature",
            "properties": {
                "observation_date": "2018-03-10",
                "source": "20180310_S2_AE_Rxxx_x019_S2A_40RCN_20180310_0_L2A_TCI",
                "sensor_name": "Sentinel-2",
                "type": "observation",
                "current_phase": "Site Preparation",
                "is_occluded": "False",
                "is_site_boundary": "True",
                "score": 1.0
            },
            "geometry": {
                "type": "MultiPolygon",
                "coordinates": [
                    [
                        [
                            [
                                55.229193,
                                25.041879
                            ],
                            [
                                55.229777,
                                25.042271
                            ],
                            [
                                55.230423,
                                25.041705
                            ],
                            [
                                55.229792,
                                25.041131
                            ],
                            [
                                55.228997,
                                25.040622
                            ],
                            [
                                55.228606,
                                25.041305
                            ],
                            [
                                55.228724,
                                25.041657
                            ],
                            [
                                55.229193,
                                25.041879
                            ]
                        ]
                    ]
                ]
            }
        },
        {
            "type": "Feature",
            "properties": {
                "observation_date": "2018-04-04",
                "source": "20180404_S2_AE_Rxxx_x019_S2B_40RCN_20180404_0_L2A_TCI",
                "sensor_name": "Sentinel-2",
                "type": "observation",
                "current_phase": "Site Preparation",
                "is_occluded": "False",
                "is_site_boundary": "True",
                "score": 1.0
            },
            "geometry": {
                "type": "MultiPolygon",
                "coordinates": [
                    [
                        [
                            [
                                55.229208,
                                25.041814
                            ],
                            [
                                55.229792,
                                25.042206
                            ],
                            [
                                55.230438,
                                25.04164
                            ],
                            [
                                55.229807,
                                25.041066
                            ],
                            [
                                55.229012,
                                25.040557
                            ],
                            [
                                55.228621,
                                25.04124
                            ],
                            [
                                55.228739,
                                25.041592
                            ],
                            [
                                55.229208,
                                25.041814
                            ]
                        ]
                    ]
                ]
            }
        },
        {
            "type": "Feature",
            "properties": {
                "observation_date": "2018-05-19",
                "source": "20180519_S2_AE_Rxxx_x019_S2A_40RCN_20180519_0_L2A_TCI",
                "sensor_name": "Sentinel-2",
                "type": "observation",
                "current_phase": "Site Preparation",
                "is_occluded": "False",
                "is_site_boundary": "True",
                "score": 1.0
            },
            "geometry": {
                "type": "MultiPolygon",
                "coordinates": [
                    [
                        [
                            [
                                55.229195,
                                25.041813
                            ],
                            [
                                55.22978,
                                25.042205
                            ],
                            [
                                55.230426,
                                25.041639
                            ],
                            [
                                55.229795,
                                25.041066
                            ],
                            [
                                55.228999,
                                25.040556
                            ],
                            [
                                55.228608,
                                25.04124
                            ],
                            [
                                55.228726,
                                25.041592
                            ],
                            [
                                55.229195,
                                25.041813
                            ]
                        ]
                    ]
                ]
            }
        },
        {
            "type": "Feature",
            "properties": {
                "observation_date": "2018-06-23",
                "source": "20180623_S2_AE_Rxxx_x019_S2B_40RCN_20180623_1_L2A_TCI",
                "sensor_name": "Sentinel-2",
                "type": "observation",
                "current_phase": "Site Preparation",
                "is_occluded": "False",
                "is_site_boundary": "True",
                "score": 1.0
            },
            "geometry": {
                "type": "MultiPolygon",
                "coordinates": [
                    [
                        [
                            [
                                55.229182,
                                25.041813
                            ],
                            [
                                55.229767,
                                25.042205
                            ],
                            [
                                55.230413,
                                25.041639
                            ],
                            [
                                55.229782,
                                25.041065
                            ],
                            [
                                55.228986,
                                25.040556
                            ],
                            [
                                55.228596,
                                25.041239
                            ],
                            [
                                55.228713,
                                25.041591
                            ],
                            [
                                55.229182,
                                25.041813
                            ]
                        ]
                    ]
                ]
            }
        },
        {
            "type": "Feature",
            "properties": {
                "observation_date": "2018-07-03",
                "source": "20180703_S2_AE_Rxxx_x019_S2B_40RCN_20180703_0_L2A_TCI",
                "sensor_name": "Sentinel-2",
                "type": "observation",
                "current_phase": "Site Preparation",
                "is_occluded": "False",
                "is_site_boundary": "True",
                "score": 1.0
            },
            "geometry": {
                "type": "MultiPolygon",
                "coordinates": [
                    [
                        [
                            [
                                55.22917,
                                25.041812
                            ],
                            [
                                55.229754,
                                25.042205
                            ],
                            [
                                55.2304,
                                25.041638
                            ],
                            [
                                55.229769,
                                25.041065
                            ],
                            [
                                55.228974,
                                25.040556
                            ],
                            [
                                55.228583,
                                25.041239
                            ],
                            [
                                55.228701,
                                25.041591
                            ],
                            [
                                55.22917,
                                25.041812
                            ]
                        ]
                    ]
                ]
            }
        },
        {
            "type": "Feature",
            "properties": {
                "observation_date": "2018-08-12",
                "source": "20180812_S2_AE_Rxxx_x019_S2B_40RCN_20180812_0_L2A_TCI",
                "sensor_name": "Sentinel-2",
                "type": "observation",
                "current_phase": "Site Preparation",
                "is_occluded": "False",
                "is_site_boundary": "True",
                "score": 1.0
            },
            "geometry": {
                "type": "MultiPolygon",
                "coordinates": [
                    [
                        [
                            [
                                55.229157,
                                25.041812
                            ],
                            [
                                55.229742,
                                25.042204
                            ],
                            [
                                55.230388,
                                25.041638
                            ],
                            [
                                55.229757,
                                25.041064
                            ],
                            [
                                55.228961,
                                25.040555
                            ],
                            [
                                55.22857,
                                25.041239
                            ],
                            [
                                55.228688,
                                25.04159
                            ],
                            [
                                55.229157,
                                25.041812
                            ]
                        ]
                    ]
                ]
            }
        },
        {
            "type": "Feature",
            "properties": {
                "observation_date": "2018-09-21",
                "source": "20180921_S2_AE_Rxxx_x019_S2B_40RCN_20180921_0_L2A_TCI",
                "sensor_name": "Sentinel-2",
                "type": "observation",
                "current_phase": "Site Preparation",
                "is_occluded": "False",
                "is_site_boundary": "True",
                "score": 1.0
            },
            "geometry": {
                "type": "MultiPolygon",
                "coordinates": [
                    [
                        [
                            [
                                55.229144,
                                25.041812
                            ],
                            [
                                55.229729,
                                25.042204
                            ],
                            [
                                55.230375,
                                25.041638
                            ],
                            [
                                55.229744,
                                25.041064
                            ],
                            [
                                55.228948,
                                25.040555
                            ],
                            [
                                55.228558,
                                25.041238
                            ],
                            [
                                55.228675,
                                25.04159
                            ],
                            [
                                55.229144,
                                25.041812
                            ]
                        ]
                    ]
                ]
            }
        },
        {
            "type": "Feature",
            "properties": {
                "observation_date": "2018-10-21",
                "source": "20181021_S2_AE_Rxxx_x019_S2B_40RCN_20181021_0_L2A_TCI",
                "sensor_name": "Sentinel-2",
                "type": "observation",
                "current_phase": "Site Preparation",
                "is_occluded": "False",
                "is_site_boundary": "True",
                "score": 1.0
            },
            "geometry": {
                "type": "MultiPolygon",
                "coordinates": [
                    [
                        [
                            [
                                55.229132,
                                25.041811
                            ],
                            [
                                55.229716,
                                25.042203
                            ],
                            [
                                55.230362,
                                25.041637
                            ],
                            [
                                55.229731,
                                25.041064
                            ],
                            [
                                55.228936,
                                25.040554
                            ],
                            [
                                55.228545,
                                25.041238
                            ],
                            [
                                55.228663,
                                25.04159
                            ],
                            [
                                55.229132,
                                25.041811
                            ]
                        ]
                    ]
                ]
            }
        },
        {
            "type": "Feature",
            "properties": {
                "observation_date": "2018-11-30",
                "source": "20181130_S2_AE_Rxxx_x019_S2B_40RCN_20181130_0_L2A_TCI",
                "sensor_name": "Sentinel-2",
                "type": "observation",
                "current_phase": "Site Preparation",
                "is_occluded": "False",
                "is_site_boundary": "True",
                "score": 1.0
            },
            "geometry": {
                "type": "MultiPolygon",
                "coordinates": [
                    [
                        [
                            [
                                55.22865,
                                25.041589
                            ],
                            [
                                55.228532,
                                25.041238
                            ],
                            [
                                55.228923,
                                25.040554
                            ],
                            [
                                55.229719,
                                25.041063
                            ],
                            [
                                55.23035,
                                25.041637
                            ],
                            [
                                55.229704,
                                25.042203
                            ],
                            [
                                55.229119,
                                25.041811
                            ],
                            [
                                55.22865,
                                25.041589
                            ]
                        ]
                    ]
                ]
            }
        },
        {
            "type": "Feature",
            "properties": {
                "observation_date": "2018-12-15",
                "source": "20181215_S2_AE_Rxxx_x019_S2A_40RCN_20181215_0_L2A_TCI",
                "sensor_name": "Sentinel-2",
                "type": "observation",
                "current_phase": "Active Construction",
                "is_occluded": "False",
                "is_site_boundary": "True",
                "score": 1.0
            },
            "geometry": {
                "type": "MultiPolygon",
                "coordinates": [
                    [
                        [
                            [
                                55.228689,
                                25.041569
                            ],
                            [
                                55.228571,
                                25.041217
                            ],
                            [
                                55.228962,
                                25.040534
                            ],
                            [
                                55.229757,
                                25.041043
                            ],
                            [
                                55.230388,
                                25.041617
                            ],
                            [
                                55.229742,
                                25.042183
                            ],
                            [
                                55.229158,
                                25.041791
                            ],
                            [
                                55.228689,
                                25.041569
                            ]
                        ]
                    ]
                ]
            }
        },
        {
            "type": "Feature",
            "properties": {
                "observation_date": "2019-01-09",
                "source": "20190109_S2_AE_Rxxx_x019_S2B_40RCN_20190109_0_L2A_TCI",
                "sensor_name": "Sentinel-2",
                "type": "observation",
                "current_phase": "Active Construction",
                "is_occluded": "False",
                "is_site_boundary": "True",
                "score": 1.0
            },
            "geometry": {
                "type": "MultiPolygon",
                "coordinates": [
                    [
                        [
                            [
                                55.229151,
                                25.041802
                            ],
                            [
                                55.229736,
                                25.042194
                            ],
                            [
                                55.230382,
                                25.041628
                            ],
                            [
                                55.229751,
                                25.041055
                            ],
                            [
                                55.228955,
                                25.040545
                            ],
                            [
                                55.228564,
                                25.041229
                            ],
                            [
                                55.228682,
                                25.041581
                            ],
                            [
                                55.229151,
                                25.041802
                            ]
                        ]
                    ]
                ]
            }
        },
        {
            "type": "Feature",
            "properties": {
                "observation_date": "2019-02-08",
                "source": "20190208_S2_AE_Rxxx_x019_S2B_40RCN_20190208_0_L2A_TCI",
                "sensor_name": "Sentinel-2",
                "type": "observation",
                "current_phase": "Active Construction",
                "is_occluded": "False",
                "is_site_boundary": "True",
                "score": 1.0
            },
            "geometry": {
                "type": "MultiPolygon",
                "coordinates": [
                    [
                        [
                            [
                                55.229144,
                                25.041814
                            ],
                            [
                                55.229729,
                                25.042206
                            ],
                            [
                                55.230375,
                                25.04164
                            ],
                            [
                                55.229744,
                                25.041066
                            ],
                            [
                                55.228948,
                                25.040557
                            ],
                            [
                                55.228558,
                                25.041241
                            ],
                            [
                                55.228675,
                                25.041593
                            ],
                            [
                                55.229144,
                                25.041814
                            ]
                        ]
                    ]
                ]
            }
        },
        {
            "type": "Feature",
            "properties": {
                "observation_date": "2019-03-05",
                "source": "20190305_S2_AE_Rxxx_x019_S2A_40RCN_20190305_0_L2A_TCI",
                "sensor_name": "Sentinel-2",
                "type": "observation",
                "current_phase": "Active Construction",
                "is_occluded": "False",
                "is_site_boundary": "True",
                "score": 1.0
            },
            "geometry": {
                "type": "MultiPolygon",
                "coordinates": [
                    [
                        [
                            [
                                55.229138,
                                25.041826
                            ],
                            [
                                55.229722,
                                25.042218
                            ],
                            [
                                55.230368,
                                25.041652
                            ],
                            [
                                55.229737,
                                25.041078
                            ],
                            [
                                55.228942,
                                25.040569
                            ],
                            [
                                55.228551,
                                25.041253
                            ],
                            [
                                55.228668,
                                25.041604
                            ],
                            [
                                55.229138,
                                25.041826
                            ]
                        ]
                    ]
                ]
            }
        },
        {
            "type": "Feature",
            "properties": {
                "observation_date": "2019-04-29",
                "source": "20190429_S2_AE_Rxxx_x019_S2B_40RCN_20190429_0_L2A_TCI",
                "sensor_name": "Sentinel-2",
                "type": "observation",
                "current_phase": "Active Construction",
                "is_occluded": "False",
                "is_site_boundary": "True",
                "score": 1.0
            },
            "geometry": {
                "type": "MultiPolygon",
                "coordinates": [
                    [
                        [
                            [
                                55.229131,
                                25.041838
                            ],
                            [
                                55.229715,
                                25.04223
                            ],
                            [
                                55.230361,
                                25.041664
                            ],
                            [
                                55.22973,
                                25.04109
                            ],
                            [
                                55.228935,
                                25.040581
                            ],
                            [
                                55.228544,
                                25.041264
                            ],
                            [
                                55.228662,
                                25.041616
                            ],
                            [
                                55.229131,
                                25.041838
                            ]
                        ]
                    ]
                ]
            }
        },
        {
            "type": "Feature",
            "properties": {
                "observation_date": "2019-05-04",
                "source": "20190504_S2_AE_Rxxx_x019_S2A_40RCN_20190504_0_L2A_TCI",
                "sensor_name": "Sentinel-2",
                "type": "observation",
                "current_phase": "Active Construction",
                "is_occluded": "False",
                "is_site_boundary": "True",
                "score": 1.0
            },
            "geometry": {
                "type": "MultiPolygon",
                "coordinates": [
                    [
                        [
                            [
                                55.229124,
                                25.041849
                            ],
                            [
                                55.229709,
                                25.042242
                            ],
                            [
                                55.230355,
                                25.041675
                            ],
                            [
                                55.229724,
                                25.041102
                            ],
                            [
                                55.228928,
                                25.040593
                            ],
                            [
                                55.228537,
                                25.041276
                            ],
                            [
                                55.228655,
                                25.041628
                            ],
                            [
                                55.229124,
                                25.041849
                            ]
                        ]
                    ]
                ]
            }
        },
        {
            "type": "Feature",
            "properties": {
                "observation_date": "2019-06-18",
                "source": "20190618_S2_AE_Rxxx_x019_S2B_40RCN_20190618_0_L2A_TCI",
                "sensor_name": "Sentinel-2",
                "type": "observation",
                "current_phase": "Active Construction",
                "is_occluded": "False",
                "is_site_boundary": "True",
                "score": 1.0
            },
            "geometry": {
                "type": "MultiPolygon",
                "coordinates": [
                    [
                        [
                            [
                                55.229118,
                                25.041861
                            ],
                            [
                                55.229702,
                                25.042253
                            ],
                            [
                                55.230348,
                                25.041687
                            ],
                            [
                                55.229717,
                                25.041114
                            ],
                            [
                                55.228921,
                                25.040604
                            ],
                            [
                                55.228531,
                                25.041288
                            ],
                            [
                                55.228648,
                                25.04164
                            ],
                            [
                                55.229118,
                                25.041861
                            ]
                        ]
                    ]
                ]
            }
        },
        {
            "type": "Feature",
            "properties": {
                "observation_date": "2019-07-08",
                "source": "20190708_S2_AE_Rxxx_x019_S2B_40RCN_20190708_0_L2A_TCI",
                "sensor_name": "Sentinel-2",
                "type": "observation",
                "current_phase": "Active Construction",
                "is_occluded": "False",
                "is_site_boundary": "True",
                "score": 1.0
            },
            "geometry": {
                "type": "MultiPolygon",
                "coordinates": [
                    [
                        [
                            [
                                55.229111,
                                25.041873
                            ],
                            [
                                55.229695,
                                25.042265
                            ],
                            [
                                55.230341,
                                25.041699
                            ],
                            [
                                55.22971,
                                25.041125
                            ],
                            [
                                55.228915,
                                25.040616
                            ],
                            [
                                55.228524,
                                25.0413
                            ],
                            [
                                55.228642,
                                25.041651
                            ],
                            [
                                55.229111,
                                25.041873
                            ]
                        ]
                    ]
                ]
            }
        },
        {
            "type": "Feature",
            "properties": {
                "observation_date": "2019-08-22",
                "source": "20190822_S2_AE_Rxxx_x019_S2A_40RCN_20190822_0_L2A_TCI",
                "sensor_name": "Sentinel-2",
                "type": "observation",
                "current_phase": "Active Construction",
                "is_occluded": "False",
                "is_site_boundary": "True",
                "score": 1.0
            },
            "geometry": {
                "type": "MultiPolygon",
                "coordinates": [
                    [
                        [
                            [
                                55.229104,
                                25.041885
                            ],
                            [
                                55.229688,
                                25.042277
                            ],
                            [
                                55.230334,
                                25.041711
                            ],
                            [
                                55.229704,
                                25.041137
                            ],
                            [
                                55.228908,
                                25.040628
                            ],
                            [
                                55.228517,
                                25.041311
                            ],
                            [
                                55.228635,
                                25.041663
                            ],
                            [
                                55.229104,
                                25.041885
                            ]
                        ]
                    ]
                ]
            }
        },
        {
            "type": "Feature",
            "properties": {
                "observation_date": "2019-08-29",
                "source": "19AUG29070526-M1BS-503470871010_01_P010",
                "sensor_name": "WorldView",
                "type": "observation",
                "current_phase": "Active Construction",
                "is_occluded": "False",
                "is_site_boundary": "True",
                "score": 1.0
            },
            "geometry": {
                "type": "MultiPolygon",
                "coordinates": [
                    [
                        [
                            [
                                55.229105,
                                25.04191
                            ],
                            [
                                55.229691,
                                25.0423
                            ],
                            [
                                55.230338,
                                25.041736
                            ],
                            [
                                55.229706,
                                25.041165
                            ],
                            [
                                55.228908,
                                25.040658
                            ],
                            [
                                55.228517,
                                25.041338
                            ],
                            [
                                55.228635,
                                25.041689
                            ],
                            [
                                55.229105,
                                25.04191
                            ]
                        ]
                    ]
                ]
            }
        },
        {
            "type": "Feature",
            "properties": {
                "observation_date": "2019-09-11",
                "source": "20190911_S2_AE_Rxxx_x019_S2A_40RCN_20190911_0_L2A_TCI",
                "sensor_name": "Sentinel-2",
                "type": "observation",
                "current_phase": "Active Construction",
                "is_occluded": "False",
                "is_site_boundary": "True",
                "score": 1.0
            },
            "geometry": {
                "type": "MultiPolygon",
                "coordinates": [
                    [
                        [
                            [
                                55.229145,
                                25.041822
                            ],
                            [
                                55.229729,
                                25.042214
                            ],
                            [
                                55.230375,
                                25.041648
                            ],
                            [
                                55.229744,
                                25.041074
                            ],
                            [
                                55.228949,
                                25.040565
                            ],
                            [
                                55.228558,
                                25.041248
                            ],
                            [
                                55.228676,
                                25.0416
                            ],
                            [
                                55.229145,
                                25.041822
                            ]
                        ]
                    ]
                ]
            }
        },
        {
            "type": "Feature",
            "properties": {
                "observation_date": "2019-10-08",
                "source": "19OCT08100851-P1BS_R4C1-502704253040_06_P001",
                "sensor_name": "WorldView",
                "type": "observation",
                "current_phase": "Active Construction",
                "is_occluded": "False",
                "is_site_boundary": "True",
                "score": 1.0
            },
            "geometry": {
                "type": "MultiPolygon",
                "coordinates": [
                    [
                        [
                            [
                                55.229121,
                                25.041872
                            ],
                            [
                                55.229706,
                                25.042262
                            ],
                            [
                                55.230354,
                                25.041698
                            ],
                            [
                                55.229721,
                                25.041127
                            ],
                            [
                                55.228924,
                                25.040619
                            ],
                            [
                                55.228533,
                                25.0413
                            ],
                            [
                                55.22865,
                                25.041651
                            ],
                            [
                                55.229121,
                                25.041872
                            ]
                        ]
                    ]
                ]
            }
        },
        {
            "type": "Feature",
            "properties": {
                "observation_date": "2019-10-26",
                "source": "20191026_S2_AE_Rxxx_x019_S2B_40RCN_20191026_0_L2A_TCI",
                "sensor_name": "Sentinel-2",
                "type": "observation",
                "current_phase": "Active Construction",
                "is_occluded": "False",
                "is_site_boundary": "True",
                "score": 1.0
            },
            "geometry": {
                "type": "MultiPolygon",
                "coordinates": [
                    [
                        [
                            [
                                55.229129,
                                25.041834
                            ],
                            [
                                55.229714,
                                25.042226
                            ],
                            [
                                55.23036,
                                25.04166
                            ],
                            [
                                55.229729,
                                25.041087
                            ],
                            [
                                55.228933,
                                25.040577
                            ],
                            [
                                55.228543,
                                25.041261
                            ],
                            [
                                55.22866,
                                25.041613
                            ],
                            [
                                55.229129,
                                25.041834
                            ]
                        ]
                    ]
                ]
            }
        },
        {
            "type": "Feature",
            "properties": {
                "observation_date": "2019-11-30",
                "source": "20191130_S2_AE_Rxxx_x019_S2A_40RCN_20191130_0_L2A_TCI",
                "sensor_name": "Sentinel-2",
                "type": "observation",
                "current_phase": "Active Construction",
                "is_occluded": "False",
                "is_site_boundary": "True",
                "score": 1.0
            },
            "geometry": {
                "type": "MultiPolygon",
                "coordinates": [
                    [
                        [
                            [
                                55.229146,
                                25.041809
                            ],
                            [
                                55.22973,
                                25.042201
                            ],
                            [
                                55.230376,
                                25.041635
                            ],
                            [
                                55.229745,
                                25.041061
                            ],
                            [
                                55.228949,
                                25.040552
                            ],
                            [
                                55.228559,
                                25.041235
                            ],
                            [
                                55.228676,
                                25.041587
                            ],
                            [
                                55.229146,
                                25.041809
                            ]
                        ]
                    ]
                ]
            }
        },
        {
            "type": "Feature",
            "properties": {
                "observation_date": "2019-12-20",
                "source": "20191220_S2_AE_Rxxx_x019_S2A_40RCN_20191220_0_L2A_TCI",
                "sensor_name": "Sentinel-2",
                "type": "observation",
                "current_phase": "Active Construction",
                "is_occluded": "False",
                "is_site_boundary": "True",
                "score": 1.0
            },
            "geometry": {
                "type": "MultiPolygon",
                "coordinates": [
                    [
                        [
                            [
                                55.229162,
                                25.041784
                            ],
                            [
                                55.229746,
                                25.042176
                            ],
                            [
                                55.230392,
                                25.041609
                            ],
                            [
                                55.229761,
                                25.041036
                            ],
                            [
                                55.228966,
                                25.040527
                            ],
                            [
                                55.228575,
                                25.04121
                            ],
                            [
                                55.228693,
                                25.041562
                            ],
                            [
                                55.229162,
                                25.041784
                            ]
                        ]
                    ]
                ]
            }
        },
        {
            "type": "Feature",
            "properties": {
                "observation_date": "2020-01-09",
                "source": "20200109_S2_AE_Rxxx_x019_S2A_40RCN_20200109_0_L2A_TCI",
                "sensor_name": "Sentinel-2",
                "type": "observation",
                "current_phase": "Active Construction",
                "is_occluded": "False",
                "is_site_boundary": "True",
                "score": 1.0
            },
            "geometry": {
                "type": "MultiPolygon",
                "coordinates": [
                    [
                        [
                            [
                                55.228709,
                                25.041537
                            ],
                            [
                                55.228591,
                                25.041185
                            ],
                            [
                                55.228982,
                                25.040501
                            ],
                            [
                                55.229778,
                                25.041011
                            ],
                            [
                                55.230409,
                                25.041584
                            ],
                            [
                                55.229763,
                                25.04215
                            ],
                            [
                                55.229178,
                                25.041758
                            ],
                            [
                                55.228709,
                                25.041537
                            ]
                        ]
                    ]
                ]
            }
        },
        {
            "type": "Feature",
            "properties": {
                "observation_date": "2020-02-08",
                "source": "20200208_S2_AE_Rxxx_x019_S2A_40RCN_20200208_0_L2A_TCI",
                "sensor_name": "Sentinel-2",
                "type": "observation",
                "current_phase": "Unknown",
                "is_occluded": "False",
                "is_site_boundary": "True",
                "score": 1.0
            },
            "geometry": {
                "type": "MultiPolygon",
                "coordinates": [
                    [
                        [
                            [
                                55.228709,
                                25.041537
                            ],
                            [
                                55.228591,
                                25.041185
                            ],
                            [
                                55.228982,
                                25.040501
                            ],
                            [
                                55.229778,
                                25.041011
                            ],
                            [
                                55.230409,
                                25.041584
                            ],
                            [
                                55.229763,
                                25.04215
                            ],
                            [
                                55.229178,
                                25.041758
                            ],
                            [
                                55.228709,
                                25.041537
                            ]
                        ]
                    ]
                ]
            }
        },
        {
            "type": "Feature",
            "properties": {
                "observation_date": "2020-03-09",
                "source": "20200309_S2_AE_Rxxx_x019_S2A_40RCN_20200309_0_L2A_TCI",
                "sensor_name": "Sentinel-2",
                "type": "observation",
                "current_phase": "Unknown",
                "is_occluded": "False",
                "is_site_boundary": "True",
                "score": 1.0
            },
            "geometry": {
                "type": "MultiPolygon",
                "coordinates": [
                    [
                        [
                            [
                                55.229174,
                                25.041759
                            ],
                            [
                                55.229758,
                                25.042151
                            ],
                            [
                                55.230404,
                                25.041585
                            ],
                            [
                                55.229773,
                                25.041012
                            ],
                            [
                                55.228977,
                                25.040502
                            ],
                            [
                                55.228587,
                                25.041186
                            ],
                            [
                                55.228704,
                                25.041538
                            ],
                            [
                                55.229174,
                                25.041759
                            ]
                        ]
                    ]
                ]
            }
        },
        {
            "type": "Feature",
            "properties": {
                "observation_date": "2020-04-08",
                "source": "20200408_S2_AE_Rxxx_x019_S2A_40RCN_20200408_1_L2A_TCI",
                "sensor_name": "Sentinel-2",
                "type": "observation",
                "current_phase": "Unknown",
                "is_occluded": "False",
                "is_site_boundary": "True",
                "score": 1.0
            },
            "geometry": {
                "type": "MultiPolygon",
                "coordinates": [
                    [
                        [
                            [
                                55.229169,
                                25.04176
                            ],
                            [
                                55.229753,
                                25.042152
                            ],
                            [
                                55.230399,
                                25.041586
                            ],
                            [
                                55.229768,
                                25.041013
                            ],
                            [
                                55.228973,
                                25.040503
                            ],
                            [
                                55.228582,
                                25.041187
                            ],
                            [
                                55.2287,
                                25.041539
                            ],
                            [
                                55.229169,
                                25.04176
                            ]
                        ]
                    ]
                ]
            }
        },
        {
            "type": "Feature",
            "properties": {
                "observation_date": "2020-05-23",
                "source": "20200523_S2_AE_Rxxx_x019_S2B_40RCN_20200523_0_L2A_TCI",
                "sensor_name": "Sentinel-2",
                "type": "observation",
                "current_phase": "Unknown",
                "is_occluded": "False",
                "is_site_boundary": "True",
                "score": 1.0
            },
            "geometry": {
                "type": "MultiPolygon",
                "coordinates": [
                    [
                        [
                            [
                                55.229164,
                                25.041761
                            ],
                            [
                                55.229749,
                                25.042153
                            ],
                            [
                                55.230395,
                                25.041587
                            ],
                            [
                                55.229764,
                                25.041014
                            ],
                            [
                                55.228968,
                                25.040504
                            ],
                            [
                                55.228577,
                                25.041188
                            ],
                            [
                                55.228695,
                                25.04154
                            ],
                            [
                                55.229164,
                                25.041761
                            ]
                        ]
                    ]
                ]
            }
        },
        {
            "type": "Feature",
            "properties": {
                "observation_date": "2020-06-27",
                "source": "20200627_S2_AE_Rxxx_x019_S2A_40RCN_20200627_0_L2A_TCI",
                "sensor_name": "Sentinel-2",
                "type": "observation",
                "current_phase": "Unknown",
                "is_occluded": "False",
                "is_site_boundary": "True",
                "score": 1.0
            },
            "geometry": {
                "type": "MultiPolygon",
                "coordinates": [
                    [
                        [
                            [
                                55.22916,
                                25.041762
                            ],
                            [
                                55.229744,
                                25.042154
                            ],
                            [
                                55.23039,
                                25.041588
                            ],
                            [
                                55.229759,
                                25.041014
                            ],
                            [
                                55.228963,
                                25.040505
                            ],
                            [
                                55.228573,
                                25.041189
                            ],
                            [
                                55.22869,
                                25.041541
                            ],
                            [
                                55.22916,
                                25.041762
                            ]
                        ]
                    ]
                ]
            }
        },
        {
            "type": "Feature",
            "properties": {
                "observation_date": "2020-07-02",
                "source": "20200702_S2_AE_Rxxx_x019_S2B_40RCN_20200702_0_L2A_TCI",
                "sensor_name": "Sentinel-2",
                "type": "observation",
                "current_phase": "Unknown",
                "is_occluded": "False",
                "is_site_boundary": "True",
                "score": 1.0
            },
            "geometry": {
                "type": "MultiPolygon",
                "coordinates": [
                    [
                        [
                            [
                                55.229155,
                                25.041763
                            ],
                            [
                                55.229739,
                                25.042155
                            ],
                            [
                                55.230385,
                                25.041589
                            ],
                            [
                                55.229754,
                                25.041015
                            ],
                            [
                                55.228959,
                                25.040506
                            ],
                            [
                                55.228568,
                                25.04119
                            ],
                            [
                                55.228686,
                                25.041542
                            ],
                            [
                                55.229155,
                                25.041763
                            ]
                        ]
                    ]
                ]
            }
        },
        {
            "type": "Feature",
            "properties": {
                "observation_date": "2020-09-10",
                "source": "20200910_S2_AE_Rxxx_x019_S2B_40RCN_20200910_0_L2A_TCI",
                "sensor_name": "Sentinel-2",
                "type": "observation",
                "current_phase": "Unknown",
                "is_occluded": "False",
                "is_site_boundary": "True",
                "score": 1.0
            },
            "geometry": {
                "type": "MultiPolygon",
                "coordinates": [
                    [
                        [
                            [
                                55.228672,
                                25.041544
                            ],
                            [
                                55.228554,
                                25.041193
                            ],
                            [
                                55.228945,
                                25.040509
                            ],
                            [
                                55.22974,
                                25.041018
                            ],
                            [
                                55.230371,
                                25.041592
                            ],
                            [
                                55.229725,
                                25.042158
                            ],
                            [
                                55.229141,
                                25.041766
                            ],
                            [
                                55.228672,
                                25.041544
                            ]
                        ]
                    ]
                ]
            }
        },
        {
            "type": "Feature",
            "properties": {
                "observation_date": "2020-09-10",
                "source": "20SEP10064325-M1BS-014464100010_01_P003",
                "sensor_name": "WorldView",
                "type": "observation",
                "current_phase": "Post Construction",
                "is_occluded": "False",
                "is_site_boundary": "True",
                "score": 1.0
            },
            "geometry": {
                "type": "MultiPolygon",
                "coordinates": [
                    [
                        [
                            [
                                55.228701,
                                25.041691
                            ],
                            [
                                55.228583,
                                25.041341
                            ],
                            [
                                55.228975,
                                25.04066
                            ],
                            [
                                55.229772,
                                25.041167
                            ],
                            [
                                55.230405,
                                25.041738
                            ],
                            [
                                55.229757,
                                25.042302
                            ],
                            [
                                55.229172,
                                25.041912
                            ],
                            [
                                55.228701,
                                25.041691
                            ]
                        ]
                    ]
                ]
            }
        },
        {
            "type": "Feature",
            "properties": {
                "observation_date": "2020-10-07",
                "source": "20OCT07071051-P1BS-014466698010_01_P002",
                "sensor_name": "WorldView",
                "type": "observation",
                "current_phase": "Post Construction",
                "is_occluded": "False",
                "is_site_boundary": "True",
                "score": 1.0
            },
            "geometry": {
                "type": "MultiPolygon",
                "coordinates": [
                    [
                        [
                            [
                                55.228662,
                                25.041682
                            ],
                            [
                                55.228545,
                                25.041332
                            ],
                            [
                                55.228936,
                                25.040651
                            ],
                            [
                                55.229734,
                                25.041158
                            ],
                            [
                                55.230366,
                                25.04173
                            ],
                            [
                                55.229718,
                                25.042294
                            ],
                            [
                                55.229133,
                                25.041903
                            ],
                            [
                                55.228662,
                                25.041682
                            ]
                        ]
                    ]
                ]
            }
        },
        {
            "type": "Feature",
            "properties": {
                "observation_date": "2020-10-10",
                "source": "20201010_S2_AE_Rxxx_x019_S2B_40RCN_20201010_0_L2A_TCI",
                "sensor_name": "Sentinel-2",
                "type": "observation",
                "current_phase": "Post Construction",
                "is_occluded": "False",
                "is_site_boundary": "True",
                "score": 1.0
            },
            "geometry": {
                "type": "MultiPolygon",
                "coordinates": [
                    [
                        [
                            [
                                55.229176,
                                25.041828
                            ],
                            [
                                55.22976,
                                25.04222
                            ],
                            [
                                55.230406,
                                25.041654
                            ],
                            [
                                55.229775,
                                25.041081
                            ],
                            [
                                55.228979,
                                25.040571
                            ],
                            [
                                55.228589,
                                25.041255
                            ],
                            [
                                55.228706,
                                25.041607
                            ],
                            [
                                55.229176,
                                25.041828
                            ]
                        ]
                    ]
                ]
            }
        },
        {
            "type": "Feature",
            "properties": {
                "observation_date": "2020-11-04",
                "source": "20201104_S2_AE_Rxxx_x019_S2A_40RCN_20201104_0_L2A_TCI",
                "sensor_name": "Sentinel-2",
                "type": "observation",
                "current_phase": "Post Construction",
                "is_occluded": "False",
                "is_site_boundary": "True",
                "score": 1.0
            },
            "geometry": {
                "type": "MultiPolygon",
                "coordinates": [
                    [
                        [
                            [
                                55.229159,
                                25.041849
                            ],
                            [
                                55.229743,
                                25.042241
                            ],
                            [
                                55.230389,
                                25.041675
                            ],
                            [
                                55.229758,
                                25.041102
                            ],
                            [
                                55.228963,
                                25.040592
                            ],
                            [
                                55.228572,
                                25.041276
                            ],
                            [
                                55.22869,
                                25.041628
                            ],
                            [
                                55.229159,
                                25.041849
                            ]
                        ]
                    ]
                ]
            }
        },
        {
            "type": "Feature",
            "properties": {
                "observation_date": "2020-12-04",
                "source": "20201204_S2_AE_Rxxx_x019_S2A_40RCN_20201204_0_L2A_TCI",
                "sensor_name": "Sentinel-2",
                "type": "observation",
                "current_phase": "Post Construction",
                "is_occluded": "False",
                "is_site_boundary": "True",
                "score": 1.0
            },
            "geometry": {
                "type": "MultiPolygon",
                "coordinates": [
                    [
                        [
                            [
                                55.229142,
                                25.04187
                            ],
                            [
                                55.229726,
                                25.042262
                            ],
                            [
                                55.230372,
                                25.041696
                            ],
                            [
                                55.229742,
                                25.041123
                            ],
                            [
                                55.228946,
                                25.040613
                            ],
                            [
                                55.228555,
                                25.041297
                            ],
                            [
                                55.228673,
                                25.041649
                            ],
                            [
                                55.229142,
                                25.04187
                            ]
                        ]
                    ]
                ]
            }
        },
        {
            "type": "Feature",
            "properties": {
                "observation_date": "2021-01-18",
                "source": "20210118_S2_AE_Rxxx_x019_S2B_40RCN_20210118_0_L2A_TCI",
                "sensor_name": "Sentinel-2",
                "type": "observation",
                "current_phase": "Post Construction",
                "is_occluded": "False",
                "is_site_boundary": "True",
                "score": 1.0
            },
            "geometry": {
                "type": "MultiPolygon",
                "coordinates": [
                    [
                        [
                            [
                                55.228656,
                                25.041669
                            ],
                            [
                                55.228538,
                                25.041318
                            ],
                            [
                                55.228929,
                                25.040634
                            ],
                            [
                                55.229725,
                                25.041143
                            ],
                            [
                                55.230356,
                                25.041717
                            ],
                            [
                                55.22971,
                                25.042283
                            ],
                            [
                                55.229125,
                                25.041891
                            ],
                            [
                                55.228656,
                                25.041669
                            ]
                        ]
                    ]
                ]
            }
        }
    ]
}