{
    "type": "FeatureCollection",
    "features": [
        {
            "type": "Feature",
            "properties": {
                "type": "site",
                "region_id": "AE_R002",
                "site_id": "AE_R002_0226",
                "version": "2.0.0",
                "status": "positive_annotated_static",
                "mgrs": "40RCN",
                "score": 1.0,
                "start_date": "2014-08-30",
                "end_date": "2021-12-24",
                "model_content": "annotation",
                "originator": "te",
                "validated": "True",
                "misc_info": {
                    "commit_hash": "dbdea3485a8eb34730f81ec01861c62e6358b0b5"
                }
            },
            "geometry": {
                "type": "Polygon",
                "coordinates": [
                    [
                        [
                            55.386189,
                            25.122239
                        ],
                        [
                            55.386044,
                            25.122887
                        ],
                        [
                            55.386653,
                            25.12257
                        ],
                        [
                            55.387353,
                            25.122329
                        ],
                        [
                            55.388152,
                            25.122308
                        ],
                        [
                            55.388685,
                            25.122446
                        ],
                        [
                            55.38902,
                            25.122784
                        ],
                        [
                            55.388685,
                            25.122088
                        ],
                        [
                            55.388266,
                            25.121468
                        ],
                        [
                            55.387726,
                            25.120772
                        ],
                        [
                            55.387353,
                            25.120531
                        ],
                        [
                            55.386957,
                            25.120462
                        ],
                        [
                            55.386729,
                            25.120524
                        ],
                        [
                            55.386311,
                            25.120703
                        ],
                        [
                            55.385846,
                            25.121034
                        ],
                        [
                            55.386128,
                            25.121729
                        ],
                        [
                            55.386189,
                            25.122239
                        ]
                    ]
                ]
            }
        },
        {
            "type": "Feature",
            "properties": {
                "observation_date": "2014-08-30",
                "source": "14AUG30065012-M1BS-501122729040_01_P002",
                "sensor_name": "WorldView",
                "type": "observation",
                "current_phase": "No Activity",
                "is_occluded": "False",
                "is_site_boundary": "True",
                "score": 1.0
            },
            "geometry": {
                "type": "MultiPolygon",
                "coordinates": [
                    [
                        [
                            [
                                55.386044,
                                25.122887
                            ],
                            [
                                55.386189,
                                25.122239
                            ],
                            [
                                55.386128,
                                25.121729
                            ],
                            [
                                55.385846,
                                25.121034
                            ],
                            [
                                55.386311,
                                25.120703
                            ],
                            [
                                55.386729,
                                25.120524
                            ],
                            [
                                55.386957,
                                25.120462
                            ],
                            [
                                55.387353,
                                25.120531
                            ],
                            [
                                55.387726,
                                25.120772
                            ],
                            [
                                55.388266,
                                25.121468
                            ],
                            [
                                55.388685,
                                25.122088
                            ],
                            [
                                55.38902,
                                25.122784
                            ],
                            [
                                55.388685,
                                25.122446
                            ],
                            [
                                55.388152,
                                25.122308
                            ],
                            [
                                55.387353,
                                25.122329
                            ],
                            [
                                55.386653,
                                25.12257
                            ],
                            [
                                55.386044,
                                25.122887
                            ]
                        ]
                    ]
                ]
            }
        },
        {
            "type": "Feature",
            "properties": {
                "observation_date": "2014-09-18",
                "source": "14SEP18065125-P1BS-014855326010_01_P003",
                "sensor_name": "WorldView",
                "type": "observation",
                "current_phase": "No Activity",
                "is_occluded": "False",
                "is_site_boundary": "True",
                "score": 1.0
            },
            "geometry": {
                "type": "MultiPolygon",
                "coordinates": [
                    [
                        [
                            [
                                55.386044,
                                25.122887
                            ],
                            [
                                55.386189,
                                25.122239
                            ],
                            [
                                55.386128,
                                25.121729
                            ],
                            [
                                55.385846,
                                25.121034
                            ],
                            [
                                55.386311,
                                25.120703
                            ],
                            [
                                55.386729,
                                25.120524
                            ],
                            [
                                55.386957,
                                25.120462
                            ],
                            [
                                55.387353,
                                25.120531
                            ],
                            [
                                55.387726,
                                25.120772
                            ],
                            [
                                55.388266,
                                25.121468
                            ],
                            [
                                55.388685,
                                25.122088
                            ],
                            [
                                55.38902,
                                25.122784
                            ],
                            [
                                55.388685,
                                25.122446
                            ],
                            [
                                55.388152,
                                25.122308
                            ],
                            [
                                55.387353,
                                25.122329
                            ],
                            [
                                55.386653,
                                25.12257
                            ],
                            [
                                55.386044,
                                25.122887
                            ]
                        ]
                    ]
                ]
            }
        },
        {
            "type": "Feature",
            "properties": {
                "observation_date": "2014-11-07",
                "source": "14NOV07071512-P1BS-500185007020_01_P002",
                "sensor_name": "WorldView",
                "type": "observation",
                "current_phase": "No Activity",
                "is_occluded": "False",
                "is_site_boundary": "True",
                "score": 1.0
            },
            "geometry": {
                "type": "MultiPolygon",
                "coordinates": [
                    [
                        [
                            [
                                55.386044,
                                25.122887
                            ],
                            [
                                55.386189,
                                25.122239
                            ],
                            [
                                55.386128,
                                25.121729
                            ],
                            [
                                55.385846,
                                25.121034
                            ],
                            [
                                55.386311,
                                25.120703
                            ],
                            [
                                55.386729,
                                25.120524
                            ],
                            [
                                55.386957,
                                25.120462
                            ],
                            [
                                55.387353,
                                25.120531
                            ],
                            [
                                55.387726,
                                25.120772
                            ],
                            [
                                55.388266,
                                25.121468
                            ],
                            [
                                55.388685,
                                25.122088
                            ],
                            [
                                55.38902,
                                25.122784
                            ],
                            [
                                55.388685,
                                25.122446
                            ],
                            [
                                55.388152,
                                25.122308
                            ],
                            [
                                55.387353,
                                25.122329
                            ],
                            [
                                55.386653,
                                25.12257
                            ],
                            [
                                55.386044,
                                25.122887
                            ]
                        ]
                    ]
                ]
            }
        },
        {
            "type": "Feature",
            "properties": {
                "observation_date": "2014-12-07",
                "source": "14DEC07070308-P1BS-500205167020_01_P002",
                "sensor_name": "WorldView",
                "type": "observation",
                "current_phase": "No Activity",
                "is_occluded": "False",
                "is_site_boundary": "True",
                "score": 1.0
            },
            "geometry": {
                "type": "MultiPolygon",
                "coordinates": [
                    [
                        [
                            [
                                55.386044,
                                25.122887
                            ],
                            [
                                55.386189,
                                25.122239
                            ],
                            [
                                55.386128,
                                25.121729
                            ],
                            [
                                55.385846,
                                25.121034
                            ],
                            [
                                55.386311,
                                25.120703
                            ],
                            [
                                55.386729,
                                25.120524
                            ],
                            [
                                55.386957,
                                25.120462
                            ],
                            [
                                55.387353,
                                25.120531
                            ],
                            [
                                55.387726,
                                25.120772
                            ],
                            [
                                55.388266,
                                25.121468
                            ],
                            [
                                55.388685,
                                25.122088
                            ],
                            [
                                55.38902,
                                25.122784
                            ],
                            [
                                55.388685,
                                25.122446
                            ],
                            [
                                55.388152,
                                25.122308
                            ],
                            [
                                55.387353,
                                25.122329
                            ],
                            [
                                55.386653,
                                25.12257
                            ],
                            [
                                55.386044,
                                25.122887
                            ]
                        ]
                    ]
                ]
            }
        },
        {
            "type": "Feature",
            "properties": {
                "observation_date": "2015-02-08",
                "source": "15FEB08073731-P1BS-500247201020_01_P002",
                "sensor_name": "WorldView",
                "type": "observation",
                "current_phase": "Site Preparation",
                "is_occluded": "False",
                "is_site_boundary": "True",
                "score": 1.0
            },
            "geometry": {
                "type": "MultiPolygon",
                "coordinates": [
                    [
                        [
                            [
                                55.386044,
                                25.122887
                            ],
                            [
                                55.386189,
                                25.122239
                            ],
                            [
                                55.386128,
                                25.121729
                            ],
                            [
                                55.385846,
                                25.121034
                            ],
                            [
                                55.386311,
                                25.120703
                            ],
                            [
                                55.386729,
                                25.120524
                            ],
                            [
                                55.386957,
                                25.120462
                            ],
                            [
                                55.387353,
                                25.120531
                            ],
                            [
                                55.387726,
                                25.120772
                            ],
                            [
                                55.388266,
                                25.121468
                            ],
                            [
                                55.388685,
                                25.122088
                            ],
                            [
                                55.38902,
                                25.122784
                            ],
                            [
                                55.388685,
                                25.122446
                            ],
                            [
                                55.388152,
                                25.122308
                            ],
                            [
                                55.387353,
                                25.122329
                            ],
                            [
                                55.386653,
                                25.12257
                            ],
                            [
                                55.386044,
                                25.122887
                            ]
                        ]
                    ]
                ]
            }
        },
        {
            "type": "Feature",
            "properties": {
                "observation_date": "2015-03-05",
                "source": "15MAR05075151-P1BS-500171678030_01_P015",
                "sensor_name": "WorldView",
                "type": "observation",
                "current_phase": "Site Preparation",
                "is_occluded": "False",
                "is_site_boundary": "True",
                "score": 1.0
            },
            "geometry": {
                "type": "MultiPolygon",
                "coordinates": [
                    [
                        [
                            [
                                55.386044,
                                25.122887
                            ],
                            [
                                55.386189,
                                25.122239
                            ],
                            [
                                55.386128,
                                25.121729
                            ],
                            [
                                55.385846,
                                25.121034
                            ],
                            [
                                55.386311,
                                25.120703
                            ],
                            [
                                55.386729,
                                25.120524
                            ],
                            [
                                55.386957,
                                25.120462
                            ],
                            [
                                55.387353,
                                25.120531
                            ],
                            [
                                55.387726,
                                25.120772
                            ],
                            [
                                55.388266,
                                25.121468
                            ],
                            [
                                55.388685,
                                25.122088
                            ],
                            [
                                55.38902,
                                25.122784
                            ],
                            [
                                55.388685,
                                25.122446
                            ],
                            [
                                55.388152,
                                25.122308
                            ],
                            [
                                55.387353,
                                25.122329
                            ],
                            [
                                55.386653,
                                25.12257
                            ],
                            [
                                55.386044,
                                25.122887
                            ]
                        ]
                    ]
                ]
            }
        },
        {
            "type": "Feature",
            "properties": {
                "observation_date": "2016-03-20",
                "source": "S2A_40RCN_20160320_0_L1C_TCI",
                "sensor_name": "Sentinel-2",
                "type": "observation",
                "current_phase": "Active Construction",
                "is_occluded": "False",
                "is_site_boundary": "True",
                "score": 1.0
            },
            "geometry": {
                "type": "MultiPolygon",
                "coordinates": [
                    [
                        [
                            [
                                55.386044,
                                25.122887
                            ],
                            [
                                55.386189,
                                25.122239
                            ],
                            [
                                55.386128,
                                25.121729
                            ],
                            [
                                55.385846,
                                25.121034
                            ],
                            [
                                55.386311,
                                25.120703
                            ],
                            [
                                55.386729,
                                25.120524
                            ],
                            [
                                55.386957,
                                25.120462
                            ],
                            [
                                55.387353,
                                25.120531
                            ],
                            [
                                55.387726,
                                25.120772
                            ],
                            [
                                55.388266,
                                25.121468
                            ],
                            [
                                55.388685,
                                25.122088
                            ],
                            [
                                55.38902,
                                25.122784
                            ],
                            [
                                55.388685,
                                25.122446
                            ],
                            [
                                55.388152,
                                25.122308
                            ],
                            [
                                55.387353,
                                25.122329
                            ],
                            [
                                55.386653,
                                25.12257
                            ],
                            [
                                55.386044,
                                25.122887
                            ]
                        ]
                    ]
                ]
            }
        },
        {
            "type": "Feature",
            "properties": {
                "observation_date": "2016-04-09",
                "source": "S2A_40RCN_20160409_0_L1C_TCI",
                "sensor_name": "Sentinel-2",
                "type": "observation",
                "current_phase": "Active Construction",
                "is_occluded": "False",
                "is_site_boundary": "True",
                "score": 1.0
            },
            "geometry": {
                "type": "MultiPolygon",
                "coordinates": [
                    [
                        [
                            [
                                55.386044,
                                25.122887
                            ],
                            [
                                55.386189,
                                25.122239
                            ],
                            [
                                55.386128,
                                25.121729
                            ],
                            [
                                55.385846,
                                25.121034
                            ],
                            [
                                55.386311,
                                25.120703
                            ],
                            [
                                55.386729,
                                25.120524
                            ],
                            [
                                55.386957,
                                25.120462
                            ],
                            [
                                55.387353,
                                25.120531
                            ],
                            [
                                55.387726,
                                25.120772
                            ],
                            [
                                55.388266,
                                25.121468
                            ],
                            [
                                55.388685,
                                25.122088
                            ],
                            [
                                55.38902,
                                25.122784
                            ],
                            [
                                55.388685,
                                25.122446
                            ],
                            [
                                55.388152,
                                25.122308
                            ],
                            [
                                55.387353,
                                25.122329
                            ],
                            [
                                55.386653,
                                25.12257
                            ],
                            [
                                55.386044,
                                25.122887
                            ]
                        ]
                    ]
                ]
            }
        },
        {
            "type": "Feature",
            "properties": {
                "observation_date": "2016-05-29",
                "source": "S2A_40RCN_20160529_0_L1C_TCI",
                "sensor_name": "Sentinel-2",
                "type": "observation",
                "current_phase": "Active Construction",
                "is_occluded": "False",
                "is_site_boundary": "True",
                "score": 1.0
            },
            "geometry": {
                "type": "MultiPolygon",
                "coordinates": [
                    [
                        [
                            [
                                55.386044,
                                25.122887
                            ],
                            [
                                55.386189,
                                25.122239
                            ],
                            [
                                55.386128,
                                25.121729
                            ],
                            [
                                55.385846,
                                25.121034
                            ],
                            [
                                55.386311,
                                25.120703
                            ],
                            [
                                55.386729,
                                25.120524
                            ],
                            [
                                55.386957,
                                25.120462
                            ],
                            [
                                55.387353,
                                25.120531
                            ],
                            [
                                55.387726,
                                25.120772
                            ],
                            [
                                55.388266,
                                25.121468
                            ],
                            [
                                55.388685,
                                25.122088
                            ],
                            [
                                55.38902,
                                25.122784
                            ],
                            [
                                55.388685,
                                25.122446
                            ],
                            [
                                55.388152,
                                25.122308
                            ],
                            [
                                55.387353,
                                25.122329
                            ],
                            [
                                55.386653,
                                25.12257
                            ],
                            [
                                55.386044,
                                25.122887
                            ]
                        ]
                    ]
                ]
            }
        },
        {
            "type": "Feature",
            "properties": {
                "observation_date": "2016-06-07",
                "source": "16JUN07064618-M1BS-014855234010_01_P003",
                "sensor_name": "WorldView",
                "type": "observation",
                "current_phase": "Active Construction",
                "is_occluded": "False",
                "is_site_boundary": "True",
                "score": 1.0
            },
            "geometry": {
                "type": "MultiPolygon",
                "coordinates": [
                    [
                        [
                            [
                                55.386044,
                                25.122887
                            ],
                            [
                                55.386189,
                                25.122239
                            ],
                            [
                                55.386128,
                                25.121729
                            ],
                            [
                                55.385846,
                                25.121034
                            ],
                            [
                                55.386311,
                                25.120703
                            ],
                            [
                                55.386729,
                                25.120524
                            ],
                            [
                                55.386957,
                                25.120462
                            ],
                            [
                                55.387353,
                                25.120531
                            ],
                            [
                                55.387726,
                                25.120772
                            ],
                            [
                                55.388266,
                                25.121468
                            ],
                            [
                                55.388685,
                                25.122088
                            ],
                            [
                                55.38902,
                                25.122784
                            ],
                            [
                                55.388685,
                                25.122446
                            ],
                            [
                                55.388152,
                                25.122308
                            ],
                            [
                                55.387353,
                                25.122329
                            ],
                            [
                                55.386653,
                                25.12257
                            ],
                            [
                                55.386044,
                                25.122887
                            ]
                        ]
                    ]
                ]
            }
        },
        {
            "type": "Feature",
            "properties": {
                "observation_date": "2016-06-28",
                "source": "S2A_40RCN_20160628_0_L1C_TCI",
                "sensor_name": "Sentinel-2",
                "type": "observation",
                "current_phase": "Active Construction",
                "is_occluded": "False",
                "is_site_boundary": "True",
                "score": 1.0
            },
            "geometry": {
                "type": "MultiPolygon",
                "coordinates": [
                    [
                        [
                            [
                                55.386044,
                                25.122887
                            ],
                            [
                                55.386189,
                                25.122239
                            ],
                            [
                                55.386128,
                                25.121729
                            ],
                            [
                                55.385846,
                                25.121034
                            ],
                            [
                                55.386311,
                                25.120703
                            ],
                            [
                                55.386729,
                                25.120524
                            ],
                            [
                                55.386957,
                                25.120462
                            ],
                            [
                                55.387353,
                                25.120531
                            ],
                            [
                                55.387726,
                                25.120772
                            ],
                            [
                                55.388266,
                                25.121468
                            ],
                            [
                                55.388685,
                                25.122088
                            ],
                            [
                                55.38902,
                                25.122784
                            ],
                            [
                                55.388685,
                                25.122446
                            ],
                            [
                                55.388152,
                                25.122308
                            ],
                            [
                                55.387353,
                                25.122329
                            ],
                            [
                                55.386653,
                                25.12257
                            ],
                            [
                                55.386044,
                                25.122887
                            ]
                        ]
                    ]
                ]
            }
        },
        {
            "type": "Feature",
            "properties": {
                "observation_date": "2016-07-18",
                "source": "S2A_40RCN_20160718_0_L1C_TCI",
                "sensor_name": "Sentinel-2",
                "type": "observation",
                "current_phase": "Active Construction",
                "is_occluded": "False",
                "is_site_boundary": "True",
                "score": 1.0
            },
            "geometry": {
                "type": "MultiPolygon",
                "coordinates": [
                    [
                        [
                            [
                                55.386044,
                                25.122887
                            ],
                            [
                                55.386189,
                                25.122239
                            ],
                            [
                                55.386128,
                                25.121729
                            ],
                            [
                                55.385846,
                                25.121034
                            ],
                            [
                                55.386311,
                                25.120703
                            ],
                            [
                                55.386729,
                                25.120524
                            ],
                            [
                                55.386957,
                                25.120462
                            ],
                            [
                                55.387353,
                                25.120531
                            ],
                            [
                                55.387726,
                                25.120772
                            ],
                            [
                                55.388266,
                                25.121468
                            ],
                            [
                                55.388685,
                                25.122088
                            ],
                            [
                                55.38902,
                                25.122784
                            ],
                            [
                                55.388685,
                                25.122446
                            ],
                            [
                                55.388152,
                                25.122308
                            ],
                            [
                                55.387353,
                                25.122329
                            ],
                            [
                                55.386653,
                                25.12257
                            ],
                            [
                                55.386044,
                                25.122887
                            ]
                        ]
                    ]
                ]
            }
        },
        {
            "type": "Feature",
            "properties": {
                "observation_date": "2016-08-07",
                "source": "16AUG07072018-P1BS-014855224010_01_P009",
                "sensor_name": "WorldView",
                "type": "observation",
                "current_phase": "Active Construction",
                "is_occluded": "False",
                "is_site_boundary": "True",
                "score": 1.0
            },
            "geometry": {
                "type": "MultiPolygon",
                "coordinates": [
                    [
                        [
                            [
                                55.386044,
                                25.122887
                            ],
                            [
                                55.386189,
                                25.122239
                            ],
                            [
                                55.386128,
                                25.121729
                            ],
                            [
                                55.385846,
                                25.121034
                            ],
                            [
                                55.386311,
                                25.120703
                            ],
                            [
                                55.386729,
                                25.120524
                            ],
                            [
                                55.386957,
                                25.120462
                            ],
                            [
                                55.387353,
                                25.120531
                            ],
                            [
                                55.387726,
                                25.120772
                            ],
                            [
                                55.388266,
                                25.121468
                            ],
                            [
                                55.388685,
                                25.122088
                            ],
                            [
                                55.38902,
                                25.122784
                            ],
                            [
                                55.388685,
                                25.122446
                            ],
                            [
                                55.388152,
                                25.122308
                            ],
                            [
                                55.387353,
                                25.122329
                            ],
                            [
                                55.386653,
                                25.12257
                            ],
                            [
                                55.386044,
                                25.122887
                            ]
                        ]
                    ]
                ]
            }
        },
        {
            "type": "Feature",
            "properties": {
                "observation_date": "2016-09-16",
                "source": "S2A_40RCN_20160916_0_L1C_TCI",
                "sensor_name": "Sentinel-2",
                "type": "observation",
                "current_phase": "Active Construction",
                "is_occluded": "False",
                "is_site_boundary": "True",
                "score": 1.0
            },
            "geometry": {
                "type": "MultiPolygon",
                "coordinates": [
                    [
                        [
                            [
                                55.386044,
                                25.122887
                            ],
                            [
                                55.386189,
                                25.122239
                            ],
                            [
                                55.386128,
                                25.121729
                            ],
                            [
                                55.385846,
                                25.121034
                            ],
                            [
                                55.386311,
                                25.120703
                            ],
                            [
                                55.386729,
                                25.120524
                            ],
                            [
                                55.386957,
                                25.120462
                            ],
                            [
                                55.387353,
                                25.120531
                            ],
                            [
                                55.387726,
                                25.120772
                            ],
                            [
                                55.388266,
                                25.121468
                            ],
                            [
                                55.388685,
                                25.122088
                            ],
                            [
                                55.38902,
                                25.122784
                            ],
                            [
                                55.388685,
                                25.122446
                            ],
                            [
                                55.388152,
                                25.122308
                            ],
                            [
                                55.387353,
                                25.122329
                            ],
                            [
                                55.386653,
                                25.12257
                            ],
                            [
                                55.386044,
                                25.122887
                            ]
                        ]
                    ]
                ]
            }
        },
        {
            "type": "Feature",
            "properties": {
                "observation_date": "2016-11-15",
                "source": "S2A_40RCN_20161115_0_L1C_TCI",
                "sensor_name": "Sentinel-2",
                "type": "observation",
                "current_phase": "Active Construction",
                "is_occluded": "False",
                "is_site_boundary": "True",
                "score": 1.0
            },
            "geometry": {
                "type": "MultiPolygon",
                "coordinates": [
                    [
                        [
                            [
                                55.386044,
                                25.122887
                            ],
                            [
                                55.386189,
                                25.122239
                            ],
                            [
                                55.386128,
                                25.121729
                            ],
                            [
                                55.385846,
                                25.121034
                            ],
                            [
                                55.386311,
                                25.120703
                            ],
                            [
                                55.386729,
                                25.120524
                            ],
                            [
                                55.386957,
                                25.120462
                            ],
                            [
                                55.387353,
                                25.120531
                            ],
                            [
                                55.387726,
                                25.120772
                            ],
                            [
                                55.388266,
                                25.121468
                            ],
                            [
                                55.388685,
                                25.122088
                            ],
                            [
                                55.38902,
                                25.122784
                            ],
                            [
                                55.388685,
                                25.122446
                            ],
                            [
                                55.388152,
                                25.122308
                            ],
                            [
                                55.387353,
                                25.122329
                            ],
                            [
                                55.386653,
                                25.12257
                            ],
                            [
                                55.386044,
                                25.122887
                            ]
                        ]
                    ]
                ]
            }
        },
        {
            "type": "Feature",
            "properties": {
                "observation_date": "2017-04-14",
                "source": "S2A_40RCN_20170414_0_L2A_TCI",
                "sensor_name": "Sentinel-2",
                "type": "observation",
                "current_phase": "Active Construction",
                "is_occluded": "False",
                "is_site_boundary": "True",
                "score": 1.0
            },
            "geometry": {
                "type": "MultiPolygon",
                "coordinates": [
                    [
                        [
                            [
                                55.386044,
                                25.122887
                            ],
                            [
                                55.386189,
                                25.122239
                            ],
                            [
                                55.386128,
                                25.121729
                            ],
                            [
                                55.385846,
                                25.121034
                            ],
                            [
                                55.386311,
                                25.120703
                            ],
                            [
                                55.386729,
                                25.120524
                            ],
                            [
                                55.386957,
                                25.120462
                            ],
                            [
                                55.387353,
                                25.120531
                            ],
                            [
                                55.387726,
                                25.120772
                            ],
                            [
                                55.388266,
                                25.121468
                            ],
                            [
                                55.388685,
                                25.122088
                            ],
                            [
                                55.38902,
                                25.122784
                            ],
                            [
                                55.388685,
                                25.122446
                            ],
                            [
                                55.388152,
                                25.122308
                            ],
                            [
                                55.387353,
                                25.122329
                            ],
                            [
                                55.386653,
                                25.12257
                            ],
                            [
                                55.386044,
                                25.122887
                            ]
                        ]
                    ]
                ]
            }
        },
        {
            "type": "Feature",
            "properties": {
                "observation_date": "2017-06-13",
                "source": "S2A_40RCN_20170613_0_L2A_TCI",
                "sensor_name": "Sentinel-2",
                "type": "observation",
                "current_phase": "Active Construction",
                "is_occluded": "False",
                "is_site_boundary": "True",
                "score": 1.0
            },
            "geometry": {
                "type": "MultiPolygon",
                "coordinates": [
                    [
                        [
                            [
                                55.386044,
                                25.122887
                            ],
                            [
                                55.386189,
                                25.122239
                            ],
                            [
                                55.386128,
                                25.121729
                            ],
                            [
                                55.385846,
                                25.121034
                            ],
                            [
                                55.386311,
                                25.120703
                            ],
                            [
                                55.386729,
                                25.120524
                            ],
                            [
                                55.386957,
                                25.120462
                            ],
                            [
                                55.387353,
                                25.120531
                            ],
                            [
                                55.387726,
                                25.120772
                            ],
                            [
                                55.388266,
                                25.121468
                            ],
                            [
                                55.388685,
                                25.122088
                            ],
                            [
                                55.38902,
                                25.122784
                            ],
                            [
                                55.388685,
                                25.122446
                            ],
                            [
                                55.388152,
                                25.122308
                            ],
                            [
                                55.387353,
                                25.122329
                            ],
                            [
                                55.386653,
                                25.12257
                            ],
                            [
                                55.386044,
                                25.122887
                            ]
                        ]
                    ]
                ]
            }
        },
        {
            "type": "Feature",
            "properties": {
                "observation_date": "2017-07-29",
                "source": "17JUL29100422-P1BS-501481408010_01_P001",
                "sensor_name": "WorldView",
                "type": "observation",
                "current_phase": "Active Construction",
                "is_occluded": "False",
                "is_site_boundary": "True",
                "score": 1.0
            },
            "geometry": {
                "type": "MultiPolygon",
                "coordinates": [
                    [
                        [
                            [
                                55.386044,
                                25.122887
                            ],
                            [
                                55.386189,
                                25.122239
                            ],
                            [
                                55.386128,
                                25.121729
                            ],
                            [
                                55.385846,
                                25.121034
                            ],
                            [
                                55.386311,
                                25.120703
                            ],
                            [
                                55.386729,
                                25.120524
                            ],
                            [
                                55.386957,
                                25.120462
                            ],
                            [
                                55.387353,
                                25.120531
                            ],
                            [
                                55.387726,
                                25.120772
                            ],
                            [
                                55.388266,
                                25.121468
                            ],
                            [
                                55.388685,
                                25.122088
                            ],
                            [
                                55.38902,
                                25.122784
                            ],
                            [
                                55.388685,
                                25.122446
                            ],
                            [
                                55.388152,
                                25.122308
                            ],
                            [
                                55.387353,
                                25.122329
                            ],
                            [
                                55.386653,
                                25.12257
                            ],
                            [
                                55.386044,
                                25.122887
                            ]
                        ]
                    ]
                ]
            }
        },
        {
            "type": "Feature",
            "properties": {
                "observation_date": "2017-09-21",
                "source": "S2A_40RCN_20170921_2_L2A_TCI",
                "sensor_name": "Sentinel-2",
                "type": "observation",
                "current_phase": "Active Construction",
                "is_occluded": "False",
                "is_site_boundary": "True",
                "score": 1.0
            },
            "geometry": {
                "type": "MultiPolygon",
                "coordinates": [
                    [
                        [
                            [
                                55.386044,
                                25.122887
                            ],
                            [
                                55.386189,
                                25.122239
                            ],
                            [
                                55.386128,
                                25.121729
                            ],
                            [
                                55.385846,
                                25.121034
                            ],
                            [
                                55.386311,
                                25.120703
                            ],
                            [
                                55.386729,
                                25.120524
                            ],
                            [
                                55.386957,
                                25.120462
                            ],
                            [
                                55.387353,
                                25.120531
                            ],
                            [
                                55.387726,
                                25.120772
                            ],
                            [
                                55.388266,
                                25.121468
                            ],
                            [
                                55.388685,
                                25.122088
                            ],
                            [
                                55.38902,
                                25.122784
                            ],
                            [
                                55.388685,
                                25.122446
                            ],
                            [
                                55.388152,
                                25.122308
                            ],
                            [
                                55.387353,
                                25.122329
                            ],
                            [
                                55.386653,
                                25.12257
                            ],
                            [
                                55.386044,
                                25.122887
                            ]
                        ]
                    ]
                ]
            }
        },
        {
            "type": "Feature",
            "properties": {
                "observation_date": "2017-10-10",
                "source": "17OCT10095421-P1BS-500836369050_01_P001",
                "sensor_name": "WorldView",
                "type": "observation",
                "current_phase": "Active Construction",
                "is_occluded": "False",
                "is_site_boundary": "True",
                "score": 1.0
            },
            "geometry": {
                "type": "MultiPolygon",
                "coordinates": [
                    [
                        [
                            [
                                55.386044,
                                25.122887
                            ],
                            [
                                55.386189,
                                25.122239
                            ],
                            [
                                55.386128,
                                25.121729
                            ],
                            [
                                55.385846,
                                25.121034
                            ],
                            [
                                55.386311,
                                25.120703
                            ],
                            [
                                55.386729,
                                25.120524
                            ],
                            [
                                55.386957,
                                25.120462
                            ],
                            [
                                55.387353,
                                25.120531
                            ],
                            [
                                55.387726,
                                25.120772
                            ],
                            [
                                55.388266,
                                25.121468
                            ],
                            [
                                55.388685,
                                25.122088
                            ],
                            [
                                55.38902,
                                25.122784
                            ],
                            [
                                55.388685,
                                25.122446
                            ],
                            [
                                55.388152,
                                25.122308
                            ],
                            [
                                55.387353,
                                25.122329
                            ],
                            [
                                55.386653,
                                25.12257
                            ],
                            [
                                55.386044,
                                25.122887
                            ]
                        ]
                    ]
                ]
            }
        },
        {
            "type": "Feature",
            "properties": {
                "observation_date": "2018-04-08",
                "source": "18APR08071427-M1BS-014858888010_01_P003",
                "sensor_name": "WorldView",
                "type": "observation",
                "current_phase": "Active Construction",
                "is_occluded": "False",
                "is_site_boundary": "True",
                "score": 1.0
            },
            "geometry": {
                "type": "MultiPolygon",
                "coordinates": [
                    [
                        [
                            [
                                55.386044,
                                25.122887
                            ],
                            [
                                55.386189,
                                25.122239
                            ],
                            [
                                55.386128,
                                25.121729
                            ],
                            [
                                55.385846,
                                25.121034
                            ],
                            [
                                55.386311,
                                25.120703
                            ],
                            [
                                55.386729,
                                25.120524
                            ],
                            [
                                55.386957,
                                25.120462
                            ],
                            [
                                55.387353,
                                25.120531
                            ],
                            [
                                55.387726,
                                25.120772
                            ],
                            [
                                55.388266,
                                25.121468
                            ],
                            [
                                55.388685,
                                25.122088
                            ],
                            [
                                55.38902,
                                25.122784
                            ],
                            [
                                55.388685,
                                25.122446
                            ],
                            [
                                55.388152,
                                25.122308
                            ],
                            [
                                55.387353,
                                25.122329
                            ],
                            [
                                55.386653,
                                25.12257
                            ],
                            [
                                55.386044,
                                25.122887
                            ]
                        ]
                    ]
                ]
            }
        },
        {
            "type": "Feature",
            "properties": {
                "observation_date": "2018-05-04",
                "source": "18MAY04072739-M1BS-014858843010_01_P006",
                "sensor_name": "WorldView",
                "type": "observation",
                "current_phase": "Active Construction",
                "is_occluded": "False",
                "is_site_boundary": "True",
                "score": 1.0
            },
            "geometry": {
                "type": "MultiPolygon",
                "coordinates": [
                    [
                        [
                            [
                                55.386044,
                                25.122887
                            ],
                            [
                                55.386189,
                                25.122239
                            ],
                            [
                                55.386128,
                                25.121729
                            ],
                            [
                                55.385846,
                                25.121034
                            ],
                            [
                                55.386311,
                                25.120703
                            ],
                            [
                                55.386729,
                                25.120524
                            ],
                            [
                                55.386957,
                                25.120462
                            ],
                            [
                                55.387353,
                                25.120531
                            ],
                            [
                                55.387726,
                                25.120772
                            ],
                            [
                                55.388266,
                                25.121468
                            ],
                            [
                                55.388685,
                                25.122088
                            ],
                            [
                                55.38902,
                                25.122784
                            ],
                            [
                                55.388685,
                                25.122446
                            ],
                            [
                                55.388152,
                                25.122308
                            ],
                            [
                                55.387353,
                                25.122329
                            ],
                            [
                                55.386653,
                                25.12257
                            ],
                            [
                                55.386044,
                                25.122887
                            ]
                        ]
                    ]
                ]
            }
        },
        {
            "type": "Feature",
            "properties": {
                "observation_date": "2019-06-24",
                "source": "19JUN24095543-P1BS_R4C1-502704253040_02_P001",
                "sensor_name": "WorldView",
                "type": "observation",
                "current_phase": "Active Construction",
                "is_occluded": "False",
                "is_site_boundary": "True",
                "score": 1.0
            },
            "geometry": {
                "type": "MultiPolygon",
                "coordinates": [
                    [
                        [
                            [
                                55.386044,
                                25.122887
                            ],
                            [
                                55.386189,
                                25.122239
                            ],
                            [
                                55.386128,
                                25.121729
                            ],
                            [
                                55.385846,
                                25.121034
                            ],
                            [
                                55.386311,
                                25.120703
                            ],
                            [
                                55.386729,
                                25.120524
                            ],
                            [
                                55.386957,
                                25.120462
                            ],
                            [
                                55.387353,
                                25.120531
                            ],
                            [
                                55.387726,
                                25.120772
                            ],
                            [
                                55.388266,
                                25.121468
                            ],
                            [
                                55.388685,
                                25.122088
                            ],
                            [
                                55.38902,
                                25.122784
                            ],
                            [
                                55.388685,
                                25.122446
                            ],
                            [
                                55.388152,
                                25.122308
                            ],
                            [
                                55.387353,
                                25.122329
                            ],
                            [
                                55.386653,
                                25.12257
                            ],
                            [
                                55.386044,
                                25.122887
                            ]
                        ]
                    ]
                ]
            }
        },
        {
            "type": "Feature",
            "properties": {
                "observation_date": "2019-08-24",
                "source": "19AUG24072400-M1BS-502626884040_04_P008",
                "sensor_name": "WorldView",
                "type": "observation",
                "current_phase": "Active Construction",
                "is_occluded": "False",
                "is_site_boundary": "True",
                "score": 1.0
            },
            "geometry": {
                "type": "MultiPolygon",
                "coordinates": [
                    [
                        [
                            [
                                55.386044,
                                25.122887
                            ],
                            [
                                55.386189,
                                25.122239
                            ],
                            [
                                55.386128,
                                25.121729
                            ],
                            [
                                55.385846,
                                25.121034
                            ],
                            [
                                55.386311,
                                25.120703
                            ],
                            [
                                55.386729,
                                25.120524
                            ],
                            [
                                55.386957,
                                25.120462
                            ],
                            [
                                55.387353,
                                25.120531
                            ],
                            [
                                55.387726,
                                25.120772
                            ],
                            [
                                55.388266,
                                25.121468
                            ],
                            [
                                55.388685,
                                25.122088
                            ],
                            [
                                55.38902,
                                25.122784
                            ],
                            [
                                55.388685,
                                25.122446
                            ],
                            [
                                55.388152,
                                25.122308
                            ],
                            [
                                55.387353,
                                25.122329
                            ],
                            [
                                55.386653,
                                25.12257
                            ],
                            [
                                55.386044,
                                25.122887
                            ]
                        ]
                    ]
                ]
            }
        },
        {
            "type": "Feature",
            "properties": {
                "observation_date": "2019-08-27",
                "source": "S2B_40RCN_20190827_0_L2A_TCI",
                "sensor_name": "Sentinel-2",
                "type": "observation",
                "current_phase": "Active Construction",
                "is_occluded": "False",
                "is_site_boundary": "True",
                "score": 1.0
            },
            "geometry": {
                "type": "MultiPolygon",
                "coordinates": [
                    [
                        [
                            [
                                55.386044,
                                25.122887
                            ],
                            [
                                55.386189,
                                25.122239
                            ],
                            [
                                55.386128,
                                25.121729
                            ],
                            [
                                55.385846,
                                25.121034
                            ],
                            [
                                55.386311,
                                25.120703
                            ],
                            [
                                55.386729,
                                25.120524
                            ],
                            [
                                55.386957,
                                25.120462
                            ],
                            [
                                55.387353,
                                25.120531
                            ],
                            [
                                55.387726,
                                25.120772
                            ],
                            [
                                55.388266,
                                25.121468
                            ],
                            [
                                55.388685,
                                25.122088
                            ],
                            [
                                55.38902,
                                25.122784
                            ],
                            [
                                55.388685,
                                25.122446
                            ],
                            [
                                55.388152,
                                25.122308
                            ],
                            [
                                55.387353,
                                25.122329
                            ],
                            [
                                55.386653,
                                25.12257
                            ],
                            [
                                55.386044,
                                25.122887
                            ]
                        ]
                    ]
                ]
            }
        },
        {
            "type": "Feature",
            "properties": {
                "observation_date": "2019-08-29",
                "source": "19AUG29070514-P1BS-503470871010_01_P026",
                "sensor_name": "WorldView",
                "type": "observation",
                "current_phase": "Active Construction",
                "is_occluded": "False",
                "is_site_boundary": "True",
                "score": 1.0
            },
            "geometry": {
                "type": "MultiPolygon",
                "coordinates": [
                    [
                        [
                            [
                                55.386044,
                                25.122887
                            ],
                            [
                                55.386189,
                                25.122239
                            ],
                            [
                                55.386128,
                                25.121729
                            ],
                            [
                                55.385846,
                                25.121034
                            ],
                            [
                                55.386311,
                                25.120703
                            ],
                            [
                                55.386729,
                                25.120524
                            ],
                            [
                                55.386957,
                                25.120462
                            ],
                            [
                                55.387353,
                                25.120531
                            ],
                            [
                                55.387726,
                                25.120772
                            ],
                            [
                                55.388266,
                                25.121468
                            ],
                            [
                                55.388685,
                                25.122088
                            ],
                            [
                                55.38902,
                                25.122784
                            ],
                            [
                                55.388685,
                                25.122446
                            ],
                            [
                                55.388152,
                                25.122308
                            ],
                            [
                                55.387353,
                                25.122329
                            ],
                            [
                                55.386653,
                                25.12257
                            ],
                            [
                                55.386044,
                                25.122887
                            ]
                        ]
                    ]
                ]
            }
        },
        {
            "type": "Feature",
            "properties": {
                "observation_date": "2019-11-25",
                "source": "S2B_40RCN_20191125_0_L2A_TCI",
                "sensor_name": "Sentinel-2",
                "type": "observation",
                "current_phase": "Active Construction",
                "is_occluded": "False",
                "is_site_boundary": "True",
                "score": 1.0
            },
            "geometry": {
                "type": "MultiPolygon",
                "coordinates": [
                    [
                        [
                            [
                                55.386044,
                                25.122887
                            ],
                            [
                                55.386189,
                                25.122239
                            ],
                            [
                                55.386128,
                                25.121729
                            ],
                            [
                                55.385846,
                                25.121034
                            ],
                            [
                                55.386311,
                                25.120703
                            ],
                            [
                                55.386729,
                                25.120524
                            ],
                            [
                                55.386957,
                                25.120462
                            ],
                            [
                                55.387353,
                                25.120531
                            ],
                            [
                                55.387726,
                                25.120772
                            ],
                            [
                                55.388266,
                                25.121468
                            ],
                            [
                                55.388685,
                                25.122088
                            ],
                            [
                                55.38902,
                                25.122784
                            ],
                            [
                                55.388685,
                                25.122446
                            ],
                            [
                                55.388152,
                                25.122308
                            ],
                            [
                                55.387353,
                                25.122329
                            ],
                            [
                                55.386653,
                                25.12257
                            ],
                            [
                                55.386044,
                                25.122887
                            ]
                        ]
                    ]
                ]
            }
        },
        {
            "type": "Feature",
            "properties": {
                "observation_date": "2020-02-03",
                "source": "S2B_40RCN_20200203_0_L2A_TCI",
                "sensor_name": "Sentinel-2",
                "type": "observation",
                "current_phase": "Active Construction",
                "is_occluded": "False",
                "is_site_boundary": "True",
                "score": 1.0
            },
            "geometry": {
                "type": "MultiPolygon",
                "coordinates": [
                    [
                        [
                            [
                                55.386044,
                                25.122887
                            ],
                            [
                                55.386189,
                                25.122239
                            ],
                            [
                                55.386128,
                                25.121729
                            ],
                            [
                                55.385846,
                                25.121034
                            ],
                            [
                                55.386311,
                                25.120703
                            ],
                            [
                                55.386729,
                                25.120524
                            ],
                            [
                                55.386957,
                                25.120462
                            ],
                            [
                                55.387353,
                                25.120531
                            ],
                            [
                                55.387726,
                                25.120772
                            ],
                            [
                                55.388266,
                                25.121468
                            ],
                            [
                                55.388685,
                                25.122088
                            ],
                            [
                                55.38902,
                                25.122784
                            ],
                            [
                                55.388685,
                                25.122446
                            ],
                            [
                                55.388152,
                                25.122308
                            ],
                            [
                                55.387353,
                                25.122329
                            ],
                            [
                                55.386653,
                                25.12257
                            ],
                            [
                                55.386044,
                                25.122887
                            ]
                        ]
                    ]
                ]
            }
        },
        {
            "type": "Feature",
            "properties": {
                "observation_date": "2020-05-15",
                "source": "20MAY15072041-P1BS-014466685010_01_P003",
                "sensor_name": "WorldView",
                "type": "observation",
                "current_phase": "Active Construction",
                "is_occluded": "False",
                "is_site_boundary": "True",
                "score": 1.0
            },
            "geometry": {
                "type": "MultiPolygon",
                "coordinates": [
                    [
                        [
                            [
                                55.386044,
                                25.122887
                            ],
                            [
                                55.386189,
                                25.122239
                            ],
                            [
                                55.386128,
                                25.121729
                            ],
                            [
                                55.385846,
                                25.121034
                            ],
                            [
                                55.386311,
                                25.120703
                            ],
                            [
                                55.386729,
                                25.120524
                            ],
                            [
                                55.386957,
                                25.120462
                            ],
                            [
                                55.387353,
                                25.120531
                            ],
                            [
                                55.387726,
                                25.120772
                            ],
                            [
                                55.388266,
                                25.121468
                            ],
                            [
                                55.388685,
                                25.122088
                            ],
                            [
                                55.38902,
                                25.122784
                            ],
                            [
                                55.388685,
                                25.122446
                            ],
                            [
                                55.388152,
                                25.122308
                            ],
                            [
                                55.387353,
                                25.122329
                            ],
                            [
                                55.386653,
                                25.12257
                            ],
                            [
                                55.386044,
                                25.122887
                            ]
                        ]
                    ]
                ]
            }
        },
        {
            "type": "Feature",
            "properties": {
                "observation_date": "2020-07-09",
                "source": "20JUL09070336-P1BS-014859493010_01_P001",
                "sensor_name": "WorldView",
                "type": "observation",
                "current_phase": "Active Construction",
                "is_occluded": "False",
                "is_site_boundary": "True",
                "score": 1.0
            },
            "geometry": {
                "type": "MultiPolygon",
                "coordinates": [
                    [
                        [
                            [
                                55.386044,
                                25.122887
                            ],
                            [
                                55.386189,
                                25.122239
                            ],
                            [
                                55.386128,
                                25.121729
                            ],
                            [
                                55.385846,
                                25.121034
                            ],
                            [
                                55.386311,
                                25.120703
                            ],
                            [
                                55.386729,
                                25.120524
                            ],
                            [
                                55.386957,
                                25.120462
                            ],
                            [
                                55.387353,
                                25.120531
                            ],
                            [
                                55.387726,
                                25.120772
                            ],
                            [
                                55.388266,
                                25.121468
                            ],
                            [
                                55.388685,
                                25.122088
                            ],
                            [
                                55.38902,
                                25.122784
                            ],
                            [
                                55.388685,
                                25.122446
                            ],
                            [
                                55.388152,
                                25.122308
                            ],
                            [
                                55.387353,
                                25.122329
                            ],
                            [
                                55.386653,
                                25.12257
                            ],
                            [
                                55.386044,
                                25.122887
                            ]
                        ]
                    ]
                ]
            }
        },
        {
            "type": "Feature",
            "properties": {
                "observation_date": "2020-09-10",
                "source": "20SEP10064316-P1BS-014464473010_01_P005",
                "sensor_name": "WorldView",
                "type": "observation",
                "current_phase": "Active Construction",
                "is_occluded": "False",
                "is_site_boundary": "True",
                "score": 1.0
            },
            "geometry": {
                "type": "MultiPolygon",
                "coordinates": [
                    [
                        [
                            [
                                55.386044,
                                25.122887
                            ],
                            [
                                55.386189,
                                25.122239
                            ],
                            [
                                55.386128,
                                25.121729
                            ],
                            [
                                55.385846,
                                25.121034
                            ],
                            [
                                55.386311,
                                25.120703
                            ],
                            [
                                55.386729,
                                25.120524
                            ],
                            [
                                55.386957,
                                25.120462
                            ],
                            [
                                55.387353,
                                25.120531
                            ],
                            [
                                55.387726,
                                25.120772
                            ],
                            [
                                55.388266,
                                25.121468
                            ],
                            [
                                55.388685,
                                25.122088
                            ],
                            [
                                55.38902,
                                25.122784
                            ],
                            [
                                55.388685,
                                25.122446
                            ],
                            [
                                55.388152,
                                25.122308
                            ],
                            [
                                55.387353,
                                25.122329
                            ],
                            [
                                55.386653,
                                25.12257
                            ],
                            [
                                55.386044,
                                25.122887
                            ]
                        ]
                    ]
                ]
            }
        },
        {
            "type": "Feature",
            "properties": {
                "observation_date": "2020-10-13",
                "source": "20OCT13095755-P1BS-014469632010_01_P001",
                "sensor_name": "WorldView",
                "type": "observation",
                "current_phase": "Active Construction",
                "is_occluded": "False",
                "is_site_boundary": "True",
                "score": 1.0
            },
            "geometry": {
                "type": "MultiPolygon",
                "coordinates": [
                    [
                        [
                            [
                                55.386044,
                                25.122887
                            ],
                            [
                                55.386189,
                                25.122239
                            ],
                            [
                                55.386128,
                                25.121729
                            ],
                            [
                                55.385846,
                                25.121034
                            ],
                            [
                                55.386311,
                                25.120703
                            ],
                            [
                                55.386729,
                                25.120524
                            ],
                            [
                                55.386957,
                                25.120462
                            ],
                            [
                                55.387353,
                                25.120531
                            ],
                            [
                                55.387726,
                                25.120772
                            ],
                            [
                                55.388266,
                                25.121468
                            ],
                            [
                                55.388685,
                                25.122088
                            ],
                            [
                                55.38902,
                                25.122784
                            ],
                            [
                                55.388685,
                                25.122446
                            ],
                            [
                                55.388152,
                                25.122308
                            ],
                            [
                                55.387353,
                                25.122329
                            ],
                            [
                                55.386653,
                                25.12257
                            ],
                            [
                                55.386044,
                                25.122887
                            ]
                        ]
                    ]
                ]
            }
        },
        {
            "type": "Feature",
            "properties": {
                "observation_date": "2021-03-01",
                "source": "21MAR01065227-P1BS-014859438010_01_P004",
                "sensor_name": "WorldView",
                "type": "observation",
                "current_phase": "Post Construction",
                "is_occluded": "False",
                "is_site_boundary": "True",
                "score": 1.0
            },
            "geometry": {
                "type": "MultiPolygon",
                "coordinates": [
                    [
                        [
                            [
                                55.386044,
                                25.122887
                            ],
                            [
                                55.386189,
                                25.122239
                            ],
                            [
                                55.386128,
                                25.121729
                            ],
                            [
                                55.385846,
                                25.121034
                            ],
                            [
                                55.386311,
                                25.120703
                            ],
                            [
                                55.386729,
                                25.120524
                            ],
                            [
                                55.386957,
                                25.120462
                            ],
                            [
                                55.387353,
                                25.120531
                            ],
                            [
                                55.387726,
                                25.120772
                            ],
                            [
                                55.388266,
                                25.121468
                            ],
                            [
                                55.388685,
                                25.122088
                            ],
                            [
                                55.38902,
                                25.122784
                            ],
                            [
                                55.388685,
                                25.122446
                            ],
                            [
                                55.388152,
                                25.122308
                            ],
                            [
                                55.387353,
                                25.122329
                            ],
                            [
                                55.386653,
                                25.12257
                            ],
                            [
                                55.386044,
                                25.122887
                            ]
                        ]
                    ]
                ]
            }
        },
        {
            "type": "Feature",
            "properties": {
                "observation_date": "2021-03-02",
                "source": "21MAR02100900-P1BS-014469615010_01_P002",
                "sensor_name": "WorldView",
                "type": "observation",
                "current_phase": "Post Construction",
                "is_occluded": "False",
                "is_site_boundary": "True",
                "score": 1.0
            },
            "geometry": {
                "type": "MultiPolygon",
                "coordinates": [
                    [
                        [
                            [
                                55.386044,
                                25.122887
                            ],
                            [
                                55.386189,
                                25.122239
                            ],
                            [
                                55.386128,
                                25.121729
                            ],
                            [
                                55.385846,
                                25.121034
                            ],
                            [
                                55.386311,
                                25.120703
                            ],
                            [
                                55.386729,
                                25.120524
                            ],
                            [
                                55.386957,
                                25.120462
                            ],
                            [
                                55.387353,
                                25.120531
                            ],
                            [
                                55.387726,
                                25.120772
                            ],
                            [
                                55.388266,
                                25.121468
                            ],
                            [
                                55.388685,
                                25.122088
                            ],
                            [
                                55.38902,
                                25.122784
                            ],
                            [
                                55.388685,
                                25.122446
                            ],
                            [
                                55.388152,
                                25.122308
                            ],
                            [
                                55.387353,
                                25.122329
                            ],
                            [
                                55.386653,
                                25.12257
                            ],
                            [
                                55.386044,
                                25.122887
                            ]
                        ]
                    ]
                ]
            }
        },
        {
            "type": "Feature",
            "properties": {
                "observation_date": "2021-03-27",
                "source": "21MAR27070021-P1BS-014466658010_01_P004",
                "sensor_name": "WorldView",
                "type": "observation",
                "current_phase": "Post Construction",
                "is_occluded": "False",
                "is_site_boundary": "True",
                "score": 1.0
            },
            "geometry": {
                "type": "MultiPolygon",
                "coordinates": [
                    [
                        [
                            [
                                55.386044,
                                25.122887
                            ],
                            [
                                55.386189,
                                25.122239
                            ],
                            [
                                55.386128,
                                25.121729
                            ],
                            [
                                55.385846,
                                25.121034
                            ],
                            [
                                55.386311,
                                25.120703
                            ],
                            [
                                55.386729,
                                25.120524
                            ],
                            [
                                55.386957,
                                25.120462
                            ],
                            [
                                55.387353,
                                25.120531
                            ],
                            [
                                55.387726,
                                25.120772
                            ],
                            [
                                55.388266,
                                25.121468
                            ],
                            [
                                55.388685,
                                25.122088
                            ],
                            [
                                55.38902,
                                25.122784
                            ],
                            [
                                55.388685,
                                25.122446
                            ],
                            [
                                55.388152,
                                25.122308
                            ],
                            [
                                55.387353,
                                25.122329
                            ],
                            [
                                55.386653,
                                25.12257
                            ],
                            [
                                55.386044,
                                25.122887
                            ]
                        ]
                    ]
                ]
            }
        },
        {
            "type": "Feature",
            "properties": {
                "observation_date": "2021-03-29",
                "source": "S2B_40RCN_20210329_0_L2A_TCI",
                "sensor_name": "Sentinel-2",
                "type": "observation",
                "current_phase": "Post Construction",
                "is_occluded": "False",
                "is_site_boundary": "True",
                "score": 1.0
            },
            "geometry": {
                "type": "MultiPolygon",
                "coordinates": [
                    [
                        [
                            [
                                55.386044,
                                25.122887
                            ],
                            [
                                55.386189,
                                25.122239
                            ],
                            [
                                55.386128,
                                25.121729
                            ],
                            [
                                55.385846,
                                25.121034
                            ],
                            [
                                55.386311,
                                25.120703
                            ],
                            [
                                55.386729,
                                25.120524
                            ],
                            [
                                55.386957,
                                25.120462
                            ],
                            [
                                55.387353,
                                25.120531
                            ],
                            [
                                55.387726,
                                25.120772
                            ],
                            [
                                55.388266,
                                25.121468
                            ],
                            [
                                55.388685,
                                25.122088
                            ],
                            [
                                55.38902,
                                25.122784
                            ],
                            [
                                55.388685,
                                25.122446
                            ],
                            [
                                55.388152,
                                25.122308
                            ],
                            [
                                55.387353,
                                25.122329
                            ],
                            [
                                55.386653,
                                25.12257
                            ],
                            [
                                55.386044,
                                25.122887
                            ]
                        ]
                    ]
                ]
            }
        },
        {
            "type": "Feature",
            "properties": {
                "observation_date": "2021-04-12",
                "source": "21APR12065451-M1BS-014464520010_01_P002",
                "sensor_name": "WorldView",
                "type": "observation",
                "current_phase": "Post Construction",
                "is_occluded": "False",
                "is_site_boundary": "True",
                "score": 1.0
            },
            "geometry": {
                "type": "MultiPolygon",
                "coordinates": [
                    [
                        [
                            [
                                55.386044,
                                25.122887
                            ],
                            [
                                55.386189,
                                25.122239
                            ],
                            [
                                55.386128,
                                25.121729
                            ],
                            [
                                55.385846,
                                25.121034
                            ],
                            [
                                55.386311,
                                25.120703
                            ],
                            [
                                55.386729,
                                25.120524
                            ],
                            [
                                55.386957,
                                25.120462
                            ],
                            [
                                55.387353,
                                25.120531
                            ],
                            [
                                55.387726,
                                25.120772
                            ],
                            [
                                55.388266,
                                25.121468
                            ],
                            [
                                55.388685,
                                25.122088
                            ],
                            [
                                55.38902,
                                25.122784
                            ],
                            [
                                55.388685,
                                25.122446
                            ],
                            [
                                55.388152,
                                25.122308
                            ],
                            [
                                55.387353,
                                25.122329
                            ],
                            [
                                55.386653,
                                25.12257
                            ],
                            [
                                55.386044,
                                25.122887
                            ]
                        ]
                    ]
                ]
            }
        },
        {
            "type": "Feature",
            "properties": {
                "observation_date": "2021-04-17",
                "source": "21APR17070816-P1BS-014496252010_01_P002",
                "sensor_name": "WorldView",
                "type": "observation",
                "current_phase": "Post Construction",
                "is_occluded": "False",
                "is_site_boundary": "True",
                "score": 1.0
            },
            "geometry": {
                "type": "MultiPolygon",
                "coordinates": [
                    [
                        [
                            [
                                55.386044,
                                25.122887
                            ],
                            [
                                55.386189,
                                25.122239
                            ],
                            [
                                55.386128,
                                25.121729
                            ],
                            [
                                55.385846,
                                25.121034
                            ],
                            [
                                55.386311,
                                25.120703
                            ],
                            [
                                55.386729,
                                25.120524
                            ],
                            [
                                55.386957,
                                25.120462
                            ],
                            [
                                55.387353,
                                25.120531
                            ],
                            [
                                55.387726,
                                25.120772
                            ],
                            [
                                55.388266,
                                25.121468
                            ],
                            [
                                55.388685,
                                25.122088
                            ],
                            [
                                55.38902,
                                25.122784
                            ],
                            [
                                55.388685,
                                25.122446
                            ],
                            [
                                55.388152,
                                25.122308
                            ],
                            [
                                55.387353,
                                25.122329
                            ],
                            [
                                55.386653,
                                25.12257
                            ],
                            [
                                55.386044,
                                25.122887
                            ]
                        ]
                    ]
                ]
            }
        },
        {
            "type": "Feature",
            "properties": {
                "observation_date": "2021-04-18",
                "source": "S2B_40RCN_20210418_0_L2A_TCI",
                "sensor_name": "Sentinel-2",
                "type": "observation",
                "current_phase": "Post Construction",
                "is_occluded": "False",
                "is_site_boundary": "True",
                "score": 1.0
            },
            "geometry": {
                "type": "MultiPolygon",
                "coordinates": [
                    [
                        [
                            [
                                55.386044,
                                25.122887
                            ],
                            [
                                55.386189,
                                25.122239
                            ],
                            [
                                55.386128,
                                25.121729
                            ],
                            [
                                55.385846,
                                25.121034
                            ],
                            [
                                55.386311,
                                25.120703
                            ],
                            [
                                55.386729,
                                25.120524
                            ],
                            [
                                55.386957,
                                25.120462
                            ],
                            [
                                55.387353,
                                25.120531
                            ],
                            [
                                55.387726,
                                25.120772
                            ],
                            [
                                55.388266,
                                25.121468
                            ],
                            [
                                55.388685,
                                25.122088
                            ],
                            [
                                55.38902,
                                25.122784
                            ],
                            [
                                55.388685,
                                25.122446
                            ],
                            [
                                55.388152,
                                25.122308
                            ],
                            [
                                55.387353,
                                25.122329
                            ],
                            [
                                55.386653,
                                25.12257
                            ],
                            [
                                55.386044,
                                25.122887
                            ]
                        ]
                    ]
                ]
            }
        },
        {
            "type": "Feature",
            "properties": {
                "observation_date": "2021-05-18",
                "source": "S2B_40RCN_20210518_0_L2A_TCI",
                "sensor_name": "Sentinel-2",
                "type": "observation",
                "current_phase": "Post Construction",
                "is_occluded": "False",
                "is_site_boundary": "True",
                "score": 1.0
            },
            "geometry": {
                "type": "MultiPolygon",
                "coordinates": [
                    [
                        [
                            [
                                55.386044,
                                25.122887
                            ],
                            [
                                55.386189,
                                25.122239
                            ],
                            [
                                55.386128,
                                25.121729
                            ],
                            [
                                55.385846,
                                25.121034
                            ],
                            [
                                55.386311,
                                25.120703
                            ],
                            [
                                55.386729,
                                25.120524
                            ],
                            [
                                55.386957,
                                25.120462
                            ],
                            [
                                55.387353,
                                25.120531
                            ],
                            [
                                55.387726,
                                25.120772
                            ],
                            [
                                55.388266,
                                25.121468
                            ],
                            [
                                55.388685,
                                25.122088
                            ],
                            [
                                55.38902,
                                25.122784
                            ],
                            [
                                55.388685,
                                25.122446
                            ],
                            [
                                55.388152,
                                25.122308
                            ],
                            [
                                55.387353,
                                25.122329
                            ],
                            [
                                55.386653,
                                25.12257
                            ],
                            [
                                55.386044,
                                25.122887
                            ]
                        ]
                    ]
                ]
            }
        },
        {
            "type": "Feature",
            "properties": {
                "observation_date": "2021-06-24",
                "source": "21JUN24070502-P1BS-014464089010_01_P002",
                "sensor_name": "WorldView",
                "type": "observation",
                "current_phase": "Post Construction",
                "is_occluded": "False",
                "is_site_boundary": "True",
                "score": 1.0
            },
            "geometry": {
                "type": "MultiPolygon",
                "coordinates": [
                    [
                        [
                            [
                                55.386044,
                                25.122887
                            ],
                            [
                                55.386189,
                                25.122239
                            ],
                            [
                                55.386128,
                                25.121729
                            ],
                            [
                                55.385846,
                                25.121034
                            ],
                            [
                                55.386311,
                                25.120703
                            ],
                            [
                                55.386729,
                                25.120524
                            ],
                            [
                                55.386957,
                                25.120462
                            ],
                            [
                                55.387353,
                                25.120531
                            ],
                            [
                                55.387726,
                                25.120772
                            ],
                            [
                                55.388266,
                                25.121468
                            ],
                            [
                                55.388685,
                                25.122088
                            ],
                            [
                                55.38902,
                                25.122784
                            ],
                            [
                                55.388685,
                                25.122446
                            ],
                            [
                                55.388152,
                                25.122308
                            ],
                            [
                                55.387353,
                                25.122329
                            ],
                            [
                                55.386653,
                                25.12257
                            ],
                            [
                                55.386044,
                                25.122887
                            ]
                        ]
                    ]
                ]
            }
        },
        {
            "type": "Feature",
            "properties": {
                "observation_date": "2021-07-19",
                "source": "21JUL19070314-P1BS-014466584010_01_P004",
                "sensor_name": "WorldView",
                "type": "observation",
                "current_phase": "Post Construction",
                "is_occluded": "False",
                "is_site_boundary": "True",
                "score": 1.0
            },
            "geometry": {
                "type": "MultiPolygon",
                "coordinates": [
                    [
                        [
                            [
                                55.386044,
                                25.122887
                            ],
                            [
                                55.386189,
                                25.122239
                            ],
                            [
                                55.386128,
                                25.121729
                            ],
                            [
                                55.385846,
                                25.121034
                            ],
                            [
                                55.386311,
                                25.120703
                            ],
                            [
                                55.386729,
                                25.120524
                            ],
                            [
                                55.386957,
                                25.120462
                            ],
                            [
                                55.387353,
                                25.120531
                            ],
                            [
                                55.387726,
                                25.120772
                            ],
                            [
                                55.388266,
                                25.121468
                            ],
                            [
                                55.388685,
                                25.122088
                            ],
                            [
                                55.38902,
                                25.122784
                            ],
                            [
                                55.388685,
                                25.122446
                            ],
                            [
                                55.388152,
                                25.122308
                            ],
                            [
                                55.387353,
                                25.122329
                            ],
                            [
                                55.386653,
                                25.12257
                            ],
                            [
                                55.386044,
                                25.122887
                            ]
                        ]
                    ]
                ]
            }
        },
        {
            "type": "Feature",
            "properties": {
                "observation_date": "2021-07-27",
                "source": "S2B_40RCN_20210727_0_L2A_TCI",
                "sensor_name": "Sentinel-2",
                "type": "observation",
                "current_phase": "Post Construction",
                "is_occluded": "False",
                "is_site_boundary": "True",
                "score": 1.0
            },
            "geometry": {
                "type": "MultiPolygon",
                "coordinates": [
                    [
                        [
                            [
                                55.386044,
                                25.122887
                            ],
                            [
                                55.386189,
                                25.122239
                            ],
                            [
                                55.386128,
                                25.121729
                            ],
                            [
                                55.385846,
                                25.121034
                            ],
                            [
                                55.386311,
                                25.120703
                            ],
                            [
                                55.386729,
                                25.120524
                            ],
                            [
                                55.386957,
                                25.120462
                            ],
                            [
                                55.387353,
                                25.120531
                            ],
                            [
                                55.387726,
                                25.120772
                            ],
                            [
                                55.388266,
                                25.121468
                            ],
                            [
                                55.388685,
                                25.122088
                            ],
                            [
                                55.38902,
                                25.122784
                            ],
                            [
                                55.388685,
                                25.122446
                            ],
                            [
                                55.388152,
                                25.122308
                            ],
                            [
                                55.387353,
                                25.122329
                            ],
                            [
                                55.386653,
                                25.12257
                            ],
                            [
                                55.386044,
                                25.122887
                            ]
                        ]
                    ]
                ]
            }
        },
        {
            "type": "Feature",
            "properties": {
                "observation_date": "2021-08-06",
                "source": "S2B_40RCN_20210806_0_L2A_TCI",
                "sensor_name": "Sentinel-2",
                "type": "observation",
                "current_phase": "Post Construction",
                "is_occluded": "False",
                "is_site_boundary": "True",
                "score": 1.0
            },
            "geometry": {
                "type": "MultiPolygon",
                "coordinates": [
                    [
                        [
                            [
                                55.386044,
                                25.122887
                            ],
                            [
                                55.386189,
                                25.122239
                            ],
                            [
                                55.386128,
                                25.121729
                            ],
                            [
                                55.385846,
                                25.121034
                            ],
                            [
                                55.386311,
                                25.120703
                            ],
                            [
                                55.386729,
                                25.120524
                            ],
                            [
                                55.386957,
                                25.120462
                            ],
                            [
                                55.387353,
                                25.120531
                            ],
                            [
                                55.387726,
                                25.120772
                            ],
                            [
                                55.388266,
                                25.121468
                            ],
                            [
                                55.388685,
                                25.122088
                            ],
                            [
                                55.38902,
                                25.122784
                            ],
                            [
                                55.388685,
                                25.122446
                            ],
                            [
                                55.388152,
                                25.122308
                            ],
                            [
                                55.387353,
                                25.122329
                            ],
                            [
                                55.386653,
                                25.12257
                            ],
                            [
                                55.386044,
                                25.122887
                            ]
                        ]
                    ]
                ]
            }
        },
        {
            "type": "Feature",
            "properties": {
                "observation_date": "2021-08-09",
                "source": "21AUG09071050-M1BS-014464068010_01_P002",
                "sensor_name": "WorldView",
                "type": "observation",
                "current_phase": "Post Construction",
                "is_occluded": "False",
                "is_site_boundary": "True",
                "score": 1.0
            },
            "geometry": {
                "type": "MultiPolygon",
                "coordinates": [
                    [
                        [
                            [
                                55.386044,
                                25.122887
                            ],
                            [
                                55.386189,
                                25.122239
                            ],
                            [
                                55.386128,
                                25.121729
                            ],
                            [
                                55.385846,
                                25.121034
                            ],
                            [
                                55.386311,
                                25.120703
                            ],
                            [
                                55.386729,
                                25.120524
                            ],
                            [
                                55.386957,
                                25.120462
                            ],
                            [
                                55.387353,
                                25.120531
                            ],
                            [
                                55.387726,
                                25.120772
                            ],
                            [
                                55.388266,
                                25.121468
                            ],
                            [
                                55.388685,
                                25.122088
                            ],
                            [
                                55.38902,
                                25.122784
                            ],
                            [
                                55.388685,
                                25.122446
                            ],
                            [
                                55.388152,
                                25.122308
                            ],
                            [
                                55.387353,
                                25.122329
                            ],
                            [
                                55.386653,
                                25.12257
                            ],
                            [
                                55.386044,
                                25.122887
                            ]
                        ]
                    ]
                ]
            }
        },
        {
            "type": "Feature",
            "properties": {
                "observation_date": "2021-09-14",
                "source": "21SEP14070740-P1BS-014859413010_01_P003",
                "sensor_name": "WorldView",
                "type": "observation",
                "current_phase": "Post Construction",
                "is_occluded": "False",
                "is_site_boundary": "True",
                "score": 1.0
            },
            "geometry": {
                "type": "MultiPolygon",
                "coordinates": [
                    [
                        [
                            [
                                55.386044,
                                25.122887
                            ],
                            [
                                55.386189,
                                25.122239
                            ],
                            [
                                55.386128,
                                25.121729
                            ],
                            [
                                55.385846,
                                25.121034
                            ],
                            [
                                55.386311,
                                25.120703
                            ],
                            [
                                55.386729,
                                25.120524
                            ],
                            [
                                55.386957,
                                25.120462
                            ],
                            [
                                55.387353,
                                25.120531
                            ],
                            [
                                55.387726,
                                25.120772
                            ],
                            [
                                55.388266,
                                25.121468
                            ],
                            [
                                55.388685,
                                25.122088
                            ],
                            [
                                55.38902,
                                25.122784
                            ],
                            [
                                55.388685,
                                25.122446
                            ],
                            [
                                55.388152,
                                25.122308
                            ],
                            [
                                55.387353,
                                25.122329
                            ],
                            [
                                55.386653,
                                25.12257
                            ],
                            [
                                55.386044,
                                25.122887
                            ]
                        ]
                    ]
                ]
            }
        },
        {
            "type": "Feature",
            "properties": {
                "observation_date": "2021-09-25",
                "source": "S2B_40RCN_20210925_0_L2A_TCI",
                "sensor_name": "Sentinel-2",
                "type": "observation",
                "current_phase": "Post Construction",
                "is_occluded": "False",
                "is_site_boundary": "True",
                "score": 1.0
            },
            "geometry": {
                "type": "MultiPolygon",
                "coordinates": [
                    [
                        [
                            [
                                55.386044,
                                25.122887
                            ],
                            [
                                55.386189,
                                25.122239
                            ],
                            [
                                55.386128,
                                25.121729
                            ],
                            [
                                55.385846,
                                25.121034
                            ],
                            [
                                55.386311,
                                25.120703
                            ],
                            [
                                55.386729,
                                25.120524
                            ],
                            [
                                55.386957,
                                25.120462
                            ],
                            [
                                55.387353,
                                25.120531
                            ],
                            [
                                55.387726,
                                25.120772
                            ],
                            [
                                55.388266,
                                25.121468
                            ],
                            [
                                55.388685,
                                25.122088
                            ],
                            [
                                55.38902,
                                25.122784
                            ],
                            [
                                55.388685,
                                25.122446
                            ],
                            [
                                55.388152,
                                25.122308
                            ],
                            [
                                55.387353,
                                25.122329
                            ],
                            [
                                55.386653,
                                25.12257
                            ],
                            [
                                55.386044,
                                25.122887
                            ]
                        ]
                    ]
                ]
            }
        },
        {
            "type": "Feature",
            "properties": {
                "observation_date": "2021-09-26",
                "source": "21SEP26065740-M1BS-014859378010_01_P004",
                "sensor_name": "WorldView",
                "type": "observation",
                "current_phase": "Post Construction",
                "is_occluded": "False",
                "is_site_boundary": "True",
                "score": 1.0
            },
            "geometry": {
                "type": "MultiPolygon",
                "coordinates": [
                    [
                        [
                            [
                                55.386044,
                                25.122887
                            ],
                            [
                                55.386189,
                                25.122239
                            ],
                            [
                                55.386128,
                                25.121729
                            ],
                            [
                                55.385846,
                                25.121034
                            ],
                            [
                                55.386311,
                                25.120703
                            ],
                            [
                                55.386729,
                                25.120524
                            ],
                            [
                                55.386957,
                                25.120462
                            ],
                            [
                                55.387353,
                                25.120531
                            ],
                            [
                                55.387726,
                                25.120772
                            ],
                            [
                                55.388266,
                                25.121468
                            ],
                            [
                                55.388685,
                                25.122088
                            ],
                            [
                                55.38902,
                                25.122784
                            ],
                            [
                                55.388685,
                                25.122446
                            ],
                            [
                                55.388152,
                                25.122308
                            ],
                            [
                                55.387353,
                                25.122329
                            ],
                            [
                                55.386653,
                                25.12257
                            ],
                            [
                                55.386044,
                                25.122887
                            ]
                        ]
                    ]
                ]
            }
        },
        {
            "type": "Feature",
            "properties": {
                "observation_date": "2021-11-19",
                "source": "S2A_40RCN_20211119_0_L2A_TCI",
                "sensor_name": "Sentinel-2",
                "type": "observation",
                "current_phase": "Post Construction",
                "is_occluded": "False",
                "is_site_boundary": "True",
                "score": 1.0
            },
            "geometry": {
                "type": "MultiPolygon",
                "coordinates": [
                    [
                        [
                            [
                                55.386044,
                                25.122887
                            ],
                            [
                                55.386189,
                                25.122239
                            ],
                            [
                                55.386128,
                                25.121729
                            ],
                            [
                                55.385846,
                                25.121034
                            ],
                            [
                                55.386311,
                                25.120703
                            ],
                            [
                                55.386729,
                                25.120524
                            ],
                            [
                                55.386957,
                                25.120462
                            ],
                            [
                                55.387353,
                                25.120531
                            ],
                            [
                                55.387726,
                                25.120772
                            ],
                            [
                                55.388266,
                                25.121468
                            ],
                            [
                                55.388685,
                                25.122088
                            ],
                            [
                                55.38902,
                                25.122784
                            ],
                            [
                                55.388685,
                                25.122446
                            ],
                            [
                                55.388152,
                                25.122308
                            ],
                            [
                                55.387353,
                                25.122329
                            ],
                            [
                                55.386653,
                                25.12257
                            ],
                            [
                                55.386044,
                                25.122887
                            ]
                        ]
                    ]
                ]
            }
        },
        {
            "type": "Feature",
            "properties": {
                "observation_date": "2021-12-15",
                "source": "21DEC15065416-P1BS-014859405010_01_P002",
                "sensor_name": "WorldView",
                "type": "observation",
                "current_phase": "Post Construction",
                "is_occluded": "False",
                "is_site_boundary": "True",
                "score": 1.0
            },
            "geometry": {
                "type": "MultiPolygon",
                "coordinates": [
                    [
                        [
                            [
                                55.386044,
                                25.122887
                            ],
                            [
                                55.386189,
                                25.122239
                            ],
                            [
                                55.386128,
                                25.121729
                            ],
                            [
                                55.385846,
                                25.121034
                            ],
                            [
                                55.386311,
                                25.120703
                            ],
                            [
                                55.386729,
                                25.120524
                            ],
                            [
                                55.386957,
                                25.120462
                            ],
                            [
                                55.387353,
                                25.120531
                            ],
                            [
                                55.387726,
                                25.120772
                            ],
                            [
                                55.388266,
                                25.121468
                            ],
                            [
                                55.388685,
                                25.122088
                            ],
                            [
                                55.38902,
                                25.122784
                            ],
                            [
                                55.388685,
                                25.122446
                            ],
                            [
                                55.388152,
                                25.122308
                            ],
                            [
                                55.387353,
                                25.122329
                            ],
                            [
                                55.386653,
                                25.12257
                            ],
                            [
                                55.386044,
                                25.122887
                            ]
                        ]
                    ]
                ]
            }
        },
        {
            "type": "Feature",
            "properties": {
                "observation_date": "2021-12-24",
                "source": "S2B_40RCN_20211224_0_L2A_TCI",
                "sensor_name": "Sentinel-2",
                "type": "observation",
                "current_phase": "Post Construction",
                "is_occluded": "False",
                "is_site_boundary": "True",
                "score": 1.0
            },
            "geometry": {
                "type": "MultiPolygon",
                "coordinates": [
                    [
                        [
                            [
                                55.386044,
                                25.122887
                            ],
                            [
                                55.386189,
                                25.122239
                            ],
                            [
                                55.386128,
                                25.121729
                            ],
                            [
                                55.385846,
                                25.121034
                            ],
                            [
                                55.386311,
                                25.120703
                            ],
                            [
                                55.386729,
                                25.120524
                            ],
                            [
                                55.386957,
                                25.120462
                            ],
                            [
                                55.387353,
                                25.120531
                            ],
                            [
                                55.387726,
                                25.120772
                            ],
                            [
                                55.388266,
                                25.121468
                            ],
                            [
                                55.388685,
                                25.122088
                            ],
                            [
                                55.38902,
                                25.122784
                            ],
                            [
                                55.388685,
                                25.122446
                            ],
                            [
                                55.388152,
                                25.122308
                            ],
                            [
                                55.387353,
                                25.122329
                            ],
                            [
                                55.386653,
                                25.12257
                            ],
                            [
                                55.386044,
                                25.122887
                            ]
                        ]
                    ]
                ]
            }
        }
    ]
}