{
    "type": "FeatureCollection",
    "features": [
        {
            "type": "Feature",
            "properties": {
                "type": "site",
                "region_id": "AE_R002",
                "site_id": "AE_R002_0069",
                "version": "2.0.0",
                "status": "positive_annotated",
                "mgrs": "40RCN",
                "score": 1.0,
                "start_date": "2013-10-01",
                "end_date": "2021-03-27",
                "model_content": "annotation",
                "originator": "te",
                "validated": "True",
                "misc_info": {
                    "commit_hash": "dbdea3485a8eb34730f81ec01861c62e6358b0b5"
                }
            },
            "geometry": {
                "type": "Polygon",
                "coordinates": [
                    [
                        [
                            55.251831,
                            25.013068
                        ],
                        [
                            55.251835,
                            25.013036
                        ],
                        [
                            55.251549,
                            25.012893
                        ],
                        [
                            55.251539,
                            25.012907
                        ],
                        [
                            55.251504,
                            25.012889
                        ],
                        [
                            55.251494,
                            25.012903
                        ],
                        [
                            55.25148,
                            25.012896
                        ],
                        [
                            55.251432,
                            25.012965
                        ],
                        [
                            55.251431,
                            25.012965
                        ],
                        [
                            55.251433,
                            25.012952
                        ],
                        [
                            55.251411,
                            25.012941
                        ],
                        [
                            55.251387,
                            25.012929
                        ],
                        [
                            55.251392,
                            25.012896
                        ],
                        [
                            55.25137,
                            25.012885
                        ],
                        [
                            55.251333,
                            25.012867
                        ],
                        [
                            55.251315,
                            25.012862
                        ],
                        [
                            55.251305,
                            25.012871
                        ],
                        [
                            55.251288,
                            25.012863
                        ],
                        [
                            55.25127,
                            25.012859
                        ],
                        [
                            55.25126,
                            25.012869
                        ],
                        [
                            55.251246,
                            25.012865
                        ],
                        [
                            55.251244,
                            25.012867
                        ],
                        [
                            55.251251,
                            25.012837
                        ],
                        [
                            55.251117,
                            25.01276
                        ],
                        [
                            55.251106,
                            25.012776
                        ],
                        [
                            55.251072,
                            25.012756
                        ],
                        [
                            55.251062,
                            25.012771
                        ],
                        [
                            55.251048,
                            25.012763
                        ],
                        [
                            55.250997,
                            25.012838
                        ],
                        [
                            55.250373,
                            25.013707
                        ],
                        [
                            55.250064,
                            25.014311
                        ],
                        [
                            55.249897,
                            25.014799
                        ],
                        [
                            55.249677,
                            25.015343
                        ],
                        [
                            55.24938,
                            25.015977
                        ],
                        [
                            55.24922,
                            25.01616
                        ],
                        [
                            55.249254,
                            25.016172
                        ],
                        [
                            55.249239,
                            25.016189
                        ],
                        [
                            55.249283,
                            25.016205
                        ],
                        [
                            55.249278,
                            25.016211
                        ],
                        [
                            55.249281,
                            25.016212
                        ],
                        [
                            55.249279,
                            25.016215
                        ],
                        [
                            55.24929,
                            25.016219
                        ],
                        [
                            55.249277,
                            25.016239
                        ],
                        [
                            55.249279,
                            25.016241
                        ],
                        [
                            55.249278,
                            25.016243
                        ],
                        [
                            55.249765,
                            25.016653
                        ],
                        [
                            55.249781,
                            25.016637
                        ],
                        [
                            55.2498,
                            25.016653
                        ],
                        [
                            55.249984,
                            25.016467
                        ],
                        [
                            55.250209,
                            25.016548
                        ],
                        [
                            55.25021,
                            25.016546
                        ],
                        [
                            55.250247,
                            25.016559
                        ],
                        [
                            55.250483,
                            25.015963
                        ],
                        [
                            55.250944,
                            25.014816
                        ],
                        [
                            55.251602,
                            25.013654
                        ],
                        [
                            55.251856,
                            25.013275
                        ],
                        [
                            55.25188,
                            25.013092
                        ],
                        [
                            55.251831,
                            25.013068
                        ]
                    ]
                ]
            }
        },
        {
            "type": "Feature",
            "properties": {
                "observation_date": "2013-10-01",
                "source": "13OCT01072831-P1BS-014462350010_01_P005",
                "sensor_name": "WorldView",
                "type": "observation",
                "current_phase": "No Activity",
                "is_occluded": "False",
                "is_site_boundary": "True",
                "score": 1.0
            },
            "geometry": {
                "type": "MultiPolygon",
                "coordinates": [
                    [
                        [
                            [
                                55.250209,
                                25.016548
                            ],
                            [
                                55.250898,
                                25.014817
                            ],
                            [
                                55.251549,
                                25.013656
                            ],
                            [
                                55.251801,
                                25.013277
                            ],
                            [
                                55.251825,
                                25.013095
                            ],
                            [
                                55.251539,
                                25.012952
                            ],
                            [
                                55.251487,
                                25.013025
                            ],
                            [
                                55.251437,
                                25.01303
                            ],
                            [
                                55.251386,
                                25.013018
                            ],
                            [
                                55.251376,
                                25.012992
                            ],
                            [
                                55.251382,
                                25.012954
                            ],
                            [
                                55.25136,
                                25.012944
                            ],
                            [
                                55.251323,
                                25.012926
                            ],
                            [
                                55.251305,
                                25.012921
                            ],
                            [
                                55.25129,
                                25.012935
                            ],
                            [
                                55.251268,
                                25.012944
                            ],
                            [
                                55.251234,
                                25.012926
                            ],
                            [
                                55.251241,
                                25.012896
                            ],
                            [
                                55.251107,
                                25.012819
                            ],
                            [
                                55.251056,
                                25.012894
                            ],
                            [
                                55.250432,
                                25.013762
                            ],
                            [
                                55.250123,
                                25.014366
                            ],
                            [
                                55.249956,
                                25.014854
                            ],
                            [
                                55.249735,
                                25.015398
                            ],
                            [
                                55.249439,
                                25.016032
                            ],
                            [
                                55.249279,
                                25.016215
                            ],
                            [
                                55.250209,
                                25.016548
                            ]
                        ]
                    ]
                ]
            }
        },
        {
            "type": "Feature",
            "properties": {
                "observation_date": "2013-10-04",
                "source": "13OCT04071806-P1BS-014464555010_01_P003",
                "sensor_name": "WorldView",
                "type": "observation",
                "current_phase": "No Activity",
                "is_occluded": "False",
                "is_site_boundary": "True",
                "score": 1.0
            },
            "geometry": {
                "type": "MultiPolygon",
                "coordinates": [
                    [
                        [
                            [
                                55.250209,
                                25.016548
                            ],
                            [
                                55.250898,
                                25.014817
                            ],
                            [
                                55.251549,
                                25.013656
                            ],
                            [
                                55.251801,
                                25.013277
                            ],
                            [
                                55.251825,
                                25.013095
                            ],
                            [
                                55.251539,
                                25.012952
                            ],
                            [
                                55.251487,
                                25.013025
                            ],
                            [
                                55.251437,
                                25.01303
                            ],
                            [
                                55.251386,
                                25.013018
                            ],
                            [
                                55.251376,
                                25.012992
                            ],
                            [
                                55.251382,
                                25.012954
                            ],
                            [
                                55.25136,
                                25.012944
                            ],
                            [
                                55.251323,
                                25.012926
                            ],
                            [
                                55.251305,
                                25.012921
                            ],
                            [
                                55.25129,
                                25.012935
                            ],
                            [
                                55.251268,
                                25.012944
                            ],
                            [
                                55.251234,
                                25.012926
                            ],
                            [
                                55.251241,
                                25.012896
                            ],
                            [
                                55.251107,
                                25.012819
                            ],
                            [
                                55.251056,
                                25.012894
                            ],
                            [
                                55.250432,
                                25.013762
                            ],
                            [
                                55.250123,
                                25.014366
                            ],
                            [
                                55.249956,
                                25.014854
                            ],
                            [
                                55.249735,
                                25.015398
                            ],
                            [
                                55.249439,
                                25.016032
                            ],
                            [
                                55.249279,
                                25.016215
                            ],
                            [
                                55.250209,
                                25.016548
                            ]
                        ]
                    ]
                ]
            }
        },
        {
            "type": "Feature",
            "properties": {
                "observation_date": "2013-10-20",
                "source": "13OCT20072902-M1BS-014464574010_01_P003",
                "sensor_name": "WorldView",
                "type": "observation",
                "current_phase": "No Activity",
                "is_occluded": "False",
                "is_site_boundary": "True",
                "score": 1.0
            },
            "geometry": {
                "type": "MultiPolygon",
                "coordinates": [
                    [
                        [
                            [
                                55.250209,
                                25.016548
                            ],
                            [
                                55.250898,
                                25.014817
                            ],
                            [
                                55.251549,
                                25.013656
                            ],
                            [
                                55.251801,
                                25.013277
                            ],
                            [
                                55.251825,
                                25.013094
                            ],
                            [
                                55.251539,
                                25.012952
                            ],
                            [
                                55.251487,
                                25.013025
                            ],
                            [
                                55.251437,
                                25.01303
                            ],
                            [
                                55.251386,
                                25.013017
                            ],
                            [
                                55.251376,
                                25.012992
                            ],
                            [
                                55.251382,
                                25.012954
                            ],
                            [
                                55.25136,
                                25.012944
                            ],
                            [
                                55.251323,
                                25.012925
                            ],
                            [
                                55.251305,
                                25.012921
                            ],
                            [
                                55.25129,
                                25.012935
                            ],
                            [
                                55.251268,
                                25.012944
                            ],
                            [
                                55.251234,
                                25.012926
                            ],
                            [
                                55.251241,
                                25.012896
                            ],
                            [
                                55.251107,
                                25.012819
                            ],
                            [
                                55.251056,
                                25.012894
                            ],
                            [
                                55.250432,
                                25.013762
                            ],
                            [
                                55.250123,
                                25.014366
                            ],
                            [
                                55.249956,
                                25.014854
                            ],
                            [
                                55.249735,
                                25.015398
                            ],
                            [
                                55.249439,
                                25.016032
                            ],
                            [
                                55.249279,
                                25.016215
                            ],
                            [
                                55.250209,
                                25.016548
                            ]
                        ]
                    ]
                ]
            }
        },
        {
            "type": "Feature",
            "properties": {
                "observation_date": "2013-11-07",
                "source": "LC08_L1TP_160043_20131107_20200912_02_T1_TCI",
                "sensor_name": "Landsat 8",
                "type": "observation",
                "current_phase": "No Activity",
                "is_occluded": "False",
                "is_site_boundary": "True",
                "score": 1.0
            },
            "geometry": {
                "type": "MultiPolygon",
                "coordinates": [
                    [
                        [
                            [
                                55.250249,
                                25.016547
                            ],
                            [
                                55.250944,
                                25.014816
                            ],
                            [
                                55.251602,
                                25.013654
                            ],
                            [
                                55.251856,
                                25.013275
                            ],
                            [
                                55.25188,
                                25.013092
                            ],
                            [
                                55.251592,
                                25.012949
                            ],
                            [
                                55.251539,
                                25.013023
                            ],
                            [
                                55.251489,
                                25.013027
                            ],
                            [
                                55.251437,
                                25.013015
                            ],
                            [
                                55.251427,
                                25.012989
                            ],
                            [
                                55.251433,
                                25.012952
                            ],
                            [
                                55.251411,
                                25.012941
                            ],
                            [
                                55.251374,
                                25.012923
                            ],
                            [
                                55.251355,
                                25.012918
                            ],
                            [
                                55.25134,
                                25.012933
                            ],
                            [
                                55.251318,
                                25.012942
                            ],
                            [
                                55.251283,
                                25.012924
                            ],
                            [
                                55.251291,
                                25.012894
                            ],
                            [
                                55.251155,
                                25.012816
                            ],
                            [
                                55.251104,
                                25.012891
                            ],
                            [
                                55.250474,
                                25.01376
                            ],
                            [
                                55.250161,
                                25.014364
                            ],
                            [
                                55.249993,
                                25.014853
                            ],
                            [
                                55.24977,
                                25.015397
                            ],
                            [
                                55.24947,
                                25.016031
                            ],
                            [
                                55.249309,
                                25.016214
                            ],
                            [
                                55.250249,
                                25.016547
                            ]
                        ]
                    ]
                ]
            }
        },
        {
            "type": "Feature",
            "properties": {
                "observation_date": "2013-12-09",
                "source": "LC08_L1TP_160043_20131209_20200912_02_T1_TCI",
                "sensor_name": "Landsat 8",
                "type": "observation",
                "current_phase": "No Activity",
                "is_occluded": "False",
                "is_site_boundary": "True",
                "score": 1.0
            },
            "geometry": {
                "type": "MultiPolygon",
                "coordinates": [
                    [
                        [
                            [
                                55.250249,
                                25.016547
                            ],
                            [
                                55.250944,
                                25.014816
                            ],
                            [
                                55.251602,
                                25.013654
                            ],
                            [
                                55.251856,
                                25.013275
                            ],
                            [
                                55.25188,
                                25.013092
                            ],
                            [
                                55.251592,
                                25.012949
                            ],
                            [
                                55.251539,
                                25.013023
                            ],
                            [
                                55.251489,
                                25.013027
                            ],
                            [
                                55.251437,
                                25.013015
                            ],
                            [
                                55.251427,
                                25.012989
                            ],
                            [
                                55.251433,
                                25.012952
                            ],
                            [
                                55.251411,
                                25.012941
                            ],
                            [
                                55.251374,
                                25.012923
                            ],
                            [
                                55.251355,
                                25.012918
                            ],
                            [
                                55.25134,
                                25.012933
                            ],
                            [
                                55.251318,
                                25.012942
                            ],
                            [
                                55.251283,
                                25.012924
                            ],
                            [
                                55.251291,
                                25.012894
                            ],
                            [
                                55.251155,
                                25.012816
                            ],
                            [
                                55.251104,
                                25.012891
                            ],
                            [
                                55.250474,
                                25.01376
                            ],
                            [
                                55.250161,
                                25.014364
                            ],
                            [
                                55.249993,
                                25.014853
                            ],
                            [
                                55.24977,
                                25.015397
                            ],
                            [
                                55.24947,
                                25.016031
                            ],
                            [
                                55.249309,
                                25.016214
                            ],
                            [
                                55.250249,
                                25.016547
                            ]
                        ]
                    ]
                ]
            }
        },
        {
            "type": "Feature",
            "properties": {
                "observation_date": "2013-12-22",
                "source": "13DEC22071121-M1BS-014464567010_01_P001",
                "sensor_name": "WorldView",
                "type": "observation",
                "current_phase": "No Activity",
                "is_occluded": "False",
                "is_site_boundary": "True",
                "score": 1.0
            },
            "geometry": {
                "type": "MultiPolygon",
                "coordinates": [
                    [
                        [
                            [
                                55.250209,
                                25.016548
                            ],
                            [
                                55.250898,
                                25.014817
                            ],
                            [
                                55.251549,
                                25.013656
                            ],
                            [
                                55.251801,
                                25.013277
                            ],
                            [
                                55.251825,
                                25.013094
                            ],
                            [
                                55.251539,
                                25.012952
                            ],
                            [
                                55.251487,
                                25.013025
                            ],
                            [
                                55.251437,
                                25.01303
                            ],
                            [
                                55.251386,
                                25.013017
                            ],
                            [
                                55.251376,
                                25.012992
                            ],
                            [
                                55.251382,
                                25.012954
                            ],
                            [
                                55.25136,
                                25.012944
                            ],
                            [
                                55.251323,
                                25.012925
                            ],
                            [
                                55.251305,
                                25.012921
                            ],
                            [
                                55.25129,
                                25.012935
                            ],
                            [
                                55.251268,
                                25.012944
                            ],
                            [
                                55.251234,
                                25.012926
                            ],
                            [
                                55.251241,
                                25.012896
                            ],
                            [
                                55.251107,
                                25.012819
                            ],
                            [
                                55.251056,
                                25.012894
                            ],
                            [
                                55.250432,
                                25.013762
                            ],
                            [
                                55.250123,
                                25.014366
                            ],
                            [
                                55.249956,
                                25.014854
                            ],
                            [
                                55.249735,
                                25.015398
                            ],
                            [
                                55.249439,
                                25.016032
                            ],
                            [
                                55.249279,
                                25.016215
                            ],
                            [
                                55.250209,
                                25.016548
                            ]
                        ]
                    ]
                ]
            }
        },
        {
            "type": "Feature",
            "properties": {
                "observation_date": "2014-01-26",
                "source": "LC08_L1TP_160043_20140126_20200912_02_T1_TCI",
                "sensor_name": "Landsat 8",
                "type": "observation",
                "current_phase": "No Activity",
                "is_occluded": "False",
                "is_site_boundary": "True",
                "score": 1.0
            },
            "geometry": {
                "type": "MultiPolygon",
                "coordinates": [
                    [
                        [
                            [
                                55.250249,
                                25.016547
                            ],
                            [
                                55.250944,
                                25.014816
                            ],
                            [
                                55.251602,
                                25.013654
                            ],
                            [
                                55.251856,
                                25.013275
                            ],
                            [
                                55.25188,
                                25.013092
                            ],
                            [
                                55.251592,
                                25.012949
                            ],
                            [
                                55.251539,
                                25.013023
                            ],
                            [
                                55.251489,
                                25.013027
                            ],
                            [
                                55.251437,
                                25.013015
                            ],
                            [
                                55.251427,
                                25.012989
                            ],
                            [
                                55.251433,
                                25.012952
                            ],
                            [
                                55.251411,
                                25.012941
                            ],
                            [
                                55.251374,
                                25.012923
                            ],
                            [
                                55.251355,
                                25.012918
                            ],
                            [
                                55.25134,
                                25.012933
                            ],
                            [
                                55.251318,
                                25.012942
                            ],
                            [
                                55.251283,
                                25.012924
                            ],
                            [
                                55.251291,
                                25.012894
                            ],
                            [
                                55.251155,
                                25.012816
                            ],
                            [
                                55.251104,
                                25.012891
                            ],
                            [
                                55.250474,
                                25.01376
                            ],
                            [
                                55.250161,
                                25.014364
                            ],
                            [
                                55.249993,
                                25.014853
                            ],
                            [
                                55.24977,
                                25.015397
                            ],
                            [
                                55.24947,
                                25.016031
                            ],
                            [
                                55.249309,
                                25.016214
                            ],
                            [
                                55.250249,
                                25.016547
                            ]
                        ]
                    ]
                ]
            }
        },
        {
            "type": "Feature",
            "properties": {
                "observation_date": "2014-02-27",
                "source": "LC08_L1TP_160043_20140227_20200911_02_T1_TCI",
                "sensor_name": "Landsat 8",
                "type": "observation",
                "current_phase": "No Activity",
                "is_occluded": "False",
                "is_site_boundary": "True",
                "score": 1.0
            },
            "geometry": {
                "type": "MultiPolygon",
                "coordinates": [
                    [
                        [
                            [
                                55.250249,
                                25.016547
                            ],
                            [
                                55.250944,
                                25.014816
                            ],
                            [
                                55.251602,
                                25.013654
                            ],
                            [
                                55.251856,
                                25.013275
                            ],
                            [
                                55.25188,
                                25.013092
                            ],
                            [
                                55.251592,
                                25.012949
                            ],
                            [
                                55.251539,
                                25.013023
                            ],
                            [
                                55.251489,
                                25.013027
                            ],
                            [
                                55.251437,
                                25.013015
                            ],
                            [
                                55.251427,
                                25.012989
                            ],
                            [
                                55.251433,
                                25.012952
                            ],
                            [
                                55.251411,
                                25.012941
                            ],
                            [
                                55.251374,
                                25.012923
                            ],
                            [
                                55.251355,
                                25.012918
                            ],
                            [
                                55.25134,
                                25.012933
                            ],
                            [
                                55.251318,
                                25.012942
                            ],
                            [
                                55.251283,
                                25.012924
                            ],
                            [
                                55.251291,
                                25.012894
                            ],
                            [
                                55.251155,
                                25.012816
                            ],
                            [
                                55.251104,
                                25.012891
                            ],
                            [
                                55.250474,
                                25.01376
                            ],
                            [
                                55.250161,
                                25.014364
                            ],
                            [
                                55.249993,
                                25.014853
                            ],
                            [
                                55.24977,
                                25.015397
                            ],
                            [
                                55.24947,
                                25.016031
                            ],
                            [
                                55.249309,
                                25.016214
                            ],
                            [
                                55.250249,
                                25.016547
                            ]
                        ]
                    ]
                ]
            }
        },
        {
            "type": "Feature",
            "properties": {
                "observation_date": "2014-03-15",
                "source": "LC08_L1TP_160043_20140315_20200911_02_T1_TCI",
                "sensor_name": "Landsat 8",
                "type": "observation",
                "current_phase": "No Activity",
                "is_occluded": "False",
                "is_site_boundary": "True",
                "score": 1.0
            },
            "geometry": {
                "type": "MultiPolygon",
                "coordinates": [
                    [
                        [
                            [
                                55.250249,
                                25.016547
                            ],
                            [
                                55.250944,
                                25.014816
                            ],
                            [
                                55.251602,
                                25.013654
                            ],
                            [
                                55.251856,
                                25.013275
                            ],
                            [
                                55.25188,
                                25.013092
                            ],
                            [
                                55.251592,
                                25.012949
                            ],
                            [
                                55.251539,
                                25.013023
                            ],
                            [
                                55.251489,
                                25.013027
                            ],
                            [
                                55.251437,
                                25.013015
                            ],
                            [
                                55.251427,
                                25.012989
                            ],
                            [
                                55.251433,
                                25.012952
                            ],
                            [
                                55.251411,
                                25.012941
                            ],
                            [
                                55.251374,
                                25.012923
                            ],
                            [
                                55.251355,
                                25.012918
                            ],
                            [
                                55.25134,
                                25.012933
                            ],
                            [
                                55.251318,
                                25.012942
                            ],
                            [
                                55.251283,
                                25.012924
                            ],
                            [
                                55.251291,
                                25.012894
                            ],
                            [
                                55.251155,
                                25.012816
                            ],
                            [
                                55.251104,
                                25.012891
                            ],
                            [
                                55.250474,
                                25.01376
                            ],
                            [
                                55.250161,
                                25.014364
                            ],
                            [
                                55.249993,
                                25.014853
                            ],
                            [
                                55.24977,
                                25.015397
                            ],
                            [
                                55.24947,
                                25.016031
                            ],
                            [
                                55.249309,
                                25.016214
                            ],
                            [
                                55.250249,
                                25.016547
                            ]
                        ]
                    ]
                ]
            }
        },
        {
            "type": "Feature",
            "properties": {
                "observation_date": "2014-04-16",
                "source": "LC08_L1TP_160043_20140416_20200911_02_T1_TCI",
                "sensor_name": "Landsat 8",
                "type": "observation",
                "current_phase": "No Activity",
                "is_occluded": "False",
                "is_site_boundary": "True",
                "score": 1.0
            },
            "geometry": {
                "type": "MultiPolygon",
                "coordinates": [
                    [
                        [
                            [
                                55.250249,
                                25.016547
                            ],
                            [
                                55.250944,
                                25.014816
                            ],
                            [
                                55.251602,
                                25.013654
                            ],
                            [
                                55.251856,
                                25.013275
                            ],
                            [
                                55.25188,
                                25.013092
                            ],
                            [
                                55.251592,
                                25.012949
                            ],
                            [
                                55.251539,
                                25.013023
                            ],
                            [
                                55.251489,
                                25.013027
                            ],
                            [
                                55.251437,
                                25.013015
                            ],
                            [
                                55.251427,
                                25.012989
                            ],
                            [
                                55.251433,
                                25.012952
                            ],
                            [
                                55.251411,
                                25.012941
                            ],
                            [
                                55.251374,
                                25.012923
                            ],
                            [
                                55.251355,
                                25.012918
                            ],
                            [
                                55.25134,
                                25.012933
                            ],
                            [
                                55.251318,
                                25.012942
                            ],
                            [
                                55.251283,
                                25.012924
                            ],
                            [
                                55.251291,
                                25.012894
                            ],
                            [
                                55.251155,
                                25.012816
                            ],
                            [
                                55.251104,
                                25.012891
                            ],
                            [
                                55.250474,
                                25.01376
                            ],
                            [
                                55.250161,
                                25.014364
                            ],
                            [
                                55.249993,
                                25.014853
                            ],
                            [
                                55.24977,
                                25.015397
                            ],
                            [
                                55.24947,
                                25.016031
                            ],
                            [
                                55.249309,
                                25.016214
                            ],
                            [
                                55.250249,
                                25.016547
                            ]
                        ]
                    ]
                ]
            }
        },
        {
            "type": "Feature",
            "properties": {
                "observation_date": "2014-05-18",
                "source": "LC08_L1TP_160043_20140518_20200911_02_T1_TCI",
                "sensor_name": "Landsat 8",
                "type": "observation",
                "current_phase": "No Activity",
                "is_occluded": "False",
                "is_site_boundary": "True",
                "score": 1.0
            },
            "geometry": {
                "type": "MultiPolygon",
                "coordinates": [
                    [
                        [
                            [
                                55.250249,
                                25.016547
                            ],
                            [
                                55.250944,
                                25.014816
                            ],
                            [
                                55.251602,
                                25.013654
                            ],
                            [
                                55.251856,
                                25.013275
                            ],
                            [
                                55.25188,
                                25.013092
                            ],
                            [
                                55.251592,
                                25.012949
                            ],
                            [
                                55.251539,
                                25.013023
                            ],
                            [
                                55.251489,
                                25.013027
                            ],
                            [
                                55.251437,
                                25.013015
                            ],
                            [
                                55.251427,
                                25.012989
                            ],
                            [
                                55.251433,
                                25.012952
                            ],
                            [
                                55.251411,
                                25.012941
                            ],
                            [
                                55.251374,
                                25.012923
                            ],
                            [
                                55.251355,
                                25.012918
                            ],
                            [
                                55.25134,
                                25.012933
                            ],
                            [
                                55.251318,
                                25.012942
                            ],
                            [
                                55.251283,
                                25.012924
                            ],
                            [
                                55.251291,
                                25.012894
                            ],
                            [
                                55.251155,
                                25.012816
                            ],
                            [
                                55.251104,
                                25.012891
                            ],
                            [
                                55.250474,
                                25.01376
                            ],
                            [
                                55.250161,
                                25.014364
                            ],
                            [
                                55.249993,
                                25.014853
                            ],
                            [
                                55.24977,
                                25.015397
                            ],
                            [
                                55.24947,
                                25.016031
                            ],
                            [
                                55.249309,
                                25.016214
                            ],
                            [
                                55.250249,
                                25.016547
                            ]
                        ]
                    ]
                ]
            }
        },
        {
            "type": "Feature",
            "properties": {
                "observation_date": "2014-06-03",
                "source": "LC08_L1TP_160043_20140603_20200911_02_T1_TCI",
                "sensor_name": "Landsat 8",
                "type": "observation",
                "current_phase": "No Activity",
                "is_occluded": "False",
                "is_site_boundary": "True",
                "score": 1.0
            },
            "geometry": {
                "type": "MultiPolygon",
                "coordinates": [
                    [
                        [
                            [
                                55.250249,
                                25.016547
                            ],
                            [
                                55.250944,
                                25.014816
                            ],
                            [
                                55.251602,
                                25.013654
                            ],
                            [
                                55.251856,
                                25.013275
                            ],
                            [
                                55.25188,
                                25.013092
                            ],
                            [
                                55.251592,
                                25.012949
                            ],
                            [
                                55.251539,
                                25.013023
                            ],
                            [
                                55.251489,
                                25.013027
                            ],
                            [
                                55.251437,
                                25.013015
                            ],
                            [
                                55.251427,
                                25.012989
                            ],
                            [
                                55.251433,
                                25.012952
                            ],
                            [
                                55.251411,
                                25.012941
                            ],
                            [
                                55.251374,
                                25.012923
                            ],
                            [
                                55.251355,
                                25.012918
                            ],
                            [
                                55.25134,
                                25.012933
                            ],
                            [
                                55.251318,
                                25.012942
                            ],
                            [
                                55.251283,
                                25.012924
                            ],
                            [
                                55.251291,
                                25.012894
                            ],
                            [
                                55.251155,
                                25.012816
                            ],
                            [
                                55.251104,
                                25.012891
                            ],
                            [
                                55.250474,
                                25.01376
                            ],
                            [
                                55.250161,
                                25.014364
                            ],
                            [
                                55.249993,
                                25.014853
                            ],
                            [
                                55.24977,
                                25.015397
                            ],
                            [
                                55.24947,
                                25.016031
                            ],
                            [
                                55.249309,
                                25.016214
                            ],
                            [
                                55.250249,
                                25.016547
                            ]
                        ]
                    ]
                ]
            }
        },
        {
            "type": "Feature",
            "properties": {
                "observation_date": "2014-07-21",
                "source": "LC08_L1TP_160043_20140721_20200911_02_T1_TCI",
                "sensor_name": "Landsat 8",
                "type": "observation",
                "current_phase": "No Activity",
                "is_occluded": "False",
                "is_site_boundary": "True",
                "score": 1.0
            },
            "geometry": {
                "type": "MultiPolygon",
                "coordinates": [
                    [
                        [
                            [
                                55.250249,
                                25.016547
                            ],
                            [
                                55.250944,
                                25.014816
                            ],
                            [
                                55.251602,
                                25.013654
                            ],
                            [
                                55.251856,
                                25.013275
                            ],
                            [
                                55.25188,
                                25.013092
                            ],
                            [
                                55.251592,
                                25.012949
                            ],
                            [
                                55.251539,
                                25.013023
                            ],
                            [
                                55.251489,
                                25.013027
                            ],
                            [
                                55.251437,
                                25.013015
                            ],
                            [
                                55.251427,
                                25.012989
                            ],
                            [
                                55.251433,
                                25.012952
                            ],
                            [
                                55.251411,
                                25.012941
                            ],
                            [
                                55.251374,
                                25.012923
                            ],
                            [
                                55.251355,
                                25.012918
                            ],
                            [
                                55.25134,
                                25.012933
                            ],
                            [
                                55.251318,
                                25.012942
                            ],
                            [
                                55.251283,
                                25.012924
                            ],
                            [
                                55.251291,
                                25.012894
                            ],
                            [
                                55.251155,
                                25.012816
                            ],
                            [
                                55.251104,
                                25.012891
                            ],
                            [
                                55.250474,
                                25.01376
                            ],
                            [
                                55.250161,
                                25.014364
                            ],
                            [
                                55.249993,
                                25.014853
                            ],
                            [
                                55.24977,
                                25.015397
                            ],
                            [
                                55.24947,
                                25.016031
                            ],
                            [
                                55.249309,
                                25.016214
                            ],
                            [
                                55.250249,
                                25.016547
                            ]
                        ]
                    ]
                ]
            }
        },
        {
            "type": "Feature",
            "properties": {
                "observation_date": "2014-08-22",
                "source": "LC08_L1TP_160043_20140822_20200911_02_T1_TCI",
                "sensor_name": "Landsat 8",
                "type": "observation",
                "current_phase": "Unknown",
                "is_occluded": "False",
                "is_site_boundary": "True",
                "score": 1.0
            },
            "geometry": {
                "type": "MultiPolygon",
                "coordinates": [
                    [
                        [
                            [
                                55.2498,
                                25.016653
                            ],
                            [
                                55.250225,
                                25.016223
                            ],
                            [
                                55.250782,
                                25.015027
                            ],
                            [
                                55.251278,
                                25.014109
                            ],
                            [
                                55.250558,
                                25.013719
                            ],
                            [
                                55.25017,
                                25.01447
                            ],
                            [
                                55.249882,
                                25.015059
                            ],
                            [
                                55.249536,
                                25.015898
                            ],
                            [
                                55.249308,
                                25.016242
                            ],
                            [
                                55.2498,
                                25.016653
                            ]
                        ]
                    ]
                ]
            }
        },
        {
            "type": "Feature",
            "properties": {
                "observation_date": "2014-09-07",
                "source": "LC08_L1TP_160043_20140907_20200911_02_T1_TCI",
                "sensor_name": "Landsat 8",
                "type": "observation",
                "current_phase": "Unknown",
                "is_occluded": "False",
                "is_site_boundary": "True",
                "score": 1.0
            },
            "geometry": {
                "type": "MultiPolygon",
                "coordinates": [
                    [
                        [
                            [
                                55.2498,
                                25.016653
                            ],
                            [
                                55.250225,
                                25.016223
                            ],
                            [
                                55.250782,
                                25.015027
                            ],
                            [
                                55.251278,
                                25.014109
                            ],
                            [
                                55.250558,
                                25.013719
                            ],
                            [
                                55.25017,
                                25.01447
                            ],
                            [
                                55.249882,
                                25.015059
                            ],
                            [
                                55.249536,
                                25.015898
                            ],
                            [
                                55.249308,
                                25.016242
                            ],
                            [
                                55.2498,
                                25.016653
                            ]
                        ]
                    ]
                ]
            }
        },
        {
            "type": "Feature",
            "properties": {
                "observation_date": "2014-10-25",
                "source": "LC08_L1TP_160043_20141025_20200911_02_T1_TCI",
                "sensor_name": "Landsat 8",
                "type": "observation",
                "current_phase": "Unknown",
                "is_occluded": "False",
                "is_site_boundary": "True",
                "score": 1.0
            },
            "geometry": {
                "type": "MultiPolygon",
                "coordinates": [
                    [
                        [
                            [
                                55.2498,
                                25.016653
                            ],
                            [
                                55.250225,
                                25.016223
                            ],
                            [
                                55.250782,
                                25.015027
                            ],
                            [
                                55.251278,
                                25.014109
                            ],
                            [
                                55.250558,
                                25.013719
                            ],
                            [
                                55.25017,
                                25.01447
                            ],
                            [
                                55.249882,
                                25.015059
                            ],
                            [
                                55.249536,
                                25.015898
                            ],
                            [
                                55.249308,
                                25.016242
                            ],
                            [
                                55.2498,
                                25.016653
                            ]
                        ]
                    ]
                ]
            }
        },
        {
            "type": "Feature",
            "properties": {
                "observation_date": "2014-10-29",
                "source": "14OCT29072742-P1BS-500171678100_02_P065",
                "sensor_name": "WorldView",
                "type": "observation",
                "current_phase": "Site Preparation",
                "is_occluded": "False",
                "is_site_boundary": "True",
                "score": 1.0
            },
            "geometry": {
                "type": "MultiPolygon",
                "coordinates": [
                    [
                        [
                            [
                                55.249765,
                                25.016653
                            ],
                            [
                                55.250186,
                                25.016224
                            ],
                            [
                                55.250737,
                                25.015028
                            ],
                            [
                                55.251228,
                                25.014111
                            ],
                            [
                                55.250516,
                                25.013721
                            ],
                            [
                                55.250132,
                                25.014472
                            ],
                            [
                                55.249846,
                                25.015061
                            ],
                            [
                                55.249504,
                                25.015899
                            ],
                            [
                                55.249278,
                                25.016243
                            ],
                            [
                                55.249765,
                                25.016653
                            ]
                        ]
                    ]
                ]
            }
        },
        {
            "type": "Feature",
            "properties": {
                "observation_date": "2014-11-26",
                "source": "LC08_L1TP_160043_20141126_20200910_02_T1_TCI",
                "sensor_name": "Landsat 8",
                "type": "observation",
                "current_phase": "Unknown",
                "is_occluded": "False",
                "is_site_boundary": "True",
                "score": 1.0
            },
            "geometry": {
                "type": "MultiPolygon",
                "coordinates": [
                    [
                        [
                            [
                                55.2498,
                                25.016653
                            ],
                            [
                                55.250225,
                                25.016223
                            ],
                            [
                                55.250782,
                                25.015027
                            ],
                            [
                                55.251278,
                                25.014109
                            ],
                            [
                                55.250558,
                                25.013719
                            ],
                            [
                                55.25017,
                                25.01447
                            ],
                            [
                                55.249882,
                                25.015059
                            ],
                            [
                                55.249536,
                                25.015898
                            ],
                            [
                                55.249308,
                                25.016242
                            ],
                            [
                                55.2498,
                                25.016653
                            ]
                        ]
                    ]
                ]
            }
        },
        {
            "type": "Feature",
            "properties": {
                "observation_date": "2014-12-28",
                "source": "LC08_L1TP_160043_20141228_20200910_02_T1_TCI",
                "sensor_name": "Landsat 8",
                "type": "observation",
                "current_phase": "Unknown",
                "is_occluded": "False",
                "is_site_boundary": "True",
                "score": 1.0
            },
            "geometry": {
                "type": "MultiPolygon",
                "coordinates": [
                    [
                        [
                            [
                                55.2498,
                                25.016653
                            ],
                            [
                                55.250225,
                                25.016223
                            ],
                            [
                                55.250782,
                                25.015027
                            ],
                            [
                                55.251278,
                                25.014109
                            ],
                            [
                                55.250558,
                                25.013719
                            ],
                            [
                                55.25017,
                                25.01447
                            ],
                            [
                                55.249882,
                                25.015059
                            ],
                            [
                                55.249536,
                                25.015898
                            ],
                            [
                                55.249308,
                                25.016242
                            ],
                            [
                                55.2498,
                                25.016653
                            ]
                        ]
                    ]
                ]
            }
        },
        {
            "type": "Feature",
            "properties": {
                "observation_date": "2015-01-29",
                "source": "LC08_L1TP_160043_20150129_20200909_02_T1_TCI",
                "sensor_name": "Landsat 8",
                "type": "observation",
                "current_phase": "Unknown",
                "is_occluded": "False",
                "is_site_boundary": "True",
                "score": 1.0
            },
            "geometry": {
                "type": "MultiPolygon",
                "coordinates": [
                    [
                        [
                            [
                                55.2498,
                                25.016653
                            ],
                            [
                                55.250225,
                                25.016223
                            ],
                            [
                                55.250782,
                                25.015027
                            ],
                            [
                                55.251278,
                                25.014109
                            ],
                            [
                                55.250558,
                                25.013719
                            ],
                            [
                                55.25017,
                                25.01447
                            ],
                            [
                                55.249882,
                                25.015059
                            ],
                            [
                                55.249536,
                                25.015898
                            ],
                            [
                                55.249308,
                                25.016242
                            ],
                            [
                                55.2498,
                                25.016653
                            ]
                        ]
                    ]
                ]
            }
        },
        {
            "type": "Feature",
            "properties": {
                "observation_date": "2015-02-14",
                "source": "LC08_L1TP_160043_20150214_20200909_02_T1_TCI",
                "sensor_name": "Landsat 8",
                "type": "observation",
                "current_phase": "Unknown",
                "is_occluded": "False",
                "is_site_boundary": "True",
                "score": 1.0
            },
            "geometry": {
                "type": "MultiPolygon",
                "coordinates": [
                    [
                        [
                            [
                                55.2498,
                                25.016653
                            ],
                            [
                                55.250225,
                                25.016223
                            ],
                            [
                                55.250782,
                                25.015027
                            ],
                            [
                                55.251278,
                                25.014109
                            ],
                            [
                                55.250558,
                                25.013719
                            ],
                            [
                                55.25017,
                                25.01447
                            ],
                            [
                                55.249882,
                                25.015059
                            ],
                            [
                                55.249536,
                                25.015898
                            ],
                            [
                                55.249308,
                                25.016242
                            ],
                            [
                                55.2498,
                                25.016653
                            ]
                        ]
                    ]
                ]
            }
        },
        {
            "type": "Feature",
            "properties": {
                "observation_date": "2015-03-18",
                "source": "LC08_L1TP_160043_20150318_20200909_02_T1_TCI",
                "sensor_name": "Landsat 8",
                "type": "observation",
                "current_phase": "Unknown",
                "is_occluded": "False",
                "is_site_boundary": "True",
                "score": 1.0
            },
            "geometry": {
                "type": "MultiPolygon",
                "coordinates": [
                    [
                        [
                            [
                                55.2498,
                                25.016653
                            ],
                            [
                                55.250225,
                                25.016223
                            ],
                            [
                                55.250782,
                                25.015027
                            ],
                            [
                                55.251278,
                                25.014109
                            ],
                            [
                                55.250558,
                                25.013719
                            ],
                            [
                                55.25017,
                                25.01447
                            ],
                            [
                                55.249882,
                                25.015059
                            ],
                            [
                                55.249536,
                                25.015898
                            ],
                            [
                                55.249308,
                                25.016242
                            ],
                            [
                                55.2498,
                                25.016653
                            ]
                        ]
                    ]
                ]
            }
        },
        {
            "type": "Feature",
            "properties": {
                "observation_date": "2015-04-03",
                "source": "LC08_L1TP_160043_20150403_20200909_02_T1_TCI",
                "sensor_name": "Landsat 8",
                "type": "observation",
                "current_phase": "Unknown",
                "is_occluded": "False",
                "is_site_boundary": "True",
                "score": 1.0
            },
            "geometry": {
                "type": "MultiPolygon",
                "coordinates": [
                    [
                        [
                            [
                                55.2498,
                                25.016653
                            ],
                            [
                                55.250225,
                                25.016223
                            ],
                            [
                                55.250782,
                                25.015027
                            ],
                            [
                                55.251278,
                                25.014109
                            ],
                            [
                                55.250558,
                                25.013719
                            ],
                            [
                                55.25017,
                                25.01447
                            ],
                            [
                                55.249882,
                                25.015059
                            ],
                            [
                                55.249536,
                                25.015898
                            ],
                            [
                                55.249308,
                                25.016242
                            ],
                            [
                                55.2498,
                                25.016653
                            ]
                        ]
                    ]
                ]
            }
        },
        {
            "type": "Feature",
            "properties": {
                "observation_date": "2015-05-21",
                "source": "LC08_L1TP_160043_20150521_20200909_02_T1_TCI",
                "sensor_name": "Landsat 8",
                "type": "observation",
                "current_phase": "Active Construction",
                "is_occluded": "False",
                "is_site_boundary": "True",
                "score": 1.0
            },
            "geometry": {
                "type": "MultiPolygon",
                "coordinates": [
                    [
                        [
                            [
                                55.2498,
                                25.016653
                            ],
                            [
                                55.250225,
                                25.016223
                            ],
                            [
                                55.250782,
                                25.015027
                            ],
                            [
                                55.251278,
                                25.014109
                            ],
                            [
                                55.250558,
                                25.013719
                            ],
                            [
                                55.25017,
                                25.01447
                            ],
                            [
                                55.249882,
                                25.015059
                            ],
                            [
                                55.249536,
                                25.015898
                            ],
                            [
                                55.249308,
                                25.016242
                            ],
                            [
                                55.2498,
                                25.016653
                            ]
                        ]
                    ]
                ]
            }
        },
        {
            "type": "Feature",
            "properties": {
                "observation_date": "2015-06-22",
                "source": "LC08_L1TP_160043_20150622_20200909_02_T1_TCI",
                "sensor_name": "Landsat 8",
                "type": "observation",
                "current_phase": "Active Construction",
                "is_occluded": "False",
                "is_site_boundary": "True",
                "score": 1.0
            },
            "geometry": {
                "type": "MultiPolygon",
                "coordinates": [
                    [
                        [
                            [
                                55.2498,
                                25.016653
                            ],
                            [
                                55.250225,
                                25.016223
                            ],
                            [
                                55.250782,
                                25.015027
                            ],
                            [
                                55.251278,
                                25.014109
                            ],
                            [
                                55.250558,
                                25.013719
                            ],
                            [
                                55.25017,
                                25.01447
                            ],
                            [
                                55.249882,
                                25.015059
                            ],
                            [
                                55.249536,
                                25.015898
                            ],
                            [
                                55.249308,
                                25.016242
                            ],
                            [
                                55.2498,
                                25.016653
                            ]
                        ]
                    ]
                ]
            }
        },
        {
            "type": "Feature",
            "properties": {
                "observation_date": "2015-07-24",
                "source": "LC08_L1TP_160043_20150724_20200908_02_T1_TCI",
                "sensor_name": "Landsat 8",
                "type": "observation",
                "current_phase": "Active Construction",
                "is_occluded": "False",
                "is_site_boundary": "True",
                "score": 1.0
            },
            "geometry": {
                "type": "MultiPolygon",
                "coordinates": [
                    [
                        [
                            [
                                55.2498,
                                25.016653
                            ],
                            [
                                55.250225,
                                25.016223
                            ],
                            [
                                55.250782,
                                25.015027
                            ],
                            [
                                55.251278,
                                25.014109
                            ],
                            [
                                55.250558,
                                25.013719
                            ],
                            [
                                55.25017,
                                25.01447
                            ],
                            [
                                55.249882,
                                25.015059
                            ],
                            [
                                55.249536,
                                25.015898
                            ],
                            [
                                55.249308,
                                25.016242
                            ],
                            [
                                55.2498,
                                25.016653
                            ]
                        ]
                    ]
                ]
            }
        },
        {
            "type": "Feature",
            "properties": {
                "observation_date": "2015-08-09",
                "source": "LC08_L1TP_160043_20150809_20200908_02_T1_TCI",
                "sensor_name": "Landsat 8",
                "type": "observation",
                "current_phase": "Active Construction",
                "is_occluded": "False",
                "is_site_boundary": "True",
                "score": 1.0
            },
            "geometry": {
                "type": "MultiPolygon",
                "coordinates": [
                    [
                        [
                            [
                                55.2498,
                                25.016653
                            ],
                            [
                                55.250225,
                                25.016223
                            ],
                            [
                                55.250782,
                                25.015027
                            ],
                            [
                                55.251278,
                                25.014109
                            ],
                            [
                                55.250558,
                                25.013719
                            ],
                            [
                                55.25017,
                                25.01447
                            ],
                            [
                                55.249882,
                                25.015059
                            ],
                            [
                                55.249536,
                                25.015898
                            ],
                            [
                                55.249308,
                                25.016242
                            ],
                            [
                                55.2498,
                                25.016653
                            ]
                        ]
                    ]
                ]
            }
        },
        {
            "type": "Feature",
            "properties": {
                "observation_date": "2015-09-26",
                "source": "LC08_L1TP_160043_20150926_20200908_02_T1_TCI",
                "sensor_name": "Landsat 8",
                "type": "observation",
                "current_phase": "Active Construction",
                "is_occluded": "False",
                "is_site_boundary": "True",
                "score": 1.0
            },
            "geometry": {
                "type": "MultiPolygon",
                "coordinates": [
                    [
                        [
                            [
                                55.2498,
                                25.016653
                            ],
                            [
                                55.250225,
                                25.016223
                            ],
                            [
                                55.250782,
                                25.015027
                            ],
                            [
                                55.251278,
                                25.014109
                            ],
                            [
                                55.250558,
                                25.013719
                            ],
                            [
                                55.25017,
                                25.01447
                            ],
                            [
                                55.249882,
                                25.015059
                            ],
                            [
                                55.249536,
                                25.015898
                            ],
                            [
                                55.249308,
                                25.016242
                            ],
                            [
                                55.2498,
                                25.016653
                            ]
                        ]
                    ]
                ]
            }
        },
        {
            "type": "Feature",
            "properties": {
                "observation_date": "2015-10-28",
                "source": "LC08_L1TP_160043_20151028_20200908_02_T1_TCI",
                "sensor_name": "Landsat 8",
                "type": "observation",
                "current_phase": "Active Construction",
                "is_occluded": "False",
                "is_site_boundary": "True",
                "score": 1.0
            },
            "geometry": {
                "type": "MultiPolygon",
                "coordinates": [
                    [
                        [
                            [
                                55.2498,
                                25.016653
                            ],
                            [
                                55.250225,
                                25.016223
                            ],
                            [
                                55.250782,
                                25.015027
                            ],
                            [
                                55.251278,
                                25.014109
                            ],
                            [
                                55.250558,
                                25.013719
                            ],
                            [
                                55.25017,
                                25.01447
                            ],
                            [
                                55.249882,
                                25.015059
                            ],
                            [
                                55.249536,
                                25.015898
                            ],
                            [
                                55.249308,
                                25.016242
                            ],
                            [
                                55.2498,
                                25.016653
                            ]
                        ]
                    ]
                ]
            }
        },
        {
            "type": "Feature",
            "properties": {
                "observation_date": "2015-11-29",
                "source": "LC08_L1TP_160043_20151129_20200908_02_T1_TCI",
                "sensor_name": "Landsat 8",
                "type": "observation",
                "current_phase": "Active Construction",
                "is_occluded": "False",
                "is_site_boundary": "True",
                "score": 1.0
            },
            "geometry": {
                "type": "MultiPolygon",
                "coordinates": [
                    [
                        [
                            [
                                55.2498,
                                25.016653
                            ],
                            [
                                55.250225,
                                25.016223
                            ],
                            [
                                55.250782,
                                25.015027
                            ],
                            [
                                55.251278,
                                25.014109
                            ],
                            [
                                55.250558,
                                25.013719
                            ],
                            [
                                55.25017,
                                25.01447
                            ],
                            [
                                55.249882,
                                25.015059
                            ],
                            [
                                55.249536,
                                25.015898
                            ],
                            [
                                55.249308,
                                25.016242
                            ],
                            [
                                55.2498,
                                25.016653
                            ]
                        ]
                    ]
                ]
            }
        },
        {
            "type": "Feature",
            "properties": {
                "observation_date": "2015-12-31",
                "source": "LC08_L1TP_160043_20151231_20200908_02_T1_TCI",
                "sensor_name": "Landsat 8",
                "type": "observation",
                "current_phase": "Active Construction",
                "is_occluded": "False",
                "is_site_boundary": "True",
                "score": 1.0
            },
            "geometry": {
                "type": "MultiPolygon",
                "coordinates": [
                    [
                        [
                            [
                                55.2498,
                                25.016653
                            ],
                            [
                                55.250225,
                                25.016223
                            ],
                            [
                                55.250782,
                                25.015027
                            ],
                            [
                                55.251278,
                                25.014109
                            ],
                            [
                                55.250558,
                                25.013719
                            ],
                            [
                                55.25017,
                                25.01447
                            ],
                            [
                                55.249882,
                                25.015059
                            ],
                            [
                                55.249536,
                                25.015898
                            ],
                            [
                                55.249308,
                                25.016242
                            ],
                            [
                                55.2498,
                                25.016653
                            ]
                        ]
                    ]
                ]
            }
        },
        {
            "type": "Feature",
            "properties": {
                "observation_date": "2016-01-16",
                "source": "LC08_L1TP_160043_20160116_20200907_02_T1_TCI",
                "sensor_name": "Landsat 8",
                "type": "observation",
                "current_phase": "Active Construction",
                "is_occluded": "False",
                "is_site_boundary": "True",
                "score": 1.0
            },
            "geometry": {
                "type": "MultiPolygon",
                "coordinates": [
                    [
                        [
                            [
                                55.2498,
                                25.016653
                            ],
                            [
                                55.250225,
                                25.016223
                            ],
                            [
                                55.250782,
                                25.015027
                            ],
                            [
                                55.251278,
                                25.014109
                            ],
                            [
                                55.250558,
                                25.013719
                            ],
                            [
                                55.25017,
                                25.01447
                            ],
                            [
                                55.249882,
                                25.015059
                            ],
                            [
                                55.249536,
                                25.015898
                            ],
                            [
                                55.249308,
                                25.016242
                            ],
                            [
                                55.2498,
                                25.016653
                            ]
                        ]
                    ]
                ]
            }
        },
        {
            "type": "Feature",
            "properties": {
                "observation_date": "2016-01-20",
                "source": "S2A_40RCN_20160120_0_L1C_TCI",
                "sensor_name": "Sentinel-2",
                "type": "observation",
                "current_phase": "Active Construction",
                "is_occluded": "False",
                "is_site_boundary": "True",
                "score": 1.0
            },
            "geometry": {
                "type": "MultiPolygon",
                "coordinates": [
                    [
                        [
                            [
                                55.249764,
                                25.01665
                            ],
                            [
                                55.250184,
                                25.016219
                            ],
                            [
                                55.250736,
                                25.015022
                            ],
                            [
                                55.251226,
                                25.014103
                            ],
                            [
                                55.250514,
                                25.013713
                            ],
                            [
                                55.25013,
                                25.014465
                            ],
                            [
                                55.249845,
                                25.015054
                            ],
                            [
                                55.249503,
                                25.015894
                            ],
                            [
                                55.249277,
                                25.016239
                            ],
                            [
                                55.249764,
                                25.01665
                            ]
                        ]
                    ]
                ]
            }
        },
        {
            "type": "Feature",
            "properties": {
                "observation_date": "2016-02-19",
                "source": "S2A_40RCN_20160219_0_L1C_TCI",
                "sensor_name": "Sentinel-2",
                "type": "observation",
                "current_phase": "Active Construction",
                "is_occluded": "False",
                "is_site_boundary": "True",
                "score": 1.0
            },
            "geometry": {
                "type": "MultiPolygon",
                "coordinates": [
                    [
                        [
                            [
                                55.250208,
                                25.016544
                            ],
                            [
                                55.250896,
                                25.014811
                            ],
                            [
                                55.251547,
                                25.013648
                            ],
                            [
                                55.251799,
                                25.013269
                            ],
                            [
                                55.251823,
                                25.013086
                            ],
                            [
                                55.251537,
                                25.012942
                            ],
                            [
                                55.251485,
                                25.013016
                            ],
                            [
                                55.251435,
                                25.013021
                            ],
                            [
                                55.251384,
                                25.013008
                            ],
                            [
                                55.251374,
                                25.012983
                            ],
                            [
                                55.25138,
                                25.012945
                            ],
                            [
                                55.251358,
                                25.012934
                            ],
                            [
                                55.251321,
                                25.012916
                            ],
                            [
                                55.251303,
                                25.012912
                            ],
                            [
                                55.251288,
                                25.012926
                            ],
                            [
                                55.251266,
                                25.012935
                            ],
                            [
                                55.251232,
                                25.012917
                            ],
                            [
                                55.251239,
                                25.012887
                            ],
                            [
                                55.251105,
                                25.012809
                            ],
                            [
                                55.251054,
                                25.012884
                            ],
                            [
                                55.250431,
                                25.013754
                            ],
                            [
                                55.250121,
                                25.014359
                            ],
                            [
                                55.249955,
                                25.014848
                            ],
                            [
                                55.249734,
                                25.015393
                            ],
                            [
                                55.249437,
                                25.016028
                            ],
                            [
                                55.249278,
                                25.016211
                            ],
                            [
                                55.250208,
                                25.016544
                            ]
                        ]
                    ]
                ]
            }
        },
        {
            "type": "Feature",
            "properties": {
                "observation_date": "2016-03-20",
                "source": "LC08_L1TP_160043_20160320_20200907_02_T1_TCI",
                "sensor_name": "Landsat 8",
                "type": "observation",
                "current_phase": "Active Construction",
                "is_occluded": "False",
                "is_site_boundary": "True",
                "score": 1.0
            },
            "geometry": {
                "type": "MultiPolygon",
                "coordinates": [
                    [
                        [
                            [
                                55.250249,
                                25.016547
                            ],
                            [
                                55.250944,
                                25.014816
                            ],
                            [
                                55.251602,
                                25.013654
                            ],
                            [
                                55.251856,
                                25.013275
                            ],
                            [
                                55.25188,
                                25.013092
                            ],
                            [
                                55.251592,
                                25.012949
                            ],
                            [
                                55.251539,
                                25.013023
                            ],
                            [
                                55.251489,
                                25.013027
                            ],
                            [
                                55.251437,
                                25.013015
                            ],
                            [
                                55.251427,
                                25.012989
                            ],
                            [
                                55.251433,
                                25.012952
                            ],
                            [
                                55.251411,
                                25.012941
                            ],
                            [
                                55.251374,
                                25.012923
                            ],
                            [
                                55.251355,
                                25.012918
                            ],
                            [
                                55.25134,
                                25.012933
                            ],
                            [
                                55.251318,
                                25.012942
                            ],
                            [
                                55.251283,
                                25.012924
                            ],
                            [
                                55.251291,
                                25.012894
                            ],
                            [
                                55.251155,
                                25.012816
                            ],
                            [
                                55.251104,
                                25.012891
                            ],
                            [
                                55.250474,
                                25.01376
                            ],
                            [
                                55.250161,
                                25.014364
                            ],
                            [
                                55.249993,
                                25.014853
                            ],
                            [
                                55.24977,
                                25.015397
                            ],
                            [
                                55.24947,
                                25.016031
                            ],
                            [
                                55.249309,
                                25.016214
                            ],
                            [
                                55.250249,
                                25.016547
                            ]
                        ]
                    ]
                ]
            }
        },
        {
            "type": "Feature",
            "properties": {
                "observation_date": "2016-03-20",
                "source": "S2A_40RCN_20160320_0_L1C_TCI",
                "sensor_name": "Sentinel-2",
                "type": "observation",
                "current_phase": "Active Construction",
                "is_occluded": "False",
                "is_site_boundary": "True",
                "score": 1.0
            },
            "geometry": {
                "type": "MultiPolygon",
                "coordinates": [
                    [
                        [
                            [
                                55.250208,
                                25.016544
                            ],
                            [
                                55.250896,
                                25.014811
                            ],
                            [
                                55.251547,
                                25.013648
                            ],
                            [
                                55.251799,
                                25.013269
                            ],
                            [
                                55.251823,
                                25.013086
                            ],
                            [
                                55.251537,
                                25.012942
                            ],
                            [
                                55.251485,
                                25.013016
                            ],
                            [
                                55.251435,
                                25.013021
                            ],
                            [
                                55.251384,
                                25.013008
                            ],
                            [
                                55.251374,
                                25.012983
                            ],
                            [
                                55.25138,
                                25.012945
                            ],
                            [
                                55.251358,
                                25.012934
                            ],
                            [
                                55.251321,
                                25.012916
                            ],
                            [
                                55.251303,
                                25.012912
                            ],
                            [
                                55.251288,
                                25.012926
                            ],
                            [
                                55.251266,
                                25.012935
                            ],
                            [
                                55.251232,
                                25.012917
                            ],
                            [
                                55.251239,
                                25.012887
                            ],
                            [
                                55.251105,
                                25.012809
                            ],
                            [
                                55.251054,
                                25.012884
                            ],
                            [
                                55.250431,
                                25.013754
                            ],
                            [
                                55.250121,
                                25.014359
                            ],
                            [
                                55.249955,
                                25.014848
                            ],
                            [
                                55.249734,
                                25.015393
                            ],
                            [
                                55.249437,
                                25.016028
                            ],
                            [
                                55.249278,
                                25.016211
                            ],
                            [
                                55.250208,
                                25.016544
                            ]
                        ]
                    ]
                ]
            }
        },
        {
            "type": "Feature",
            "properties": {
                "observation_date": "2016-04-05",
                "source": "LC08_L1TP_160043_20160405_20200907_02_T1_TCI",
                "sensor_name": "Landsat 8",
                "type": "observation",
                "current_phase": "Active Construction",
                "is_occluded": "False",
                "is_site_boundary": "True",
                "score": 1.0
            },
            "geometry": {
                "type": "MultiPolygon",
                "coordinates": [
                    [
                        [
                            [
                                55.250249,
                                25.016547
                            ],
                            [
                                55.250944,
                                25.014816
                            ],
                            [
                                55.251602,
                                25.013654
                            ],
                            [
                                55.251856,
                                25.013275
                            ],
                            [
                                55.25188,
                                25.013092
                            ],
                            [
                                55.251592,
                                25.012949
                            ],
                            [
                                55.251539,
                                25.013023
                            ],
                            [
                                55.251489,
                                25.013027
                            ],
                            [
                                55.251437,
                                25.013015
                            ],
                            [
                                55.251427,
                                25.012989
                            ],
                            [
                                55.251433,
                                25.012952
                            ],
                            [
                                55.251411,
                                25.012941
                            ],
                            [
                                55.251374,
                                25.012923
                            ],
                            [
                                55.251355,
                                25.012918
                            ],
                            [
                                55.25134,
                                25.012933
                            ],
                            [
                                55.251318,
                                25.012942
                            ],
                            [
                                55.251283,
                                25.012924
                            ],
                            [
                                55.251291,
                                25.012894
                            ],
                            [
                                55.251155,
                                25.012816
                            ],
                            [
                                55.251104,
                                25.012891
                            ],
                            [
                                55.250474,
                                25.01376
                            ],
                            [
                                55.250161,
                                25.014364
                            ],
                            [
                                55.249993,
                                25.014853
                            ],
                            [
                                55.24977,
                                25.015397
                            ],
                            [
                                55.24947,
                                25.016031
                            ],
                            [
                                55.249309,
                                25.016214
                            ],
                            [
                                55.250249,
                                25.016547
                            ]
                        ]
                    ]
                ]
            }
        },
        {
            "type": "Feature",
            "properties": {
                "observation_date": "2016-04-29",
                "source": "S2A_40RCN_20160429_0_L1C_TCI",
                "sensor_name": "Sentinel-2",
                "type": "observation",
                "current_phase": "Active Construction",
                "is_occluded": "False",
                "is_site_boundary": "True",
                "score": 1.0
            },
            "geometry": {
                "type": "MultiPolygon",
                "coordinates": [
                    [
                        [
                            [
                                55.250208,
                                25.016544
                            ],
                            [
                                55.250896,
                                25.014811
                            ],
                            [
                                55.251547,
                                25.013648
                            ],
                            [
                                55.251799,
                                25.013269
                            ],
                            [
                                55.251823,
                                25.013086
                            ],
                            [
                                55.251537,
                                25.012942
                            ],
                            [
                                55.251485,
                                25.013016
                            ],
                            [
                                55.251435,
                                25.013021
                            ],
                            [
                                55.251384,
                                25.013008
                            ],
                            [
                                55.251374,
                                25.012983
                            ],
                            [
                                55.25138,
                                25.012945
                            ],
                            [
                                55.251358,
                                25.012934
                            ],
                            [
                                55.251321,
                                25.012916
                            ],
                            [
                                55.251303,
                                25.012912
                            ],
                            [
                                55.251288,
                                25.012926
                            ],
                            [
                                55.251266,
                                25.012935
                            ],
                            [
                                55.251232,
                                25.012917
                            ],
                            [
                                55.251239,
                                25.012887
                            ],
                            [
                                55.251105,
                                25.012809
                            ],
                            [
                                55.251054,
                                25.012884
                            ],
                            [
                                55.250431,
                                25.013754
                            ],
                            [
                                55.250121,
                                25.014359
                            ],
                            [
                                55.249955,
                                25.014848
                            ],
                            [
                                55.249734,
                                25.015393
                            ],
                            [
                                55.249437,
                                25.016028
                            ],
                            [
                                55.249278,
                                25.016211
                            ],
                            [
                                55.250208,
                                25.016544
                            ]
                        ]
                    ]
                ]
            }
        },
        {
            "type": "Feature",
            "properties": {
                "observation_date": "2016-05-23",
                "source": "LC08_L1TP_160043_20160523_20200906_02_T1_TCI",
                "sensor_name": "Landsat 8",
                "type": "observation",
                "current_phase": "Active Construction",
                "is_occluded": "False",
                "is_site_boundary": "True",
                "score": 1.0
            },
            "geometry": {
                "type": "MultiPolygon",
                "coordinates": [
                    [
                        [
                            [
                                55.250249,
                                25.016547
                            ],
                            [
                                55.250944,
                                25.014816
                            ],
                            [
                                55.251602,
                                25.013654
                            ],
                            [
                                55.251856,
                                25.013275
                            ],
                            [
                                55.25188,
                                25.013092
                            ],
                            [
                                55.251592,
                                25.012949
                            ],
                            [
                                55.251539,
                                25.013023
                            ],
                            [
                                55.251489,
                                25.013027
                            ],
                            [
                                55.251437,
                                25.013015
                            ],
                            [
                                55.251427,
                                25.012989
                            ],
                            [
                                55.251433,
                                25.012952
                            ],
                            [
                                55.251411,
                                25.012941
                            ],
                            [
                                55.251374,
                                25.012923
                            ],
                            [
                                55.251355,
                                25.012918
                            ],
                            [
                                55.25134,
                                25.012933
                            ],
                            [
                                55.251318,
                                25.012942
                            ],
                            [
                                55.251283,
                                25.012924
                            ],
                            [
                                55.251291,
                                25.012894
                            ],
                            [
                                55.251155,
                                25.012816
                            ],
                            [
                                55.251104,
                                25.012891
                            ],
                            [
                                55.250474,
                                25.01376
                            ],
                            [
                                55.250161,
                                25.014364
                            ],
                            [
                                55.249993,
                                25.014853
                            ],
                            [
                                55.24977,
                                25.015397
                            ],
                            [
                                55.24947,
                                25.016031
                            ],
                            [
                                55.249309,
                                25.016214
                            ],
                            [
                                55.250249,
                                25.016547
                            ]
                        ]
                    ]
                ]
            }
        },
        {
            "type": "Feature",
            "properties": {
                "observation_date": "2016-05-29",
                "source": "S2A_40RCN_20160529_0_L1C_TCI",
                "sensor_name": "Sentinel-2",
                "type": "observation",
                "current_phase": "Active Construction",
                "is_occluded": "False",
                "is_site_boundary": "True",
                "score": 1.0
            },
            "geometry": {
                "type": "MultiPolygon",
                "coordinates": [
                    [
                        [
                            [
                                55.250208,
                                25.016544
                            ],
                            [
                                55.250896,
                                25.014811
                            ],
                            [
                                55.251547,
                                25.013648
                            ],
                            [
                                55.251799,
                                25.013269
                            ],
                            [
                                55.251823,
                                25.013086
                            ],
                            [
                                55.251537,
                                25.012942
                            ],
                            [
                                55.251485,
                                25.013016
                            ],
                            [
                                55.251435,
                                25.013021
                            ],
                            [
                                55.251384,
                                25.013008
                            ],
                            [
                                55.251374,
                                25.012983
                            ],
                            [
                                55.25138,
                                25.012945
                            ],
                            [
                                55.251358,
                                25.012934
                            ],
                            [
                                55.251321,
                                25.012916
                            ],
                            [
                                55.251303,
                                25.012912
                            ],
                            [
                                55.251288,
                                25.012926
                            ],
                            [
                                55.251266,
                                25.012935
                            ],
                            [
                                55.251232,
                                25.012917
                            ],
                            [
                                55.251239,
                                25.012887
                            ],
                            [
                                55.251105,
                                25.012809
                            ],
                            [
                                55.251054,
                                25.012884
                            ],
                            [
                                55.250431,
                                25.013754
                            ],
                            [
                                55.250121,
                                25.014359
                            ],
                            [
                                55.249955,
                                25.014848
                            ],
                            [
                                55.249734,
                                25.015393
                            ],
                            [
                                55.249437,
                                25.016028
                            ],
                            [
                                55.249278,
                                25.016211
                            ],
                            [
                                55.250208,
                                25.016544
                            ]
                        ]
                    ]
                ]
            }
        },
        {
            "type": "Feature",
            "properties": {
                "observation_date": "2016-06-05",
                "source": "16JUN05100243-P1BS-500346917010_05_P006",
                "sensor_name": "WorldView",
                "type": "observation",
                "current_phase": "Active Construction",
                "is_occluded": "False",
                "is_site_boundary": "True",
                "score": 1.0
            },
            "geometry": {
                "type": "MultiPolygon",
                "coordinates": [
                    [
                        [
                            [
                                55.250209,
                                25.016548
                            ],
                            [
                                55.250898,
                                25.014817
                            ],
                            [
                                55.251549,
                                25.013656
                            ],
                            [
                                55.251801,
                                25.013277
                            ],
                            [
                                55.251825,
                                25.013095
                            ],
                            [
                                55.251539,
                                25.012952
                            ],
                            [
                                55.251487,
                                25.013025
                            ],
                            [
                                55.251437,
                                25.01303
                            ],
                            [
                                55.251386,
                                25.013018
                            ],
                            [
                                55.251376,
                                25.012992
                            ],
                            [
                                55.251382,
                                25.012954
                            ],
                            [
                                55.25136,
                                25.012944
                            ],
                            [
                                55.251323,
                                25.012926
                            ],
                            [
                                55.251305,
                                25.012921
                            ],
                            [
                                55.25129,
                                25.012935
                            ],
                            [
                                55.251268,
                                25.012944
                            ],
                            [
                                55.251234,
                                25.012926
                            ],
                            [
                                55.251241,
                                25.012896
                            ],
                            [
                                55.251107,
                                25.012819
                            ],
                            [
                                55.251056,
                                25.012894
                            ],
                            [
                                55.250432,
                                25.013762
                            ],
                            [
                                55.250123,
                                25.014366
                            ],
                            [
                                55.249956,
                                25.014854
                            ],
                            [
                                55.249735,
                                25.015398
                            ],
                            [
                                55.249439,
                                25.016032
                            ],
                            [
                                55.249279,
                                25.016215
                            ],
                            [
                                55.250209,
                                25.016548
                            ]
                        ]
                    ]
                ]
            }
        },
        {
            "type": "Feature",
            "properties": {
                "observation_date": "2016-06-08",
                "source": "LC08_L1TP_160043_20160608_20200906_02_T1_TCI",
                "sensor_name": "Landsat 8",
                "type": "observation",
                "current_phase": "Active Construction",
                "is_occluded": "False",
                "is_site_boundary": "True",
                "score": 1.0
            },
            "geometry": {
                "type": "MultiPolygon",
                "coordinates": [
                    [
                        [
                            [
                                55.250249,
                                25.016547
                            ],
                            [
                                55.250944,
                                25.014816
                            ],
                            [
                                55.251602,
                                25.013654
                            ],
                            [
                                55.251856,
                                25.013275
                            ],
                            [
                                55.25188,
                                25.013092
                            ],
                            [
                                55.251592,
                                25.012949
                            ],
                            [
                                55.251539,
                                25.013023
                            ],
                            [
                                55.251489,
                                25.013027
                            ],
                            [
                                55.251437,
                                25.013015
                            ],
                            [
                                55.251427,
                                25.012989
                            ],
                            [
                                55.251433,
                                25.012952
                            ],
                            [
                                55.251411,
                                25.012941
                            ],
                            [
                                55.251374,
                                25.012923
                            ],
                            [
                                55.251355,
                                25.012918
                            ],
                            [
                                55.25134,
                                25.012933
                            ],
                            [
                                55.251318,
                                25.012942
                            ],
                            [
                                55.251283,
                                25.012924
                            ],
                            [
                                55.251291,
                                25.012894
                            ],
                            [
                                55.251155,
                                25.012816
                            ],
                            [
                                55.251104,
                                25.012891
                            ],
                            [
                                55.250474,
                                25.01376
                            ],
                            [
                                55.250161,
                                25.014364
                            ],
                            [
                                55.249993,
                                25.014853
                            ],
                            [
                                55.24977,
                                25.015397
                            ],
                            [
                                55.24947,
                                25.016031
                            ],
                            [
                                55.249309,
                                25.016214
                            ],
                            [
                                55.250249,
                                25.016547
                            ]
                        ]
                    ]
                ]
            }
        },
        {
            "type": "Feature",
            "properties": {
                "observation_date": "2016-06-08",
                "source": "S2A_40RCN_20160608_0_L1C_TCI",
                "sensor_name": "Sentinel-2",
                "type": "observation",
                "current_phase": "Active Construction",
                "is_occluded": "False",
                "is_site_boundary": "True",
                "score": 1.0
            },
            "geometry": {
                "type": "MultiPolygon",
                "coordinates": [
                    [
                        [
                            [
                                55.250208,
                                25.016544
                            ],
                            [
                                55.250896,
                                25.014811
                            ],
                            [
                                55.251547,
                                25.013648
                            ],
                            [
                                55.251799,
                                25.013269
                            ],
                            [
                                55.251823,
                                25.013086
                            ],
                            [
                                55.251537,
                                25.012942
                            ],
                            [
                                55.251485,
                                25.013016
                            ],
                            [
                                55.251435,
                                25.013021
                            ],
                            [
                                55.251384,
                                25.013008
                            ],
                            [
                                55.251374,
                                25.012983
                            ],
                            [
                                55.25138,
                                25.012945
                            ],
                            [
                                55.251358,
                                25.012934
                            ],
                            [
                                55.251321,
                                25.012916
                            ],
                            [
                                55.251303,
                                25.012912
                            ],
                            [
                                55.251288,
                                25.012926
                            ],
                            [
                                55.251266,
                                25.012935
                            ],
                            [
                                55.251232,
                                25.012917
                            ],
                            [
                                55.251239,
                                25.012887
                            ],
                            [
                                55.251105,
                                25.012809
                            ],
                            [
                                55.251054,
                                25.012884
                            ],
                            [
                                55.250431,
                                25.013754
                            ],
                            [
                                55.250121,
                                25.014359
                            ],
                            [
                                55.249955,
                                25.014848
                            ],
                            [
                                55.249734,
                                25.015393
                            ],
                            [
                                55.249437,
                                25.016028
                            ],
                            [
                                55.249278,
                                25.016211
                            ],
                            [
                                55.250208,
                                25.016544
                            ]
                        ]
                    ]
                ]
            }
        },
        {
            "type": "Feature",
            "properties": {
                "observation_date": "2016-07-08",
                "source": "S2A_40RCN_20160708_0_L1C_TCI",
                "sensor_name": "Sentinel-2",
                "type": "observation",
                "current_phase": "Active Construction",
                "is_occluded": "False",
                "is_site_boundary": "True",
                "score": 1.0
            },
            "geometry": {
                "type": "MultiPolygon",
                "coordinates": [
                    [
                        [
                            [
                                55.250208,
                                25.016544
                            ],
                            [
                                55.250896,
                                25.014811
                            ],
                            [
                                55.251547,
                                25.013648
                            ],
                            [
                                55.251799,
                                25.013269
                            ],
                            [
                                55.251823,
                                25.013086
                            ],
                            [
                                55.251537,
                                25.012942
                            ],
                            [
                                55.251485,
                                25.013016
                            ],
                            [
                                55.251435,
                                25.013021
                            ],
                            [
                                55.251384,
                                25.013008
                            ],
                            [
                                55.251374,
                                25.012983
                            ],
                            [
                                55.25138,
                                25.012945
                            ],
                            [
                                55.251358,
                                25.012934
                            ],
                            [
                                55.251321,
                                25.012916
                            ],
                            [
                                55.251303,
                                25.012912
                            ],
                            [
                                55.251288,
                                25.012926
                            ],
                            [
                                55.251266,
                                25.012935
                            ],
                            [
                                55.251232,
                                25.012917
                            ],
                            [
                                55.251239,
                                25.012887
                            ],
                            [
                                55.251105,
                                25.012809
                            ],
                            [
                                55.251054,
                                25.012884
                            ],
                            [
                                55.250431,
                                25.013754
                            ],
                            [
                                55.250121,
                                25.014359
                            ],
                            [
                                55.249955,
                                25.014848
                            ],
                            [
                                55.249734,
                                25.015393
                            ],
                            [
                                55.249437,
                                25.016028
                            ],
                            [
                                55.249278,
                                25.016211
                            ],
                            [
                                55.250208,
                                25.016544
                            ]
                        ]
                    ]
                ]
            }
        },
        {
            "type": "Feature",
            "properties": {
                "observation_date": "2016-07-26",
                "source": "LC08_L1TP_160043_20160726_20200906_02_T1_TCI",
                "sensor_name": "Landsat 8",
                "type": "observation",
                "current_phase": "Active Construction",
                "is_occluded": "False",
                "is_site_boundary": "True",
                "score": 1.0
            },
            "geometry": {
                "type": "MultiPolygon",
                "coordinates": [
                    [
                        [
                            [
                                55.250249,
                                25.016547
                            ],
                            [
                                55.250944,
                                25.014816
                            ],
                            [
                                55.251602,
                                25.013654
                            ],
                            [
                                55.251856,
                                25.013275
                            ],
                            [
                                55.25188,
                                25.013092
                            ],
                            [
                                55.251592,
                                25.012949
                            ],
                            [
                                55.251539,
                                25.013023
                            ],
                            [
                                55.251489,
                                25.013027
                            ],
                            [
                                55.251437,
                                25.013015
                            ],
                            [
                                55.251427,
                                25.012989
                            ],
                            [
                                55.251433,
                                25.012952
                            ],
                            [
                                55.251411,
                                25.012941
                            ],
                            [
                                55.251374,
                                25.012923
                            ],
                            [
                                55.251355,
                                25.012918
                            ],
                            [
                                55.25134,
                                25.012933
                            ],
                            [
                                55.251318,
                                25.012942
                            ],
                            [
                                55.251283,
                                25.012924
                            ],
                            [
                                55.251291,
                                25.012894
                            ],
                            [
                                55.251155,
                                25.012816
                            ],
                            [
                                55.251104,
                                25.012891
                            ],
                            [
                                55.250474,
                                25.01376
                            ],
                            [
                                55.250161,
                                25.014364
                            ],
                            [
                                55.249993,
                                25.014853
                            ],
                            [
                                55.24977,
                                25.015397
                            ],
                            [
                                55.24947,
                                25.016031
                            ],
                            [
                                55.249309,
                                25.016214
                            ],
                            [
                                55.250249,
                                25.016547
                            ]
                        ]
                    ]
                ]
            }
        },
        {
            "type": "Feature",
            "properties": {
                "observation_date": "2016-08-13",
                "source": "16AUG13071752-M1BS-014855172010_01_P002",
                "sensor_name": "WorldView",
                "type": "observation",
                "current_phase": "Active Construction",
                "is_occluded": "False",
                "is_site_boundary": "True",
                "score": 1.0
            },
            "geometry": {
                "type": "MultiPolygon",
                "coordinates": [
                    [
                        [
                            [
                                55.250209,
                                25.016548
                            ],
                            [
                                55.250898,
                                25.014817
                            ],
                            [
                                55.251549,
                                25.013656
                            ],
                            [
                                55.251801,
                                25.013277
                            ],
                            [
                                55.251825,
                                25.013094
                            ],
                            [
                                55.251539,
                                25.012952
                            ],
                            [
                                55.251487,
                                25.013025
                            ],
                            [
                                55.251437,
                                25.01303
                            ],
                            [
                                55.251386,
                                25.013017
                            ],
                            [
                                55.251376,
                                25.012992
                            ],
                            [
                                55.251382,
                                25.012954
                            ],
                            [
                                55.25136,
                                25.012944
                            ],
                            [
                                55.251323,
                                25.012925
                            ],
                            [
                                55.251305,
                                25.012921
                            ],
                            [
                                55.25129,
                                25.012935
                            ],
                            [
                                55.251268,
                                25.012944
                            ],
                            [
                                55.251234,
                                25.012926
                            ],
                            [
                                55.251241,
                                25.012896
                            ],
                            [
                                55.251107,
                                25.012819
                            ],
                            [
                                55.251056,
                                25.012894
                            ],
                            [
                                55.250432,
                                25.013762
                            ],
                            [
                                55.250123,
                                25.014366
                            ],
                            [
                                55.249956,
                                25.014854
                            ],
                            [
                                55.249735,
                                25.015398
                            ],
                            [
                                55.249439,
                                25.016032
                            ],
                            [
                                55.249279,
                                25.016215
                            ],
                            [
                                55.250209,
                                25.016548
                            ]
                        ]
                    ]
                ]
            }
        },
        {
            "type": "Feature",
            "properties": {
                "observation_date": "2016-08-27",
                "source": "LC08_L1TP_160043_20160827_20200906_02_T1_TCI",
                "sensor_name": "Landsat 8",
                "type": "observation",
                "current_phase": "Active Construction",
                "is_occluded": "False",
                "is_site_boundary": "True",
                "score": 1.0
            },
            "geometry": {
                "type": "MultiPolygon",
                "coordinates": [
                    [
                        [
                            [
                                55.250249,
                                25.016547
                            ],
                            [
                                55.250944,
                                25.014816
                            ],
                            [
                                55.251602,
                                25.013654
                            ],
                            [
                                55.251856,
                                25.013275
                            ],
                            [
                                55.25188,
                                25.013092
                            ],
                            [
                                55.251592,
                                25.012949
                            ],
                            [
                                55.251539,
                                25.013023
                            ],
                            [
                                55.251489,
                                25.013027
                            ],
                            [
                                55.251437,
                                25.013015
                            ],
                            [
                                55.251427,
                                25.012989
                            ],
                            [
                                55.251433,
                                25.012952
                            ],
                            [
                                55.251411,
                                25.012941
                            ],
                            [
                                55.251374,
                                25.012923
                            ],
                            [
                                55.251355,
                                25.012918
                            ],
                            [
                                55.25134,
                                25.012933
                            ],
                            [
                                55.251318,
                                25.012942
                            ],
                            [
                                55.251283,
                                25.012924
                            ],
                            [
                                55.251291,
                                25.012894
                            ],
                            [
                                55.251155,
                                25.012816
                            ],
                            [
                                55.251104,
                                25.012891
                            ],
                            [
                                55.250474,
                                25.01376
                            ],
                            [
                                55.250161,
                                25.014364
                            ],
                            [
                                55.249993,
                                25.014853
                            ],
                            [
                                55.24977,
                                25.015397
                            ],
                            [
                                55.24947,
                                25.016031
                            ],
                            [
                                55.249309,
                                25.016214
                            ],
                            [
                                55.250249,
                                25.016547
                            ]
                        ]
                    ]
                ]
            }
        },
        {
            "type": "Feature",
            "properties": {
                "observation_date": "2016-09-06",
                "source": "S2A_40RCN_20160906_0_L1C_TCI",
                "sensor_name": "Sentinel-2",
                "type": "observation",
                "current_phase": "Active Construction",
                "is_occluded": "False",
                "is_site_boundary": "True",
                "score": 1.0
            },
            "geometry": {
                "type": "MultiPolygon",
                "coordinates": [
                    [
                        [
                            [
                                55.250208,
                                25.016544
                            ],
                            [
                                55.250896,
                                25.014811
                            ],
                            [
                                55.251547,
                                25.013648
                            ],
                            [
                                55.251799,
                                25.013269
                            ],
                            [
                                55.251823,
                                25.013086
                            ],
                            [
                                55.251537,
                                25.012942
                            ],
                            [
                                55.251485,
                                25.013016
                            ],
                            [
                                55.251435,
                                25.013021
                            ],
                            [
                                55.251384,
                                25.013008
                            ],
                            [
                                55.251374,
                                25.012983
                            ],
                            [
                                55.25138,
                                25.012945
                            ],
                            [
                                55.251358,
                                25.012934
                            ],
                            [
                                55.251321,
                                25.012916
                            ],
                            [
                                55.251303,
                                25.012912
                            ],
                            [
                                55.251288,
                                25.012926
                            ],
                            [
                                55.251266,
                                25.012935
                            ],
                            [
                                55.251232,
                                25.012917
                            ],
                            [
                                55.251239,
                                25.012887
                            ],
                            [
                                55.251105,
                                25.012809
                            ],
                            [
                                55.251054,
                                25.012884
                            ],
                            [
                                55.250431,
                                25.013754
                            ],
                            [
                                55.250121,
                                25.014359
                            ],
                            [
                                55.249955,
                                25.014848
                            ],
                            [
                                55.249734,
                                25.015393
                            ],
                            [
                                55.249437,
                                25.016028
                            ],
                            [
                                55.249278,
                                25.016211
                            ],
                            [
                                55.250208,
                                25.016544
                            ]
                        ]
                    ]
                ]
            }
        },
        {
            "type": "Feature",
            "properties": {
                "observation_date": "2016-09-28",
                "source": "LC08_L1TP_160043_20160928_20200906_02_T1_TCI",
                "sensor_name": "Landsat 8",
                "type": "observation",
                "current_phase": "Active Construction",
                "is_occluded": "False",
                "is_site_boundary": "True",
                "score": 1.0
            },
            "geometry": {
                "type": "MultiPolygon",
                "coordinates": [
                    [
                        [
                            [
                                55.250249,
                                25.016547
                            ],
                            [
                                55.250944,
                                25.014816
                            ],
                            [
                                55.251602,
                                25.013654
                            ],
                            [
                                55.251856,
                                25.013275
                            ],
                            [
                                55.25188,
                                25.013092
                            ],
                            [
                                55.251592,
                                25.012949
                            ],
                            [
                                55.251539,
                                25.013023
                            ],
                            [
                                55.251489,
                                25.013027
                            ],
                            [
                                55.251437,
                                25.013015
                            ],
                            [
                                55.251427,
                                25.012989
                            ],
                            [
                                55.251433,
                                25.012952
                            ],
                            [
                                55.251411,
                                25.012941
                            ],
                            [
                                55.251374,
                                25.012923
                            ],
                            [
                                55.251355,
                                25.012918
                            ],
                            [
                                55.25134,
                                25.012933
                            ],
                            [
                                55.251318,
                                25.012942
                            ],
                            [
                                55.251283,
                                25.012924
                            ],
                            [
                                55.251291,
                                25.012894
                            ],
                            [
                                55.251155,
                                25.012816
                            ],
                            [
                                55.251104,
                                25.012891
                            ],
                            [
                                55.250474,
                                25.01376
                            ],
                            [
                                55.250161,
                                25.014364
                            ],
                            [
                                55.249993,
                                25.014853
                            ],
                            [
                                55.24977,
                                25.015397
                            ],
                            [
                                55.24947,
                                25.016031
                            ],
                            [
                                55.249309,
                                25.016214
                            ],
                            [
                                55.250249,
                                25.016547
                            ]
                        ]
                    ]
                ]
            }
        },
        {
            "type": "Feature",
            "properties": {
                "observation_date": "2016-10-06",
                "source": "S2A_40RCN_20161006_0_L1C_TCI",
                "sensor_name": "Sentinel-2",
                "type": "observation",
                "current_phase": "Active Construction",
                "is_occluded": "False",
                "is_site_boundary": "True",
                "score": 1.0
            },
            "geometry": {
                "type": "MultiPolygon",
                "coordinates": [
                    [
                        [
                            [
                                55.250208,
                                25.016544
                            ],
                            [
                                55.250896,
                                25.014811
                            ],
                            [
                                55.251547,
                                25.013648
                            ],
                            [
                                55.251799,
                                25.013269
                            ],
                            [
                                55.251823,
                                25.013086
                            ],
                            [
                                55.251537,
                                25.012942
                            ],
                            [
                                55.251485,
                                25.013016
                            ],
                            [
                                55.251435,
                                25.013021
                            ],
                            [
                                55.251384,
                                25.013008
                            ],
                            [
                                55.251374,
                                25.012983
                            ],
                            [
                                55.25138,
                                25.012945
                            ],
                            [
                                55.251358,
                                25.012934
                            ],
                            [
                                55.251321,
                                25.012916
                            ],
                            [
                                55.251303,
                                25.012912
                            ],
                            [
                                55.251288,
                                25.012926
                            ],
                            [
                                55.251266,
                                25.012935
                            ],
                            [
                                55.251232,
                                25.012917
                            ],
                            [
                                55.251239,
                                25.012887
                            ],
                            [
                                55.251105,
                                25.012809
                            ],
                            [
                                55.251054,
                                25.012884
                            ],
                            [
                                55.250431,
                                25.013754
                            ],
                            [
                                55.250121,
                                25.014359
                            ],
                            [
                                55.249955,
                                25.014848
                            ],
                            [
                                55.249734,
                                25.015393
                            ],
                            [
                                55.249437,
                                25.016028
                            ],
                            [
                                55.249278,
                                25.016211
                            ],
                            [
                                55.250208,
                                25.016544
                            ]
                        ]
                    ]
                ]
            }
        },
        {
            "type": "Feature",
            "properties": {
                "observation_date": "2016-10-30",
                "source": "LC08_L1TP_160043_20161030_20200905_02_T1_TCI",
                "sensor_name": "Landsat 8",
                "type": "observation",
                "current_phase": "Active Construction",
                "is_occluded": "False",
                "is_site_boundary": "True",
                "score": 1.0
            },
            "geometry": {
                "type": "MultiPolygon",
                "coordinates": [
                    [
                        [
                            [
                                55.250249,
                                25.016547
                            ],
                            [
                                55.250944,
                                25.014816
                            ],
                            [
                                55.251602,
                                25.013654
                            ],
                            [
                                55.251856,
                                25.013275
                            ],
                            [
                                55.25188,
                                25.013092
                            ],
                            [
                                55.251592,
                                25.012949
                            ],
                            [
                                55.251539,
                                25.013023
                            ],
                            [
                                55.251489,
                                25.013027
                            ],
                            [
                                55.251437,
                                25.013015
                            ],
                            [
                                55.251427,
                                25.012989
                            ],
                            [
                                55.251433,
                                25.012952
                            ],
                            [
                                55.251411,
                                25.012941
                            ],
                            [
                                55.251374,
                                25.012923
                            ],
                            [
                                55.251355,
                                25.012918
                            ],
                            [
                                55.25134,
                                25.012933
                            ],
                            [
                                55.251318,
                                25.012942
                            ],
                            [
                                55.251283,
                                25.012924
                            ],
                            [
                                55.251291,
                                25.012894
                            ],
                            [
                                55.251155,
                                25.012816
                            ],
                            [
                                55.251104,
                                25.012891
                            ],
                            [
                                55.250474,
                                25.01376
                            ],
                            [
                                55.250161,
                                25.014364
                            ],
                            [
                                55.249993,
                                25.014853
                            ],
                            [
                                55.24977,
                                25.015397
                            ],
                            [
                                55.24947,
                                25.016031
                            ],
                            [
                                55.249309,
                                25.016214
                            ],
                            [
                                55.250249,
                                25.016547
                            ]
                        ]
                    ]
                ]
            }
        },
        {
            "type": "Feature",
            "properties": {
                "observation_date": "2016-11-15",
                "source": "LC08_L1TP_160043_20161115_20200905_02_T1_TCI",
                "sensor_name": "Landsat 8",
                "type": "observation",
                "current_phase": "Active Construction",
                "is_occluded": "False",
                "is_site_boundary": "True",
                "score": 1.0
            },
            "geometry": {
                "type": "MultiPolygon",
                "coordinates": [
                    [
                        [
                            [
                                55.250249,
                                25.016547
                            ],
                            [
                                55.250944,
                                25.014816
                            ],
                            [
                                55.251602,
                                25.013654
                            ],
                            [
                                55.251856,
                                25.013275
                            ],
                            [
                                55.25188,
                                25.013092
                            ],
                            [
                                55.251592,
                                25.012949
                            ],
                            [
                                55.251539,
                                25.013023
                            ],
                            [
                                55.251489,
                                25.013027
                            ],
                            [
                                55.251437,
                                25.013015
                            ],
                            [
                                55.251427,
                                25.012989
                            ],
                            [
                                55.251433,
                                25.012952
                            ],
                            [
                                55.251411,
                                25.012941
                            ],
                            [
                                55.251374,
                                25.012923
                            ],
                            [
                                55.251355,
                                25.012918
                            ],
                            [
                                55.25134,
                                25.012933
                            ],
                            [
                                55.251318,
                                25.012942
                            ],
                            [
                                55.251283,
                                25.012924
                            ],
                            [
                                55.251291,
                                25.012894
                            ],
                            [
                                55.251155,
                                25.012816
                            ],
                            [
                                55.251104,
                                25.012891
                            ],
                            [
                                55.250474,
                                25.01376
                            ],
                            [
                                55.250161,
                                25.014364
                            ],
                            [
                                55.249993,
                                25.014853
                            ],
                            [
                                55.24977,
                                25.015397
                            ],
                            [
                                55.24947,
                                25.016031
                            ],
                            [
                                55.249309,
                                25.016214
                            ],
                            [
                                55.250249,
                                25.016547
                            ]
                        ]
                    ]
                ]
            }
        },
        {
            "type": "Feature",
            "properties": {
                "observation_date": "2016-11-15",
                "source": "S2A_40RCN_20161115_0_L1C_TCI",
                "sensor_name": "Sentinel-2",
                "type": "observation",
                "current_phase": "Active Construction",
                "is_occluded": "False",
                "is_site_boundary": "True",
                "score": 1.0
            },
            "geometry": {
                "type": "MultiPolygon",
                "coordinates": [
                    [
                        [
                            [
                                55.250208,
                                25.016544
                            ],
                            [
                                55.250896,
                                25.014811
                            ],
                            [
                                55.251547,
                                25.013648
                            ],
                            [
                                55.251799,
                                25.013269
                            ],
                            [
                                55.251823,
                                25.013086
                            ],
                            [
                                55.251537,
                                25.012942
                            ],
                            [
                                55.251485,
                                25.013016
                            ],
                            [
                                55.251435,
                                25.013021
                            ],
                            [
                                55.251384,
                                25.013008
                            ],
                            [
                                55.251374,
                                25.012983
                            ],
                            [
                                55.25138,
                                25.012945
                            ],
                            [
                                55.251358,
                                25.012934
                            ],
                            [
                                55.251321,
                                25.012916
                            ],
                            [
                                55.251303,
                                25.012912
                            ],
                            [
                                55.251288,
                                25.012926
                            ],
                            [
                                55.251266,
                                25.012935
                            ],
                            [
                                55.251232,
                                25.012917
                            ],
                            [
                                55.251239,
                                25.012887
                            ],
                            [
                                55.251105,
                                25.012809
                            ],
                            [
                                55.251054,
                                25.012884
                            ],
                            [
                                55.250431,
                                25.013754
                            ],
                            [
                                55.250121,
                                25.014359
                            ],
                            [
                                55.249955,
                                25.014848
                            ],
                            [
                                55.249734,
                                25.015393
                            ],
                            [
                                55.249437,
                                25.016028
                            ],
                            [
                                55.249278,
                                25.016211
                            ],
                            [
                                55.250208,
                                25.016544
                            ]
                        ]
                    ]
                ]
            }
        },
        {
            "type": "Feature",
            "properties": {
                "observation_date": "2016-12-05",
                "source": "S2A_40RCN_20161205_0_L1C_TCI",
                "sensor_name": "Sentinel-2",
                "type": "observation",
                "current_phase": "Active Construction",
                "is_occluded": "False",
                "is_site_boundary": "True",
                "score": 1.0
            },
            "geometry": {
                "type": "MultiPolygon",
                "coordinates": [
                    [
                        [
                            [
                                55.250208,
                                25.016544
                            ],
                            [
                                55.250896,
                                25.014811
                            ],
                            [
                                55.251547,
                                25.013648
                            ],
                            [
                                55.251799,
                                25.013269
                            ],
                            [
                                55.251823,
                                25.013086
                            ],
                            [
                                55.251537,
                                25.012942
                            ],
                            [
                                55.251485,
                                25.013016
                            ],
                            [
                                55.251435,
                                25.013021
                            ],
                            [
                                55.251384,
                                25.013008
                            ],
                            [
                                55.251374,
                                25.012983
                            ],
                            [
                                55.25138,
                                25.012945
                            ],
                            [
                                55.251358,
                                25.012934
                            ],
                            [
                                55.251321,
                                25.012916
                            ],
                            [
                                55.251303,
                                25.012912
                            ],
                            [
                                55.251288,
                                25.012926
                            ],
                            [
                                55.251266,
                                25.012935
                            ],
                            [
                                55.251232,
                                25.012917
                            ],
                            [
                                55.251239,
                                25.012887
                            ],
                            [
                                55.251105,
                                25.012809
                            ],
                            [
                                55.251054,
                                25.012884
                            ],
                            [
                                55.250431,
                                25.013754
                            ],
                            [
                                55.250121,
                                25.014359
                            ],
                            [
                                55.249955,
                                25.014848
                            ],
                            [
                                55.249734,
                                25.015393
                            ],
                            [
                                55.249437,
                                25.016028
                            ],
                            [
                                55.249278,
                                25.016211
                            ],
                            [
                                55.250208,
                                25.016544
                            ]
                        ]
                    ]
                ]
            }
        },
        {
            "type": "Feature",
            "properties": {
                "observation_date": "2016-12-17",
                "source": "LC08_L1TP_160043_20161217_20200905_02_T1_TCI",
                "sensor_name": "Landsat 8",
                "type": "observation",
                "current_phase": "Active Construction",
                "is_occluded": "False",
                "is_site_boundary": "True",
                "score": 1.0
            },
            "geometry": {
                "type": "MultiPolygon",
                "coordinates": [
                    [
                        [
                            [
                                55.250249,
                                25.016547
                            ],
                            [
                                55.250944,
                                25.014816
                            ],
                            [
                                55.251602,
                                25.013654
                            ],
                            [
                                55.251856,
                                25.013275
                            ],
                            [
                                55.25188,
                                25.013092
                            ],
                            [
                                55.251592,
                                25.012949
                            ],
                            [
                                55.251539,
                                25.013023
                            ],
                            [
                                55.251489,
                                25.013027
                            ],
                            [
                                55.251437,
                                25.013015
                            ],
                            [
                                55.251427,
                                25.012989
                            ],
                            [
                                55.251433,
                                25.012952
                            ],
                            [
                                55.251411,
                                25.012941
                            ],
                            [
                                55.251374,
                                25.012923
                            ],
                            [
                                55.251355,
                                25.012918
                            ],
                            [
                                55.25134,
                                25.012933
                            ],
                            [
                                55.251318,
                                25.012942
                            ],
                            [
                                55.251283,
                                25.012924
                            ],
                            [
                                55.251291,
                                25.012894
                            ],
                            [
                                55.251155,
                                25.012816
                            ],
                            [
                                55.251104,
                                25.012891
                            ],
                            [
                                55.250474,
                                25.01376
                            ],
                            [
                                55.250161,
                                25.014364
                            ],
                            [
                                55.249993,
                                25.014853
                            ],
                            [
                                55.24977,
                                25.015397
                            ],
                            [
                                55.24947,
                                25.016031
                            ],
                            [
                                55.249309,
                                25.016214
                            ],
                            [
                                55.250249,
                                25.016547
                            ]
                        ]
                    ]
                ]
            }
        },
        {
            "type": "Feature",
            "properties": {
                "observation_date": "2017-01-04",
                "source": "S2A_40RCN_20170104_0_L2A_TCI",
                "sensor_name": "Sentinel-2",
                "type": "observation",
                "current_phase": "Active Construction",
                "is_occluded": "False",
                "is_site_boundary": "True",
                "score": 1.0
            },
            "geometry": {
                "type": "MultiPolygon",
                "coordinates": [
                    [
                        [
                            [
                                55.250208,
                                25.016544
                            ],
                            [
                                55.250896,
                                25.014811
                            ],
                            [
                                55.251547,
                                25.013648
                            ],
                            [
                                55.251799,
                                25.013269
                            ],
                            [
                                55.251823,
                                25.013086
                            ],
                            [
                                55.251537,
                                25.012942
                            ],
                            [
                                55.251485,
                                25.013016
                            ],
                            [
                                55.251435,
                                25.013021
                            ],
                            [
                                55.251384,
                                25.013008
                            ],
                            [
                                55.251374,
                                25.012983
                            ],
                            [
                                55.25138,
                                25.012945
                            ],
                            [
                                55.251358,
                                25.012934
                            ],
                            [
                                55.251321,
                                25.012916
                            ],
                            [
                                55.251303,
                                25.012912
                            ],
                            [
                                55.251288,
                                25.012926
                            ],
                            [
                                55.251266,
                                25.012935
                            ],
                            [
                                55.251232,
                                25.012917
                            ],
                            [
                                55.251239,
                                25.012887
                            ],
                            [
                                55.251105,
                                25.012809
                            ],
                            [
                                55.251054,
                                25.012884
                            ],
                            [
                                55.250431,
                                25.013754
                            ],
                            [
                                55.250121,
                                25.014359
                            ],
                            [
                                55.249955,
                                25.014848
                            ],
                            [
                                55.249734,
                                25.015393
                            ],
                            [
                                55.249437,
                                25.016028
                            ],
                            [
                                55.249278,
                                25.016211
                            ],
                            [
                                55.250208,
                                25.016544
                            ]
                        ]
                    ]
                ]
            }
        },
        {
            "type": "Feature",
            "properties": {
                "observation_date": "2017-03-07",
                "source": "LC08_L1TP_160043_20170307_20200905_02_T1_TCI",
                "sensor_name": "Landsat 8",
                "type": "observation",
                "current_phase": "Active Construction",
                "is_occluded": "False",
                "is_site_boundary": "True",
                "score": 1.0
            },
            "geometry": {
                "type": "MultiPolygon",
                "coordinates": [
                    [
                        [
                            [
                                55.250249,
                                25.016547
                            ],
                            [
                                55.250944,
                                25.014816
                            ],
                            [
                                55.251602,
                                25.013654
                            ],
                            [
                                55.251856,
                                25.013275
                            ],
                            [
                                55.25188,
                                25.013092
                            ],
                            [
                                55.251592,
                                25.012949
                            ],
                            [
                                55.251539,
                                25.013023
                            ],
                            [
                                55.251489,
                                25.013027
                            ],
                            [
                                55.251437,
                                25.013015
                            ],
                            [
                                55.251427,
                                25.012989
                            ],
                            [
                                55.251433,
                                25.012952
                            ],
                            [
                                55.251411,
                                25.012941
                            ],
                            [
                                55.251374,
                                25.012923
                            ],
                            [
                                55.251355,
                                25.012918
                            ],
                            [
                                55.25134,
                                25.012933
                            ],
                            [
                                55.251318,
                                25.012942
                            ],
                            [
                                55.251283,
                                25.012924
                            ],
                            [
                                55.251291,
                                25.012894
                            ],
                            [
                                55.251155,
                                25.012816
                            ],
                            [
                                55.251104,
                                25.012891
                            ],
                            [
                                55.250474,
                                25.01376
                            ],
                            [
                                55.250161,
                                25.014364
                            ],
                            [
                                55.249993,
                                25.014853
                            ],
                            [
                                55.24977,
                                25.015397
                            ],
                            [
                                55.24947,
                                25.016031
                            ],
                            [
                                55.249309,
                                25.016214
                            ],
                            [
                                55.250249,
                                25.016547
                            ]
                        ]
                    ]
                ]
            }
        },
        {
            "type": "Feature",
            "properties": {
                "observation_date": "2017-03-15",
                "source": "S2A_40RCN_20170315_0_L2A_TCI",
                "sensor_name": "Sentinel-2",
                "type": "observation",
                "current_phase": "Active Construction",
                "is_occluded": "False",
                "is_site_boundary": "True",
                "score": 1.0
            },
            "geometry": {
                "type": "MultiPolygon",
                "coordinates": [
                    [
                        [
                            [
                                55.250208,
                                25.016544
                            ],
                            [
                                55.250896,
                                25.014811
                            ],
                            [
                                55.251547,
                                25.013648
                            ],
                            [
                                55.251799,
                                25.013269
                            ],
                            [
                                55.251823,
                                25.013086
                            ],
                            [
                                55.251537,
                                25.012942
                            ],
                            [
                                55.251485,
                                25.013016
                            ],
                            [
                                55.251435,
                                25.013021
                            ],
                            [
                                55.251384,
                                25.013008
                            ],
                            [
                                55.251374,
                                25.012983
                            ],
                            [
                                55.25138,
                                25.012945
                            ],
                            [
                                55.251358,
                                25.012934
                            ],
                            [
                                55.251321,
                                25.012916
                            ],
                            [
                                55.251303,
                                25.012912
                            ],
                            [
                                55.251288,
                                25.012926
                            ],
                            [
                                55.251266,
                                25.012935
                            ],
                            [
                                55.251232,
                                25.012917
                            ],
                            [
                                55.251239,
                                25.012887
                            ],
                            [
                                55.251105,
                                25.012809
                            ],
                            [
                                55.251054,
                                25.012884
                            ],
                            [
                                55.250431,
                                25.013754
                            ],
                            [
                                55.250121,
                                25.014359
                            ],
                            [
                                55.249955,
                                25.014848
                            ],
                            [
                                55.249734,
                                25.015393
                            ],
                            [
                                55.249437,
                                25.016028
                            ],
                            [
                                55.249278,
                                25.016211
                            ],
                            [
                                55.250208,
                                25.016544
                            ]
                        ]
                    ]
                ]
            }
        },
        {
            "type": "Feature",
            "properties": {
                "observation_date": "2017-04-04",
                "source": "S2A_40RCN_20170404_0_L2A_TCI",
                "sensor_name": "Sentinel-2",
                "type": "observation",
                "current_phase": "Active Construction",
                "is_occluded": "False",
                "is_site_boundary": "True",
                "score": 1.0
            },
            "geometry": {
                "type": "MultiPolygon",
                "coordinates": [
                    [
                        [
                            [
                                55.250208,
                                25.016544
                            ],
                            [
                                55.250896,
                                25.014811
                            ],
                            [
                                55.251547,
                                25.013648
                            ],
                            [
                                55.251799,
                                25.013269
                            ],
                            [
                                55.251823,
                                25.013086
                            ],
                            [
                                55.251537,
                                25.012942
                            ],
                            [
                                55.251485,
                                25.013016
                            ],
                            [
                                55.251435,
                                25.013021
                            ],
                            [
                                55.251384,
                                25.013008
                            ],
                            [
                                55.251374,
                                25.012983
                            ],
                            [
                                55.25138,
                                25.012945
                            ],
                            [
                                55.251358,
                                25.012934
                            ],
                            [
                                55.251321,
                                25.012916
                            ],
                            [
                                55.251303,
                                25.012912
                            ],
                            [
                                55.251288,
                                25.012926
                            ],
                            [
                                55.251266,
                                25.012935
                            ],
                            [
                                55.251232,
                                25.012917
                            ],
                            [
                                55.251239,
                                25.012887
                            ],
                            [
                                55.251105,
                                25.012809
                            ],
                            [
                                55.251054,
                                25.012884
                            ],
                            [
                                55.250431,
                                25.013754
                            ],
                            [
                                55.250121,
                                25.014359
                            ],
                            [
                                55.249955,
                                25.014848
                            ],
                            [
                                55.249734,
                                25.015393
                            ],
                            [
                                55.249437,
                                25.016028
                            ],
                            [
                                55.249278,
                                25.016211
                            ],
                            [
                                55.250208,
                                25.016544
                            ]
                        ]
                    ]
                ]
            }
        },
        {
            "type": "Feature",
            "properties": {
                "observation_date": "2017-04-24",
                "source": "LC08_L1TP_160043_20170424_20200904_02_T1_TCI",
                "sensor_name": "Landsat 8",
                "type": "observation",
                "current_phase": "Active Construction",
                "is_occluded": "False",
                "is_site_boundary": "True",
                "score": 1.0
            },
            "geometry": {
                "type": "MultiPolygon",
                "coordinates": [
                    [
                        [
                            [
                                55.250249,
                                25.016547
                            ],
                            [
                                55.250944,
                                25.014816
                            ],
                            [
                                55.251602,
                                25.013654
                            ],
                            [
                                55.251856,
                                25.013275
                            ],
                            [
                                55.25188,
                                25.013092
                            ],
                            [
                                55.251592,
                                25.012949
                            ],
                            [
                                55.251539,
                                25.013023
                            ],
                            [
                                55.251489,
                                25.013027
                            ],
                            [
                                55.251437,
                                25.013015
                            ],
                            [
                                55.251427,
                                25.012989
                            ],
                            [
                                55.251433,
                                25.012952
                            ],
                            [
                                55.251411,
                                25.012941
                            ],
                            [
                                55.251374,
                                25.012923
                            ],
                            [
                                55.251355,
                                25.012918
                            ],
                            [
                                55.25134,
                                25.012933
                            ],
                            [
                                55.251318,
                                25.012942
                            ],
                            [
                                55.251283,
                                25.012924
                            ],
                            [
                                55.251291,
                                25.012894
                            ],
                            [
                                55.251155,
                                25.012816
                            ],
                            [
                                55.251104,
                                25.012891
                            ],
                            [
                                55.250474,
                                25.01376
                            ],
                            [
                                55.250161,
                                25.014364
                            ],
                            [
                                55.249993,
                                25.014853
                            ],
                            [
                                55.24977,
                                25.015397
                            ],
                            [
                                55.24947,
                                25.016031
                            ],
                            [
                                55.249309,
                                25.016214
                            ],
                            [
                                55.250249,
                                25.016547
                            ]
                        ]
                    ]
                ]
            }
        },
        {
            "type": "Feature",
            "properties": {
                "observation_date": "2017-05-14",
                "source": "S2A_40RCN_20170514_0_L2A_TCI",
                "sensor_name": "Sentinel-2",
                "type": "observation",
                "current_phase": "Active Construction",
                "is_occluded": "False",
                "is_site_boundary": "True",
                "score": 1.0
            },
            "geometry": {
                "type": "MultiPolygon",
                "coordinates": [
                    [
                        [
                            [
                                55.250208,
                                25.016544
                            ],
                            [
                                55.250896,
                                25.014811
                            ],
                            [
                                55.251547,
                                25.013648
                            ],
                            [
                                55.251799,
                                25.013269
                            ],
                            [
                                55.251823,
                                25.013086
                            ],
                            [
                                55.251537,
                                25.012942
                            ],
                            [
                                55.251485,
                                25.013016
                            ],
                            [
                                55.251435,
                                25.013021
                            ],
                            [
                                55.251384,
                                25.013008
                            ],
                            [
                                55.251374,
                                25.012983
                            ],
                            [
                                55.25138,
                                25.012945
                            ],
                            [
                                55.251358,
                                25.012934
                            ],
                            [
                                55.251321,
                                25.012916
                            ],
                            [
                                55.251303,
                                25.012912
                            ],
                            [
                                55.251288,
                                25.012926
                            ],
                            [
                                55.251266,
                                25.012935
                            ],
                            [
                                55.251232,
                                25.012917
                            ],
                            [
                                55.251239,
                                25.012887
                            ],
                            [
                                55.251105,
                                25.012809
                            ],
                            [
                                55.251054,
                                25.012884
                            ],
                            [
                                55.250431,
                                25.013754
                            ],
                            [
                                55.250121,
                                25.014359
                            ],
                            [
                                55.249955,
                                25.014848
                            ],
                            [
                                55.249734,
                                25.015393
                            ],
                            [
                                55.249437,
                                25.016028
                            ],
                            [
                                55.249278,
                                25.016211
                            ],
                            [
                                55.250208,
                                25.016544
                            ]
                        ]
                    ]
                ]
            }
        },
        {
            "type": "Feature",
            "properties": {
                "observation_date": "2017-05-26",
                "source": "LC08_L1TP_160043_20170526_20200903_02_T1_TCI",
                "sensor_name": "Landsat 8",
                "type": "observation",
                "current_phase": "Active Construction",
                "is_occluded": "False",
                "is_site_boundary": "True",
                "score": 1.0
            },
            "geometry": {
                "type": "MultiPolygon",
                "coordinates": [
                    [
                        [
                            [
                                55.250249,
                                25.016547
                            ],
                            [
                                55.250944,
                                25.014816
                            ],
                            [
                                55.251602,
                                25.013654
                            ],
                            [
                                55.251856,
                                25.013275
                            ],
                            [
                                55.25188,
                                25.013092
                            ],
                            [
                                55.251592,
                                25.012949
                            ],
                            [
                                55.251539,
                                25.013023
                            ],
                            [
                                55.251489,
                                25.013027
                            ],
                            [
                                55.251437,
                                25.013015
                            ],
                            [
                                55.251427,
                                25.012989
                            ],
                            [
                                55.251433,
                                25.012952
                            ],
                            [
                                55.251411,
                                25.012941
                            ],
                            [
                                55.251374,
                                25.012923
                            ],
                            [
                                55.251355,
                                25.012918
                            ],
                            [
                                55.25134,
                                25.012933
                            ],
                            [
                                55.251318,
                                25.012942
                            ],
                            [
                                55.251283,
                                25.012924
                            ],
                            [
                                55.251291,
                                25.012894
                            ],
                            [
                                55.251155,
                                25.012816
                            ],
                            [
                                55.251104,
                                25.012891
                            ],
                            [
                                55.250474,
                                25.01376
                            ],
                            [
                                55.250161,
                                25.014364
                            ],
                            [
                                55.249993,
                                25.014853
                            ],
                            [
                                55.24977,
                                25.015397
                            ],
                            [
                                55.24947,
                                25.016031
                            ],
                            [
                                55.249309,
                                25.016214
                            ],
                            [
                                55.250249,
                                25.016547
                            ]
                        ]
                    ]
                ]
            }
        },
        {
            "type": "Feature",
            "properties": {
                "observation_date": "2017-06-03",
                "source": "S2A_40RCN_20170603_0_L2A_TCI",
                "sensor_name": "Sentinel-2",
                "type": "observation",
                "current_phase": "Active Construction",
                "is_occluded": "False",
                "is_site_boundary": "True",
                "score": 1.0
            },
            "geometry": {
                "type": "MultiPolygon",
                "coordinates": [
                    [
                        [
                            [
                                55.250208,
                                25.016544
                            ],
                            [
                                55.250896,
                                25.014811
                            ],
                            [
                                55.251547,
                                25.013648
                            ],
                            [
                                55.251799,
                                25.013269
                            ],
                            [
                                55.251823,
                                25.013086
                            ],
                            [
                                55.251537,
                                25.012942
                            ],
                            [
                                55.251485,
                                25.013016
                            ],
                            [
                                55.251435,
                                25.013021
                            ],
                            [
                                55.251384,
                                25.013008
                            ],
                            [
                                55.251374,
                                25.012983
                            ],
                            [
                                55.25138,
                                25.012945
                            ],
                            [
                                55.251358,
                                25.012934
                            ],
                            [
                                55.251321,
                                25.012916
                            ],
                            [
                                55.251303,
                                25.012912
                            ],
                            [
                                55.251288,
                                25.012926
                            ],
                            [
                                55.251266,
                                25.012935
                            ],
                            [
                                55.251232,
                                25.012917
                            ],
                            [
                                55.251239,
                                25.012887
                            ],
                            [
                                55.251105,
                                25.012809
                            ],
                            [
                                55.251054,
                                25.012884
                            ],
                            [
                                55.250431,
                                25.013754
                            ],
                            [
                                55.250121,
                                25.014359
                            ],
                            [
                                55.249955,
                                25.014848
                            ],
                            [
                                55.249734,
                                25.015393
                            ],
                            [
                                55.249437,
                                25.016028
                            ],
                            [
                                55.249278,
                                25.016211
                            ],
                            [
                                55.250208,
                                25.016544
                            ]
                        ]
                    ]
                ]
            }
        },
        {
            "type": "Feature",
            "properties": {
                "observation_date": "2017-06-27",
                "source": "LC08_L1TP_160043_20170627_20200903_02_T1_TCI",
                "sensor_name": "Landsat 8",
                "type": "observation",
                "current_phase": "Active Construction",
                "is_occluded": "False",
                "is_site_boundary": "True",
                "score": 1.0
            },
            "geometry": {
                "type": "MultiPolygon",
                "coordinates": [
                    [
                        [
                            [
                                55.250249,
                                25.016547
                            ],
                            [
                                55.250944,
                                25.014816
                            ],
                            [
                                55.251602,
                                25.013654
                            ],
                            [
                                55.251856,
                                25.013275
                            ],
                            [
                                55.25188,
                                25.013092
                            ],
                            [
                                55.251592,
                                25.012949
                            ],
                            [
                                55.251539,
                                25.013023
                            ],
                            [
                                55.251489,
                                25.013027
                            ],
                            [
                                55.251437,
                                25.013015
                            ],
                            [
                                55.251427,
                                25.012989
                            ],
                            [
                                55.251433,
                                25.012952
                            ],
                            [
                                55.251411,
                                25.012941
                            ],
                            [
                                55.251374,
                                25.012923
                            ],
                            [
                                55.251355,
                                25.012918
                            ],
                            [
                                55.25134,
                                25.012933
                            ],
                            [
                                55.251318,
                                25.012942
                            ],
                            [
                                55.251283,
                                25.012924
                            ],
                            [
                                55.251291,
                                25.012894
                            ],
                            [
                                55.251155,
                                25.012816
                            ],
                            [
                                55.251104,
                                25.012891
                            ],
                            [
                                55.250474,
                                25.01376
                            ],
                            [
                                55.250161,
                                25.014364
                            ],
                            [
                                55.249993,
                                25.014853
                            ],
                            [
                                55.24977,
                                25.015397
                            ],
                            [
                                55.24947,
                                25.016031
                            ],
                            [
                                55.249309,
                                25.016214
                            ],
                            [
                                55.250249,
                                25.016547
                            ]
                        ]
                    ]
                ]
            }
        },
        {
            "type": "Feature",
            "properties": {
                "observation_date": "2017-07-08",
                "source": "S2B_40RCN_20170708_0_L2A_TCI",
                "sensor_name": "Sentinel-2",
                "type": "observation",
                "current_phase": "Active Construction",
                "is_occluded": "False",
                "is_site_boundary": "True",
                "score": 1.0
            },
            "geometry": {
                "type": "MultiPolygon",
                "coordinates": [
                    [
                        [
                            [
                                55.250208,
                                25.016544
                            ],
                            [
                                55.250896,
                                25.014811
                            ],
                            [
                                55.251547,
                                25.013648
                            ],
                            [
                                55.251799,
                                25.013269
                            ],
                            [
                                55.251823,
                                25.013086
                            ],
                            [
                                55.251537,
                                25.012942
                            ],
                            [
                                55.251485,
                                25.013016
                            ],
                            [
                                55.251435,
                                25.013021
                            ],
                            [
                                55.251384,
                                25.013008
                            ],
                            [
                                55.251374,
                                25.012983
                            ],
                            [
                                55.25138,
                                25.012945
                            ],
                            [
                                55.251358,
                                25.012934
                            ],
                            [
                                55.251321,
                                25.012916
                            ],
                            [
                                55.251303,
                                25.012912
                            ],
                            [
                                55.251288,
                                25.012926
                            ],
                            [
                                55.251266,
                                25.012935
                            ],
                            [
                                55.251232,
                                25.012917
                            ],
                            [
                                55.251239,
                                25.012887
                            ],
                            [
                                55.251105,
                                25.012809
                            ],
                            [
                                55.251054,
                                25.012884
                            ],
                            [
                                55.250431,
                                25.013754
                            ],
                            [
                                55.250121,
                                25.014359
                            ],
                            [
                                55.249955,
                                25.014848
                            ],
                            [
                                55.249734,
                                25.015393
                            ],
                            [
                                55.249437,
                                25.016028
                            ],
                            [
                                55.249278,
                                25.016211
                            ],
                            [
                                55.250208,
                                25.016544
                            ]
                        ]
                    ]
                ]
            }
        },
        {
            "type": "Feature",
            "properties": {
                "observation_date": "2017-07-29",
                "source": "LC08_L1TP_160043_20170729_20200903_02_T1_TCI",
                "sensor_name": "Landsat 8",
                "type": "observation",
                "current_phase": "Active Construction",
                "is_occluded": "False",
                "is_site_boundary": "True",
                "score": 1.0
            },
            "geometry": {
                "type": "MultiPolygon",
                "coordinates": [
                    [
                        [
                            [
                                55.250249,
                                25.016547
                            ],
                            [
                                55.250944,
                                25.014816
                            ],
                            [
                                55.251602,
                                25.013654
                            ],
                            [
                                55.251856,
                                25.013275
                            ],
                            [
                                55.25188,
                                25.013092
                            ],
                            [
                                55.251592,
                                25.012949
                            ],
                            [
                                55.251539,
                                25.013023
                            ],
                            [
                                55.251489,
                                25.013027
                            ],
                            [
                                55.251437,
                                25.013015
                            ],
                            [
                                55.251427,
                                25.012989
                            ],
                            [
                                55.251433,
                                25.012952
                            ],
                            [
                                55.251411,
                                25.012941
                            ],
                            [
                                55.251374,
                                25.012923
                            ],
                            [
                                55.251355,
                                25.012918
                            ],
                            [
                                55.25134,
                                25.012933
                            ],
                            [
                                55.251318,
                                25.012942
                            ],
                            [
                                55.251283,
                                25.012924
                            ],
                            [
                                55.251291,
                                25.012894
                            ],
                            [
                                55.251155,
                                25.012816
                            ],
                            [
                                55.251104,
                                25.012891
                            ],
                            [
                                55.250474,
                                25.01376
                            ],
                            [
                                55.250161,
                                25.014364
                            ],
                            [
                                55.249993,
                                25.014853
                            ],
                            [
                                55.24977,
                                25.015397
                            ],
                            [
                                55.24947,
                                25.016031
                            ],
                            [
                                55.249309,
                                25.016214
                            ],
                            [
                                55.250249,
                                25.016547
                            ]
                        ]
                    ]
                ]
            }
        },
        {
            "type": "Feature",
            "properties": {
                "observation_date": "2017-08-02",
                "source": "S2A_40RCN_20170802_0_L2A_TCI",
                "sensor_name": "Sentinel-2",
                "type": "observation",
                "current_phase": "Active Construction",
                "is_occluded": "False",
                "is_site_boundary": "True",
                "score": 1.0
            },
            "geometry": {
                "type": "MultiPolygon",
                "coordinates": [
                    [
                        [
                            [
                                55.250208,
                                25.016544
                            ],
                            [
                                55.250896,
                                25.014811
                            ],
                            [
                                55.251547,
                                25.013648
                            ],
                            [
                                55.251799,
                                25.013269
                            ],
                            [
                                55.251823,
                                25.013086
                            ],
                            [
                                55.251537,
                                25.012942
                            ],
                            [
                                55.251485,
                                25.013016
                            ],
                            [
                                55.251435,
                                25.013021
                            ],
                            [
                                55.251384,
                                25.013008
                            ],
                            [
                                55.251374,
                                25.012983
                            ],
                            [
                                55.25138,
                                25.012945
                            ],
                            [
                                55.251358,
                                25.012934
                            ],
                            [
                                55.251321,
                                25.012916
                            ],
                            [
                                55.251303,
                                25.012912
                            ],
                            [
                                55.251288,
                                25.012926
                            ],
                            [
                                55.251266,
                                25.012935
                            ],
                            [
                                55.251232,
                                25.012917
                            ],
                            [
                                55.251239,
                                25.012887
                            ],
                            [
                                55.251105,
                                25.012809
                            ],
                            [
                                55.251054,
                                25.012884
                            ],
                            [
                                55.250431,
                                25.013754
                            ],
                            [
                                55.250121,
                                25.014359
                            ],
                            [
                                55.249955,
                                25.014848
                            ],
                            [
                                55.249734,
                                25.015393
                            ],
                            [
                                55.249437,
                                25.016028
                            ],
                            [
                                55.249278,
                                25.016211
                            ],
                            [
                                55.250208,
                                25.016544
                            ]
                        ]
                    ]
                ]
            }
        },
        {
            "type": "Feature",
            "properties": {
                "observation_date": "2017-08-14",
                "source": "LC08_L1TP_160043_20170814_20200903_02_T1_TCI",
                "sensor_name": "Landsat 8",
                "type": "observation",
                "current_phase": "Active Construction",
                "is_occluded": "False",
                "is_site_boundary": "True",
                "score": 1.0
            },
            "geometry": {
                "type": "MultiPolygon",
                "coordinates": [
                    [
                        [
                            [
                                55.250249,
                                25.016547
                            ],
                            [
                                55.250944,
                                25.014816
                            ],
                            [
                                55.251602,
                                25.013654
                            ],
                            [
                                55.251856,
                                25.013275
                            ],
                            [
                                55.25188,
                                25.013092
                            ],
                            [
                                55.251592,
                                25.012949
                            ],
                            [
                                55.251539,
                                25.013023
                            ],
                            [
                                55.251489,
                                25.013027
                            ],
                            [
                                55.251437,
                                25.013015
                            ],
                            [
                                55.251427,
                                25.012989
                            ],
                            [
                                55.251433,
                                25.012952
                            ],
                            [
                                55.251411,
                                25.012941
                            ],
                            [
                                55.251374,
                                25.012923
                            ],
                            [
                                55.251355,
                                25.012918
                            ],
                            [
                                55.25134,
                                25.012933
                            ],
                            [
                                55.251318,
                                25.012942
                            ],
                            [
                                55.251283,
                                25.012924
                            ],
                            [
                                55.251291,
                                25.012894
                            ],
                            [
                                55.251155,
                                25.012816
                            ],
                            [
                                55.251104,
                                25.012891
                            ],
                            [
                                55.250474,
                                25.01376
                            ],
                            [
                                55.250161,
                                25.014364
                            ],
                            [
                                55.249993,
                                25.014853
                            ],
                            [
                                55.24977,
                                25.015397
                            ],
                            [
                                55.24947,
                                25.016031
                            ],
                            [
                                55.249309,
                                25.016214
                            ],
                            [
                                55.250249,
                                25.016547
                            ]
                        ]
                    ]
                ]
            }
        },
        {
            "type": "Feature",
            "properties": {
                "observation_date": "2017-09-15",
                "source": "LC08_L1TP_160043_20170915_20200903_02_T1_TCI",
                "sensor_name": "Landsat 8",
                "type": "observation",
                "current_phase": "Active Construction",
                "is_occluded": "False",
                "is_site_boundary": "True",
                "score": 1.0
            },
            "geometry": {
                "type": "MultiPolygon",
                "coordinates": [
                    [
                        [
                            [
                                55.250249,
                                25.016547
                            ],
                            [
                                55.250944,
                                25.014816
                            ],
                            [
                                55.251602,
                                25.013654
                            ],
                            [
                                55.251856,
                                25.013275
                            ],
                            [
                                55.25188,
                                25.013092
                            ],
                            [
                                55.251592,
                                25.012949
                            ],
                            [
                                55.251539,
                                25.013023
                            ],
                            [
                                55.251489,
                                25.013027
                            ],
                            [
                                55.251437,
                                25.013015
                            ],
                            [
                                55.251427,
                                25.012989
                            ],
                            [
                                55.251433,
                                25.012952
                            ],
                            [
                                55.251411,
                                25.012941
                            ],
                            [
                                55.251374,
                                25.012923
                            ],
                            [
                                55.251355,
                                25.012918
                            ],
                            [
                                55.25134,
                                25.012933
                            ],
                            [
                                55.251318,
                                25.012942
                            ],
                            [
                                55.251283,
                                25.012924
                            ],
                            [
                                55.251291,
                                25.012894
                            ],
                            [
                                55.251155,
                                25.012816
                            ],
                            [
                                55.251104,
                                25.012891
                            ],
                            [
                                55.250474,
                                25.01376
                            ],
                            [
                                55.250161,
                                25.014364
                            ],
                            [
                                55.249993,
                                25.014853
                            ],
                            [
                                55.24977,
                                25.015397
                            ],
                            [
                                55.24947,
                                25.016031
                            ],
                            [
                                55.249309,
                                25.016214
                            ],
                            [
                                55.250249,
                                25.016547
                            ]
                        ]
                    ]
                ]
            }
        },
        {
            "type": "Feature",
            "properties": {
                "observation_date": "2017-09-21",
                "source": "S2A_40RCN_20170921_0_L2A_TCI",
                "sensor_name": "Sentinel-2",
                "type": "observation",
                "current_phase": "Active Construction",
                "is_occluded": "False",
                "is_site_boundary": "True",
                "score": 1.0
            },
            "geometry": {
                "type": "MultiPolygon",
                "coordinates": [
                    [
                        [
                            [
                                55.250208,
                                25.016544
                            ],
                            [
                                55.250896,
                                25.014811
                            ],
                            [
                                55.251547,
                                25.013648
                            ],
                            [
                                55.251799,
                                25.013269
                            ],
                            [
                                55.251823,
                                25.013086
                            ],
                            [
                                55.251537,
                                25.012942
                            ],
                            [
                                55.251485,
                                25.013016
                            ],
                            [
                                55.251435,
                                25.013021
                            ],
                            [
                                55.251384,
                                25.013008
                            ],
                            [
                                55.251374,
                                25.012983
                            ],
                            [
                                55.25138,
                                25.012945
                            ],
                            [
                                55.251358,
                                25.012934
                            ],
                            [
                                55.251321,
                                25.012916
                            ],
                            [
                                55.251303,
                                25.012912
                            ],
                            [
                                55.251288,
                                25.012926
                            ],
                            [
                                55.251266,
                                25.012935
                            ],
                            [
                                55.251232,
                                25.012917
                            ],
                            [
                                55.251239,
                                25.012887
                            ],
                            [
                                55.251105,
                                25.012809
                            ],
                            [
                                55.251054,
                                25.012884
                            ],
                            [
                                55.250431,
                                25.013754
                            ],
                            [
                                55.250121,
                                25.014359
                            ],
                            [
                                55.249955,
                                25.014848
                            ],
                            [
                                55.249734,
                                25.015393
                            ],
                            [
                                55.249437,
                                25.016028
                            ],
                            [
                                55.249278,
                                25.016211
                            ],
                            [
                                55.250208,
                                25.016544
                            ]
                        ]
                    ]
                ]
            }
        },
        {
            "type": "Feature",
            "properties": {
                "observation_date": "2017-10-01",
                "source": "LC08_L1TP_160043_20171001_20200903_02_T1_TCI",
                "sensor_name": "Landsat 8",
                "type": "observation",
                "current_phase": "Active Construction",
                "is_occluded": "False",
                "is_site_boundary": "True",
                "score": 1.0
            },
            "geometry": {
                "type": "MultiPolygon",
                "coordinates": [
                    [
                        [
                            [
                                55.250249,
                                25.016547
                            ],
                            [
                                55.250944,
                                25.014816
                            ],
                            [
                                55.251602,
                                25.013654
                            ],
                            [
                                55.251856,
                                25.013275
                            ],
                            [
                                55.25188,
                                25.013092
                            ],
                            [
                                55.251592,
                                25.012949
                            ],
                            [
                                55.251539,
                                25.013023
                            ],
                            [
                                55.251489,
                                25.013027
                            ],
                            [
                                55.251437,
                                25.013015
                            ],
                            [
                                55.251427,
                                25.012989
                            ],
                            [
                                55.251433,
                                25.012952
                            ],
                            [
                                55.251411,
                                25.012941
                            ],
                            [
                                55.251374,
                                25.012923
                            ],
                            [
                                55.251355,
                                25.012918
                            ],
                            [
                                55.25134,
                                25.012933
                            ],
                            [
                                55.251318,
                                25.012942
                            ],
                            [
                                55.251283,
                                25.012924
                            ],
                            [
                                55.251291,
                                25.012894
                            ],
                            [
                                55.251155,
                                25.012816
                            ],
                            [
                                55.251104,
                                25.012891
                            ],
                            [
                                55.250474,
                                25.01376
                            ],
                            [
                                55.250161,
                                25.014364
                            ],
                            [
                                55.249993,
                                25.014853
                            ],
                            [
                                55.24977,
                                25.015397
                            ],
                            [
                                55.24947,
                                25.016031
                            ],
                            [
                                55.249309,
                                25.016214
                            ],
                            [
                                55.250249,
                                25.016547
                            ]
                        ]
                    ]
                ]
            }
        },
        {
            "type": "Feature",
            "properties": {
                "observation_date": "2017-10-26",
                "source": "S2B_40RCN_20171026_0_L2A_TCI",
                "sensor_name": "Sentinel-2",
                "type": "observation",
                "current_phase": "Active Construction",
                "is_occluded": "False",
                "is_site_boundary": "True",
                "score": 1.0
            },
            "geometry": {
                "type": "MultiPolygon",
                "coordinates": [
                    [
                        [
                            [
                                55.250208,
                                25.016544
                            ],
                            [
                                55.250896,
                                25.014811
                            ],
                            [
                                55.251547,
                                25.013648
                            ],
                            [
                                55.251799,
                                25.013269
                            ],
                            [
                                55.251823,
                                25.013086
                            ],
                            [
                                55.251537,
                                25.012942
                            ],
                            [
                                55.251485,
                                25.013016
                            ],
                            [
                                55.251435,
                                25.013021
                            ],
                            [
                                55.251384,
                                25.013008
                            ],
                            [
                                55.251374,
                                25.012983
                            ],
                            [
                                55.25138,
                                25.012945
                            ],
                            [
                                55.251358,
                                25.012934
                            ],
                            [
                                55.251321,
                                25.012916
                            ],
                            [
                                55.251303,
                                25.012912
                            ],
                            [
                                55.251288,
                                25.012926
                            ],
                            [
                                55.251266,
                                25.012935
                            ],
                            [
                                55.251232,
                                25.012917
                            ],
                            [
                                55.251239,
                                25.012887
                            ],
                            [
                                55.251105,
                                25.012809
                            ],
                            [
                                55.251054,
                                25.012884
                            ],
                            [
                                55.250431,
                                25.013754
                            ],
                            [
                                55.250121,
                                25.014359
                            ],
                            [
                                55.249955,
                                25.014848
                            ],
                            [
                                55.249734,
                                25.015393
                            ],
                            [
                                55.249437,
                                25.016028
                            ],
                            [
                                55.249278,
                                25.016211
                            ],
                            [
                                55.250208,
                                25.016544
                            ]
                        ]
                    ]
                ]
            }
        },
        {
            "type": "Feature",
            "properties": {
                "observation_date": "2017-10-27",
                "source": "17OCT27095604-P1BS-501683869010_01_P001",
                "sensor_name": "WorldView",
                "type": "observation",
                "current_phase": "Active Construction",
                "is_occluded": "False",
                "is_site_boundary": "True",
                "score": 1.0
            },
            "geometry": {
                "type": "MultiPolygon",
                "coordinates": [
                    [
                        [
                            [
                                55.250209,
                                25.016548
                            ],
                            [
                                55.250898,
                                25.014817
                            ],
                            [
                                55.251549,
                                25.013656
                            ],
                            [
                                55.251801,
                                25.013277
                            ],
                            [
                                55.251825,
                                25.013095
                            ],
                            [
                                55.251539,
                                25.012952
                            ],
                            [
                                55.251487,
                                25.013025
                            ],
                            [
                                55.251437,
                                25.01303
                            ],
                            [
                                55.251386,
                                25.013018
                            ],
                            [
                                55.251376,
                                25.012992
                            ],
                            [
                                55.251382,
                                25.012954
                            ],
                            [
                                55.25136,
                                25.012944
                            ],
                            [
                                55.251323,
                                25.012926
                            ],
                            [
                                55.251305,
                                25.012921
                            ],
                            [
                                55.25129,
                                25.012935
                            ],
                            [
                                55.251268,
                                25.012944
                            ],
                            [
                                55.251234,
                                25.012926
                            ],
                            [
                                55.251241,
                                25.012896
                            ],
                            [
                                55.251107,
                                25.012819
                            ],
                            [
                                55.251056,
                                25.012894
                            ],
                            [
                                55.250432,
                                25.013762
                            ],
                            [
                                55.250123,
                                25.014366
                            ],
                            [
                                55.249956,
                                25.014854
                            ],
                            [
                                55.249735,
                                25.015398
                            ],
                            [
                                55.249439,
                                25.016032
                            ],
                            [
                                55.249279,
                                25.016215
                            ],
                            [
                                55.250209,
                                25.016548
                            ]
                        ]
                    ]
                ]
            }
        },
        {
            "type": "Feature",
            "properties": {
                "observation_date": "2017-11-02",
                "source": "LC08_L1TP_160043_20171102_20200902_02_T1_TCI",
                "sensor_name": "Landsat 8",
                "type": "observation",
                "current_phase": "Active Construction",
                "is_occluded": "False",
                "is_site_boundary": "True",
                "score": 1.0
            },
            "geometry": {
                "type": "MultiPolygon",
                "coordinates": [
                    [
                        [
                            [
                                55.250249,
                                25.016547
                            ],
                            [
                                55.250944,
                                25.014816
                            ],
                            [
                                55.251602,
                                25.013654
                            ],
                            [
                                55.251856,
                                25.013275
                            ],
                            [
                                55.25188,
                                25.013092
                            ],
                            [
                                55.251592,
                                25.012949
                            ],
                            [
                                55.251539,
                                25.013023
                            ],
                            [
                                55.251489,
                                25.013027
                            ],
                            [
                                55.251437,
                                25.013015
                            ],
                            [
                                55.251427,
                                25.012989
                            ],
                            [
                                55.251433,
                                25.012952
                            ],
                            [
                                55.251411,
                                25.012941
                            ],
                            [
                                55.251374,
                                25.012923
                            ],
                            [
                                55.251355,
                                25.012918
                            ],
                            [
                                55.25134,
                                25.012933
                            ],
                            [
                                55.251318,
                                25.012942
                            ],
                            [
                                55.251283,
                                25.012924
                            ],
                            [
                                55.251291,
                                25.012894
                            ],
                            [
                                55.251155,
                                25.012816
                            ],
                            [
                                55.251104,
                                25.012891
                            ],
                            [
                                55.250474,
                                25.01376
                            ],
                            [
                                55.250161,
                                25.014364
                            ],
                            [
                                55.249993,
                                25.014853
                            ],
                            [
                                55.24977,
                                25.015397
                            ],
                            [
                                55.24947,
                                25.016031
                            ],
                            [
                                55.249309,
                                25.016214
                            ],
                            [
                                55.250249,
                                25.016547
                            ]
                        ]
                    ]
                ]
            }
        },
        {
            "type": "Feature",
            "properties": {
                "observation_date": "2017-11-13",
                "source": "17NOV13095918-P1BS-501764823010_01_P002",
                "sensor_name": "WorldView",
                "type": "observation",
                "current_phase": "Active Construction",
                "is_occluded": "False",
                "is_site_boundary": "True",
                "score": 1.0
            },
            "geometry": {
                "type": "MultiPolygon",
                "coordinates": [
                    [
                        [
                            [
                                55.250209,
                                25.016548
                            ],
                            [
                                55.250898,
                                25.014817
                            ],
                            [
                                55.251549,
                                25.013656
                            ],
                            [
                                55.251801,
                                25.013277
                            ],
                            [
                                55.251825,
                                25.013095
                            ],
                            [
                                55.251539,
                                25.012952
                            ],
                            [
                                55.251487,
                                25.013025
                            ],
                            [
                                55.251437,
                                25.01303
                            ],
                            [
                                55.251386,
                                25.013018
                            ],
                            [
                                55.251376,
                                25.012992
                            ],
                            [
                                55.251382,
                                25.012954
                            ],
                            [
                                55.25136,
                                25.012944
                            ],
                            [
                                55.251323,
                                25.012926
                            ],
                            [
                                55.251305,
                                25.012921
                            ],
                            [
                                55.25129,
                                25.012935
                            ],
                            [
                                55.251268,
                                25.012944
                            ],
                            [
                                55.251234,
                                25.012926
                            ],
                            [
                                55.251241,
                                25.012896
                            ],
                            [
                                55.251107,
                                25.012819
                            ],
                            [
                                55.251056,
                                25.012894
                            ],
                            [
                                55.250432,
                                25.013762
                            ],
                            [
                                55.250123,
                                25.014366
                            ],
                            [
                                55.249956,
                                25.014854
                            ],
                            [
                                55.249735,
                                25.015398
                            ],
                            [
                                55.249439,
                                25.016032
                            ],
                            [
                                55.249279,
                                25.016215
                            ],
                            [
                                55.250209,
                                25.016548
                            ]
                        ]
                    ]
                ]
            }
        },
        {
            "type": "Feature",
            "properties": {
                "observation_date": "2017-11-15",
                "source": "S2B_40RCN_20171115_0_L2A_TCI",
                "sensor_name": "Sentinel-2",
                "type": "observation",
                "current_phase": "Active Construction",
                "is_occluded": "False",
                "is_site_boundary": "True",
                "score": 1.0
            },
            "geometry": {
                "type": "MultiPolygon",
                "coordinates": [
                    [
                        [
                            [
                                55.250208,
                                25.016544
                            ],
                            [
                                55.250896,
                                25.014811
                            ],
                            [
                                55.251547,
                                25.013648
                            ],
                            [
                                55.251799,
                                25.013269
                            ],
                            [
                                55.251823,
                                25.013086
                            ],
                            [
                                55.251537,
                                25.012942
                            ],
                            [
                                55.251485,
                                25.013016
                            ],
                            [
                                55.251435,
                                25.013021
                            ],
                            [
                                55.251384,
                                25.013008
                            ],
                            [
                                55.251374,
                                25.012983
                            ],
                            [
                                55.25138,
                                25.012945
                            ],
                            [
                                55.251358,
                                25.012934
                            ],
                            [
                                55.251321,
                                25.012916
                            ],
                            [
                                55.251303,
                                25.012912
                            ],
                            [
                                55.251288,
                                25.012926
                            ],
                            [
                                55.251266,
                                25.012935
                            ],
                            [
                                55.251232,
                                25.012917
                            ],
                            [
                                55.251239,
                                25.012887
                            ],
                            [
                                55.251105,
                                25.012809
                            ],
                            [
                                55.251054,
                                25.012884
                            ],
                            [
                                55.250431,
                                25.013754
                            ],
                            [
                                55.250121,
                                25.014359
                            ],
                            [
                                55.249955,
                                25.014848
                            ],
                            [
                                55.249734,
                                25.015393
                            ],
                            [
                                55.249437,
                                25.016028
                            ],
                            [
                                55.249278,
                                25.016211
                            ],
                            [
                                55.250208,
                                25.016544
                            ]
                        ]
                    ]
                ]
            }
        },
        {
            "type": "Feature",
            "properties": {
                "observation_date": "2017-12-04",
                "source": "LC08_L1TP_160043_20171204_20200902_02_T1_TCI",
                "sensor_name": "Landsat 8",
                "type": "observation",
                "current_phase": "Active Construction",
                "is_occluded": "False",
                "is_site_boundary": "True",
                "score": 1.0
            },
            "geometry": {
                "type": "MultiPolygon",
                "coordinates": [
                    [
                        [
                            [
                                55.250249,
                                25.016547
                            ],
                            [
                                55.250944,
                                25.014816
                            ],
                            [
                                55.251602,
                                25.013654
                            ],
                            [
                                55.251856,
                                25.013275
                            ],
                            [
                                55.25188,
                                25.013092
                            ],
                            [
                                55.251592,
                                25.012949
                            ],
                            [
                                55.251539,
                                25.013023
                            ],
                            [
                                55.251489,
                                25.013027
                            ],
                            [
                                55.251437,
                                25.013015
                            ],
                            [
                                55.251427,
                                25.012989
                            ],
                            [
                                55.251433,
                                25.012952
                            ],
                            [
                                55.251411,
                                25.012941
                            ],
                            [
                                55.251374,
                                25.012923
                            ],
                            [
                                55.251355,
                                25.012918
                            ],
                            [
                                55.25134,
                                25.012933
                            ],
                            [
                                55.251318,
                                25.012942
                            ],
                            [
                                55.251283,
                                25.012924
                            ],
                            [
                                55.251291,
                                25.012894
                            ],
                            [
                                55.251155,
                                25.012816
                            ],
                            [
                                55.251104,
                                25.012891
                            ],
                            [
                                55.250474,
                                25.01376
                            ],
                            [
                                55.250161,
                                25.014364
                            ],
                            [
                                55.249993,
                                25.014853
                            ],
                            [
                                55.24977,
                                25.015397
                            ],
                            [
                                55.24947,
                                25.016031
                            ],
                            [
                                55.249309,
                                25.016214
                            ],
                            [
                                55.250249,
                                25.016547
                            ]
                        ]
                    ]
                ]
            }
        },
        {
            "type": "Feature",
            "properties": {
                "observation_date": "2017-12-30",
                "source": "S2A_40RCN_20171230_0_L2A_TCI",
                "sensor_name": "Sentinel-2",
                "type": "observation",
                "current_phase": "Active Construction",
                "is_occluded": "False",
                "is_site_boundary": "True",
                "score": 1.0
            },
            "geometry": {
                "type": "MultiPolygon",
                "coordinates": [
                    [
                        [
                            [
                                55.250208,
                                25.016544
                            ],
                            [
                                55.250896,
                                25.014811
                            ],
                            [
                                55.251547,
                                25.013648
                            ],
                            [
                                55.251799,
                                25.013269
                            ],
                            [
                                55.251823,
                                25.013086
                            ],
                            [
                                55.251537,
                                25.012942
                            ],
                            [
                                55.251485,
                                25.013016
                            ],
                            [
                                55.251435,
                                25.013021
                            ],
                            [
                                55.251384,
                                25.013008
                            ],
                            [
                                55.251374,
                                25.012983
                            ],
                            [
                                55.25138,
                                25.012945
                            ],
                            [
                                55.251358,
                                25.012934
                            ],
                            [
                                55.251321,
                                25.012916
                            ],
                            [
                                55.251303,
                                25.012912
                            ],
                            [
                                55.251288,
                                25.012926
                            ],
                            [
                                55.251266,
                                25.012935
                            ],
                            [
                                55.251232,
                                25.012917
                            ],
                            [
                                55.251239,
                                25.012887
                            ],
                            [
                                55.251105,
                                25.012809
                            ],
                            [
                                55.251054,
                                25.012884
                            ],
                            [
                                55.250431,
                                25.013754
                            ],
                            [
                                55.250121,
                                25.014359
                            ],
                            [
                                55.249955,
                                25.014848
                            ],
                            [
                                55.249734,
                                25.015393
                            ],
                            [
                                55.249437,
                                25.016028
                            ],
                            [
                                55.249278,
                                25.016211
                            ],
                            [
                                55.250208,
                                25.016544
                            ]
                        ]
                    ]
                ]
            }
        },
        {
            "type": "Feature",
            "properties": {
                "observation_date": "2017-12-30",
                "source": "17DEC30095332-P1BS-501824017010_01_P001",
                "sensor_name": "WorldView",
                "type": "observation",
                "current_phase": "Active Construction",
                "is_occluded": "False",
                "is_site_boundary": "True",
                "score": 1.0
            },
            "geometry": {
                "type": "MultiPolygon",
                "coordinates": [
                    [
                        [
                            [
                                55.250209,
                                25.016548
                            ],
                            [
                                55.250898,
                                25.014817
                            ],
                            [
                                55.251549,
                                25.013656
                            ],
                            [
                                55.251801,
                                25.013277
                            ],
                            [
                                55.251825,
                                25.013095
                            ],
                            [
                                55.251539,
                                25.012952
                            ],
                            [
                                55.251487,
                                25.013025
                            ],
                            [
                                55.251437,
                                25.01303
                            ],
                            [
                                55.251386,
                                25.013018
                            ],
                            [
                                55.251376,
                                25.012992
                            ],
                            [
                                55.251382,
                                25.012954
                            ],
                            [
                                55.25136,
                                25.012944
                            ],
                            [
                                55.251323,
                                25.012926
                            ],
                            [
                                55.251305,
                                25.012921
                            ],
                            [
                                55.25129,
                                25.012935
                            ],
                            [
                                55.251268,
                                25.012944
                            ],
                            [
                                55.251234,
                                25.012926
                            ],
                            [
                                55.251241,
                                25.012896
                            ],
                            [
                                55.251107,
                                25.012819
                            ],
                            [
                                55.251056,
                                25.012894
                            ],
                            [
                                55.250432,
                                25.013762
                            ],
                            [
                                55.250123,
                                25.014366
                            ],
                            [
                                55.249956,
                                25.014854
                            ],
                            [
                                55.249735,
                                25.015398
                            ],
                            [
                                55.249439,
                                25.016032
                            ],
                            [
                                55.249279,
                                25.016215
                            ],
                            [
                                55.250209,
                                25.016548
                            ]
                        ]
                    ]
                ]
            }
        },
        {
            "type": "Feature",
            "properties": {
                "observation_date": "2018-01-09",
                "source": "S2A_40RCN_20180109_0_L2A_TCI",
                "sensor_name": "Sentinel-2",
                "type": "observation",
                "current_phase": "Active Construction",
                "is_occluded": "False",
                "is_site_boundary": "True",
                "score": 1.0
            },
            "geometry": {
                "type": "MultiPolygon",
                "coordinates": [
                    [
                        [
                            [
                                55.250208,
                                25.016544
                            ],
                            [
                                55.250896,
                                25.014811
                            ],
                            [
                                55.251547,
                                25.013648
                            ],
                            [
                                55.251799,
                                25.013269
                            ],
                            [
                                55.251823,
                                25.013086
                            ],
                            [
                                55.251537,
                                25.012942
                            ],
                            [
                                55.251485,
                                25.013016
                            ],
                            [
                                55.251435,
                                25.013021
                            ],
                            [
                                55.251384,
                                25.013008
                            ],
                            [
                                55.251374,
                                25.012983
                            ],
                            [
                                55.25138,
                                25.012945
                            ],
                            [
                                55.251358,
                                25.012934
                            ],
                            [
                                55.251321,
                                25.012916
                            ],
                            [
                                55.251303,
                                25.012912
                            ],
                            [
                                55.251288,
                                25.012926
                            ],
                            [
                                55.251266,
                                25.012935
                            ],
                            [
                                55.251232,
                                25.012917
                            ],
                            [
                                55.251239,
                                25.012887
                            ],
                            [
                                55.251105,
                                25.012809
                            ],
                            [
                                55.251054,
                                25.012884
                            ],
                            [
                                55.250431,
                                25.013754
                            ],
                            [
                                55.250121,
                                25.014359
                            ],
                            [
                                55.249955,
                                25.014848
                            ],
                            [
                                55.249734,
                                25.015393
                            ],
                            [
                                55.249437,
                                25.016028
                            ],
                            [
                                55.249278,
                                25.016211
                            ],
                            [
                                55.250208,
                                25.016544
                            ]
                        ]
                    ]
                ]
            }
        },
        {
            "type": "Feature",
            "properties": {
                "observation_date": "2018-02-18",
                "source": "S2A_40RCN_20180218_0_L2A_TCI",
                "sensor_name": "Sentinel-2",
                "type": "observation",
                "current_phase": "Active Construction",
                "is_occluded": "False",
                "is_site_boundary": "True",
                "score": 1.0
            },
            "geometry": {
                "type": "MultiPolygon",
                "coordinates": [
                    [
                        [
                            [
                                55.250208,
                                25.016544
                            ],
                            [
                                55.250896,
                                25.014811
                            ],
                            [
                                55.251547,
                                25.013648
                            ],
                            [
                                55.251799,
                                25.013269
                            ],
                            [
                                55.251823,
                                25.013086
                            ],
                            [
                                55.251537,
                                25.012942
                            ],
                            [
                                55.251485,
                                25.013016
                            ],
                            [
                                55.251435,
                                25.013021
                            ],
                            [
                                55.251384,
                                25.013008
                            ],
                            [
                                55.251374,
                                25.012983
                            ],
                            [
                                55.25138,
                                25.012945
                            ],
                            [
                                55.251358,
                                25.012934
                            ],
                            [
                                55.251321,
                                25.012916
                            ],
                            [
                                55.251303,
                                25.012912
                            ],
                            [
                                55.251288,
                                25.012926
                            ],
                            [
                                55.251266,
                                25.012935
                            ],
                            [
                                55.251232,
                                25.012917
                            ],
                            [
                                55.251239,
                                25.012887
                            ],
                            [
                                55.251105,
                                25.012809
                            ],
                            [
                                55.251054,
                                25.012884
                            ],
                            [
                                55.250431,
                                25.013754
                            ],
                            [
                                55.250121,
                                25.014359
                            ],
                            [
                                55.249955,
                                25.014848
                            ],
                            [
                                55.249734,
                                25.015393
                            ],
                            [
                                55.249437,
                                25.016028
                            ],
                            [
                                55.249278,
                                25.016211
                            ],
                            [
                                55.250208,
                                25.016544
                            ]
                        ]
                    ]
                ]
            }
        },
        {
            "type": "Feature",
            "properties": {
                "observation_date": "2018-02-22",
                "source": "LC08_L1TP_160043_20180222_20200902_02_T1_TCI",
                "sensor_name": "Landsat 8",
                "type": "observation",
                "current_phase": "Active Construction",
                "is_occluded": "False",
                "is_site_boundary": "True",
                "score": 1.0
            },
            "geometry": {
                "type": "MultiPolygon",
                "coordinates": [
                    [
                        [
                            [
                                55.250249,
                                25.016547
                            ],
                            [
                                55.250944,
                                25.014816
                            ],
                            [
                                55.251602,
                                25.013654
                            ],
                            [
                                55.251856,
                                25.013275
                            ],
                            [
                                55.25188,
                                25.013092
                            ],
                            [
                                55.251592,
                                25.012949
                            ],
                            [
                                55.251539,
                                25.013023
                            ],
                            [
                                55.251489,
                                25.013027
                            ],
                            [
                                55.251437,
                                25.013015
                            ],
                            [
                                55.251427,
                                25.012989
                            ],
                            [
                                55.251433,
                                25.012952
                            ],
                            [
                                55.251411,
                                25.012941
                            ],
                            [
                                55.251374,
                                25.012923
                            ],
                            [
                                55.251355,
                                25.012918
                            ],
                            [
                                55.25134,
                                25.012933
                            ],
                            [
                                55.251318,
                                25.012942
                            ],
                            [
                                55.251283,
                                25.012924
                            ],
                            [
                                55.251291,
                                25.012894
                            ],
                            [
                                55.251155,
                                25.012816
                            ],
                            [
                                55.251104,
                                25.012891
                            ],
                            [
                                55.250474,
                                25.01376
                            ],
                            [
                                55.250161,
                                25.014364
                            ],
                            [
                                55.249993,
                                25.014853
                            ],
                            [
                                55.24977,
                                25.015397
                            ],
                            [
                                55.24947,
                                25.016031
                            ],
                            [
                                55.249309,
                                25.016214
                            ],
                            [
                                55.250249,
                                25.016547
                            ]
                        ]
                    ]
                ]
            }
        },
        {
            "type": "Feature",
            "properties": {
                "observation_date": "2018-03-05",
                "source": "S2B_40RCN_20180305_0_L2A_TCI",
                "sensor_name": "Sentinel-2",
                "type": "observation",
                "current_phase": "Active Construction",
                "is_occluded": "False",
                "is_site_boundary": "True",
                "score": 1.0
            },
            "geometry": {
                "type": "MultiPolygon",
                "coordinates": [
                    [
                        [
                            [
                                55.250208,
                                25.016544
                            ],
                            [
                                55.250896,
                                25.014811
                            ],
                            [
                                55.251547,
                                25.013648
                            ],
                            [
                                55.251799,
                                25.013269
                            ],
                            [
                                55.251823,
                                25.013086
                            ],
                            [
                                55.251537,
                                25.012942
                            ],
                            [
                                55.251485,
                                25.013016
                            ],
                            [
                                55.251435,
                                25.013021
                            ],
                            [
                                55.251384,
                                25.013008
                            ],
                            [
                                55.251374,
                                25.012983
                            ],
                            [
                                55.25138,
                                25.012945
                            ],
                            [
                                55.251358,
                                25.012934
                            ],
                            [
                                55.251321,
                                25.012916
                            ],
                            [
                                55.251303,
                                25.012912
                            ],
                            [
                                55.251288,
                                25.012926
                            ],
                            [
                                55.251266,
                                25.012935
                            ],
                            [
                                55.251232,
                                25.012917
                            ],
                            [
                                55.251239,
                                25.012887
                            ],
                            [
                                55.251105,
                                25.012809
                            ],
                            [
                                55.251054,
                                25.012884
                            ],
                            [
                                55.250431,
                                25.013754
                            ],
                            [
                                55.250121,
                                25.014359
                            ],
                            [
                                55.249955,
                                25.014848
                            ],
                            [
                                55.249734,
                                25.015393
                            ],
                            [
                                55.249437,
                                25.016028
                            ],
                            [
                                55.249278,
                                25.016211
                            ],
                            [
                                55.250208,
                                25.016544
                            ]
                        ]
                    ]
                ]
            }
        },
        {
            "type": "Feature",
            "properties": {
                "observation_date": "2018-03-08",
                "source": "18MAR08072036-M1BS-502009134020_01_P004",
                "sensor_name": "WorldView",
                "type": "observation",
                "current_phase": "Active Construction",
                "is_occluded": "False",
                "is_site_boundary": "True",
                "score": 1.0
            },
            "geometry": {
                "type": "MultiPolygon",
                "coordinates": [
                    [
                        [
                            [
                                55.250209,
                                25.016548
                            ],
                            [
                                55.250898,
                                25.014817
                            ],
                            [
                                55.251549,
                                25.013656
                            ],
                            [
                                55.251801,
                                25.013277
                            ],
                            [
                                55.251825,
                                25.013094
                            ],
                            [
                                55.251539,
                                25.012952
                            ],
                            [
                                55.251487,
                                25.013025
                            ],
                            [
                                55.251437,
                                25.01303
                            ],
                            [
                                55.251386,
                                25.013017
                            ],
                            [
                                55.251376,
                                25.012992
                            ],
                            [
                                55.251382,
                                25.012954
                            ],
                            [
                                55.25136,
                                25.012944
                            ],
                            [
                                55.251323,
                                25.012925
                            ],
                            [
                                55.251305,
                                25.012921
                            ],
                            [
                                55.25129,
                                25.012935
                            ],
                            [
                                55.251268,
                                25.012944
                            ],
                            [
                                55.251234,
                                25.012926
                            ],
                            [
                                55.251241,
                                25.012896
                            ],
                            [
                                55.251107,
                                25.012819
                            ],
                            [
                                55.251056,
                                25.012894
                            ],
                            [
                                55.250432,
                                25.013762
                            ],
                            [
                                55.250123,
                                25.014366
                            ],
                            [
                                55.249956,
                                25.014854
                            ],
                            [
                                55.249735,
                                25.015398
                            ],
                            [
                                55.249439,
                                25.016032
                            ],
                            [
                                55.249279,
                                25.016215
                            ],
                            [
                                55.250209,
                                25.016548
                            ]
                        ]
                    ]
                ]
            }
        },
        {
            "type": "Feature",
            "properties": {
                "observation_date": "2018-03-10",
                "source": "LC08_L1TP_160043_20180310_20200901_02_T1_TCI",
                "sensor_name": "Landsat 8",
                "type": "observation",
                "current_phase": "Active Construction",
                "is_occluded": "False",
                "is_site_boundary": "True",
                "score": 1.0
            },
            "geometry": {
                "type": "MultiPolygon",
                "coordinates": [
                    [
                        [
                            [
                                55.250249,
                                25.016547
                            ],
                            [
                                55.250944,
                                25.014816
                            ],
                            [
                                55.251602,
                                25.013654
                            ],
                            [
                                55.251856,
                                25.013275
                            ],
                            [
                                55.25188,
                                25.013092
                            ],
                            [
                                55.251592,
                                25.012949
                            ],
                            [
                                55.251539,
                                25.013023
                            ],
                            [
                                55.251489,
                                25.013027
                            ],
                            [
                                55.251437,
                                25.013015
                            ],
                            [
                                55.251427,
                                25.012989
                            ],
                            [
                                55.251433,
                                25.012952
                            ],
                            [
                                55.251411,
                                25.012941
                            ],
                            [
                                55.251374,
                                25.012923
                            ],
                            [
                                55.251355,
                                25.012918
                            ],
                            [
                                55.25134,
                                25.012933
                            ],
                            [
                                55.251318,
                                25.012942
                            ],
                            [
                                55.251283,
                                25.012924
                            ],
                            [
                                55.251291,
                                25.012894
                            ],
                            [
                                55.251155,
                                25.012816
                            ],
                            [
                                55.251104,
                                25.012891
                            ],
                            [
                                55.250474,
                                25.01376
                            ],
                            [
                                55.250161,
                                25.014364
                            ],
                            [
                                55.249993,
                                25.014853
                            ],
                            [
                                55.24977,
                                25.015397
                            ],
                            [
                                55.24947,
                                25.016031
                            ],
                            [
                                55.249309,
                                25.016214
                            ],
                            [
                                55.250249,
                                25.016547
                            ]
                        ]
                    ]
                ]
            }
        },
        {
            "type": "Feature",
            "properties": {
                "observation_date": "2018-04-08",
                "source": "18APR08071428-M1BS-502020813010_01_P001",
                "sensor_name": "WorldView",
                "type": "observation",
                "current_phase": "Active Construction",
                "is_occluded": "False",
                "is_site_boundary": "True",
                "score": 1.0
            },
            "geometry": {
                "type": "MultiPolygon",
                "coordinates": [
                    [
                        [
                            [
                                55.250209,
                                25.016548
                            ],
                            [
                                55.250898,
                                25.014817
                            ],
                            [
                                55.251549,
                                25.013656
                            ],
                            [
                                55.251801,
                                25.013277
                            ],
                            [
                                55.251825,
                                25.013094
                            ],
                            [
                                55.251539,
                                25.012952
                            ],
                            [
                                55.251487,
                                25.013025
                            ],
                            [
                                55.251437,
                                25.01303
                            ],
                            [
                                55.251386,
                                25.013017
                            ],
                            [
                                55.251376,
                                25.012992
                            ],
                            [
                                55.251382,
                                25.012954
                            ],
                            [
                                55.25136,
                                25.012944
                            ],
                            [
                                55.251323,
                                25.012925
                            ],
                            [
                                55.251305,
                                25.012921
                            ],
                            [
                                55.25129,
                                25.012935
                            ],
                            [
                                55.251268,
                                25.012944
                            ],
                            [
                                55.251234,
                                25.012926
                            ],
                            [
                                55.251241,
                                25.012896
                            ],
                            [
                                55.251107,
                                25.012819
                            ],
                            [
                                55.251056,
                                25.012894
                            ],
                            [
                                55.250432,
                                25.013762
                            ],
                            [
                                55.250123,
                                25.014366
                            ],
                            [
                                55.249956,
                                25.014854
                            ],
                            [
                                55.249735,
                                25.015398
                            ],
                            [
                                55.249439,
                                25.016032
                            ],
                            [
                                55.249279,
                                25.016215
                            ],
                            [
                                55.250209,
                                25.016548
                            ]
                        ]
                    ]
                ]
            }
        },
        {
            "type": "Feature",
            "properties": {
                "observation_date": "2018-04-11",
                "source": "LC08_L1TP_160043_20180411_20201015_02_T1_TCI",
                "sensor_name": "Landsat 8",
                "type": "observation",
                "current_phase": "Active Construction",
                "is_occluded": "False",
                "is_site_boundary": "True",
                "score": 1.0
            },
            "geometry": {
                "type": "MultiPolygon",
                "coordinates": [
                    [
                        [
                            [
                                55.250249,
                                25.016547
                            ],
                            [
                                55.250944,
                                25.014816
                            ],
                            [
                                55.251602,
                                25.013654
                            ],
                            [
                                55.251856,
                                25.013275
                            ],
                            [
                                55.25188,
                                25.013092
                            ],
                            [
                                55.251592,
                                25.012949
                            ],
                            [
                                55.251539,
                                25.013023
                            ],
                            [
                                55.251489,
                                25.013027
                            ],
                            [
                                55.251437,
                                25.013015
                            ],
                            [
                                55.251427,
                                25.012989
                            ],
                            [
                                55.251433,
                                25.012952
                            ],
                            [
                                55.251411,
                                25.012941
                            ],
                            [
                                55.251374,
                                25.012923
                            ],
                            [
                                55.251355,
                                25.012918
                            ],
                            [
                                55.25134,
                                25.012933
                            ],
                            [
                                55.251318,
                                25.012942
                            ],
                            [
                                55.251283,
                                25.012924
                            ],
                            [
                                55.251291,
                                25.012894
                            ],
                            [
                                55.251155,
                                25.012816
                            ],
                            [
                                55.251104,
                                25.012891
                            ],
                            [
                                55.250474,
                                25.01376
                            ],
                            [
                                55.250161,
                                25.014364
                            ],
                            [
                                55.249993,
                                25.014853
                            ],
                            [
                                55.24977,
                                25.015397
                            ],
                            [
                                55.24947,
                                25.016031
                            ],
                            [
                                55.249309,
                                25.016214
                            ],
                            [
                                55.250249,
                                25.016547
                            ]
                        ]
                    ]
                ]
            }
        },
        {
            "type": "Feature",
            "properties": {
                "observation_date": "2018-04-24",
                "source": "S2B_40RCN_20180424_0_L2A_TCI",
                "sensor_name": "Sentinel-2",
                "type": "observation",
                "current_phase": "Active Construction",
                "is_occluded": "False",
                "is_site_boundary": "True",
                "score": 1.0
            },
            "geometry": {
                "type": "MultiPolygon",
                "coordinates": [
                    [
                        [
                            [
                                55.250208,
                                25.016544
                            ],
                            [
                                55.250896,
                                25.014811
                            ],
                            [
                                55.251547,
                                25.013648
                            ],
                            [
                                55.251799,
                                25.013269
                            ],
                            [
                                55.251823,
                                25.013086
                            ],
                            [
                                55.251537,
                                25.012942
                            ],
                            [
                                55.251485,
                                25.013016
                            ],
                            [
                                55.251435,
                                25.013021
                            ],
                            [
                                55.251384,
                                25.013008
                            ],
                            [
                                55.251374,
                                25.012983
                            ],
                            [
                                55.25138,
                                25.012945
                            ],
                            [
                                55.251358,
                                25.012934
                            ],
                            [
                                55.251321,
                                25.012916
                            ],
                            [
                                55.251303,
                                25.012912
                            ],
                            [
                                55.251288,
                                25.012926
                            ],
                            [
                                55.251266,
                                25.012935
                            ],
                            [
                                55.251232,
                                25.012917
                            ],
                            [
                                55.251239,
                                25.012887
                            ],
                            [
                                55.251105,
                                25.012809
                            ],
                            [
                                55.251054,
                                25.012884
                            ],
                            [
                                55.250431,
                                25.013754
                            ],
                            [
                                55.250121,
                                25.014359
                            ],
                            [
                                55.249955,
                                25.014848
                            ],
                            [
                                55.249734,
                                25.015393
                            ],
                            [
                                55.249437,
                                25.016028
                            ],
                            [
                                55.249278,
                                25.016211
                            ],
                            [
                                55.250208,
                                25.016544
                            ]
                        ]
                    ]
                ]
            }
        },
        {
            "type": "Feature",
            "properties": {
                "observation_date": "2018-05-04",
                "source": "S2B_40RCN_20180504_0_L2A_TCI",
                "sensor_name": "Sentinel-2",
                "type": "observation",
                "current_phase": "Active Construction",
                "is_occluded": "False",
                "is_site_boundary": "True",
                "score": 1.0
            },
            "geometry": {
                "type": "MultiPolygon",
                "coordinates": [
                    [
                        [
                            [
                                55.250208,
                                25.016544
                            ],
                            [
                                55.250896,
                                25.014811
                            ],
                            [
                                55.251547,
                                25.013648
                            ],
                            [
                                55.251799,
                                25.013269
                            ],
                            [
                                55.251823,
                                25.013086
                            ],
                            [
                                55.251537,
                                25.012942
                            ],
                            [
                                55.251485,
                                25.013016
                            ],
                            [
                                55.251435,
                                25.013021
                            ],
                            [
                                55.251384,
                                25.013008
                            ],
                            [
                                55.251374,
                                25.012983
                            ],
                            [
                                55.25138,
                                25.012945
                            ],
                            [
                                55.251358,
                                25.012934
                            ],
                            [
                                55.251321,
                                25.012916
                            ],
                            [
                                55.251303,
                                25.012912
                            ],
                            [
                                55.251288,
                                25.012926
                            ],
                            [
                                55.251266,
                                25.012935
                            ],
                            [
                                55.251232,
                                25.012917
                            ],
                            [
                                55.251239,
                                25.012887
                            ],
                            [
                                55.251105,
                                25.012809
                            ],
                            [
                                55.251054,
                                25.012884
                            ],
                            [
                                55.250431,
                                25.013754
                            ],
                            [
                                55.250121,
                                25.014359
                            ],
                            [
                                55.249955,
                                25.014848
                            ],
                            [
                                55.249734,
                                25.015393
                            ],
                            [
                                55.249437,
                                25.016028
                            ],
                            [
                                55.249278,
                                25.016211
                            ],
                            [
                                55.250208,
                                25.016544
                            ]
                        ]
                    ]
                ]
            }
        },
        {
            "type": "Feature",
            "properties": {
                "observation_date": "2018-05-29",
                "source": "LC08_L1TP_160043_20180529_20201015_02_T1_TCI",
                "sensor_name": "Landsat 8",
                "type": "observation",
                "current_phase": "Active Construction",
                "is_occluded": "False",
                "is_site_boundary": "True",
                "score": 1.0
            },
            "geometry": {
                "type": "MultiPolygon",
                "coordinates": [
                    [
                        [
                            [
                                55.250249,
                                25.016547
                            ],
                            [
                                55.250944,
                                25.014816
                            ],
                            [
                                55.251602,
                                25.013654
                            ],
                            [
                                55.251856,
                                25.013275
                            ],
                            [
                                55.25188,
                                25.013092
                            ],
                            [
                                55.251592,
                                25.012949
                            ],
                            [
                                55.251539,
                                25.013023
                            ],
                            [
                                55.251489,
                                25.013027
                            ],
                            [
                                55.251437,
                                25.013015
                            ],
                            [
                                55.251427,
                                25.012989
                            ],
                            [
                                55.251433,
                                25.012952
                            ],
                            [
                                55.251411,
                                25.012941
                            ],
                            [
                                55.251374,
                                25.012923
                            ],
                            [
                                55.251355,
                                25.012918
                            ],
                            [
                                55.25134,
                                25.012933
                            ],
                            [
                                55.251318,
                                25.012942
                            ],
                            [
                                55.251283,
                                25.012924
                            ],
                            [
                                55.251291,
                                25.012894
                            ],
                            [
                                55.251155,
                                25.012816
                            ],
                            [
                                55.251104,
                                25.012891
                            ],
                            [
                                55.250474,
                                25.01376
                            ],
                            [
                                55.250161,
                                25.014364
                            ],
                            [
                                55.249993,
                                25.014853
                            ],
                            [
                                55.24977,
                                25.015397
                            ],
                            [
                                55.24947,
                                25.016031
                            ],
                            [
                                55.249309,
                                25.016214
                            ],
                            [
                                55.250249,
                                25.016547
                            ]
                        ]
                    ]
                ]
            }
        },
        {
            "type": "Feature",
            "properties": {
                "observation_date": "2018-06-23",
                "source": "S2B_40RCN_20180623_1_L2A_TCI",
                "sensor_name": "Sentinel-2",
                "type": "observation",
                "current_phase": "Active Construction",
                "is_occluded": "False",
                "is_site_boundary": "True",
                "score": 1.0
            },
            "geometry": {
                "type": "MultiPolygon",
                "coordinates": [
                    [
                        [
                            [
                                55.250208,
                                25.016544
                            ],
                            [
                                55.250896,
                                25.014811
                            ],
                            [
                                55.251547,
                                25.013648
                            ],
                            [
                                55.251799,
                                25.013269
                            ],
                            [
                                55.251823,
                                25.013086
                            ],
                            [
                                55.251537,
                                25.012942
                            ],
                            [
                                55.251485,
                                25.013016
                            ],
                            [
                                55.251435,
                                25.013021
                            ],
                            [
                                55.251384,
                                25.013008
                            ],
                            [
                                55.251374,
                                25.012983
                            ],
                            [
                                55.25138,
                                25.012945
                            ],
                            [
                                55.251358,
                                25.012934
                            ],
                            [
                                55.251321,
                                25.012916
                            ],
                            [
                                55.251303,
                                25.012912
                            ],
                            [
                                55.251288,
                                25.012926
                            ],
                            [
                                55.251266,
                                25.012935
                            ],
                            [
                                55.251232,
                                25.012917
                            ],
                            [
                                55.251239,
                                25.012887
                            ],
                            [
                                55.251105,
                                25.012809
                            ],
                            [
                                55.251054,
                                25.012884
                            ],
                            [
                                55.250431,
                                25.013754
                            ],
                            [
                                55.250121,
                                25.014359
                            ],
                            [
                                55.249955,
                                25.014848
                            ],
                            [
                                55.249734,
                                25.015393
                            ],
                            [
                                55.249437,
                                25.016028
                            ],
                            [
                                55.249278,
                                25.016211
                            ],
                            [
                                55.250208,
                                25.016544
                            ]
                        ]
                    ]
                ]
            }
        },
        {
            "type": "Feature",
            "properties": {
                "observation_date": "2018-07-13",
                "source": "S2B_40RCN_20180713_0_L2A_TCI",
                "sensor_name": "Sentinel-2",
                "type": "observation",
                "current_phase": "Active Construction",
                "is_occluded": "False",
                "is_site_boundary": "True",
                "score": 1.0
            },
            "geometry": {
                "type": "MultiPolygon",
                "coordinates": [
                    [
                        [
                            [
                                55.250208,
                                25.016544
                            ],
                            [
                                55.250896,
                                25.014811
                            ],
                            [
                                55.251547,
                                25.013648
                            ],
                            [
                                55.251799,
                                25.013269
                            ],
                            [
                                55.251823,
                                25.013086
                            ],
                            [
                                55.251537,
                                25.012942
                            ],
                            [
                                55.251485,
                                25.013016
                            ],
                            [
                                55.251435,
                                25.013021
                            ],
                            [
                                55.251384,
                                25.013008
                            ],
                            [
                                55.251374,
                                25.012983
                            ],
                            [
                                55.25138,
                                25.012945
                            ],
                            [
                                55.251358,
                                25.012934
                            ],
                            [
                                55.251321,
                                25.012916
                            ],
                            [
                                55.251303,
                                25.012912
                            ],
                            [
                                55.251288,
                                25.012926
                            ],
                            [
                                55.251266,
                                25.012935
                            ],
                            [
                                55.251232,
                                25.012917
                            ],
                            [
                                55.251239,
                                25.012887
                            ],
                            [
                                55.251105,
                                25.012809
                            ],
                            [
                                55.251054,
                                25.012884
                            ],
                            [
                                55.250431,
                                25.013754
                            ],
                            [
                                55.250121,
                                25.014359
                            ],
                            [
                                55.249955,
                                25.014848
                            ],
                            [
                                55.249734,
                                25.015393
                            ],
                            [
                                55.249437,
                                25.016028
                            ],
                            [
                                55.249278,
                                25.016211
                            ],
                            [
                                55.250208,
                                25.016544
                            ]
                        ]
                    ]
                ]
            }
        },
        {
            "type": "Feature",
            "properties": {
                "observation_date": "2018-07-16",
                "source": "LC08_L1TP_160043_20180716_20200831_02_T1_TCI",
                "sensor_name": "Landsat 8",
                "type": "observation",
                "current_phase": "Active Construction",
                "is_occluded": "False",
                "is_site_boundary": "True",
                "score": 1.0
            },
            "geometry": {
                "type": "MultiPolygon",
                "coordinates": [
                    [
                        [
                            [
                                55.250249,
                                25.016547
                            ],
                            [
                                55.250944,
                                25.014816
                            ],
                            [
                                55.251602,
                                25.013654
                            ],
                            [
                                55.251856,
                                25.013275
                            ],
                            [
                                55.25188,
                                25.013092
                            ],
                            [
                                55.251592,
                                25.012949
                            ],
                            [
                                55.251539,
                                25.013023
                            ],
                            [
                                55.251489,
                                25.013027
                            ],
                            [
                                55.251437,
                                25.013015
                            ],
                            [
                                55.251427,
                                25.012989
                            ],
                            [
                                55.251433,
                                25.012952
                            ],
                            [
                                55.251411,
                                25.012941
                            ],
                            [
                                55.251374,
                                25.012923
                            ],
                            [
                                55.251355,
                                25.012918
                            ],
                            [
                                55.25134,
                                25.012933
                            ],
                            [
                                55.251318,
                                25.012942
                            ],
                            [
                                55.251283,
                                25.012924
                            ],
                            [
                                55.251291,
                                25.012894
                            ],
                            [
                                55.251155,
                                25.012816
                            ],
                            [
                                55.251104,
                                25.012891
                            ],
                            [
                                55.250474,
                                25.01376
                            ],
                            [
                                55.250161,
                                25.014364
                            ],
                            [
                                55.249993,
                                25.014853
                            ],
                            [
                                55.24977,
                                25.015397
                            ],
                            [
                                55.24947,
                                25.016031
                            ],
                            [
                                55.249309,
                                25.016214
                            ],
                            [
                                55.250249,
                                25.016547
                            ]
                        ]
                    ]
                ]
            }
        },
        {
            "type": "Feature",
            "properties": {
                "observation_date": "2018-08-01",
                "source": "LC08_L1TP_160043_20180801_20200831_02_T1_TCI",
                "sensor_name": "Landsat 8",
                "type": "observation",
                "current_phase": "Active Construction",
                "is_occluded": "False",
                "is_site_boundary": "True",
                "score": 1.0
            },
            "geometry": {
                "type": "MultiPolygon",
                "coordinates": [
                    [
                        [
                            [
                                55.250249,
                                25.016547
                            ],
                            [
                                55.250944,
                                25.014816
                            ],
                            [
                                55.251602,
                                25.013654
                            ],
                            [
                                55.251856,
                                25.013275
                            ],
                            [
                                55.25188,
                                25.013092
                            ],
                            [
                                55.251592,
                                25.012949
                            ],
                            [
                                55.251539,
                                25.013023
                            ],
                            [
                                55.251489,
                                25.013027
                            ],
                            [
                                55.251437,
                                25.013015
                            ],
                            [
                                55.251427,
                                25.012989
                            ],
                            [
                                55.251433,
                                25.012952
                            ],
                            [
                                55.251411,
                                25.012941
                            ],
                            [
                                55.251374,
                                25.012923
                            ],
                            [
                                55.251355,
                                25.012918
                            ],
                            [
                                55.25134,
                                25.012933
                            ],
                            [
                                55.251318,
                                25.012942
                            ],
                            [
                                55.251283,
                                25.012924
                            ],
                            [
                                55.251291,
                                25.012894
                            ],
                            [
                                55.251155,
                                25.012816
                            ],
                            [
                                55.251104,
                                25.012891
                            ],
                            [
                                55.250474,
                                25.01376
                            ],
                            [
                                55.250161,
                                25.014364
                            ],
                            [
                                55.249993,
                                25.014853
                            ],
                            [
                                55.24977,
                                25.015397
                            ],
                            [
                                55.24947,
                                25.016031
                            ],
                            [
                                55.249309,
                                25.016214
                            ],
                            [
                                55.250249,
                                25.016547
                            ]
                        ]
                    ]
                ]
            }
        },
        {
            "type": "Feature",
            "properties": {
                "observation_date": "2018-08-17",
                "source": "S2A_40RCN_20180817_0_L2A_TCI",
                "sensor_name": "Sentinel-2",
                "type": "observation",
                "current_phase": "Active Construction",
                "is_occluded": "False",
                "is_site_boundary": "True",
                "score": 1.0
            },
            "geometry": {
                "type": "MultiPolygon",
                "coordinates": [
                    [
                        [
                            [
                                55.250208,
                                25.016544
                            ],
                            [
                                55.250896,
                                25.014811
                            ],
                            [
                                55.251547,
                                25.013648
                            ],
                            [
                                55.251799,
                                25.013269
                            ],
                            [
                                55.251823,
                                25.013086
                            ],
                            [
                                55.251537,
                                25.012942
                            ],
                            [
                                55.251485,
                                25.013016
                            ],
                            [
                                55.251435,
                                25.013021
                            ],
                            [
                                55.251384,
                                25.013008
                            ],
                            [
                                55.251374,
                                25.012983
                            ],
                            [
                                55.25138,
                                25.012945
                            ],
                            [
                                55.251358,
                                25.012934
                            ],
                            [
                                55.251321,
                                25.012916
                            ],
                            [
                                55.251303,
                                25.012912
                            ],
                            [
                                55.251288,
                                25.012926
                            ],
                            [
                                55.251266,
                                25.012935
                            ],
                            [
                                55.251232,
                                25.012917
                            ],
                            [
                                55.251239,
                                25.012887
                            ],
                            [
                                55.251105,
                                25.012809
                            ],
                            [
                                55.251054,
                                25.012884
                            ],
                            [
                                55.250431,
                                25.013754
                            ],
                            [
                                55.250121,
                                25.014359
                            ],
                            [
                                55.249955,
                                25.014848
                            ],
                            [
                                55.249734,
                                25.015393
                            ],
                            [
                                55.249437,
                                25.016028
                            ],
                            [
                                55.249278,
                                25.016211
                            ],
                            [
                                55.250208,
                                25.016544
                            ]
                        ]
                    ]
                ]
            }
        },
        {
            "type": "Feature",
            "properties": {
                "observation_date": "2018-09-02",
                "source": "LC08_L1TP_160043_20180902_20200831_02_T1_TCI",
                "sensor_name": "Landsat 8",
                "type": "observation",
                "current_phase": "Active Construction",
                "is_occluded": "False",
                "is_site_boundary": "True",
                "score": 1.0
            },
            "geometry": {
                "type": "MultiPolygon",
                "coordinates": [
                    [
                        [
                            [
                                55.250249,
                                25.016547
                            ],
                            [
                                55.250944,
                                25.014816
                            ],
                            [
                                55.251602,
                                25.013654
                            ],
                            [
                                55.251856,
                                25.013275
                            ],
                            [
                                55.25188,
                                25.013092
                            ],
                            [
                                55.251592,
                                25.012949
                            ],
                            [
                                55.251539,
                                25.013023
                            ],
                            [
                                55.251489,
                                25.013027
                            ],
                            [
                                55.251437,
                                25.013015
                            ],
                            [
                                55.251427,
                                25.012989
                            ],
                            [
                                55.251433,
                                25.012952
                            ],
                            [
                                55.251411,
                                25.012941
                            ],
                            [
                                55.251374,
                                25.012923
                            ],
                            [
                                55.251355,
                                25.012918
                            ],
                            [
                                55.25134,
                                25.012933
                            ],
                            [
                                55.251318,
                                25.012942
                            ],
                            [
                                55.251283,
                                25.012924
                            ],
                            [
                                55.251291,
                                25.012894
                            ],
                            [
                                55.251155,
                                25.012816
                            ],
                            [
                                55.251104,
                                25.012891
                            ],
                            [
                                55.250474,
                                25.01376
                            ],
                            [
                                55.250161,
                                25.014364
                            ],
                            [
                                55.249993,
                                25.014853
                            ],
                            [
                                55.24977,
                                25.015397
                            ],
                            [
                                55.24947,
                                25.016031
                            ],
                            [
                                55.249309,
                                25.016214
                            ],
                            [
                                55.250249,
                                25.016547
                            ]
                        ]
                    ]
                ]
            }
        },
        {
            "type": "Feature",
            "properties": {
                "observation_date": "2018-09-06",
                "source": "S2A_40RCN_20180906_0_L2A_TCI",
                "sensor_name": "Sentinel-2",
                "type": "observation",
                "current_phase": "Active Construction",
                "is_occluded": "False",
                "is_site_boundary": "True",
                "score": 1.0
            },
            "geometry": {
                "type": "MultiPolygon",
                "coordinates": [
                    [
                        [
                            [
                                55.250208,
                                25.016544
                            ],
                            [
                                55.250896,
                                25.014811
                            ],
                            [
                                55.251547,
                                25.013648
                            ],
                            [
                                55.251799,
                                25.013269
                            ],
                            [
                                55.251823,
                                25.013086
                            ],
                            [
                                55.251537,
                                25.012942
                            ],
                            [
                                55.251485,
                                25.013016
                            ],
                            [
                                55.251435,
                                25.013021
                            ],
                            [
                                55.251384,
                                25.013008
                            ],
                            [
                                55.251374,
                                25.012983
                            ],
                            [
                                55.25138,
                                25.012945
                            ],
                            [
                                55.251358,
                                25.012934
                            ],
                            [
                                55.251321,
                                25.012916
                            ],
                            [
                                55.251303,
                                25.012912
                            ],
                            [
                                55.251288,
                                25.012926
                            ],
                            [
                                55.251266,
                                25.012935
                            ],
                            [
                                55.251232,
                                25.012917
                            ],
                            [
                                55.251239,
                                25.012887
                            ],
                            [
                                55.251105,
                                25.012809
                            ],
                            [
                                55.251054,
                                25.012884
                            ],
                            [
                                55.250431,
                                25.013754
                            ],
                            [
                                55.250121,
                                25.014359
                            ],
                            [
                                55.249955,
                                25.014848
                            ],
                            [
                                55.249734,
                                25.015393
                            ],
                            [
                                55.249437,
                                25.016028
                            ],
                            [
                                55.249278,
                                25.016211
                            ],
                            [
                                55.250208,
                                25.016544
                            ]
                        ]
                    ]
                ]
            }
        },
        {
            "type": "Feature",
            "properties": {
                "observation_date": "2018-10-04",
                "source": "LC08_L1TP_160043_20181004_20200830_02_T1_TCI",
                "sensor_name": "Landsat 8",
                "type": "observation",
                "current_phase": "Active Construction",
                "is_occluded": "False",
                "is_site_boundary": "True",
                "score": 1.0
            },
            "geometry": {
                "type": "MultiPolygon",
                "coordinates": [
                    [
                        [
                            [
                                55.250249,
                                25.016547
                            ],
                            [
                                55.250944,
                                25.014816
                            ],
                            [
                                55.251602,
                                25.013654
                            ],
                            [
                                55.251856,
                                25.013275
                            ],
                            [
                                55.25188,
                                25.013092
                            ],
                            [
                                55.251592,
                                25.012949
                            ],
                            [
                                55.251539,
                                25.013023
                            ],
                            [
                                55.251489,
                                25.013027
                            ],
                            [
                                55.251437,
                                25.013015
                            ],
                            [
                                55.251427,
                                25.012989
                            ],
                            [
                                55.251433,
                                25.012952
                            ],
                            [
                                55.251411,
                                25.012941
                            ],
                            [
                                55.251374,
                                25.012923
                            ],
                            [
                                55.251355,
                                25.012918
                            ],
                            [
                                55.25134,
                                25.012933
                            ],
                            [
                                55.251318,
                                25.012942
                            ],
                            [
                                55.251283,
                                25.012924
                            ],
                            [
                                55.251291,
                                25.012894
                            ],
                            [
                                55.251155,
                                25.012816
                            ],
                            [
                                55.251104,
                                25.012891
                            ],
                            [
                                55.250474,
                                25.01376
                            ],
                            [
                                55.250161,
                                25.014364
                            ],
                            [
                                55.249993,
                                25.014853
                            ],
                            [
                                55.24977,
                                25.015397
                            ],
                            [
                                55.24947,
                                25.016031
                            ],
                            [
                                55.249309,
                                25.016214
                            ],
                            [
                                55.250249,
                                25.016547
                            ]
                        ]
                    ]
                ]
            }
        },
        {
            "type": "Feature",
            "properties": {
                "observation_date": "2018-10-06",
                "source": "S2A_40RCN_20181006_0_L2A_TCI",
                "sensor_name": "Sentinel-2",
                "type": "observation",
                "current_phase": "Active Construction",
                "is_occluded": "False",
                "is_site_boundary": "True",
                "score": 1.0
            },
            "geometry": {
                "type": "MultiPolygon",
                "coordinates": [
                    [
                        [
                            [
                                55.250208,
                                25.016544
                            ],
                            [
                                55.250896,
                                25.014811
                            ],
                            [
                                55.251547,
                                25.013648
                            ],
                            [
                                55.251799,
                                25.013269
                            ],
                            [
                                55.251823,
                                25.013086
                            ],
                            [
                                55.251537,
                                25.012942
                            ],
                            [
                                55.251485,
                                25.013016
                            ],
                            [
                                55.251435,
                                25.013021
                            ],
                            [
                                55.251384,
                                25.013008
                            ],
                            [
                                55.251374,
                                25.012983
                            ],
                            [
                                55.25138,
                                25.012945
                            ],
                            [
                                55.251358,
                                25.012934
                            ],
                            [
                                55.251321,
                                25.012916
                            ],
                            [
                                55.251303,
                                25.012912
                            ],
                            [
                                55.251288,
                                25.012926
                            ],
                            [
                                55.251266,
                                25.012935
                            ],
                            [
                                55.251232,
                                25.012917
                            ],
                            [
                                55.251239,
                                25.012887
                            ],
                            [
                                55.251105,
                                25.012809
                            ],
                            [
                                55.251054,
                                25.012884
                            ],
                            [
                                55.250431,
                                25.013754
                            ],
                            [
                                55.250121,
                                25.014359
                            ],
                            [
                                55.249955,
                                25.014848
                            ],
                            [
                                55.249734,
                                25.015393
                            ],
                            [
                                55.249437,
                                25.016028
                            ],
                            [
                                55.249278,
                                25.016211
                            ],
                            [
                                55.250208,
                                25.016544
                            ]
                        ]
                    ]
                ]
            }
        },
        {
            "type": "Feature",
            "properties": {
                "observation_date": "2018-11-05",
                "source": "LC08_L1TP_160043_20181105_20200830_02_T1_TCI",
                "sensor_name": "Landsat 8",
                "type": "observation",
                "current_phase": "Active Construction",
                "is_occluded": "False",
                "is_site_boundary": "True",
                "score": 1.0
            },
            "geometry": {
                "type": "MultiPolygon",
                "coordinates": [
                    [
                        [
                            [
                                55.250249,
                                25.016547
                            ],
                            [
                                55.250944,
                                25.014816
                            ],
                            [
                                55.251602,
                                25.013654
                            ],
                            [
                                55.251856,
                                25.013275
                            ],
                            [
                                55.25188,
                                25.013092
                            ],
                            [
                                55.251592,
                                25.012949
                            ],
                            [
                                55.251539,
                                25.013023
                            ],
                            [
                                55.251489,
                                25.013027
                            ],
                            [
                                55.251437,
                                25.013015
                            ],
                            [
                                55.251427,
                                25.012989
                            ],
                            [
                                55.251433,
                                25.012952
                            ],
                            [
                                55.251411,
                                25.012941
                            ],
                            [
                                55.251374,
                                25.012923
                            ],
                            [
                                55.251355,
                                25.012918
                            ],
                            [
                                55.25134,
                                25.012933
                            ],
                            [
                                55.251318,
                                25.012942
                            ],
                            [
                                55.251283,
                                25.012924
                            ],
                            [
                                55.251291,
                                25.012894
                            ],
                            [
                                55.251155,
                                25.012816
                            ],
                            [
                                55.251104,
                                25.012891
                            ],
                            [
                                55.250474,
                                25.01376
                            ],
                            [
                                55.250161,
                                25.014364
                            ],
                            [
                                55.249993,
                                25.014853
                            ],
                            [
                                55.24977,
                                25.015397
                            ],
                            [
                                55.24947,
                                25.016031
                            ],
                            [
                                55.249309,
                                25.016214
                            ],
                            [
                                55.250249,
                                25.016547
                            ]
                        ]
                    ]
                ]
            }
        },
        {
            "type": "Feature",
            "properties": {
                "observation_date": "2018-11-10",
                "source": "S2B_40RCN_20181110_0_L2A_TCI",
                "sensor_name": "Sentinel-2",
                "type": "observation",
                "current_phase": "Active Construction",
                "is_occluded": "False",
                "is_site_boundary": "True",
                "score": 1.0
            },
            "geometry": {
                "type": "MultiPolygon",
                "coordinates": [
                    [
                        [
                            [
                                55.250208,
                                25.016544
                            ],
                            [
                                55.250896,
                                25.014811
                            ],
                            [
                                55.251547,
                                25.013648
                            ],
                            [
                                55.251799,
                                25.013269
                            ],
                            [
                                55.251823,
                                25.013086
                            ],
                            [
                                55.251537,
                                25.012942
                            ],
                            [
                                55.251485,
                                25.013016
                            ],
                            [
                                55.251435,
                                25.013021
                            ],
                            [
                                55.251384,
                                25.013008
                            ],
                            [
                                55.251374,
                                25.012983
                            ],
                            [
                                55.25138,
                                25.012945
                            ],
                            [
                                55.251358,
                                25.012934
                            ],
                            [
                                55.251321,
                                25.012916
                            ],
                            [
                                55.251303,
                                25.012912
                            ],
                            [
                                55.251288,
                                25.012926
                            ],
                            [
                                55.251266,
                                25.012935
                            ],
                            [
                                55.251232,
                                25.012917
                            ],
                            [
                                55.251239,
                                25.012887
                            ],
                            [
                                55.251105,
                                25.012809
                            ],
                            [
                                55.251054,
                                25.012884
                            ],
                            [
                                55.250431,
                                25.013754
                            ],
                            [
                                55.250121,
                                25.014359
                            ],
                            [
                                55.249955,
                                25.014848
                            ],
                            [
                                55.249734,
                                25.015393
                            ],
                            [
                                55.249437,
                                25.016028
                            ],
                            [
                                55.249278,
                                25.016211
                            ],
                            [
                                55.250208,
                                25.016544
                            ]
                        ]
                    ]
                ]
            }
        },
        {
            "type": "Feature",
            "properties": {
                "observation_date": "2018-12-15",
                "source": "S2A_40RCN_20181215_0_L2A_TCI",
                "sensor_name": "Sentinel-2",
                "type": "observation",
                "current_phase": "Active Construction",
                "is_occluded": "False",
                "is_site_boundary": "True",
                "score": 1.0
            },
            "geometry": {
                "type": "MultiPolygon",
                "coordinates": [
                    [
                        [
                            [
                                55.250247,
                                25.016559
                            ],
                            [
                                55.250935,
                                25.014825
                            ],
                            [
                                55.251585,
                                25.013663
                            ],
                            [
                                55.251838,
                                25.013283
                            ],
                            [
                                55.251861,
                                25.0131
                            ],
                            [
                                55.251576,
                                25.012957
                            ],
                            [
                                55.251524,
                                25.013031
                            ],
                            [
                                55.251474,
                                25.013035
                            ],
                            [
                                55.251423,
                                25.013023
                            ],
                            [
                                55.251412,
                                25.012997
                            ],
                            [
                                55.251419,
                                25.01296
                            ],
                            [
                                55.251397,
                                25.012949
                            ],
                            [
                                55.25136,
                                25.012931
                            ],
                            [
                                55.251342,
                                25.012926
                            ],
                            [
                                55.251327,
                                25.01294
                            ],
                            [
                                55.251305,
                                25.01295
                            ],
                            [
                                55.251271,
                                25.012932
                            ],
                            [
                                55.251278,
                                25.012901
                            ],
                            [
                                55.251144,
                                25.012824
                            ],
                            [
                                55.251093,
                                25.012899
                            ],
                            [
                                55.250469,
                                25.013769
                            ],
                            [
                                55.25016,
                                25.014374
                            ],
                            [
                                55.249994,
                                25.014863
                            ],
                            [
                                55.249773,
                                25.015408
                            ],
                            [
                                55.249476,
                                25.016043
                            ],
                            [
                                55.249317,
                                25.016226
                            ],
                            [
                                55.250247,
                                25.016559
                            ]
                        ]
                    ]
                ]
            }
        },
        {
            "type": "Feature",
            "properties": {
                "observation_date": "2019-01-24",
                "source": "LC08_L1TP_160043_20190124_20200830_02_T1_TCI",
                "sensor_name": "Landsat 8",
                "type": "observation",
                "current_phase": "Active Construction",
                "is_occluded": "False",
                "is_site_boundary": "True",
                "score": 1.0
            },
            "geometry": {
                "type": "MultiPolygon",
                "coordinates": [
                    [
                        [
                            [
                                55.250249,
                                25.016547
                            ],
                            [
                                55.250944,
                                25.014816
                            ],
                            [
                                55.251602,
                                25.013654
                            ],
                            [
                                55.251856,
                                25.013275
                            ],
                            [
                                55.25188,
                                25.013092
                            ],
                            [
                                55.251592,
                                25.012949
                            ],
                            [
                                55.251539,
                                25.013023
                            ],
                            [
                                55.251489,
                                25.013027
                            ],
                            [
                                55.251437,
                                25.013015
                            ],
                            [
                                55.251427,
                                25.012989
                            ],
                            [
                                55.251433,
                                25.012952
                            ],
                            [
                                55.251411,
                                25.012941
                            ],
                            [
                                55.251374,
                                25.012923
                            ],
                            [
                                55.251355,
                                25.012918
                            ],
                            [
                                55.25134,
                                25.012933
                            ],
                            [
                                55.251318,
                                25.012942
                            ],
                            [
                                55.251283,
                                25.012924
                            ],
                            [
                                55.251291,
                                25.012894
                            ],
                            [
                                55.251155,
                                25.012816
                            ],
                            [
                                55.251104,
                                25.012891
                            ],
                            [
                                55.250474,
                                25.01376
                            ],
                            [
                                55.250161,
                                25.014364
                            ],
                            [
                                55.249993,
                                25.014853
                            ],
                            [
                                55.24977,
                                25.015397
                            ],
                            [
                                55.24947,
                                25.016031
                            ],
                            [
                                55.249309,
                                25.016214
                            ],
                            [
                                55.250249,
                                25.016547
                            ]
                        ]
                    ]
                ]
            }
        },
        {
            "type": "Feature",
            "properties": {
                "observation_date": "2019-01-26",
                "source": "19JAN26071820-M1BS-014858848010_01_P004",
                "sensor_name": "WorldView",
                "type": "observation",
                "current_phase": "Active Construction",
                "is_occluded": "False",
                "is_site_boundary": "True",
                "score": 1.0
            },
            "geometry": {
                "type": "MultiPolygon",
                "coordinates": [
                    [
                        [
                            [
                                55.250209,
                                25.016548
                            ],
                            [
                                55.250898,
                                25.014817
                            ],
                            [
                                55.251549,
                                25.013656
                            ],
                            [
                                55.251801,
                                25.013277
                            ],
                            [
                                55.251825,
                                25.013094
                            ],
                            [
                                55.251539,
                                25.012952
                            ],
                            [
                                55.251487,
                                25.013025
                            ],
                            [
                                55.251437,
                                25.01303
                            ],
                            [
                                55.251386,
                                25.013017
                            ],
                            [
                                55.251376,
                                25.012992
                            ],
                            [
                                55.251382,
                                25.012954
                            ],
                            [
                                55.25136,
                                25.012944
                            ],
                            [
                                55.251323,
                                25.012925
                            ],
                            [
                                55.251305,
                                25.012921
                            ],
                            [
                                55.25129,
                                25.012935
                            ],
                            [
                                55.251268,
                                25.012944
                            ],
                            [
                                55.251234,
                                25.012926
                            ],
                            [
                                55.251241,
                                25.012896
                            ],
                            [
                                55.251107,
                                25.012819
                            ],
                            [
                                55.251056,
                                25.012894
                            ],
                            [
                                55.250432,
                                25.013762
                            ],
                            [
                                55.250123,
                                25.014366
                            ],
                            [
                                55.249956,
                                25.014854
                            ],
                            [
                                55.249735,
                                25.015398
                            ],
                            [
                                55.249439,
                                25.016032
                            ],
                            [
                                55.249279,
                                25.016215
                            ],
                            [
                                55.250209,
                                25.016548
                            ]
                        ]
                    ]
                ]
            }
        },
        {
            "type": "Feature",
            "properties": {
                "observation_date": "2019-01-29",
                "source": "S2B_40RCN_20190129_0_L2A_TCI",
                "sensor_name": "Sentinel-2",
                "type": "observation",
                "current_phase": "Active Construction",
                "is_occluded": "False",
                "is_site_boundary": "True",
                "score": 1.0
            },
            "geometry": {
                "type": "MultiPolygon",
                "coordinates": [
                    [
                        [
                            [
                                55.250208,
                                25.016544
                            ],
                            [
                                55.250896,
                                25.014811
                            ],
                            [
                                55.251547,
                                25.013648
                            ],
                            [
                                55.251799,
                                25.013269
                            ],
                            [
                                55.251823,
                                25.013086
                            ],
                            [
                                55.251537,
                                25.012942
                            ],
                            [
                                55.251485,
                                25.013016
                            ],
                            [
                                55.251435,
                                25.013021
                            ],
                            [
                                55.251384,
                                25.013008
                            ],
                            [
                                55.251374,
                                25.012983
                            ],
                            [
                                55.25138,
                                25.012945
                            ],
                            [
                                55.251358,
                                25.012934
                            ],
                            [
                                55.251321,
                                25.012916
                            ],
                            [
                                55.251303,
                                25.012912
                            ],
                            [
                                55.251288,
                                25.012926
                            ],
                            [
                                55.251266,
                                25.012935
                            ],
                            [
                                55.251232,
                                25.012917
                            ],
                            [
                                55.251239,
                                25.012887
                            ],
                            [
                                55.251105,
                                25.012809
                            ],
                            [
                                55.251054,
                                25.012884
                            ],
                            [
                                55.250431,
                                25.013754
                            ],
                            [
                                55.250121,
                                25.014359
                            ],
                            [
                                55.249955,
                                25.014848
                            ],
                            [
                                55.249734,
                                25.015393
                            ],
                            [
                                55.249437,
                                25.016028
                            ],
                            [
                                55.249278,
                                25.016211
                            ],
                            [
                                55.250208,
                                25.016544
                            ]
                        ]
                    ]
                ]
            }
        },
        {
            "type": "Feature",
            "properties": {
                "observation_date": "2019-02-09",
                "source": "LC08_L1TP_160043_20190209_20200829_02_T1_TCI",
                "sensor_name": "Landsat 8",
                "type": "observation",
                "current_phase": "Active Construction",
                "is_occluded": "False",
                "is_site_boundary": "True",
                "score": 1.0
            },
            "geometry": {
                "type": "MultiPolygon",
                "coordinates": [
                    [
                        [
                            [
                                55.250249,
                                25.016547
                            ],
                            [
                                55.250944,
                                25.014816
                            ],
                            [
                                55.251602,
                                25.013654
                            ],
                            [
                                55.251856,
                                25.013275
                            ],
                            [
                                55.25188,
                                25.013092
                            ],
                            [
                                55.251592,
                                25.012949
                            ],
                            [
                                55.251539,
                                25.013023
                            ],
                            [
                                55.251489,
                                25.013027
                            ],
                            [
                                55.251437,
                                25.013015
                            ],
                            [
                                55.251427,
                                25.012989
                            ],
                            [
                                55.251433,
                                25.012952
                            ],
                            [
                                55.251411,
                                25.012941
                            ],
                            [
                                55.251374,
                                25.012923
                            ],
                            [
                                55.251355,
                                25.012918
                            ],
                            [
                                55.25134,
                                25.012933
                            ],
                            [
                                55.251318,
                                25.012942
                            ],
                            [
                                55.251283,
                                25.012924
                            ],
                            [
                                55.251291,
                                25.012894
                            ],
                            [
                                55.251155,
                                25.012816
                            ],
                            [
                                55.251104,
                                25.012891
                            ],
                            [
                                55.250474,
                                25.01376
                            ],
                            [
                                55.250161,
                                25.014364
                            ],
                            [
                                55.249993,
                                25.014853
                            ],
                            [
                                55.24977,
                                25.015397
                            ],
                            [
                                55.24947,
                                25.016031
                            ],
                            [
                                55.249309,
                                25.016214
                            ],
                            [
                                55.250249,
                                25.016547
                            ]
                        ]
                    ]
                ]
            }
        },
        {
            "type": "Feature",
            "properties": {
                "observation_date": "2019-02-18",
                "source": "S2B_40RCN_20190218_0_L2A_TCI",
                "sensor_name": "Sentinel-2",
                "type": "observation",
                "current_phase": "Active Construction",
                "is_occluded": "False",
                "is_site_boundary": "True",
                "score": 1.0
            },
            "geometry": {
                "type": "MultiPolygon",
                "coordinates": [
                    [
                        [
                            [
                                55.250169,
                                25.016522
                            ],
                            [
                                55.250857,
                                25.014789
                            ],
                            [
                                55.251508,
                                25.013626
                            ],
                            [
                                55.25176,
                                25.013247
                            ],
                            [
                                55.251784,
                                25.013064
                            ],
                            [
                                55.251499,
                                25.012921
                            ],
                            [
                                55.251446,
                                25.012994
                            ],
                            [
                                55.251396,
                                25.012999
                            ],
                            [
                                55.251345,
                                25.012987
                            ],
                            [
                                55.251335,
                                25.012961
                            ],
                            [
                                55.251341,
                                25.012923
                            ],
                            [
                                55.251319,
                                25.012913
                            ],
                            [
                                55.251283,
                                25.012894
                            ],
                            [
                                55.251264,
                                25.01289
                            ],
                            [
                                55.251249,
                                25.012904
                            ],
                            [
                                55.251227,
                                25.012913
                            ],
                            [
                                55.251193,
                                25.012895
                            ],
                            [
                                55.2512,
                                25.012865
                            ],
                            [
                                55.251066,
                                25.012788
                            ],
                            [
                                55.251016,
                                25.012863
                            ],
                            [
                                55.250392,
                                25.013732
                            ],
                            [
                                55.250083,
                                25.014337
                            ],
                            [
                                55.249916,
                                25.014826
                            ],
                            [
                                55.249695,
                                25.015371
                            ],
                            [
                                55.249399,
                                25.016006
                            ],
                            [
                                55.249239,
                                25.016189
                            ],
                            [
                                55.250169,
                                25.016522
                            ]
                        ]
                    ]
                ]
            }
        },
        {
            "type": "Feature",
            "properties": {
                "observation_date": "2019-03-05",
                "source": "S2A_40RCN_20190305_0_L2A_TCI",
                "sensor_name": "Sentinel-2",
                "type": "observation",
                "current_phase": "Active Construction",
                "is_occluded": "False",
                "is_site_boundary": "True",
                "score": 1.0
            },
            "geometry": {
                "type": "MultiPolygon",
                "coordinates": [
                    [
                        [
                            [
                                55.250208,
                                25.016544
                            ],
                            [
                                55.250896,
                                25.014811
                            ],
                            [
                                55.251547,
                                25.013648
                            ],
                            [
                                55.251799,
                                25.013269
                            ],
                            [
                                55.251823,
                                25.013086
                            ],
                            [
                                55.251537,
                                25.012942
                            ],
                            [
                                55.251485,
                                25.013016
                            ],
                            [
                                55.251435,
                                25.013021
                            ],
                            [
                                55.251384,
                                25.013008
                            ],
                            [
                                55.251374,
                                25.012983
                            ],
                            [
                                55.25138,
                                25.012945
                            ],
                            [
                                55.251358,
                                25.012934
                            ],
                            [
                                55.251321,
                                25.012916
                            ],
                            [
                                55.251303,
                                25.012912
                            ],
                            [
                                55.251288,
                                25.012926
                            ],
                            [
                                55.251266,
                                25.012935
                            ],
                            [
                                55.251232,
                                25.012917
                            ],
                            [
                                55.251239,
                                25.012887
                            ],
                            [
                                55.251105,
                                25.012809
                            ],
                            [
                                55.251054,
                                25.012884
                            ],
                            [
                                55.250431,
                                25.013754
                            ],
                            [
                                55.250121,
                                25.014359
                            ],
                            [
                                55.249955,
                                25.014848
                            ],
                            [
                                55.249734,
                                25.015393
                            ],
                            [
                                55.249437,
                                25.016028
                            ],
                            [
                                55.249278,
                                25.016211
                            ],
                            [
                                55.250208,
                                25.016544
                            ]
                        ]
                    ]
                ]
            }
        },
        {
            "type": "Feature",
            "properties": {
                "observation_date": "2019-03-13",
                "source": "LC08_L1TP_160043_20190313_20200829_02_T1_TCI",
                "sensor_name": "Landsat 8",
                "type": "observation",
                "current_phase": "Active Construction",
                "is_occluded": "False",
                "is_site_boundary": "True",
                "score": 1.0
            },
            "geometry": {
                "type": "MultiPolygon",
                "coordinates": [
                    [
                        [
                            [
                                55.250249,
                                25.016547
                            ],
                            [
                                55.250944,
                                25.014816
                            ],
                            [
                                55.251602,
                                25.013654
                            ],
                            [
                                55.251856,
                                25.013275
                            ],
                            [
                                55.25188,
                                25.013092
                            ],
                            [
                                55.251592,
                                25.012949
                            ],
                            [
                                55.251539,
                                25.013023
                            ],
                            [
                                55.251489,
                                25.013027
                            ],
                            [
                                55.251437,
                                25.013015
                            ],
                            [
                                55.251427,
                                25.012989
                            ],
                            [
                                55.251433,
                                25.012952
                            ],
                            [
                                55.251411,
                                25.012941
                            ],
                            [
                                55.251374,
                                25.012923
                            ],
                            [
                                55.251355,
                                25.012918
                            ],
                            [
                                55.25134,
                                25.012933
                            ],
                            [
                                55.251318,
                                25.012942
                            ],
                            [
                                55.251283,
                                25.012924
                            ],
                            [
                                55.251291,
                                25.012894
                            ],
                            [
                                55.251155,
                                25.012816
                            ],
                            [
                                55.251104,
                                25.012891
                            ],
                            [
                                55.250474,
                                25.01376
                            ],
                            [
                                55.250161,
                                25.014364
                            ],
                            [
                                55.249993,
                                25.014853
                            ],
                            [
                                55.24977,
                                25.015397
                            ],
                            [
                                55.24947,
                                25.016031
                            ],
                            [
                                55.249309,
                                25.016214
                            ],
                            [
                                55.250249,
                                25.016547
                            ]
                        ]
                    ]
                ]
            }
        },
        {
            "type": "Feature",
            "properties": {
                "observation_date": "2019-04-14",
                "source": "LC08_L1TP_160043_20190414_20200828_02_T1_TCI",
                "sensor_name": "Landsat 8",
                "type": "observation",
                "current_phase": "Active Construction",
                "is_occluded": "False",
                "is_site_boundary": "True",
                "score": 1.0
            },
            "geometry": {
                "type": "MultiPolygon",
                "coordinates": [
                    [
                        [
                            [
                                55.250249,
                                25.016547
                            ],
                            [
                                55.250944,
                                25.014816
                            ],
                            [
                                55.251602,
                                25.013654
                            ],
                            [
                                55.251856,
                                25.013275
                            ],
                            [
                                55.25188,
                                25.013092
                            ],
                            [
                                55.251592,
                                25.012949
                            ],
                            [
                                55.251539,
                                25.013023
                            ],
                            [
                                55.251489,
                                25.013027
                            ],
                            [
                                55.251437,
                                25.013015
                            ],
                            [
                                55.251427,
                                25.012989
                            ],
                            [
                                55.251433,
                                25.012952
                            ],
                            [
                                55.251411,
                                25.012941
                            ],
                            [
                                55.251374,
                                25.012923
                            ],
                            [
                                55.251355,
                                25.012918
                            ],
                            [
                                55.25134,
                                25.012933
                            ],
                            [
                                55.251318,
                                25.012942
                            ],
                            [
                                55.251283,
                                25.012924
                            ],
                            [
                                55.251291,
                                25.012894
                            ],
                            [
                                55.251155,
                                25.012816
                            ],
                            [
                                55.251104,
                                25.012891
                            ],
                            [
                                55.250474,
                                25.01376
                            ],
                            [
                                55.250161,
                                25.014364
                            ],
                            [
                                55.249993,
                                25.014853
                            ],
                            [
                                55.24977,
                                25.015397
                            ],
                            [
                                55.24947,
                                25.016031
                            ],
                            [
                                55.249309,
                                25.016214
                            ],
                            [
                                55.250249,
                                25.016547
                            ]
                        ]
                    ]
                ]
            }
        },
        {
            "type": "Feature",
            "properties": {
                "observation_date": "2019-04-19",
                "source": "S2B_40RCN_20190419_0_L2A_TCI",
                "sensor_name": "Sentinel-2",
                "type": "observation",
                "current_phase": "Active Construction",
                "is_occluded": "False",
                "is_site_boundary": "True",
                "score": 1.0
            },
            "geometry": {
                "type": "MultiPolygon",
                "coordinates": [
                    [
                        [
                            [
                                55.250208,
                                25.016544
                            ],
                            [
                                55.250896,
                                25.014811
                            ],
                            [
                                55.251547,
                                25.013648
                            ],
                            [
                                55.251799,
                                25.013269
                            ],
                            [
                                55.251823,
                                25.013086
                            ],
                            [
                                55.251537,
                                25.012942
                            ],
                            [
                                55.251485,
                                25.013016
                            ],
                            [
                                55.251435,
                                25.013021
                            ],
                            [
                                55.251384,
                                25.013008
                            ],
                            [
                                55.251374,
                                25.012983
                            ],
                            [
                                55.25138,
                                25.012945
                            ],
                            [
                                55.251358,
                                25.012934
                            ],
                            [
                                55.251321,
                                25.012916
                            ],
                            [
                                55.251303,
                                25.012912
                            ],
                            [
                                55.251288,
                                25.012926
                            ],
                            [
                                55.251266,
                                25.012935
                            ],
                            [
                                55.251232,
                                25.012917
                            ],
                            [
                                55.251239,
                                25.012887
                            ],
                            [
                                55.251105,
                                25.012809
                            ],
                            [
                                55.251054,
                                25.012884
                            ],
                            [
                                55.250431,
                                25.013754
                            ],
                            [
                                55.250121,
                                25.014359
                            ],
                            [
                                55.249955,
                                25.014848
                            ],
                            [
                                55.249734,
                                25.015393
                            ],
                            [
                                55.249437,
                                25.016028
                            ],
                            [
                                55.249278,
                                25.016211
                            ],
                            [
                                55.250208,
                                25.016544
                            ]
                        ]
                    ]
                ]
            }
        },
        {
            "type": "Feature",
            "properties": {
                "observation_date": "2019-05-16",
                "source": "LC08_L1TP_160043_20190516_20200828_02_T1_TCI",
                "sensor_name": "Landsat 8",
                "type": "observation",
                "current_phase": "Active Construction",
                "is_occluded": "False",
                "is_site_boundary": "True",
                "score": 1.0
            },
            "geometry": {
                "type": "MultiPolygon",
                "coordinates": [
                    [
                        [
                            [
                                55.250249,
                                25.016547
                            ],
                            [
                                55.250944,
                                25.014816
                            ],
                            [
                                55.251602,
                                25.013654
                            ],
                            [
                                55.251856,
                                25.013275
                            ],
                            [
                                55.25188,
                                25.013092
                            ],
                            [
                                55.251592,
                                25.012949
                            ],
                            [
                                55.251539,
                                25.013023
                            ],
                            [
                                55.251489,
                                25.013027
                            ],
                            [
                                55.251437,
                                25.013015
                            ],
                            [
                                55.251427,
                                25.012989
                            ],
                            [
                                55.251433,
                                25.012952
                            ],
                            [
                                55.251411,
                                25.012941
                            ],
                            [
                                55.251374,
                                25.012923
                            ],
                            [
                                55.251355,
                                25.012918
                            ],
                            [
                                55.25134,
                                25.012933
                            ],
                            [
                                55.251318,
                                25.012942
                            ],
                            [
                                55.251283,
                                25.012924
                            ],
                            [
                                55.251291,
                                25.012894
                            ],
                            [
                                55.251155,
                                25.012816
                            ],
                            [
                                55.251104,
                                25.012891
                            ],
                            [
                                55.250474,
                                25.01376
                            ],
                            [
                                55.250161,
                                25.014364
                            ],
                            [
                                55.249993,
                                25.014853
                            ],
                            [
                                55.24977,
                                25.015397
                            ],
                            [
                                55.24947,
                                25.016031
                            ],
                            [
                                55.249309,
                                25.016214
                            ],
                            [
                                55.250249,
                                25.016547
                            ]
                        ]
                    ]
                ]
            }
        },
        {
            "type": "Feature",
            "properties": {
                "observation_date": "2019-05-24",
                "source": "S2A_40RCN_20190524_0_L2A_TCI",
                "sensor_name": "Sentinel-2",
                "type": "observation",
                "current_phase": "Active Construction",
                "is_occluded": "False",
                "is_site_boundary": "True",
                "score": 1.0
            },
            "geometry": {
                "type": "MultiPolygon",
                "coordinates": [
                    [
                        [
                            [
                                55.250208,
                                25.016544
                            ],
                            [
                                55.250896,
                                25.014811
                            ],
                            [
                                55.251547,
                                25.013648
                            ],
                            [
                                55.251799,
                                25.013269
                            ],
                            [
                                55.251823,
                                25.013086
                            ],
                            [
                                55.251537,
                                25.012942
                            ],
                            [
                                55.251485,
                                25.013016
                            ],
                            [
                                55.251435,
                                25.013021
                            ],
                            [
                                55.251384,
                                25.013008
                            ],
                            [
                                55.251374,
                                25.012983
                            ],
                            [
                                55.25138,
                                25.012945
                            ],
                            [
                                55.251358,
                                25.012934
                            ],
                            [
                                55.251321,
                                25.012916
                            ],
                            [
                                55.251303,
                                25.012912
                            ],
                            [
                                55.251288,
                                25.012926
                            ],
                            [
                                55.251266,
                                25.012935
                            ],
                            [
                                55.251232,
                                25.012917
                            ],
                            [
                                55.251239,
                                25.012887
                            ],
                            [
                                55.251105,
                                25.012809
                            ],
                            [
                                55.251054,
                                25.012884
                            ],
                            [
                                55.250431,
                                25.013754
                            ],
                            [
                                55.250121,
                                25.014359
                            ],
                            [
                                55.249955,
                                25.014848
                            ],
                            [
                                55.249734,
                                25.015393
                            ],
                            [
                                55.249437,
                                25.016028
                            ],
                            [
                                55.249278,
                                25.016211
                            ],
                            [
                                55.250208,
                                25.016544
                            ]
                        ]
                    ]
                ]
            }
        },
        {
            "type": "Feature",
            "properties": {
                "observation_date": "2019-06-17",
                "source": "LC08_L1TP_160043_20190617_20200827_02_T1_TCI",
                "sensor_name": "Landsat 8",
                "type": "observation",
                "current_phase": "Active Construction",
                "is_occluded": "False",
                "is_site_boundary": "True",
                "score": 1.0
            },
            "geometry": {
                "type": "MultiPolygon",
                "coordinates": [
                    [
                        [
                            [
                                55.250249,
                                25.016547
                            ],
                            [
                                55.250944,
                                25.014816
                            ],
                            [
                                55.251602,
                                25.013654
                            ],
                            [
                                55.251856,
                                25.013275
                            ],
                            [
                                55.25188,
                                25.013092
                            ],
                            [
                                55.251592,
                                25.012949
                            ],
                            [
                                55.251539,
                                25.013023
                            ],
                            [
                                55.251489,
                                25.013027
                            ],
                            [
                                55.251437,
                                25.013015
                            ],
                            [
                                55.251427,
                                25.012989
                            ],
                            [
                                55.251433,
                                25.012952
                            ],
                            [
                                55.251411,
                                25.012941
                            ],
                            [
                                55.251374,
                                25.012923
                            ],
                            [
                                55.251355,
                                25.012918
                            ],
                            [
                                55.25134,
                                25.012933
                            ],
                            [
                                55.251318,
                                25.012942
                            ],
                            [
                                55.251283,
                                25.012924
                            ],
                            [
                                55.251291,
                                25.012894
                            ],
                            [
                                55.251155,
                                25.012816
                            ],
                            [
                                55.251104,
                                25.012891
                            ],
                            [
                                55.250474,
                                25.01376
                            ],
                            [
                                55.250161,
                                25.014364
                            ],
                            [
                                55.249993,
                                25.014853
                            ],
                            [
                                55.24977,
                                25.015397
                            ],
                            [
                                55.24947,
                                25.016031
                            ],
                            [
                                55.249309,
                                25.016214
                            ],
                            [
                                55.250249,
                                25.016547
                            ]
                        ]
                    ]
                ]
            }
        },
        {
            "type": "Feature",
            "properties": {
                "observation_date": "2019-06-24",
                "source": "19JUN24095543-P1BS_R4C1-502704253040_02_P001",
                "sensor_name": "WorldView",
                "type": "observation",
                "current_phase": "Active Construction",
                "is_occluded": "False",
                "is_site_boundary": "True",
                "score": 1.0
            },
            "geometry": {
                "type": "MultiPolygon",
                "coordinates": [
                    [
                        [
                            [
                                55.250209,
                                25.016548
                            ],
                            [
                                55.250898,
                                25.014817
                            ],
                            [
                                55.251549,
                                25.013656
                            ],
                            [
                                55.251801,
                                25.013277
                            ],
                            [
                                55.251825,
                                25.013095
                            ],
                            [
                                55.251539,
                                25.012952
                            ],
                            [
                                55.251487,
                                25.013025
                            ],
                            [
                                55.251437,
                                25.01303
                            ],
                            [
                                55.251386,
                                25.013018
                            ],
                            [
                                55.251376,
                                25.012992
                            ],
                            [
                                55.251382,
                                25.012954
                            ],
                            [
                                55.25136,
                                25.012944
                            ],
                            [
                                55.251323,
                                25.012926
                            ],
                            [
                                55.251305,
                                25.012921
                            ],
                            [
                                55.25129,
                                25.012935
                            ],
                            [
                                55.251268,
                                25.012944
                            ],
                            [
                                55.251234,
                                25.012926
                            ],
                            [
                                55.251241,
                                25.012896
                            ],
                            [
                                55.251107,
                                25.012819
                            ],
                            [
                                55.251056,
                                25.012894
                            ],
                            [
                                55.250432,
                                25.013762
                            ],
                            [
                                55.250123,
                                25.014366
                            ],
                            [
                                55.249956,
                                25.014854
                            ],
                            [
                                55.249735,
                                25.015398
                            ],
                            [
                                55.249439,
                                25.016032
                            ],
                            [
                                55.249279,
                                25.016215
                            ],
                            [
                                55.250209,
                                25.016548
                            ]
                        ]
                    ]
                ]
            }
        },
        {
            "type": "Feature",
            "properties": {
                "observation_date": "2019-06-28",
                "source": "S2B_40RCN_20190628_0_L2A_TCI",
                "sensor_name": "Sentinel-2",
                "type": "observation",
                "current_phase": "Active Construction",
                "is_occluded": "False",
                "is_site_boundary": "True",
                "score": 1.0
            },
            "geometry": {
                "type": "MultiPolygon",
                "coordinates": [
                    [
                        [
                            [
                                55.250208,
                                25.016544
                            ],
                            [
                                55.250896,
                                25.014811
                            ],
                            [
                                55.251547,
                                25.013648
                            ],
                            [
                                55.251799,
                                25.013269
                            ],
                            [
                                55.251823,
                                25.013086
                            ],
                            [
                                55.251537,
                                25.012942
                            ],
                            [
                                55.251485,
                                25.013016
                            ],
                            [
                                55.251435,
                                25.013021
                            ],
                            [
                                55.251384,
                                25.013008
                            ],
                            [
                                55.251374,
                                25.012983
                            ],
                            [
                                55.25138,
                                25.012945
                            ],
                            [
                                55.251358,
                                25.012934
                            ],
                            [
                                55.251321,
                                25.012916
                            ],
                            [
                                55.251303,
                                25.012912
                            ],
                            [
                                55.251288,
                                25.012926
                            ],
                            [
                                55.251266,
                                25.012935
                            ],
                            [
                                55.251232,
                                25.012917
                            ],
                            [
                                55.251239,
                                25.012887
                            ],
                            [
                                55.251105,
                                25.012809
                            ],
                            [
                                55.251054,
                                25.012884
                            ],
                            [
                                55.250431,
                                25.013754
                            ],
                            [
                                55.250121,
                                25.014359
                            ],
                            [
                                55.249955,
                                25.014848
                            ],
                            [
                                55.249734,
                                25.015393
                            ],
                            [
                                55.249437,
                                25.016028
                            ],
                            [
                                55.249278,
                                25.016211
                            ],
                            [
                                55.250208,
                                25.016544
                            ]
                        ]
                    ]
                ]
            }
        },
        {
            "type": "Feature",
            "properties": {
                "observation_date": "2019-07-03",
                "source": "LC08_L1TP_160043_20190703_20200827_02_T1_TCI",
                "sensor_name": "Landsat 8",
                "type": "observation",
                "current_phase": "Active Construction",
                "is_occluded": "False",
                "is_site_boundary": "True",
                "score": 1.0
            },
            "geometry": {
                "type": "MultiPolygon",
                "coordinates": [
                    [
                        [
                            [
                                55.250249,
                                25.016547
                            ],
                            [
                                55.250944,
                                25.014816
                            ],
                            [
                                55.251602,
                                25.013654
                            ],
                            [
                                55.251856,
                                25.013275
                            ],
                            [
                                55.25188,
                                25.013092
                            ],
                            [
                                55.251592,
                                25.012949
                            ],
                            [
                                55.251539,
                                25.013023
                            ],
                            [
                                55.251489,
                                25.013027
                            ],
                            [
                                55.251437,
                                25.013015
                            ],
                            [
                                55.251427,
                                25.012989
                            ],
                            [
                                55.251433,
                                25.012952
                            ],
                            [
                                55.251411,
                                25.012941
                            ],
                            [
                                55.251374,
                                25.012923
                            ],
                            [
                                55.251355,
                                25.012918
                            ],
                            [
                                55.25134,
                                25.012933
                            ],
                            [
                                55.251318,
                                25.012942
                            ],
                            [
                                55.251283,
                                25.012924
                            ],
                            [
                                55.251291,
                                25.012894
                            ],
                            [
                                55.251155,
                                25.012816
                            ],
                            [
                                55.251104,
                                25.012891
                            ],
                            [
                                55.250474,
                                25.01376
                            ],
                            [
                                55.250161,
                                25.014364
                            ],
                            [
                                55.249993,
                                25.014853
                            ],
                            [
                                55.24977,
                                25.015397
                            ],
                            [
                                55.24947,
                                25.016031
                            ],
                            [
                                55.249309,
                                25.016214
                            ],
                            [
                                55.250249,
                                25.016547
                            ]
                        ]
                    ]
                ]
            }
        },
        {
            "type": "Feature",
            "properties": {
                "observation_date": "2019-07-28",
                "source": "S2B_40RCN_20190728_0_L2A_TCI",
                "sensor_name": "Sentinel-2",
                "type": "observation",
                "current_phase": "Active Construction",
                "is_occluded": "False",
                "is_site_boundary": "True",
                "score": 1.0
            },
            "geometry": {
                "type": "MultiPolygon",
                "coordinates": [
                    [
                        [
                            [
                                55.250208,
                                25.016544
                            ],
                            [
                                55.250896,
                                25.014811
                            ],
                            [
                                55.251547,
                                25.013648
                            ],
                            [
                                55.251799,
                                25.013269
                            ],
                            [
                                55.251823,
                                25.013086
                            ],
                            [
                                55.251537,
                                25.012942
                            ],
                            [
                                55.251485,
                                25.013016
                            ],
                            [
                                55.251435,
                                25.013021
                            ],
                            [
                                55.251384,
                                25.013008
                            ],
                            [
                                55.251374,
                                25.012983
                            ],
                            [
                                55.25138,
                                25.012945
                            ],
                            [
                                55.251358,
                                25.012934
                            ],
                            [
                                55.251321,
                                25.012916
                            ],
                            [
                                55.251303,
                                25.012912
                            ],
                            [
                                55.251288,
                                25.012926
                            ],
                            [
                                55.251266,
                                25.012935
                            ],
                            [
                                55.251232,
                                25.012917
                            ],
                            [
                                55.251239,
                                25.012887
                            ],
                            [
                                55.251105,
                                25.012809
                            ],
                            [
                                55.251054,
                                25.012884
                            ],
                            [
                                55.250431,
                                25.013754
                            ],
                            [
                                55.250121,
                                25.014359
                            ],
                            [
                                55.249955,
                                25.014848
                            ],
                            [
                                55.249734,
                                25.015393
                            ],
                            [
                                55.249437,
                                25.016028
                            ],
                            [
                                55.249278,
                                25.016211
                            ],
                            [
                                55.250208,
                                25.016544
                            ]
                        ]
                    ]
                ]
            }
        },
        {
            "type": "Feature",
            "properties": {
                "observation_date": "2019-08-20",
                "source": "LC08_L1TP_160043_20190820_20200827_02_T1_TCI",
                "sensor_name": "Landsat 8",
                "type": "observation",
                "current_phase": "Active Construction",
                "is_occluded": "False",
                "is_site_boundary": "True",
                "score": 1.0
            },
            "geometry": {
                "type": "MultiPolygon",
                "coordinates": [
                    [
                        [
                            [
                                55.250249,
                                25.016547
                            ],
                            [
                                55.250944,
                                25.014816
                            ],
                            [
                                55.251602,
                                25.013654
                            ],
                            [
                                55.251856,
                                25.013275
                            ],
                            [
                                55.25188,
                                25.013092
                            ],
                            [
                                55.251592,
                                25.012949
                            ],
                            [
                                55.251539,
                                25.013023
                            ],
                            [
                                55.251489,
                                25.013027
                            ],
                            [
                                55.251437,
                                25.013015
                            ],
                            [
                                55.251427,
                                25.012989
                            ],
                            [
                                55.251433,
                                25.012952
                            ],
                            [
                                55.251411,
                                25.012941
                            ],
                            [
                                55.251374,
                                25.012923
                            ],
                            [
                                55.251355,
                                25.012918
                            ],
                            [
                                55.25134,
                                25.012933
                            ],
                            [
                                55.251318,
                                25.012942
                            ],
                            [
                                55.251283,
                                25.012924
                            ],
                            [
                                55.251291,
                                25.012894
                            ],
                            [
                                55.251155,
                                25.012816
                            ],
                            [
                                55.251104,
                                25.012891
                            ],
                            [
                                55.250474,
                                25.01376
                            ],
                            [
                                55.250161,
                                25.014364
                            ],
                            [
                                55.249993,
                                25.014853
                            ],
                            [
                                55.24977,
                                25.015397
                            ],
                            [
                                55.24947,
                                25.016031
                            ],
                            [
                                55.249309,
                                25.016214
                            ],
                            [
                                55.250249,
                                25.016547
                            ]
                        ]
                    ]
                ]
            }
        },
        {
            "type": "Feature",
            "properties": {
                "observation_date": "2019-08-22",
                "source": "S2A_40RCN_20190822_0_L2A_TCI",
                "sensor_name": "Sentinel-2",
                "type": "observation",
                "current_phase": "Active Construction",
                "is_occluded": "False",
                "is_site_boundary": "True",
                "score": 1.0
            },
            "geometry": {
                "type": "MultiPolygon",
                "coordinates": [
                    [
                        [
                            [
                                55.250208,
                                25.016544
                            ],
                            [
                                55.250896,
                                25.014811
                            ],
                            [
                                55.251547,
                                25.013648
                            ],
                            [
                                55.251799,
                                25.013269
                            ],
                            [
                                55.251823,
                                25.013086
                            ],
                            [
                                55.251537,
                                25.012942
                            ],
                            [
                                55.251485,
                                25.013016
                            ],
                            [
                                55.251435,
                                25.013021
                            ],
                            [
                                55.251384,
                                25.013008
                            ],
                            [
                                55.251374,
                                25.012983
                            ],
                            [
                                55.25138,
                                25.012945
                            ],
                            [
                                55.251358,
                                25.012934
                            ],
                            [
                                55.251321,
                                25.012916
                            ],
                            [
                                55.251303,
                                25.012912
                            ],
                            [
                                55.251288,
                                25.012926
                            ],
                            [
                                55.251266,
                                25.012935
                            ],
                            [
                                55.251232,
                                25.012917
                            ],
                            [
                                55.251239,
                                25.012887
                            ],
                            [
                                55.251105,
                                25.012809
                            ],
                            [
                                55.251054,
                                25.012884
                            ],
                            [
                                55.250431,
                                25.013754
                            ],
                            [
                                55.250121,
                                25.014359
                            ],
                            [
                                55.249955,
                                25.014848
                            ],
                            [
                                55.249734,
                                25.015393
                            ],
                            [
                                55.249437,
                                25.016028
                            ],
                            [
                                55.249278,
                                25.016211
                            ],
                            [
                                55.250208,
                                25.016544
                            ]
                        ]
                    ]
                ]
            }
        },
        {
            "type": "Feature",
            "properties": {
                "observation_date": "2019-09-11",
                "source": "S2A_40RCN_20190911_0_L2A_TCI",
                "sensor_name": "Sentinel-2",
                "type": "observation",
                "current_phase": "Active Construction",
                "is_occluded": "False",
                "is_site_boundary": "True",
                "score": 1.0
            },
            "geometry": {
                "type": "MultiPolygon",
                "coordinates": [
                    [
                        [
                            [
                                55.250208,
                                25.016544
                            ],
                            [
                                55.250896,
                                25.014811
                            ],
                            [
                                55.251547,
                                25.013648
                            ],
                            [
                                55.251799,
                                25.013269
                            ],
                            [
                                55.251823,
                                25.013086
                            ],
                            [
                                55.251537,
                                25.012942
                            ],
                            [
                                55.251485,
                                25.013016
                            ],
                            [
                                55.251435,
                                25.013021
                            ],
                            [
                                55.251384,
                                25.013008
                            ],
                            [
                                55.251374,
                                25.012983
                            ],
                            [
                                55.25138,
                                25.012945
                            ],
                            [
                                55.251358,
                                25.012934
                            ],
                            [
                                55.251321,
                                25.012916
                            ],
                            [
                                55.251303,
                                25.012912
                            ],
                            [
                                55.251288,
                                25.012926
                            ],
                            [
                                55.251266,
                                25.012935
                            ],
                            [
                                55.251232,
                                25.012917
                            ],
                            [
                                55.251239,
                                25.012887
                            ],
                            [
                                55.251105,
                                25.012809
                            ],
                            [
                                55.251054,
                                25.012884
                            ],
                            [
                                55.250431,
                                25.013754
                            ],
                            [
                                55.250121,
                                25.014359
                            ],
                            [
                                55.249955,
                                25.014848
                            ],
                            [
                                55.249734,
                                25.015393
                            ],
                            [
                                55.249437,
                                25.016028
                            ],
                            [
                                55.249278,
                                25.016211
                            ],
                            [
                                55.250208,
                                25.016544
                            ]
                        ]
                    ]
                ]
            }
        },
        {
            "type": "Feature",
            "properties": {
                "observation_date": "2019-09-21",
                "source": "LC08_L1TP_160043_20190921_20200826_02_T1_TCI",
                "sensor_name": "Landsat 8",
                "type": "observation",
                "current_phase": "Active Construction",
                "is_occluded": "False",
                "is_site_boundary": "True",
                "score": 1.0
            },
            "geometry": {
                "type": "MultiPolygon",
                "coordinates": [
                    [
                        [
                            [
                                55.250249,
                                25.016547
                            ],
                            [
                                55.250944,
                                25.014816
                            ],
                            [
                                55.251602,
                                25.013654
                            ],
                            [
                                55.251856,
                                25.013275
                            ],
                            [
                                55.25188,
                                25.013092
                            ],
                            [
                                55.251592,
                                25.012949
                            ],
                            [
                                55.251539,
                                25.013023
                            ],
                            [
                                55.251489,
                                25.013027
                            ],
                            [
                                55.251437,
                                25.013015
                            ],
                            [
                                55.251427,
                                25.012989
                            ],
                            [
                                55.251433,
                                25.012952
                            ],
                            [
                                55.251411,
                                25.012941
                            ],
                            [
                                55.251374,
                                25.012923
                            ],
                            [
                                55.251355,
                                25.012918
                            ],
                            [
                                55.25134,
                                25.012933
                            ],
                            [
                                55.251318,
                                25.012942
                            ],
                            [
                                55.251283,
                                25.012924
                            ],
                            [
                                55.251291,
                                25.012894
                            ],
                            [
                                55.251155,
                                25.012816
                            ],
                            [
                                55.251104,
                                25.012891
                            ],
                            [
                                55.250474,
                                25.01376
                            ],
                            [
                                55.250161,
                                25.014364
                            ],
                            [
                                55.249993,
                                25.014853
                            ],
                            [
                                55.24977,
                                25.015397
                            ],
                            [
                                55.24947,
                                25.016031
                            ],
                            [
                                55.249309,
                                25.016214
                            ],
                            [
                                55.250249,
                                25.016547
                            ]
                        ]
                    ]
                ]
            }
        },
        {
            "type": "Feature",
            "properties": {
                "observation_date": "2019-10-07",
                "source": "LC08_L1TP_160043_20191007_20200825_02_T1_TCI",
                "sensor_name": "Landsat 8",
                "type": "observation",
                "current_phase": "Active Construction",
                "is_occluded": "False",
                "is_site_boundary": "True",
                "score": 1.0
            },
            "geometry": {
                "type": "MultiPolygon",
                "coordinates": [
                    [
                        [
                            [
                                55.250249,
                                25.016547
                            ],
                            [
                                55.250944,
                                25.014816
                            ],
                            [
                                55.251602,
                                25.013654
                            ],
                            [
                                55.251856,
                                25.013275
                            ],
                            [
                                55.25188,
                                25.013092
                            ],
                            [
                                55.251592,
                                25.012949
                            ],
                            [
                                55.251539,
                                25.013023
                            ],
                            [
                                55.251489,
                                25.013027
                            ],
                            [
                                55.251437,
                                25.013015
                            ],
                            [
                                55.251427,
                                25.012989
                            ],
                            [
                                55.251433,
                                25.012952
                            ],
                            [
                                55.251411,
                                25.012941
                            ],
                            [
                                55.251374,
                                25.012923
                            ],
                            [
                                55.251355,
                                25.012918
                            ],
                            [
                                55.25134,
                                25.012933
                            ],
                            [
                                55.251318,
                                25.012942
                            ],
                            [
                                55.251283,
                                25.012924
                            ],
                            [
                                55.251291,
                                25.012894
                            ],
                            [
                                55.251155,
                                25.012816
                            ],
                            [
                                55.251104,
                                25.012891
                            ],
                            [
                                55.250474,
                                25.01376
                            ],
                            [
                                55.250161,
                                25.014364
                            ],
                            [
                                55.249993,
                                25.014853
                            ],
                            [
                                55.24977,
                                25.015397
                            ],
                            [
                                55.24947,
                                25.016031
                            ],
                            [
                                55.249309,
                                25.016214
                            ],
                            [
                                55.250249,
                                25.016547
                            ]
                        ]
                    ]
                ]
            }
        },
        {
            "type": "Feature",
            "properties": {
                "observation_date": "2019-10-08",
                "source": "19OCT08100746-P1BS_R4C1-502704253040_06_P001",
                "sensor_name": "WorldView",
                "type": "observation",
                "current_phase": "Active Construction",
                "is_occluded": "False",
                "is_site_boundary": "True",
                "score": 1.0
            },
            "geometry": {
                "type": "MultiPolygon",
                "coordinates": [
                    [
                        [
                            [
                                55.250209,
                                25.016548
                            ],
                            [
                                55.250898,
                                25.014817
                            ],
                            [
                                55.251549,
                                25.013656
                            ],
                            [
                                55.251801,
                                25.013277
                            ],
                            [
                                55.251825,
                                25.013095
                            ],
                            [
                                55.251539,
                                25.012952
                            ],
                            [
                                55.251487,
                                25.013025
                            ],
                            [
                                55.251437,
                                25.01303
                            ],
                            [
                                55.251386,
                                25.013018
                            ],
                            [
                                55.251376,
                                25.012992
                            ],
                            [
                                55.251382,
                                25.012954
                            ],
                            [
                                55.25136,
                                25.012944
                            ],
                            [
                                55.251323,
                                25.012926
                            ],
                            [
                                55.251305,
                                25.012921
                            ],
                            [
                                55.25129,
                                25.012935
                            ],
                            [
                                55.251268,
                                25.012944
                            ],
                            [
                                55.251234,
                                25.012926
                            ],
                            [
                                55.251241,
                                25.012896
                            ],
                            [
                                55.251107,
                                25.012819
                            ],
                            [
                                55.251056,
                                25.012894
                            ],
                            [
                                55.250432,
                                25.013762
                            ],
                            [
                                55.250123,
                                25.014366
                            ],
                            [
                                55.249956,
                                25.014854
                            ],
                            [
                                55.249735,
                                25.015398
                            ],
                            [
                                55.249439,
                                25.016032
                            ],
                            [
                                55.249279,
                                25.016215
                            ],
                            [
                                55.250209,
                                25.016548
                            ]
                        ]
                    ]
                ]
            }
        },
        {
            "type": "Feature",
            "properties": {
                "observation_date": "2019-10-31",
                "source": "S2A_40RCN_20191031_0_L2A_TCI",
                "sensor_name": "Sentinel-2",
                "type": "observation",
                "current_phase": "Active Construction",
                "is_occluded": "False",
                "is_site_boundary": "True",
                "score": 1.0
            },
            "geometry": {
                "type": "MultiPolygon",
                "coordinates": [
                    [
                        [
                            [
                                55.250208,
                                25.016544
                            ],
                            [
                                55.250896,
                                25.014811
                            ],
                            [
                                55.251547,
                                25.013648
                            ],
                            [
                                55.251799,
                                25.013269
                            ],
                            [
                                55.251823,
                                25.013086
                            ],
                            [
                                55.251537,
                                25.012942
                            ],
                            [
                                55.251485,
                                25.013016
                            ],
                            [
                                55.251435,
                                25.013021
                            ],
                            [
                                55.251384,
                                25.013008
                            ],
                            [
                                55.251374,
                                25.012983
                            ],
                            [
                                55.25138,
                                25.012945
                            ],
                            [
                                55.251358,
                                25.012934
                            ],
                            [
                                55.251321,
                                25.012916
                            ],
                            [
                                55.251303,
                                25.012912
                            ],
                            [
                                55.251288,
                                25.012926
                            ],
                            [
                                55.251266,
                                25.012935
                            ],
                            [
                                55.251232,
                                25.012917
                            ],
                            [
                                55.251239,
                                25.012887
                            ],
                            [
                                55.251105,
                                25.012809
                            ],
                            [
                                55.251054,
                                25.012884
                            ],
                            [
                                55.250431,
                                25.013754
                            ],
                            [
                                55.250121,
                                25.014359
                            ],
                            [
                                55.249955,
                                25.014848
                            ],
                            [
                                55.249734,
                                25.015393
                            ],
                            [
                                55.249437,
                                25.016028
                            ],
                            [
                                55.249278,
                                25.016211
                            ],
                            [
                                55.250208,
                                25.016544
                            ]
                        ]
                    ]
                ]
            }
        },
        {
            "type": "Feature",
            "properties": {
                "observation_date": "2019-11-08",
                "source": "LC08_L1TP_160043_20191108_20200825_02_T1_TCI",
                "sensor_name": "Landsat 8",
                "type": "observation",
                "current_phase": "Active Construction",
                "is_occluded": "False",
                "is_site_boundary": "True",
                "score": 1.0
            },
            "geometry": {
                "type": "MultiPolygon",
                "coordinates": [
                    [
                        [
                            [
                                55.250249,
                                25.016547
                            ],
                            [
                                55.250944,
                                25.014816
                            ],
                            [
                                55.251602,
                                25.013654
                            ],
                            [
                                55.251856,
                                25.013275
                            ],
                            [
                                55.25188,
                                25.013092
                            ],
                            [
                                55.251592,
                                25.012949
                            ],
                            [
                                55.251539,
                                25.013023
                            ],
                            [
                                55.251489,
                                25.013027
                            ],
                            [
                                55.251437,
                                25.013015
                            ],
                            [
                                55.251427,
                                25.012989
                            ],
                            [
                                55.251433,
                                25.012952
                            ],
                            [
                                55.251411,
                                25.012941
                            ],
                            [
                                55.251374,
                                25.012923
                            ],
                            [
                                55.251355,
                                25.012918
                            ],
                            [
                                55.25134,
                                25.012933
                            ],
                            [
                                55.251318,
                                25.012942
                            ],
                            [
                                55.251283,
                                25.012924
                            ],
                            [
                                55.251291,
                                25.012894
                            ],
                            [
                                55.251155,
                                25.012816
                            ],
                            [
                                55.251104,
                                25.012891
                            ],
                            [
                                55.250474,
                                25.01376
                            ],
                            [
                                55.250161,
                                25.014364
                            ],
                            [
                                55.249993,
                                25.014853
                            ],
                            [
                                55.24977,
                                25.015397
                            ],
                            [
                                55.24947,
                                25.016031
                            ],
                            [
                                55.249309,
                                25.016214
                            ],
                            [
                                55.250249,
                                25.016547
                            ]
                        ]
                    ]
                ]
            }
        },
        {
            "type": "Feature",
            "properties": {
                "observation_date": "2019-11-15",
                "source": "S2B_40RCN_20191115_0_L2A_TCI",
                "sensor_name": "Sentinel-2",
                "type": "observation",
                "current_phase": "Active Construction",
                "is_occluded": "False",
                "is_site_boundary": "True",
                "score": 1.0
            },
            "geometry": {
                "type": "MultiPolygon",
                "coordinates": [
                    [
                        [
                            [
                                55.250208,
                                25.016544
                            ],
                            [
                                55.250896,
                                25.014811
                            ],
                            [
                                55.251547,
                                25.013648
                            ],
                            [
                                55.251799,
                                25.013269
                            ],
                            [
                                55.251823,
                                25.013086
                            ],
                            [
                                55.251537,
                                25.012942
                            ],
                            [
                                55.251485,
                                25.013016
                            ],
                            [
                                55.251435,
                                25.013021
                            ],
                            [
                                55.251384,
                                25.013008
                            ],
                            [
                                55.251374,
                                25.012983
                            ],
                            [
                                55.25138,
                                25.012945
                            ],
                            [
                                55.251358,
                                25.012934
                            ],
                            [
                                55.251321,
                                25.012916
                            ],
                            [
                                55.251303,
                                25.012912
                            ],
                            [
                                55.251288,
                                25.012926
                            ],
                            [
                                55.251266,
                                25.012935
                            ],
                            [
                                55.251232,
                                25.012917
                            ],
                            [
                                55.251239,
                                25.012887
                            ],
                            [
                                55.251105,
                                25.012809
                            ],
                            [
                                55.251054,
                                25.012884
                            ],
                            [
                                55.250431,
                                25.013754
                            ],
                            [
                                55.250121,
                                25.014359
                            ],
                            [
                                55.249955,
                                25.014848
                            ],
                            [
                                55.249734,
                                25.015393
                            ],
                            [
                                55.249437,
                                25.016028
                            ],
                            [
                                55.249278,
                                25.016211
                            ],
                            [
                                55.250208,
                                25.016544
                            ]
                        ]
                    ]
                ]
            }
        },
        {
            "type": "Feature",
            "properties": {
                "observation_date": "2019-12-25",
                "source": "S2B_40RCN_20191225_0_L2A_TCI",
                "sensor_name": "Sentinel-2",
                "type": "observation",
                "current_phase": "Active Construction",
                "is_occluded": "False",
                "is_site_boundary": "True",
                "score": 1.0
            },
            "geometry": {
                "type": "MultiPolygon",
                "coordinates": [
                    [
                        [
                            [
                                55.250208,
                                25.016544
                            ],
                            [
                                55.250896,
                                25.014811
                            ],
                            [
                                55.251547,
                                25.013648
                            ],
                            [
                                55.251799,
                                25.013269
                            ],
                            [
                                55.251823,
                                25.013086
                            ],
                            [
                                55.251537,
                                25.012942
                            ],
                            [
                                55.251485,
                                25.013016
                            ],
                            [
                                55.251435,
                                25.013021
                            ],
                            [
                                55.251384,
                                25.013008
                            ],
                            [
                                55.251374,
                                25.012983
                            ],
                            [
                                55.25138,
                                25.012945
                            ],
                            [
                                55.251358,
                                25.012934
                            ],
                            [
                                55.251321,
                                25.012916
                            ],
                            [
                                55.251303,
                                25.012912
                            ],
                            [
                                55.251288,
                                25.012926
                            ],
                            [
                                55.251266,
                                25.012935
                            ],
                            [
                                55.251232,
                                25.012917
                            ],
                            [
                                55.251239,
                                25.012887
                            ],
                            [
                                55.251105,
                                25.012809
                            ],
                            [
                                55.251054,
                                25.012884
                            ],
                            [
                                55.250431,
                                25.013754
                            ],
                            [
                                55.250121,
                                25.014359
                            ],
                            [
                                55.249955,
                                25.014848
                            ],
                            [
                                55.249734,
                                25.015393
                            ],
                            [
                                55.249437,
                                25.016028
                            ],
                            [
                                55.249278,
                                25.016211
                            ],
                            [
                                55.250208,
                                25.016544
                            ]
                        ]
                    ]
                ]
            }
        },
        {
            "type": "Feature",
            "properties": {
                "observation_date": "2019-12-26",
                "source": "LC08_L1TP_160043_20191226_20200825_02_T1_TCI",
                "sensor_name": "Landsat 8",
                "type": "observation",
                "current_phase": "Active Construction",
                "is_occluded": "False",
                "is_site_boundary": "True",
                "score": 1.0
            },
            "geometry": {
                "type": "MultiPolygon",
                "coordinates": [
                    [
                        [
                            [
                                55.250249,
                                25.016547
                            ],
                            [
                                55.250944,
                                25.014816
                            ],
                            [
                                55.251602,
                                25.013654
                            ],
                            [
                                55.251856,
                                25.013275
                            ],
                            [
                                55.25188,
                                25.013092
                            ],
                            [
                                55.251592,
                                25.012949
                            ],
                            [
                                55.251539,
                                25.013023
                            ],
                            [
                                55.251489,
                                25.013027
                            ],
                            [
                                55.251437,
                                25.013015
                            ],
                            [
                                55.251427,
                                25.012989
                            ],
                            [
                                55.251433,
                                25.012952
                            ],
                            [
                                55.251411,
                                25.012941
                            ],
                            [
                                55.251374,
                                25.012923
                            ],
                            [
                                55.251355,
                                25.012918
                            ],
                            [
                                55.25134,
                                25.012933
                            ],
                            [
                                55.251318,
                                25.012942
                            ],
                            [
                                55.251283,
                                25.012924
                            ],
                            [
                                55.251291,
                                25.012894
                            ],
                            [
                                55.251155,
                                25.012816
                            ],
                            [
                                55.251104,
                                25.012891
                            ],
                            [
                                55.250474,
                                25.01376
                            ],
                            [
                                55.250161,
                                25.014364
                            ],
                            [
                                55.249993,
                                25.014853
                            ],
                            [
                                55.24977,
                                25.015397
                            ],
                            [
                                55.24947,
                                25.016031
                            ],
                            [
                                55.249309,
                                25.016214
                            ],
                            [
                                55.250249,
                                25.016547
                            ]
                        ]
                    ]
                ]
            }
        },
        {
            "type": "Feature",
            "properties": {
                "observation_date": "2020-01-14",
                "source": "S2B_40RCN_20200114_1_L2A_TCI",
                "sensor_name": "Sentinel-2",
                "type": "observation",
                "current_phase": "Active Construction",
                "is_occluded": "False",
                "is_site_boundary": "True",
                "score": 1.0
            },
            "geometry": {
                "type": "MultiPolygon",
                "coordinates": [
                    [
                        [
                            [
                                55.250208,
                                25.016544
                            ],
                            [
                                55.250896,
                                25.014811
                            ],
                            [
                                55.251547,
                                25.013648
                            ],
                            [
                                55.251799,
                                25.013269
                            ],
                            [
                                55.251823,
                                25.013086
                            ],
                            [
                                55.251537,
                                25.012942
                            ],
                            [
                                55.251485,
                                25.013016
                            ],
                            [
                                55.251435,
                                25.013021
                            ],
                            [
                                55.251384,
                                25.013008
                            ],
                            [
                                55.251374,
                                25.012983
                            ],
                            [
                                55.25138,
                                25.012945
                            ],
                            [
                                55.251358,
                                25.012934
                            ],
                            [
                                55.251321,
                                25.012916
                            ],
                            [
                                55.251303,
                                25.012912
                            ],
                            [
                                55.251288,
                                25.012926
                            ],
                            [
                                55.251266,
                                25.012935
                            ],
                            [
                                55.251232,
                                25.012917
                            ],
                            [
                                55.251239,
                                25.012887
                            ],
                            [
                                55.251105,
                                25.012809
                            ],
                            [
                                55.251054,
                                25.012884
                            ],
                            [
                                55.250431,
                                25.013754
                            ],
                            [
                                55.250121,
                                25.014359
                            ],
                            [
                                55.249955,
                                25.014848
                            ],
                            [
                                55.249734,
                                25.015393
                            ],
                            [
                                55.249437,
                                25.016028
                            ],
                            [
                                55.249278,
                                25.016211
                            ],
                            [
                                55.250208,
                                25.016544
                            ]
                        ]
                    ]
                ]
            }
        },
        {
            "type": "Feature",
            "properties": {
                "observation_date": "2020-02-03",
                "source": "S2B_40RCN_20200203_0_L2A_TCI",
                "sensor_name": "Sentinel-2",
                "type": "observation",
                "current_phase": "Active Construction",
                "is_occluded": "False",
                "is_site_boundary": "True",
                "score": 1.0
            },
            "geometry": {
                "type": "MultiPolygon",
                "coordinates": [
                    [
                        [
                            [
                                55.250208,
                                25.016544
                            ],
                            [
                                55.250896,
                                25.014811
                            ],
                            [
                                55.251547,
                                25.013648
                            ],
                            [
                                55.251799,
                                25.013269
                            ],
                            [
                                55.251823,
                                25.013086
                            ],
                            [
                                55.251537,
                                25.012942
                            ],
                            [
                                55.251485,
                                25.013016
                            ],
                            [
                                55.251435,
                                25.013021
                            ],
                            [
                                55.251384,
                                25.013008
                            ],
                            [
                                55.251374,
                                25.012983
                            ],
                            [
                                55.25138,
                                25.012945
                            ],
                            [
                                55.251358,
                                25.012934
                            ],
                            [
                                55.251321,
                                25.012916
                            ],
                            [
                                55.251303,
                                25.012912
                            ],
                            [
                                55.251288,
                                25.012926
                            ],
                            [
                                55.251266,
                                25.012935
                            ],
                            [
                                55.251232,
                                25.012917
                            ],
                            [
                                55.251239,
                                25.012887
                            ],
                            [
                                55.251105,
                                25.012809
                            ],
                            [
                                55.251054,
                                25.012884
                            ],
                            [
                                55.250431,
                                25.013754
                            ],
                            [
                                55.250121,
                                25.014359
                            ],
                            [
                                55.249955,
                                25.014848
                            ],
                            [
                                55.249734,
                                25.015393
                            ],
                            [
                                55.249437,
                                25.016028
                            ],
                            [
                                55.249278,
                                25.016211
                            ],
                            [
                                55.250208,
                                25.016544
                            ]
                        ]
                    ]
                ]
            }
        },
        {
            "type": "Feature",
            "properties": {
                "observation_date": "2020-02-28",
                "source": "LC08_L1TP_160043_20200228_20200822_02_T1_TCI",
                "sensor_name": "Landsat 8",
                "type": "observation",
                "current_phase": "Active Construction",
                "is_occluded": "False",
                "is_site_boundary": "True",
                "score": 1.0
            },
            "geometry": {
                "type": "MultiPolygon",
                "coordinates": [
                    [
                        [
                            [
                                55.250249,
                                25.016547
                            ],
                            [
                                55.250944,
                                25.014816
                            ],
                            [
                                55.251602,
                                25.013654
                            ],
                            [
                                55.251856,
                                25.013275
                            ],
                            [
                                55.25188,
                                25.013092
                            ],
                            [
                                55.251592,
                                25.012949
                            ],
                            [
                                55.251539,
                                25.013023
                            ],
                            [
                                55.251489,
                                25.013027
                            ],
                            [
                                55.251437,
                                25.013015
                            ],
                            [
                                55.251427,
                                25.012989
                            ],
                            [
                                55.251433,
                                25.012952
                            ],
                            [
                                55.251411,
                                25.012941
                            ],
                            [
                                55.251374,
                                25.012923
                            ],
                            [
                                55.251355,
                                25.012918
                            ],
                            [
                                55.25134,
                                25.012933
                            ],
                            [
                                55.251318,
                                25.012942
                            ],
                            [
                                55.251283,
                                25.012924
                            ],
                            [
                                55.251291,
                                25.012894
                            ],
                            [
                                55.251155,
                                25.012816
                            ],
                            [
                                55.251104,
                                25.012891
                            ],
                            [
                                55.250474,
                                25.01376
                            ],
                            [
                                55.250161,
                                25.014364
                            ],
                            [
                                55.249993,
                                25.014853
                            ],
                            [
                                55.24977,
                                25.015397
                            ],
                            [
                                55.24947,
                                25.016031
                            ],
                            [
                                55.249309,
                                25.016214
                            ],
                            [
                                55.250249,
                                25.016547
                            ]
                        ]
                    ]
                ]
            }
        },
        {
            "type": "Feature",
            "properties": {
                "observation_date": "2020-03-31",
                "source": "LC08_L1TP_160043_20200331_20200822_02_T1_TCI",
                "sensor_name": "Landsat 8",
                "type": "observation",
                "current_phase": "Active Construction",
                "is_occluded": "False",
                "is_site_boundary": "True",
                "score": 1.0
            },
            "geometry": {
                "type": "MultiPolygon",
                "coordinates": [
                    [
                        [
                            [
                                55.250249,
                                25.016547
                            ],
                            [
                                55.250944,
                                25.014816
                            ],
                            [
                                55.251602,
                                25.013654
                            ],
                            [
                                55.251856,
                                25.013275
                            ],
                            [
                                55.25188,
                                25.013092
                            ],
                            [
                                55.251592,
                                25.012949
                            ],
                            [
                                55.251539,
                                25.013023
                            ],
                            [
                                55.251489,
                                25.013027
                            ],
                            [
                                55.251437,
                                25.013015
                            ],
                            [
                                55.251427,
                                25.012989
                            ],
                            [
                                55.251433,
                                25.012952
                            ],
                            [
                                55.251411,
                                25.012941
                            ],
                            [
                                55.251374,
                                25.012923
                            ],
                            [
                                55.251355,
                                25.012918
                            ],
                            [
                                55.25134,
                                25.012933
                            ],
                            [
                                55.251318,
                                25.012942
                            ],
                            [
                                55.251283,
                                25.012924
                            ],
                            [
                                55.251291,
                                25.012894
                            ],
                            [
                                55.251155,
                                25.012816
                            ],
                            [
                                55.251104,
                                25.012891
                            ],
                            [
                                55.250474,
                                25.01376
                            ],
                            [
                                55.250161,
                                25.014364
                            ],
                            [
                                55.249993,
                                25.014853
                            ],
                            [
                                55.24977,
                                25.015397
                            ],
                            [
                                55.24947,
                                25.016031
                            ],
                            [
                                55.249309,
                                25.016214
                            ],
                            [
                                55.250249,
                                25.016547
                            ]
                        ]
                    ]
                ]
            }
        },
        {
            "type": "Feature",
            "properties": {
                "observation_date": "2020-04-18",
                "source": "S2A_40RCN_20200418_0_L2A_TCI",
                "sensor_name": "Sentinel-2",
                "type": "observation",
                "current_phase": "Active Construction",
                "is_occluded": "False",
                "is_site_boundary": "True",
                "score": 1.0
            },
            "geometry": {
                "type": "MultiPolygon",
                "coordinates": [
                    [
                        [
                            [
                                55.250208,
                                25.016544
                            ],
                            [
                                55.250896,
                                25.014811
                            ],
                            [
                                55.251547,
                                25.013648
                            ],
                            [
                                55.251799,
                                25.013269
                            ],
                            [
                                55.251823,
                                25.013086
                            ],
                            [
                                55.251537,
                                25.012942
                            ],
                            [
                                55.251485,
                                25.013016
                            ],
                            [
                                55.251435,
                                25.013021
                            ],
                            [
                                55.251384,
                                25.013008
                            ],
                            [
                                55.251374,
                                25.012983
                            ],
                            [
                                55.25138,
                                25.012945
                            ],
                            [
                                55.251358,
                                25.012934
                            ],
                            [
                                55.251321,
                                25.012916
                            ],
                            [
                                55.251303,
                                25.012912
                            ],
                            [
                                55.251288,
                                25.012926
                            ],
                            [
                                55.251266,
                                25.012935
                            ],
                            [
                                55.251232,
                                25.012917
                            ],
                            [
                                55.251239,
                                25.012887
                            ],
                            [
                                55.251105,
                                25.012809
                            ],
                            [
                                55.251054,
                                25.012884
                            ],
                            [
                                55.250431,
                                25.013754
                            ],
                            [
                                55.250121,
                                25.014359
                            ],
                            [
                                55.249955,
                                25.014848
                            ],
                            [
                                55.249734,
                                25.015393
                            ],
                            [
                                55.249437,
                                25.016028
                            ],
                            [
                                55.249278,
                                25.016211
                            ],
                            [
                                55.250208,
                                25.016544
                            ]
                        ]
                    ]
                ]
            }
        },
        {
            "type": "Feature",
            "properties": {
                "observation_date": "2020-04-21",
                "source": "20APR21071448-M1BS-014496300010_01_P001",
                "sensor_name": "WorldView",
                "type": "observation",
                "current_phase": "Active Construction",
                "is_occluded": "False",
                "is_site_boundary": "True",
                "score": 1.0
            },
            "geometry": {
                "type": "MultiPolygon",
                "coordinates": [
                    [
                        [
                            [
                                55.250174,
                                25.016486
                            ],
                            [
                                55.250862,
                                25.014755
                            ],
                            [
                                55.251513,
                                25.013594
                            ],
                            [
                                55.251766,
                                25.013215
                            ],
                            [
                                55.251789,
                                25.013032
                            ],
                            [
                                55.251504,
                                25.012889
                            ],
                            [
                                55.251452,
                                25.012963
                            ],
                            [
                                55.251402,
                                25.012967
                            ],
                            [
                                55.251351,
                                25.012955
                            ],
                            [
                                55.25134,
                                25.01293
                            ],
                            [
                                55.251347,
                                25.012892
                            ],
                            [
                                55.251325,
                                25.012881
                            ],
                            [
                                55.251288,
                                25.012863
                            ],
                            [
                                55.25127,
                                25.012859
                            ],
                            [
                                55.251255,
                                25.012873
                            ],
                            [
                                55.251233,
                                25.012882
                            ],
                            [
                                55.251198,
                                25.012864
                            ],
                            [
                                55.251206,
                                25.012834
                            ],
                            [
                                55.251072,
                                25.012756
                            ],
                            [
                                55.251021,
                                25.012831
                            ],
                            [
                                55.250397,
                                25.0137
                            ],
                            [
                                55.250087,
                                25.014304
                            ],
                            [
                                55.249921,
                                25.014792
                            ],
                            [
                                55.2497,
                                25.015336
                            ],
                            [
                                55.249403,
                                25.01597
                            ],
                            [
                                55.249244,
                                25.016153
                            ],
                            [
                                55.250174,
                                25.016486
                            ]
                        ]
                    ]
                ]
            }
        },
        {
            "type": "Feature",
            "properties": {
                "observation_date": "2020-05-02",
                "source": "20MAY02070950-M1BS-014496320010_01_P001",
                "sensor_name": "WorldView",
                "type": "observation",
                "current_phase": "Active Construction",
                "is_occluded": "False",
                "is_site_boundary": "True",
                "score": 1.0
            },
            "geometry": {
                "type": "MultiPolygon",
                "coordinates": [
                    [
                        [
                            [
                                55.25015,
                                25.016492
                            ],
                            [
                                55.250839,
                                25.014762
                            ],
                            [
                                55.25149,
                                25.013601
                            ],
                            [
                                55.251742,
                                25.013222
                            ],
                            [
                                55.251766,
                                25.013039
                            ],
                            [
                                55.25148,
                                25.012896
                            ],
                            [
                                55.251428,
                                25.01297
                            ],
                            [
                                55.251378,
                                25.012974
                            ],
                            [
                                55.251327,
                                25.012962
                            ],
                            [
                                55.251317,
                                25.012936
                            ],
                            [
                                55.251323,
                                25.012899
                            ],
                            [
                                55.251301,
                                25.012888
                            ],
                            [
                                55.251264,
                                25.01287
                            ],
                            [
                                55.251246,
                                25.012865
                            ],
                            [
                                55.251231,
                                25.01288
                            ],
                            [
                                55.251209,
                                25.012889
                            ],
                            [
                                55.251175,
                                25.012871
                            ],
                            [
                                55.251182,
                                25.012841
                            ],
                            [
                                55.251048,
                                25.012763
                            ],
                            [
                                55.250997,
                                25.012838
                            ],
                            [
                                55.250373,
                                25.013707
                            ],
                            [
                                55.250064,
                                25.014311
                            ],
                            [
                                55.249897,
                                25.014799
                            ],
                            [
                                55.249677,
                                25.015343
                            ],
                            [
                                55.24938,
                                25.015977
                            ],
                            [
                                55.24922,
                                25.01616
                            ],
                            [
                                55.25015,
                                25.016492
                            ]
                        ]
                    ]
                ]
            }
        },
        {
            "type": "Feature",
            "properties": {
                "observation_date": "2020-05-13",
                "source": "S2B_40RCN_20200513_0_L2A_TCI",
                "sensor_name": "Sentinel-2",
                "type": "observation",
                "current_phase": "Active Construction",
                "is_occluded": "False",
                "is_site_boundary": "True",
                "score": 1.0
            },
            "geometry": {
                "type": "MultiPolygon",
                "coordinates": [
                    [
                        [
                            [
                                55.250208,
                                25.016544
                            ],
                            [
                                55.250896,
                                25.014811
                            ],
                            [
                                55.251547,
                                25.013648
                            ],
                            [
                                55.251799,
                                25.013269
                            ],
                            [
                                55.251823,
                                25.013086
                            ],
                            [
                                55.251537,
                                25.012942
                            ],
                            [
                                55.251485,
                                25.013016
                            ],
                            [
                                55.251435,
                                25.013021
                            ],
                            [
                                55.251384,
                                25.013008
                            ],
                            [
                                55.251374,
                                25.012983
                            ],
                            [
                                55.25138,
                                25.012945
                            ],
                            [
                                55.251358,
                                25.012934
                            ],
                            [
                                55.251321,
                                25.012916
                            ],
                            [
                                55.251303,
                                25.012912
                            ],
                            [
                                55.251288,
                                25.012926
                            ],
                            [
                                55.251266,
                                25.012935
                            ],
                            [
                                55.251232,
                                25.012917
                            ],
                            [
                                55.251239,
                                25.012887
                            ],
                            [
                                55.251105,
                                25.012809
                            ],
                            [
                                55.251054,
                                25.012884
                            ],
                            [
                                55.250431,
                                25.013754
                            ],
                            [
                                55.250121,
                                25.014359
                            ],
                            [
                                55.249955,
                                25.014848
                            ],
                            [
                                55.249734,
                                25.015393
                            ],
                            [
                                55.249437,
                                25.016028
                            ],
                            [
                                55.249278,
                                25.016211
                            ],
                            [
                                55.250208,
                                25.016544
                            ]
                        ]
                    ]
                ]
            }
        },
        {
            "type": "Feature",
            "properties": {
                "observation_date": "2020-05-18",
                "source": "LC08_L1TP_160043_20200518_20200820_02_T1_TCI",
                "sensor_name": "Landsat 8",
                "type": "observation",
                "current_phase": "Active Construction",
                "is_occluded": "False",
                "is_site_boundary": "True",
                "score": 1.0
            },
            "geometry": {
                "type": "MultiPolygon",
                "coordinates": [
                    [
                        [
                            [
                                55.250249,
                                25.016547
                            ],
                            [
                                55.250944,
                                25.014816
                            ],
                            [
                                55.251602,
                                25.013654
                            ],
                            [
                                55.251856,
                                25.013275
                            ],
                            [
                                55.25188,
                                25.013092
                            ],
                            [
                                55.251592,
                                25.012949
                            ],
                            [
                                55.251539,
                                25.013023
                            ],
                            [
                                55.251489,
                                25.013027
                            ],
                            [
                                55.251437,
                                25.013015
                            ],
                            [
                                55.251427,
                                25.012989
                            ],
                            [
                                55.251433,
                                25.012952
                            ],
                            [
                                55.251411,
                                25.012941
                            ],
                            [
                                55.251374,
                                25.012923
                            ],
                            [
                                55.251355,
                                25.012918
                            ],
                            [
                                55.25134,
                                25.012933
                            ],
                            [
                                55.251318,
                                25.012942
                            ],
                            [
                                55.251283,
                                25.012924
                            ],
                            [
                                55.251291,
                                25.012894
                            ],
                            [
                                55.251155,
                                25.012816
                            ],
                            [
                                55.251104,
                                25.012891
                            ],
                            [
                                55.250474,
                                25.01376
                            ],
                            [
                                55.250161,
                                25.014364
                            ],
                            [
                                55.249993,
                                25.014853
                            ],
                            [
                                55.24977,
                                25.015397
                            ],
                            [
                                55.24947,
                                25.016031
                            ],
                            [
                                55.249309,
                                25.016214
                            ],
                            [
                                55.250249,
                                25.016547
                            ]
                        ]
                    ]
                ]
            }
        },
        {
            "type": "Feature",
            "properties": {
                "observation_date": "2020-06-03",
                "source": "LC08_L1TP_160043_20200603_20200824_02_T1_TCI",
                "sensor_name": "Landsat 8",
                "type": "observation",
                "current_phase": "Active Construction",
                "is_occluded": "False",
                "is_site_boundary": "True",
                "score": 1.0
            },
            "geometry": {
                "type": "MultiPolygon",
                "coordinates": [
                    [
                        [
                            [
                                55.250249,
                                25.016547
                            ],
                            [
                                55.250944,
                                25.014816
                            ],
                            [
                                55.251602,
                                25.013654
                            ],
                            [
                                55.251856,
                                25.013275
                            ],
                            [
                                55.25188,
                                25.013092
                            ],
                            [
                                55.251592,
                                25.012949
                            ],
                            [
                                55.251539,
                                25.013023
                            ],
                            [
                                55.251489,
                                25.013027
                            ],
                            [
                                55.251437,
                                25.013015
                            ],
                            [
                                55.251427,
                                25.012989
                            ],
                            [
                                55.251433,
                                25.012952
                            ],
                            [
                                55.251411,
                                25.012941
                            ],
                            [
                                55.251374,
                                25.012923
                            ],
                            [
                                55.251355,
                                25.012918
                            ],
                            [
                                55.25134,
                                25.012933
                            ],
                            [
                                55.251318,
                                25.012942
                            ],
                            [
                                55.251283,
                                25.012924
                            ],
                            [
                                55.251291,
                                25.012894
                            ],
                            [
                                55.251155,
                                25.012816
                            ],
                            [
                                55.251104,
                                25.012891
                            ],
                            [
                                55.250474,
                                25.01376
                            ],
                            [
                                55.250161,
                                25.014364
                            ],
                            [
                                55.249993,
                                25.014853
                            ],
                            [
                                55.24977,
                                25.015397
                            ],
                            [
                                55.24947,
                                25.016031
                            ],
                            [
                                55.249309,
                                25.016214
                            ],
                            [
                                55.250249,
                                25.016547
                            ]
                        ]
                    ]
                ]
            }
        },
        {
            "type": "Feature",
            "properties": {
                "observation_date": "2020-06-17",
                "source": "S2A_40RCN_20200617_0_L2A_TCI",
                "sensor_name": "Sentinel-2",
                "type": "observation",
                "current_phase": "Active Construction",
                "is_occluded": "False",
                "is_site_boundary": "True",
                "score": 1.0
            },
            "geometry": {
                "type": "MultiPolygon",
                "coordinates": [
                    [
                        [
                            [
                                55.250208,
                                25.016544
                            ],
                            [
                                55.250896,
                                25.014811
                            ],
                            [
                                55.251547,
                                25.013648
                            ],
                            [
                                55.251799,
                                25.013269
                            ],
                            [
                                55.251823,
                                25.013086
                            ],
                            [
                                55.251537,
                                25.012942
                            ],
                            [
                                55.251485,
                                25.013016
                            ],
                            [
                                55.251435,
                                25.013021
                            ],
                            [
                                55.251384,
                                25.013008
                            ],
                            [
                                55.251374,
                                25.012983
                            ],
                            [
                                55.25138,
                                25.012945
                            ],
                            [
                                55.251358,
                                25.012934
                            ],
                            [
                                55.251321,
                                25.012916
                            ],
                            [
                                55.251303,
                                25.012912
                            ],
                            [
                                55.251288,
                                25.012926
                            ],
                            [
                                55.251266,
                                25.012935
                            ],
                            [
                                55.251232,
                                25.012917
                            ],
                            [
                                55.251239,
                                25.012887
                            ],
                            [
                                55.251105,
                                25.012809
                            ],
                            [
                                55.251054,
                                25.012884
                            ],
                            [
                                55.250431,
                                25.013754
                            ],
                            [
                                55.250121,
                                25.014359
                            ],
                            [
                                55.249955,
                                25.014848
                            ],
                            [
                                55.249734,
                                25.015393
                            ],
                            [
                                55.249437,
                                25.016028
                            ],
                            [
                                55.249278,
                                25.016211
                            ],
                            [
                                55.250208,
                                25.016544
                            ]
                        ]
                    ]
                ]
            }
        },
        {
            "type": "Feature",
            "properties": {
                "observation_date": "2020-07-05",
                "source": "LC08_L1TP_160043_20200705_20200913_02_T1_TCI",
                "sensor_name": "Landsat 8",
                "type": "observation",
                "current_phase": "Active Construction",
                "is_occluded": "False",
                "is_site_boundary": "True",
                "score": 1.0
            },
            "geometry": {
                "type": "MultiPolygon",
                "coordinates": [
                    [
                        [
                            [
                                55.250249,
                                25.016547
                            ],
                            [
                                55.250944,
                                25.014816
                            ],
                            [
                                55.251602,
                                25.013654
                            ],
                            [
                                55.251856,
                                25.013275
                            ],
                            [
                                55.25188,
                                25.013092
                            ],
                            [
                                55.251592,
                                25.012949
                            ],
                            [
                                55.251539,
                                25.013023
                            ],
                            [
                                55.251489,
                                25.013027
                            ],
                            [
                                55.251437,
                                25.013015
                            ],
                            [
                                55.251427,
                                25.012989
                            ],
                            [
                                55.251433,
                                25.012952
                            ],
                            [
                                55.251411,
                                25.012941
                            ],
                            [
                                55.251374,
                                25.012923
                            ],
                            [
                                55.251355,
                                25.012918
                            ],
                            [
                                55.25134,
                                25.012933
                            ],
                            [
                                55.251318,
                                25.012942
                            ],
                            [
                                55.251283,
                                25.012924
                            ],
                            [
                                55.251291,
                                25.012894
                            ],
                            [
                                55.251155,
                                25.012816
                            ],
                            [
                                55.251104,
                                25.012891
                            ],
                            [
                                55.250474,
                                25.01376
                            ],
                            [
                                55.250161,
                                25.014364
                            ],
                            [
                                55.249993,
                                25.014853
                            ],
                            [
                                55.24977,
                                25.015397
                            ],
                            [
                                55.24947,
                                25.016031
                            ],
                            [
                                55.249309,
                                25.016214
                            ],
                            [
                                55.250249,
                                25.016547
                            ]
                        ]
                    ]
                ]
            }
        },
        {
            "type": "Feature",
            "properties": {
                "observation_date": "2020-07-27",
                "source": "S2A_40RCN_20200727_0_L2A_TCI",
                "sensor_name": "Sentinel-2",
                "type": "observation",
                "current_phase": "Active Construction",
                "is_occluded": "False",
                "is_site_boundary": "True",
                "score": 1.0
            },
            "geometry": {
                "type": "MultiPolygon",
                "coordinates": [
                    [
                        [
                            [
                                55.250208,
                                25.016544
                            ],
                            [
                                55.250896,
                                25.014811
                            ],
                            [
                                55.251547,
                                25.013648
                            ],
                            [
                                55.251799,
                                25.013269
                            ],
                            [
                                55.251823,
                                25.013086
                            ],
                            [
                                55.251537,
                                25.012942
                            ],
                            [
                                55.251485,
                                25.013016
                            ],
                            [
                                55.251435,
                                25.013021
                            ],
                            [
                                55.251384,
                                25.013008
                            ],
                            [
                                55.251374,
                                25.012983
                            ],
                            [
                                55.25138,
                                25.012945
                            ],
                            [
                                55.251358,
                                25.012934
                            ],
                            [
                                55.251321,
                                25.012916
                            ],
                            [
                                55.251303,
                                25.012912
                            ],
                            [
                                55.251288,
                                25.012926
                            ],
                            [
                                55.251266,
                                25.012935
                            ],
                            [
                                55.251232,
                                25.012917
                            ],
                            [
                                55.251239,
                                25.012887
                            ],
                            [
                                55.251105,
                                25.012809
                            ],
                            [
                                55.251054,
                                25.012884
                            ],
                            [
                                55.250431,
                                25.013754
                            ],
                            [
                                55.250121,
                                25.014359
                            ],
                            [
                                55.249955,
                                25.014848
                            ],
                            [
                                55.249734,
                                25.015393
                            ],
                            [
                                55.249437,
                                25.016028
                            ],
                            [
                                55.249278,
                                25.016211
                            ],
                            [
                                55.250208,
                                25.016544
                            ]
                        ]
                    ]
                ]
            }
        },
        {
            "type": "Feature",
            "properties": {
                "observation_date": "2020-08-06",
                "source": "S2A_40RCN_20200806_1_L2A_TCI",
                "sensor_name": "Sentinel-2",
                "type": "observation",
                "current_phase": "Active Construction",
                "is_occluded": "False",
                "is_site_boundary": "True",
                "score": 1.0
            },
            "geometry": {
                "type": "MultiPolygon",
                "coordinates": [
                    [
                        [
                            [
                                55.250208,
                                25.016544
                            ],
                            [
                                55.250896,
                                25.014811
                            ],
                            [
                                55.251547,
                                25.013648
                            ],
                            [
                                55.251799,
                                25.013269
                            ],
                            [
                                55.251823,
                                25.013086
                            ],
                            [
                                55.251537,
                                25.012942
                            ],
                            [
                                55.251485,
                                25.013016
                            ],
                            [
                                55.251435,
                                25.013021
                            ],
                            [
                                55.251384,
                                25.013008
                            ],
                            [
                                55.251374,
                                25.012983
                            ],
                            [
                                55.25138,
                                25.012945
                            ],
                            [
                                55.251358,
                                25.012934
                            ],
                            [
                                55.251321,
                                25.012916
                            ],
                            [
                                55.251303,
                                25.012912
                            ],
                            [
                                55.251288,
                                25.012926
                            ],
                            [
                                55.251266,
                                25.012935
                            ],
                            [
                                55.251232,
                                25.012917
                            ],
                            [
                                55.251239,
                                25.012887
                            ],
                            [
                                55.251105,
                                25.012809
                            ],
                            [
                                55.251054,
                                25.012884
                            ],
                            [
                                55.250431,
                                25.013754
                            ],
                            [
                                55.250121,
                                25.014359
                            ],
                            [
                                55.249955,
                                25.014848
                            ],
                            [
                                55.249734,
                                25.015393
                            ],
                            [
                                55.249437,
                                25.016028
                            ],
                            [
                                55.249278,
                                25.016211
                            ],
                            [
                                55.250208,
                                25.016544
                            ]
                        ]
                    ]
                ]
            }
        },
        {
            "type": "Feature",
            "properties": {
                "observation_date": "2020-08-22",
                "source": "LC08_L1TP_160043_20200822_20200905_02_T1_TCI",
                "sensor_name": "Landsat 8",
                "type": "observation",
                "current_phase": "Active Construction",
                "is_occluded": "False",
                "is_site_boundary": "True",
                "score": 1.0
            },
            "geometry": {
                "type": "MultiPolygon",
                "coordinates": [
                    [
                        [
                            [
                                55.250249,
                                25.016547
                            ],
                            [
                                55.250944,
                                25.014816
                            ],
                            [
                                55.251602,
                                25.013654
                            ],
                            [
                                55.251856,
                                25.013275
                            ],
                            [
                                55.25188,
                                25.013092
                            ],
                            [
                                55.251592,
                                25.012949
                            ],
                            [
                                55.251539,
                                25.013023
                            ],
                            [
                                55.251489,
                                25.013027
                            ],
                            [
                                55.251437,
                                25.013015
                            ],
                            [
                                55.251427,
                                25.012989
                            ],
                            [
                                55.251433,
                                25.012952
                            ],
                            [
                                55.251411,
                                25.012941
                            ],
                            [
                                55.251374,
                                25.012923
                            ],
                            [
                                55.251355,
                                25.012918
                            ],
                            [
                                55.25134,
                                25.012933
                            ],
                            [
                                55.251318,
                                25.012942
                            ],
                            [
                                55.251283,
                                25.012924
                            ],
                            [
                                55.251291,
                                25.012894
                            ],
                            [
                                55.251155,
                                25.012816
                            ],
                            [
                                55.251104,
                                25.012891
                            ],
                            [
                                55.250474,
                                25.01376
                            ],
                            [
                                55.250161,
                                25.014364
                            ],
                            [
                                55.249993,
                                25.014853
                            ],
                            [
                                55.24977,
                                25.015397
                            ],
                            [
                                55.24947,
                                25.016031
                            ],
                            [
                                55.249309,
                                25.016214
                            ],
                            [
                                55.250249,
                                25.016547
                            ]
                        ]
                    ]
                ]
            }
        },
        {
            "type": "Feature",
            "properties": {
                "observation_date": "2020-08-23",
                "source": "20AUG23095637-P1BS-014469613010_01_P001",
                "sensor_name": "WorldView",
                "type": "observation",
                "current_phase": "Active Construction",
                "is_occluded": "False",
                "is_site_boundary": "True",
                "score": 1.0
            },
            "geometry": {
                "type": "MultiPolygon",
                "coordinates": [
                    [
                        [
                            [
                                55.250209,
                                25.016548
                            ],
                            [
                                55.250898,
                                25.014817
                            ],
                            [
                                55.251549,
                                25.013656
                            ],
                            [
                                55.251801,
                                25.013277
                            ],
                            [
                                55.251825,
                                25.013095
                            ],
                            [
                                55.251539,
                                25.012952
                            ],
                            [
                                55.251487,
                                25.013025
                            ],
                            [
                                55.251437,
                                25.01303
                            ],
                            [
                                55.251386,
                                25.013018
                            ],
                            [
                                55.251376,
                                25.012992
                            ],
                            [
                                55.251382,
                                25.012954
                            ],
                            [
                                55.25136,
                                25.012944
                            ],
                            [
                                55.251323,
                                25.012926
                            ],
                            [
                                55.251305,
                                25.012921
                            ],
                            [
                                55.25129,
                                25.012935
                            ],
                            [
                                55.251268,
                                25.012944
                            ],
                            [
                                55.251234,
                                25.012926
                            ],
                            [
                                55.251241,
                                25.012896
                            ],
                            [
                                55.251107,
                                25.012819
                            ],
                            [
                                55.251056,
                                25.012894
                            ],
                            [
                                55.250432,
                                25.013762
                            ],
                            [
                                55.250123,
                                25.014366
                            ],
                            [
                                55.249956,
                                25.014854
                            ],
                            [
                                55.249735,
                                25.015398
                            ],
                            [
                                55.249439,
                                25.016032
                            ],
                            [
                                55.249279,
                                25.016215
                            ],
                            [
                                55.250209,
                                25.016548
                            ]
                        ]
                    ]
                ]
            }
        },
        {
            "type": "Feature",
            "properties": {
                "observation_date": "2020-09-10",
                "source": "20SEP10064314-P1BS-014464473010_01_P003",
                "sensor_name": "WorldView",
                "type": "observation",
                "current_phase": "Active Construction",
                "is_occluded": "False",
                "is_site_boundary": "True",
                "score": 1.0
            },
            "geometry": {
                "type": "MultiPolygon",
                "coordinates": [
                    [
                        [
                            [
                                55.250209,
                                25.016548
                            ],
                            [
                                55.250898,
                                25.014817
                            ],
                            [
                                55.251549,
                                25.013656
                            ],
                            [
                                55.251801,
                                25.013277
                            ],
                            [
                                55.251825,
                                25.013095
                            ],
                            [
                                55.251539,
                                25.012952
                            ],
                            [
                                55.251487,
                                25.013025
                            ],
                            [
                                55.251437,
                                25.01303
                            ],
                            [
                                55.251386,
                                25.013018
                            ],
                            [
                                55.251376,
                                25.012992
                            ],
                            [
                                55.251382,
                                25.012954
                            ],
                            [
                                55.25136,
                                25.012944
                            ],
                            [
                                55.251323,
                                25.012926
                            ],
                            [
                                55.251305,
                                25.012921
                            ],
                            [
                                55.25129,
                                25.012935
                            ],
                            [
                                55.251268,
                                25.012944
                            ],
                            [
                                55.251234,
                                25.012926
                            ],
                            [
                                55.251241,
                                25.012896
                            ],
                            [
                                55.251107,
                                25.012819
                            ],
                            [
                                55.251056,
                                25.012894
                            ],
                            [
                                55.250432,
                                25.013762
                            ],
                            [
                                55.250123,
                                25.014366
                            ],
                            [
                                55.249956,
                                25.014854
                            ],
                            [
                                55.249735,
                                25.015398
                            ],
                            [
                                55.249439,
                                25.016032
                            ],
                            [
                                55.249279,
                                25.016215
                            ],
                            [
                                55.250209,
                                25.016548
                            ]
                        ]
                    ]
                ]
            }
        },
        {
            "type": "Feature",
            "properties": {
                "observation_date": "2020-09-20",
                "source": "S2B_40RCN_20200920_0_L2A_TCI",
                "sensor_name": "Sentinel-2",
                "type": "observation",
                "current_phase": "Unknown",
                "is_occluded": "False",
                "is_site_boundary": "True",
                "score": 1.0
            },
            "geometry": {
                "type": "MultiPolygon",
                "coordinates": [
                    [
                        [
                            [
                                55.250208,
                                25.016544
                            ],
                            [
                                55.250896,
                                25.014811
                            ],
                            [
                                55.251547,
                                25.013648
                            ],
                            [
                                55.251799,
                                25.013269
                            ],
                            [
                                55.251823,
                                25.013086
                            ],
                            [
                                55.251537,
                                25.012942
                            ],
                            [
                                55.251485,
                                25.013016
                            ],
                            [
                                55.251435,
                                25.013021
                            ],
                            [
                                55.251384,
                                25.013008
                            ],
                            [
                                55.251374,
                                25.012983
                            ],
                            [
                                55.25138,
                                25.012945
                            ],
                            [
                                55.251358,
                                25.012934
                            ],
                            [
                                55.251321,
                                25.012916
                            ],
                            [
                                55.251303,
                                25.012912
                            ],
                            [
                                55.251288,
                                25.012926
                            ],
                            [
                                55.251266,
                                25.012935
                            ],
                            [
                                55.251232,
                                25.012917
                            ],
                            [
                                55.251239,
                                25.012887
                            ],
                            [
                                55.251105,
                                25.012809
                            ],
                            [
                                55.251054,
                                25.012884
                            ],
                            [
                                55.250431,
                                25.013754
                            ],
                            [
                                55.250121,
                                25.014359
                            ],
                            [
                                55.249955,
                                25.014848
                            ],
                            [
                                55.249734,
                                25.015393
                            ],
                            [
                                55.249437,
                                25.016028
                            ],
                            [
                                55.249278,
                                25.016211
                            ],
                            [
                                55.250208,
                                25.016544
                            ]
                        ]
                    ]
                ]
            }
        },
        {
            "type": "Feature",
            "properties": {
                "observation_date": "2020-09-23",
                "source": "LC08_L1TP_160043_20200923_20201006_02_T1_TCI",
                "sensor_name": "Landsat 8",
                "type": "observation",
                "current_phase": "Unknown",
                "is_occluded": "False",
                "is_site_boundary": "True",
                "score": 1.0
            },
            "geometry": {
                "type": "MultiPolygon",
                "coordinates": [
                    [
                        [
                            [
                                55.250249,
                                25.016547
                            ],
                            [
                                55.250944,
                                25.014816
                            ],
                            [
                                55.251602,
                                25.013654
                            ],
                            [
                                55.251856,
                                25.013275
                            ],
                            [
                                55.25188,
                                25.013092
                            ],
                            [
                                55.251592,
                                25.012949
                            ],
                            [
                                55.251539,
                                25.013023
                            ],
                            [
                                55.251489,
                                25.013027
                            ],
                            [
                                55.251437,
                                25.013015
                            ],
                            [
                                55.251427,
                                25.012989
                            ],
                            [
                                55.251433,
                                25.012952
                            ],
                            [
                                55.251411,
                                25.012941
                            ],
                            [
                                55.251374,
                                25.012923
                            ],
                            [
                                55.251355,
                                25.012918
                            ],
                            [
                                55.25134,
                                25.012933
                            ],
                            [
                                55.251318,
                                25.012942
                            ],
                            [
                                55.251283,
                                25.012924
                            ],
                            [
                                55.251291,
                                25.012894
                            ],
                            [
                                55.251155,
                                25.012816
                            ],
                            [
                                55.251104,
                                25.012891
                            ],
                            [
                                55.250474,
                                25.01376
                            ],
                            [
                                55.250161,
                                25.014364
                            ],
                            [
                                55.249993,
                                25.014853
                            ],
                            [
                                55.24977,
                                25.015397
                            ],
                            [
                                55.24947,
                                25.016031
                            ],
                            [
                                55.249309,
                                25.016214
                            ],
                            [
                                55.250249,
                                25.016547
                            ]
                        ]
                    ]
                ]
            }
        },
        {
            "type": "Feature",
            "properties": {
                "observation_date": "2020-10-05",
                "source": "S2A_40RCN_20201005_0_L2A_TCI",
                "sensor_name": "Sentinel-2",
                "type": "observation",
                "current_phase": "Post Construction",
                "is_occluded": "False",
                "is_site_boundary": "True",
                "score": 1.0
            },
            "geometry": {
                "type": "MultiPolygon",
                "coordinates": [
                    [
                        [
                            [
                                55.250208,
                                25.016544
                            ],
                            [
                                55.250896,
                                25.014811
                            ],
                            [
                                55.251547,
                                25.013648
                            ],
                            [
                                55.251799,
                                25.013269
                            ],
                            [
                                55.251823,
                                25.013086
                            ],
                            [
                                55.251537,
                                25.012942
                            ],
                            [
                                55.251485,
                                25.013016
                            ],
                            [
                                55.251435,
                                25.013021
                            ],
                            [
                                55.251384,
                                25.013008
                            ],
                            [
                                55.251374,
                                25.012983
                            ],
                            [
                                55.25138,
                                25.012945
                            ],
                            [
                                55.251358,
                                25.012934
                            ],
                            [
                                55.251321,
                                25.012916
                            ],
                            [
                                55.251303,
                                25.012912
                            ],
                            [
                                55.251288,
                                25.012926
                            ],
                            [
                                55.251266,
                                25.012935
                            ],
                            [
                                55.251232,
                                25.012917
                            ],
                            [
                                55.251239,
                                25.012887
                            ],
                            [
                                55.251105,
                                25.012809
                            ],
                            [
                                55.251054,
                                25.012884
                            ],
                            [
                                55.250431,
                                25.013754
                            ],
                            [
                                55.250121,
                                25.014359
                            ],
                            [
                                55.249955,
                                25.014848
                            ],
                            [
                                55.249734,
                                25.015393
                            ],
                            [
                                55.249437,
                                25.016028
                            ],
                            [
                                55.249278,
                                25.016211
                            ],
                            [
                                55.250208,
                                25.016544
                            ]
                        ]
                    ]
                ]
            }
        },
        {
            "type": "Feature",
            "properties": {
                "observation_date": "2020-10-07",
                "source": "20OCT07071051-M1BS-014466698010_01_P002",
                "sensor_name": "WorldView",
                "type": "observation",
                "current_phase": "Post Construction",
                "is_occluded": "False",
                "is_site_boundary": "True",
                "score": 1.0
            },
            "geometry": {
                "type": "MultiPolygon",
                "coordinates": [
                    [
                        [
                            [
                                55.250209,
                                25.016548
                            ],
                            [
                                55.250898,
                                25.014817
                            ],
                            [
                                55.251549,
                                25.013656
                            ],
                            [
                                55.251801,
                                25.013277
                            ],
                            [
                                55.251825,
                                25.013094
                            ],
                            [
                                55.251539,
                                25.012952
                            ],
                            [
                                55.251487,
                                25.013025
                            ],
                            [
                                55.251437,
                                25.01303
                            ],
                            [
                                55.251386,
                                25.013017
                            ],
                            [
                                55.251376,
                                25.012992
                            ],
                            [
                                55.251382,
                                25.012954
                            ],
                            [
                                55.25136,
                                25.012944
                            ],
                            [
                                55.251323,
                                25.012925
                            ],
                            [
                                55.251305,
                                25.012921
                            ],
                            [
                                55.25129,
                                25.012935
                            ],
                            [
                                55.251268,
                                25.012944
                            ],
                            [
                                55.251234,
                                25.012926
                            ],
                            [
                                55.251241,
                                25.012896
                            ],
                            [
                                55.251107,
                                25.012819
                            ],
                            [
                                55.251056,
                                25.012894
                            ],
                            [
                                55.250432,
                                25.013762
                            ],
                            [
                                55.250123,
                                25.014366
                            ],
                            [
                                55.249956,
                                25.014854
                            ],
                            [
                                55.249735,
                                25.015398
                            ],
                            [
                                55.249439,
                                25.016032
                            ],
                            [
                                55.249279,
                                25.016215
                            ],
                            [
                                55.250209,
                                25.016548
                            ]
                        ]
                    ]
                ]
            }
        },
        {
            "type": "Feature",
            "properties": {
                "observation_date": "2020-10-25",
                "source": "LC08_L1TP_160043_20201025_20201106_02_T1_TCI",
                "sensor_name": "Landsat 8",
                "type": "observation",
                "current_phase": "Post Construction",
                "is_occluded": "False",
                "is_site_boundary": "True",
                "score": 1.0
            },
            "geometry": {
                "type": "MultiPolygon",
                "coordinates": [
                    [
                        [
                            [
                                55.250249,
                                25.016547
                            ],
                            [
                                55.250944,
                                25.014816
                            ],
                            [
                                55.251602,
                                25.013654
                            ],
                            [
                                55.251856,
                                25.013275
                            ],
                            [
                                55.25188,
                                25.013092
                            ],
                            [
                                55.251592,
                                25.012949
                            ],
                            [
                                55.251539,
                                25.013023
                            ],
                            [
                                55.251489,
                                25.013027
                            ],
                            [
                                55.251437,
                                25.013015
                            ],
                            [
                                55.251427,
                                25.012989
                            ],
                            [
                                55.251433,
                                25.012952
                            ],
                            [
                                55.251411,
                                25.012941
                            ],
                            [
                                55.251374,
                                25.012923
                            ],
                            [
                                55.251355,
                                25.012918
                            ],
                            [
                                55.25134,
                                25.012933
                            ],
                            [
                                55.251318,
                                25.012942
                            ],
                            [
                                55.251283,
                                25.012924
                            ],
                            [
                                55.251291,
                                25.012894
                            ],
                            [
                                55.251155,
                                25.012816
                            ],
                            [
                                55.251104,
                                25.012891
                            ],
                            [
                                55.250474,
                                25.01376
                            ],
                            [
                                55.250161,
                                25.014364
                            ],
                            [
                                55.249993,
                                25.014853
                            ],
                            [
                                55.24977,
                                25.015397
                            ],
                            [
                                55.24947,
                                25.016031
                            ],
                            [
                                55.249309,
                                25.016214
                            ],
                            [
                                55.250249,
                                25.016547
                            ]
                        ]
                    ]
                ]
            }
        },
        {
            "type": "Feature",
            "properties": {
                "observation_date": "2020-11-04",
                "source": "S2A_40RCN_20201104_0_L2A_TCI",
                "sensor_name": "Sentinel-2",
                "type": "observation",
                "current_phase": "Post Construction",
                "is_occluded": "False",
                "is_site_boundary": "True",
                "score": 1.0
            },
            "geometry": {
                "type": "MultiPolygon",
                "coordinates": [
                    [
                        [
                            [
                                55.250208,
                                25.016544
                            ],
                            [
                                55.250896,
                                25.014811
                            ],
                            [
                                55.251547,
                                25.013648
                            ],
                            [
                                55.251799,
                                25.013269
                            ],
                            [
                                55.251823,
                                25.013086
                            ],
                            [
                                55.251537,
                                25.012942
                            ],
                            [
                                55.251485,
                                25.013016
                            ],
                            [
                                55.251435,
                                25.013021
                            ],
                            [
                                55.251384,
                                25.013008
                            ],
                            [
                                55.251374,
                                25.012983
                            ],
                            [
                                55.25138,
                                25.012945
                            ],
                            [
                                55.251358,
                                25.012934
                            ],
                            [
                                55.251321,
                                25.012916
                            ],
                            [
                                55.251303,
                                25.012912
                            ],
                            [
                                55.251288,
                                25.012926
                            ],
                            [
                                55.251266,
                                25.012935
                            ],
                            [
                                55.251232,
                                25.012917
                            ],
                            [
                                55.251239,
                                25.012887
                            ],
                            [
                                55.251105,
                                25.012809
                            ],
                            [
                                55.251054,
                                25.012884
                            ],
                            [
                                55.250431,
                                25.013754
                            ],
                            [
                                55.250121,
                                25.014359
                            ],
                            [
                                55.249955,
                                25.014848
                            ],
                            [
                                55.249734,
                                25.015393
                            ],
                            [
                                55.249437,
                                25.016028
                            ],
                            [
                                55.249278,
                                25.016211
                            ],
                            [
                                55.250208,
                                25.016544
                            ]
                        ]
                    ]
                ]
            }
        },
        {
            "type": "Feature",
            "properties": {
                "observation_date": "2020-11-10",
                "source": "LC08_L1TP_160043_20201110_20210316_02_T1_TCI",
                "sensor_name": "Landsat 8",
                "type": "observation",
                "current_phase": "Post Construction",
                "is_occluded": "False",
                "is_site_boundary": "True",
                "score": 1.0
            },
            "geometry": {
                "type": "MultiPolygon",
                "coordinates": [
                    [
                        [
                            [
                                55.250249,
                                25.016547
                            ],
                            [
                                55.250944,
                                25.014816
                            ],
                            [
                                55.251602,
                                25.013654
                            ],
                            [
                                55.251856,
                                25.013275
                            ],
                            [
                                55.25188,
                                25.013092
                            ],
                            [
                                55.251592,
                                25.012949
                            ],
                            [
                                55.251539,
                                25.013023
                            ],
                            [
                                55.251489,
                                25.013027
                            ],
                            [
                                55.251437,
                                25.013015
                            ],
                            [
                                55.251427,
                                25.012989
                            ],
                            [
                                55.251433,
                                25.012952
                            ],
                            [
                                55.251411,
                                25.012941
                            ],
                            [
                                55.251374,
                                25.012923
                            ],
                            [
                                55.251355,
                                25.012918
                            ],
                            [
                                55.25134,
                                25.012933
                            ],
                            [
                                55.251318,
                                25.012942
                            ],
                            [
                                55.251283,
                                25.012924
                            ],
                            [
                                55.251291,
                                25.012894
                            ],
                            [
                                55.251155,
                                25.012816
                            ],
                            [
                                55.251104,
                                25.012891
                            ],
                            [
                                55.250474,
                                25.01376
                            ],
                            [
                                55.250161,
                                25.014364
                            ],
                            [
                                55.249993,
                                25.014853
                            ],
                            [
                                55.24977,
                                25.015397
                            ],
                            [
                                55.24947,
                                25.016031
                            ],
                            [
                                55.249309,
                                25.016214
                            ],
                            [
                                55.250249,
                                25.016547
                            ]
                        ]
                    ]
                ]
            }
        },
        {
            "type": "Feature",
            "properties": {
                "observation_date": "2020-12-24",
                "source": "S2A_40RCN_20201224_0_L2A_TCI",
                "sensor_name": "Sentinel-2",
                "type": "observation",
                "current_phase": "Post Construction",
                "is_occluded": "False",
                "is_site_boundary": "True",
                "score": 1.0
            },
            "geometry": {
                "type": "MultiPolygon",
                "coordinates": [
                    [
                        [
                            [
                                55.250208,
                                25.016544
                            ],
                            [
                                55.250896,
                                25.014811
                            ],
                            [
                                55.251547,
                                25.013648
                            ],
                            [
                                55.251799,
                                25.013269
                            ],
                            [
                                55.251823,
                                25.013086
                            ],
                            [
                                55.251537,
                                25.012942
                            ],
                            [
                                55.251485,
                                25.013016
                            ],
                            [
                                55.251435,
                                25.013021
                            ],
                            [
                                55.251384,
                                25.013008
                            ],
                            [
                                55.251374,
                                25.012983
                            ],
                            [
                                55.25138,
                                25.012945
                            ],
                            [
                                55.251358,
                                25.012934
                            ],
                            [
                                55.251321,
                                25.012916
                            ],
                            [
                                55.251303,
                                25.012912
                            ],
                            [
                                55.251288,
                                25.012926
                            ],
                            [
                                55.251266,
                                25.012935
                            ],
                            [
                                55.251232,
                                25.012917
                            ],
                            [
                                55.251239,
                                25.012887
                            ],
                            [
                                55.251105,
                                25.012809
                            ],
                            [
                                55.251054,
                                25.012884
                            ],
                            [
                                55.250431,
                                25.013754
                            ],
                            [
                                55.250121,
                                25.014359
                            ],
                            [
                                55.249955,
                                25.014848
                            ],
                            [
                                55.249734,
                                25.015393
                            ],
                            [
                                55.249437,
                                25.016028
                            ],
                            [
                                55.249278,
                                25.016211
                            ],
                            [
                                55.250208,
                                25.016544
                            ]
                        ]
                    ]
                ]
            }
        },
        {
            "type": "Feature",
            "properties": {
                "observation_date": "2020-12-28",
                "source": "LC08_L1TP_160043_20201228_20210310_02_T1_TCI",
                "sensor_name": "Landsat 8",
                "type": "observation",
                "current_phase": "Post Construction",
                "is_occluded": "False",
                "is_site_boundary": "True",
                "score": 1.0
            },
            "geometry": {
                "type": "MultiPolygon",
                "coordinates": [
                    [
                        [
                            [
                                55.250249,
                                25.016547
                            ],
                            [
                                55.250944,
                                25.014816
                            ],
                            [
                                55.251602,
                                25.013654
                            ],
                            [
                                55.251856,
                                25.013275
                            ],
                            [
                                55.25188,
                                25.013092
                            ],
                            [
                                55.251592,
                                25.012949
                            ],
                            [
                                55.251539,
                                25.013023
                            ],
                            [
                                55.251489,
                                25.013027
                            ],
                            [
                                55.251437,
                                25.013015
                            ],
                            [
                                55.251427,
                                25.012989
                            ],
                            [
                                55.251433,
                                25.012952
                            ],
                            [
                                55.251411,
                                25.012941
                            ],
                            [
                                55.251374,
                                25.012923
                            ],
                            [
                                55.251355,
                                25.012918
                            ],
                            [
                                55.25134,
                                25.012933
                            ],
                            [
                                55.251318,
                                25.012942
                            ],
                            [
                                55.251283,
                                25.012924
                            ],
                            [
                                55.251291,
                                25.012894
                            ],
                            [
                                55.251155,
                                25.012816
                            ],
                            [
                                55.251104,
                                25.012891
                            ],
                            [
                                55.250474,
                                25.01376
                            ],
                            [
                                55.250161,
                                25.014364
                            ],
                            [
                                55.249993,
                                25.014853
                            ],
                            [
                                55.24977,
                                25.015397
                            ],
                            [
                                55.24947,
                                25.016031
                            ],
                            [
                                55.249309,
                                25.016214
                            ],
                            [
                                55.250249,
                                25.016547
                            ]
                        ]
                    ]
                ]
            }
        },
        {
            "type": "Feature",
            "properties": {
                "observation_date": "2021-01-13",
                "source": "LC08_L1TP_160043_20210113_20210308_02_T1_TCI",
                "sensor_name": "Landsat 8",
                "type": "observation",
                "current_phase": "Post Construction",
                "is_occluded": "False",
                "is_site_boundary": "True",
                "score": 1.0
            },
            "geometry": {
                "type": "MultiPolygon",
                "coordinates": [
                    [
                        [
                            [
                                55.250249,
                                25.016547
                            ],
                            [
                                55.250944,
                                25.014816
                            ],
                            [
                                55.251602,
                                25.013654
                            ],
                            [
                                55.251856,
                                25.013275
                            ],
                            [
                                55.25188,
                                25.013092
                            ],
                            [
                                55.251592,
                                25.012949
                            ],
                            [
                                55.251539,
                                25.013023
                            ],
                            [
                                55.251489,
                                25.013027
                            ],
                            [
                                55.251437,
                                25.013015
                            ],
                            [
                                55.251427,
                                25.012989
                            ],
                            [
                                55.251433,
                                25.012952
                            ],
                            [
                                55.251411,
                                25.012941
                            ],
                            [
                                55.251374,
                                25.012923
                            ],
                            [
                                55.251355,
                                25.012918
                            ],
                            [
                                55.25134,
                                25.012933
                            ],
                            [
                                55.251318,
                                25.012942
                            ],
                            [
                                55.251283,
                                25.012924
                            ],
                            [
                                55.251291,
                                25.012894
                            ],
                            [
                                55.251155,
                                25.012816
                            ],
                            [
                                55.251104,
                                25.012891
                            ],
                            [
                                55.250474,
                                25.01376
                            ],
                            [
                                55.250161,
                                25.014364
                            ],
                            [
                                55.249993,
                                25.014853
                            ],
                            [
                                55.24977,
                                25.015397
                            ],
                            [
                                55.24947,
                                25.016031
                            ],
                            [
                                55.249309,
                                25.016214
                            ],
                            [
                                55.250249,
                                25.016547
                            ]
                        ]
                    ]
                ]
            }
        },
        {
            "type": "Feature",
            "properties": {
                "observation_date": "2021-01-28",
                "source": "S2B_40RCN_20210128_0_L2A_TCI",
                "sensor_name": "Sentinel-2",
                "type": "observation",
                "current_phase": "Post Construction",
                "is_occluded": "False",
                "is_site_boundary": "True",
                "score": 1.0
            },
            "geometry": {
                "type": "MultiPolygon",
                "coordinates": [
                    [
                        [
                            [
                                55.250208,
                                25.016544
                            ],
                            [
                                55.250896,
                                25.014811
                            ],
                            [
                                55.251547,
                                25.013648
                            ],
                            [
                                55.251799,
                                25.013269
                            ],
                            [
                                55.251823,
                                25.013086
                            ],
                            [
                                55.251537,
                                25.012942
                            ],
                            [
                                55.251485,
                                25.013016
                            ],
                            [
                                55.251435,
                                25.013021
                            ],
                            [
                                55.251384,
                                25.013008
                            ],
                            [
                                55.251374,
                                25.012983
                            ],
                            [
                                55.25138,
                                25.012945
                            ],
                            [
                                55.251358,
                                25.012934
                            ],
                            [
                                55.251321,
                                25.012916
                            ],
                            [
                                55.251303,
                                25.012912
                            ],
                            [
                                55.251288,
                                25.012926
                            ],
                            [
                                55.251266,
                                25.012935
                            ],
                            [
                                55.251232,
                                25.012917
                            ],
                            [
                                55.251239,
                                25.012887
                            ],
                            [
                                55.251105,
                                25.012809
                            ],
                            [
                                55.251054,
                                25.012884
                            ],
                            [
                                55.250431,
                                25.013754
                            ],
                            [
                                55.250121,
                                25.014359
                            ],
                            [
                                55.249955,
                                25.014848
                            ],
                            [
                                55.249734,
                                25.015393
                            ],
                            [
                                55.249437,
                                25.016028
                            ],
                            [
                                55.249278,
                                25.016211
                            ],
                            [
                                55.250208,
                                25.016544
                            ]
                        ]
                    ]
                ]
            }
        },
        {
            "type": "Feature",
            "properties": {
                "observation_date": "2021-02-24",
                "source": "21FEB24071354-M1BS-014466653010_01_P001",
                "sensor_name": "WorldView",
                "type": "observation",
                "current_phase": "Post Construction",
                "is_occluded": "False",
                "is_site_boundary": "True",
                "score": 1.0
            },
            "geometry": {
                "type": "MultiPolygon",
                "coordinates": [
                    [
                        [
                            [
                                55.250219,
                                25.016489
                            ],
                            [
                                55.250908,
                                25.014759
                            ],
                            [
                                55.251559,
                                25.013597
                            ],
                            [
                                55.251811,
                                25.013219
                            ],
                            [
                                55.251835,
                                25.013036
                            ],
                            [
                                55.251549,
                                25.012893
                            ],
                            [
                                55.251497,
                                25.012967
                            ],
                            [
                                55.251447,
                                25.012971
                            ],
                            [
                                55.251396,
                                25.012959
                            ],
                            [
                                55.251386,
                                25.012933
                            ],
                            [
                                55.251392,
                                25.012896
                            ],
                            [
                                55.25137,
                                25.012885
                            ],
                            [
                                55.251333,
                                25.012867
                            ],
                            [
                                55.251315,
                                25.012862
                            ],
                            [
                                55.2513,
                                25.012876
                            ],
                            [
                                55.251278,
                                25.012885
                            ],
                            [
                                55.251244,
                                25.012867
                            ],
                            [
                                55.251251,
                                25.012837
                            ],
                            [
                                55.251117,
                                25.01276
                            ],
                            [
                                55.251066,
                                25.012835
                            ],
                            [
                                55.250442,
                                25.013703
                            ],
                            [
                                55.250133,
                                25.014307
                            ],
                            [
                                55.249966,
                                25.014796
                            ],
                            [
                                55.249745,
                                25.01534
                            ],
                            [
                                55.249449,
                                25.015974
                            ],
                            [
                                55.249289,
                                25.016157
                            ],
                            [
                                55.250219,
                                25.016489
                            ]
                        ]
                    ]
                ]
            }
        },
        {
            "type": "Feature",
            "properties": {
                "observation_date": "2021-02-27",
                "source": "S2B_40RCN_20210227_0_L2A_TCI",
                "sensor_name": "Sentinel-2",
                "type": "observation",
                "current_phase": "Post Construction",
                "is_occluded": "False",
                "is_site_boundary": "True",
                "score": 1.0
            },
            "geometry": {
                "type": "MultiPolygon",
                "coordinates": [
                    [
                        [
                            [
                                55.250208,
                                25.016544
                            ],
                            [
                                55.250896,
                                25.014811
                            ],
                            [
                                55.251547,
                                25.013648
                            ],
                            [
                                55.251799,
                                25.013269
                            ],
                            [
                                55.251823,
                                25.013086
                            ],
                            [
                                55.251537,
                                25.012942
                            ],
                            [
                                55.251485,
                                25.013016
                            ],
                            [
                                55.251435,
                                25.013021
                            ],
                            [
                                55.251384,
                                25.013008
                            ],
                            [
                                55.251374,
                                25.012983
                            ],
                            [
                                55.25138,
                                25.012945
                            ],
                            [
                                55.251358,
                                25.012934
                            ],
                            [
                                55.251321,
                                25.012916
                            ],
                            [
                                55.251303,
                                25.012912
                            ],
                            [
                                55.251288,
                                25.012926
                            ],
                            [
                                55.251266,
                                25.012935
                            ],
                            [
                                55.251232,
                                25.012917
                            ],
                            [
                                55.251239,
                                25.012887
                            ],
                            [
                                55.251105,
                                25.012809
                            ],
                            [
                                55.251054,
                                25.012884
                            ],
                            [
                                55.250431,
                                25.013754
                            ],
                            [
                                55.250121,
                                25.014359
                            ],
                            [
                                55.249955,
                                25.014848
                            ],
                            [
                                55.249734,
                                25.015393
                            ],
                            [
                                55.249437,
                                25.016028
                            ],
                            [
                                55.249278,
                                25.016211
                            ],
                            [
                                55.250208,
                                25.016544
                            ]
                        ]
                    ]
                ]
            }
        },
        {
            "type": "Feature",
            "properties": {
                "observation_date": "2021-03-02",
                "source": "LC08_L1TP_160043_20210302_20210311_02_T1_TCI",
                "sensor_name": "Landsat 8",
                "type": "observation",
                "current_phase": "Post Construction",
                "is_occluded": "False",
                "is_site_boundary": "True",
                "score": 1.0
            },
            "geometry": {
                "type": "MultiPolygon",
                "coordinates": [
                    [
                        [
                            [
                                55.250249,
                                25.016547
                            ],
                            [
                                55.250944,
                                25.014816
                            ],
                            [
                                55.251602,
                                25.013654
                            ],
                            [
                                55.251856,
                                25.013275
                            ],
                            [
                                55.25188,
                                25.013092
                            ],
                            [
                                55.251592,
                                25.012949
                            ],
                            [
                                55.251539,
                                25.013023
                            ],
                            [
                                55.251489,
                                25.013027
                            ],
                            [
                                55.251437,
                                25.013015
                            ],
                            [
                                55.251427,
                                25.012989
                            ],
                            [
                                55.251433,
                                25.012952
                            ],
                            [
                                55.251411,
                                25.012941
                            ],
                            [
                                55.251374,
                                25.012923
                            ],
                            [
                                55.251355,
                                25.012918
                            ],
                            [
                                55.25134,
                                25.012933
                            ],
                            [
                                55.251318,
                                25.012942
                            ],
                            [
                                55.251283,
                                25.012924
                            ],
                            [
                                55.251291,
                                25.012894
                            ],
                            [
                                55.251155,
                                25.012816
                            ],
                            [
                                55.251104,
                                25.012891
                            ],
                            [
                                55.250474,
                                25.01376
                            ],
                            [
                                55.250161,
                                25.014364
                            ],
                            [
                                55.249993,
                                25.014853
                            ],
                            [
                                55.24977,
                                25.015397
                            ],
                            [
                                55.24947,
                                25.016031
                            ],
                            [
                                55.249309,
                                25.016214
                            ],
                            [
                                55.250249,
                                25.016547
                            ]
                        ]
                    ]
                ]
            }
        },
        {
            "type": "Feature",
            "properties": {
                "observation_date": "2021-03-04",
                "source": "S2A_40RCN_20210304_0_L2A_TCI",
                "sensor_name": "Sentinel-2",
                "type": "observation",
                "current_phase": "Post Construction",
                "is_occluded": "False",
                "is_site_boundary": "True",
                "score": 1.0
            },
            "geometry": {
                "type": "MultiPolygon",
                "coordinates": [
                    [
                        [
                            [
                                55.250208,
                                25.016544
                            ],
                            [
                                55.250896,
                                25.014811
                            ],
                            [
                                55.251547,
                                25.013648
                            ],
                            [
                                55.251799,
                                25.013269
                            ],
                            [
                                55.251823,
                                25.013086
                            ],
                            [
                                55.251537,
                                25.012942
                            ],
                            [
                                55.251485,
                                25.013016
                            ],
                            [
                                55.251435,
                                25.013021
                            ],
                            [
                                55.251384,
                                25.013008
                            ],
                            [
                                55.251374,
                                25.012983
                            ],
                            [
                                55.25138,
                                25.012945
                            ],
                            [
                                55.251358,
                                25.012934
                            ],
                            [
                                55.251321,
                                25.012916
                            ],
                            [
                                55.251303,
                                25.012912
                            ],
                            [
                                55.251288,
                                25.012926
                            ],
                            [
                                55.251266,
                                25.012935
                            ],
                            [
                                55.251232,
                                25.012917
                            ],
                            [
                                55.251239,
                                25.012887
                            ],
                            [
                                55.251105,
                                25.012809
                            ],
                            [
                                55.251054,
                                25.012884
                            ],
                            [
                                55.250431,
                                25.013754
                            ],
                            [
                                55.250121,
                                25.014359
                            ],
                            [
                                55.249955,
                                25.014848
                            ],
                            [
                                55.249734,
                                25.015393
                            ],
                            [
                                55.249437,
                                25.016028
                            ],
                            [
                                55.249278,
                                25.016211
                            ],
                            [
                                55.250208,
                                25.016544
                            ]
                        ]
                    ]
                ]
            }
        },
        {
            "type": "Feature",
            "properties": {
                "observation_date": "2021-03-15",
                "source": "21MAR15071252-M1BS-014466692010_01_P005",
                "sensor_name": "WorldView",
                "type": "observation",
                "current_phase": "Post Construction",
                "is_occluded": "False",
                "is_site_boundary": "True",
                "score": 1.0
            },
            "geometry": {
                "type": "MultiPolygon",
                "coordinates": [
                    [
                        [
                            [
                                55.250209,
                                25.016548
                            ],
                            [
                                55.250898,
                                25.014817
                            ],
                            [
                                55.251549,
                                25.013656
                            ],
                            [
                                55.251801,
                                25.013277
                            ],
                            [
                                55.251825,
                                25.013094
                            ],
                            [
                                55.251539,
                                25.012952
                            ],
                            [
                                55.251487,
                                25.013025
                            ],
                            [
                                55.251437,
                                25.01303
                            ],
                            [
                                55.251386,
                                25.013017
                            ],
                            [
                                55.251376,
                                25.012992
                            ],
                            [
                                55.251382,
                                25.012954
                            ],
                            [
                                55.25136,
                                25.012944
                            ],
                            [
                                55.251323,
                                25.012925
                            ],
                            [
                                55.251305,
                                25.012921
                            ],
                            [
                                55.25129,
                                25.012935
                            ],
                            [
                                55.251268,
                                25.012944
                            ],
                            [
                                55.251234,
                                25.012926
                            ],
                            [
                                55.251241,
                                25.012896
                            ],
                            [
                                55.251107,
                                25.012819
                            ],
                            [
                                55.251056,
                                25.012894
                            ],
                            [
                                55.250432,
                                25.013762
                            ],
                            [
                                55.250123,
                                25.014366
                            ],
                            [
                                55.249956,
                                25.014854
                            ],
                            [
                                55.249735,
                                25.015398
                            ],
                            [
                                55.249439,
                                25.016032
                            ],
                            [
                                55.249279,
                                25.016215
                            ],
                            [
                                55.250209,
                                25.016548
                            ]
                        ]
                    ]
                ]
            }
        },
        {
            "type": "Feature",
            "properties": {
                "observation_date": "2021-03-18",
                "source": "21MAR18071517-M1BS-014496263010_01_P002",
                "sensor_name": "WorldView",
                "type": "observation",
                "current_phase": "Post Construction",
                "is_occluded": "False",
                "is_site_boundary": "True",
                "score": 1.0
            },
            "geometry": {
                "type": "MultiPolygon",
                "coordinates": [
                    [
                        [
                            [
                                55.250209,
                                25.016548
                            ],
                            [
                                55.250898,
                                25.014817
                            ],
                            [
                                55.251549,
                                25.013656
                            ],
                            [
                                55.251801,
                                25.013277
                            ],
                            [
                                55.251825,
                                25.013094
                            ],
                            [
                                55.251539,
                                25.012952
                            ],
                            [
                                55.251487,
                                25.013025
                            ],
                            [
                                55.251437,
                                25.01303
                            ],
                            [
                                55.251386,
                                25.013017
                            ],
                            [
                                55.251376,
                                25.012992
                            ],
                            [
                                55.251382,
                                25.012954
                            ],
                            [
                                55.25136,
                                25.012944
                            ],
                            [
                                55.251323,
                                25.012925
                            ],
                            [
                                55.251305,
                                25.012921
                            ],
                            [
                                55.25129,
                                25.012935
                            ],
                            [
                                55.251268,
                                25.012944
                            ],
                            [
                                55.251234,
                                25.012926
                            ],
                            [
                                55.251241,
                                25.012896
                            ],
                            [
                                55.251107,
                                25.012819
                            ],
                            [
                                55.251056,
                                25.012894
                            ],
                            [
                                55.250432,
                                25.013762
                            ],
                            [
                                55.250123,
                                25.014366
                            ],
                            [
                                55.249956,
                                25.014854
                            ],
                            [
                                55.249735,
                                25.015398
                            ],
                            [
                                55.249439,
                                25.016032
                            ],
                            [
                                55.249279,
                                25.016215
                            ],
                            [
                                55.250209,
                                25.016548
                            ]
                        ]
                    ]
                ]
            }
        },
        {
            "type": "Feature",
            "properties": {
                "observation_date": "2021-03-27",
                "source": "21MAR27070024-P1BS-014466658010_01_P006",
                "sensor_name": "WorldView",
                "type": "observation",
                "current_phase": "Post Construction",
                "is_occluded": "False",
                "is_site_boundary": "True",
                "score": 1.0
            },
            "geometry": {
                "type": "MultiPolygon",
                "coordinates": [
                    [
                        [
                            [
                                55.250209,
                                25.016548
                            ],
                            [
                                55.250898,
                                25.014817
                            ],
                            [
                                55.251549,
                                25.013656
                            ],
                            [
                                55.251801,
                                25.013277
                            ],
                            [
                                55.251825,
                                25.013095
                            ],
                            [
                                55.251539,
                                25.012952
                            ],
                            [
                                55.251487,
                                25.013025
                            ],
                            [
                                55.251437,
                                25.01303
                            ],
                            [
                                55.251386,
                                25.013018
                            ],
                            [
                                55.251376,
                                25.012992
                            ],
                            [
                                55.251382,
                                25.012954
                            ],
                            [
                                55.25136,
                                25.012944
                            ],
                            [
                                55.251323,
                                25.012926
                            ],
                            [
                                55.251305,
                                25.012921
                            ],
                            [
                                55.25129,
                                25.012935
                            ],
                            [
                                55.251268,
                                25.012944
                            ],
                            [
                                55.251234,
                                25.012926
                            ],
                            [
                                55.251241,
                                25.012896
                            ],
                            [
                                55.251107,
                                25.012819
                            ],
                            [
                                55.251056,
                                25.012894
                            ],
                            [
                                55.250432,
                                25.013762
                            ],
                            [
                                55.250123,
                                25.014366
                            ],
                            [
                                55.249956,
                                25.014854
                            ],
                            [
                                55.249735,
                                25.015398
                            ],
                            [
                                55.249439,
                                25.016032
                            ],
                            [
                                55.249279,
                                25.016215
                            ],
                            [
                                55.250209,
                                25.016548
                            ]
                        ]
                    ]
                ]
            }
        }
    ]
}