{
    "type": "FeatureCollection",
    "features": [
        {
            "type": "Feature",
            "properties": {
                "type": "site",
                "region_id": "AE_R002",
                "site_id": "AE_R002_0065",
                "version": "2.0.0",
                "status": "positive_annotated",
                "mgrs": "40RCN",
                "score": 1.0,
                "start_date": "2016-05-29",
                "end_date": "2022-02-27",
                "model_content": "annotation",
                "originator": "te",
                "validated": "True",
                "misc_info": {
                    "commit_hash": "dbdea3485a8eb34730f81ec01861c62e6358b0b5"
                }
            },
            "geometry": {
                "type": "Polygon",
                "coordinates": [
                    [
                        [
                            55.241341,
                            25.096036
                        ],
                        [
                            55.241319,
                            25.096007
                        ],
                        [
                            55.241291,
                            25.096032
                        ],
                        [
                            55.241284,
                            25.096023
                        ],
                        [
                            55.241181,
                            25.096115
                        ],
                        [
                            55.241154,
                            25.09608
                        ],
                        [
                            55.239488,
                            25.097574
                        ],
                        [
                            55.235855,
                            25.100335
                        ],
                        [
                            55.235483,
                            25.100639
                        ],
                        [
                            55.23508,
                            25.101057
                        ],
                        [
                            55.235074,
                            25.101087
                        ],
                        [
                            55.235043,
                            25.101119
                        ],
                        [
                            55.234826,
                            25.102209
                        ],
                        [
                            55.234845,
                            25.10228
                        ],
                        [
                            55.234834,
                            25.102334
                        ],
                        [
                            55.235073,
                            25.103244
                        ],
                        [
                            55.235092,
                            25.103268
                        ],
                        [
                            55.235099,
                            25.103293
                        ],
                        [
                            55.236092,
                            25.104514
                        ],
                        [
                            55.237121,
                            25.105324
                        ],
                        [
                            55.237132,
                            25.10533
                        ],
                        [
                            55.237193,
                            25.105378
                        ],
                        [
                            55.238014,
                            25.105826
                        ],
                        [
                            55.238016,
                            25.105824
                        ],
                        [
                            55.238019,
                            25.105826
                        ],
                        [
                            55.238027,
                            25.10582
                        ],
                        [
                            55.238032,
                            25.105823
                        ],
                        [
                            55.238035,
                            25.105821
                        ],
                        [
                            55.23804,
                            25.105823
                        ],
                        [
                            55.238071,
                            25.1058
                        ],
                        [
                            55.238095,
                            25.105813
                        ],
                        [
                            55.238096,
                            25.105812
                        ],
                        [
                            55.238098,
                            25.105813
                        ],
                        [
                            55.239854,
                            25.104539
                        ],
                        [
                            55.242515,
                            25.102766
                        ],
                        [
                            55.24309,
                            25.102224
                        ],
                        [
                            55.243187,
                            25.10206
                        ],
                        [
                            55.243298,
                            25.101956
                        ],
                        [
                            55.243544,
                            25.101543
                        ],
                        [
                            55.243656,
                            25.101277
                        ],
                        [
                            55.243639,
                            25.100647
                        ],
                        [
                            55.243563,
                            25.099965
                        ],
                        [
                            55.243326,
                            25.098893
                        ],
                        [
                            55.242616,
                            25.097421
                        ],
                        [
                            55.241555,
                            25.096044
                        ],
                        [
                            55.241518,
                            25.096077
                        ],
                        [
                            55.241515,
                            25.096073
                        ],
                        [
                            55.241496,
                            25.09609
                        ],
                        [
                            55.241418,
                            25.095989
                        ],
                        [
                            55.241409,
                            25.095997
                        ],
                        [
                            55.241407,
                            25.095994
                        ],
                        [
                            55.241406,
                            25.095995
                        ],
                        [
                            55.241398,
                            25.095985
                        ],
                        [
                            55.241341,
                            25.096036
                        ]
                    ]
                ]
            }
        },
        {
            "type": "Feature",
            "properties": {
                "observation_date": "2016-05-29",
                "source": "S2A_40RCN_20160529_0_L1C_TCI",
                "sensor_name": "Sentinel-2",
                "type": "observation",
                "current_phase": "No Activity",
                "is_occluded": "False",
                "is_site_boundary": "True",
                "score": 1.0
            },
            "geometry": {
                "type": "MultiPolygon",
                "coordinates": [
                    [
                        [
                            [
                                55.237972,
                                25.105644
                            ],
                            [
                                55.239705,
                                25.104377
                            ],
                            [
                                55.242333,
                                25.102612
                            ],
                            [
                                55.242901,
                                25.102073
                            ],
                            [
                                55.243143,
                                25.101662
                            ],
                            [
                                55.243254,
                                25.101396
                            ],
                            [
                                55.243238,
                                25.10077
                            ],
                            [
                                55.243163,
                                25.100091
                            ],
                            [
                                55.242929,
                                25.099024
                            ],
                            [
                                55.242229,
                                25.09756
                            ],
                            [
                                55.241181,
                                25.09619
                            ],
                            [
                                55.239515,
                                25.097684
                            ],
                            [
                                55.235882,
                                25.100445
                            ],
                            [
                                55.23551,
                                25.10075
                            ],
                            [
                                55.235107,
                                25.101167
                            ],
                            [
                                55.23489,
                                25.102256
                            ],
                            [
                                55.235129,
                                25.103166
                            ],
                            [
                                55.236122,
                                25.104387
                            ],
                            [
                                55.237151,
                                25.105197
                            ],
                            [
                                55.237972,
                                25.105644
                            ]
                        ]
                    ]
                ]
            }
        },
        {
            "type": "Feature",
            "properties": {
                "observation_date": "2016-06-05",
                "source": "16JUN05100242-P1BS-500346917010_05_P005",
                "sensor_name": "WorldView",
                "type": "observation",
                "current_phase": "No Activity",
                "is_occluded": "False",
                "is_site_boundary": "True",
                "score": 1.0
            },
            "geometry": {
                "type": "MultiPolygon",
                "coordinates": [
                    [
                        [
                            [
                                55.238091,
                                25.105619
                            ],
                            [
                                55.23983,
                                25.10435
                            ],
                            [
                                55.242467,
                                25.102583
                            ],
                            [
                                55.243037,
                                25.102042
                            ],
                            [
                                55.24328,
                                25.101631
                            ],
                            [
                                55.243392,
                                25.101365
                            ],
                            [
                                55.243375,
                                25.100738
                            ],
                            [
                                55.243299,
                                25.100059
                            ],
                            [
                                55.243065,
                                25.09899
                            ],
                            [
                                55.242362,
                                25.097524
                            ],
                            [
                                55.241311,
                                25.096152
                            ],
                            [
                                55.239639,
                                25.097648
                            ],
                            [
                                55.235994,
                                25.100413
                            ],
                            [
                                55.23562,
                                25.100718
                            ],
                            [
                                55.235217,
                                25.101135
                            ],
                            [
                                55.234998,
                                25.102226
                            ],
                            [
                                55.235238,
                                25.103137
                            ],
                            [
                                55.236234,
                                25.10436
                            ],
                            [
                                55.237267,
                                25.105171
                            ],
                            [
                                55.238091,
                                25.105619
                            ]
                        ]
                    ]
                ]
            }
        },
        {
            "type": "Feature",
            "properties": {
                "observation_date": "2016-06-08",
                "source": "S2A_40RCN_20160608_0_L1C_TCI",
                "sensor_name": "Sentinel-2",
                "type": "observation",
                "current_phase": "No Activity",
                "is_occluded": "False",
                "is_site_boundary": "True",
                "score": 1.0
            },
            "geometry": {
                "type": "MultiPolygon",
                "coordinates": [
                    [
                        [
                            [
                                55.238103,
                                25.10566
                            ],
                            [
                                55.239836,
                                25.104392
                            ],
                            [
                                55.242464,
                                25.102627
                            ],
                            [
                                55.243031,
                                25.102088
                            ],
                            [
                                55.243274,
                                25.101677
                            ],
                            [
                                55.243385,
                                25.101412
                            ],
                            [
                                55.243368,
                                25.100785
                            ],
                            [
                                55.243293,
                                25.100107
                            ],
                            [
                                55.24306,
                                25.099039
                            ],
                            [
                                55.242359,
                                25.097575
                            ],
                            [
                                55.241312,
                                25.096205
                            ],
                            [
                                55.239645,
                                25.097699
                            ],
                            [
                                55.236013,
                                25.10046
                            ],
                            [
                                55.235641,
                                25.100765
                            ],
                            [
                                55.235238,
                                25.101182
                            ],
                            [
                                55.23502,
                                25.102272
                            ],
                            [
                                55.23526,
                                25.103181
                            ],
                            [
                                55.236252,
                                25.104402
                            ],
                            [
                                55.237281,
                                25.105212
                            ],
                            [
                                55.238103,
                                25.10566
                            ]
                        ]
                    ]
                ]
            }
        },
        {
            "type": "Feature",
            "properties": {
                "observation_date": "2016-06-24",
                "source": "LC08_L1TP_160043_20160624_20200906_02_T1_TCI",
                "sensor_name": "Landsat 8",
                "type": "observation",
                "current_phase": "No Activity",
                "is_occluded": "False",
                "is_site_boundary": "True",
                "score": 1.0
            },
            "geometry": {
                "type": "MultiPolygon",
                "coordinates": [
                    [
                        [
                            [
                                55.238144,
                                25.10563
                            ],
                            [
                                55.2399,
                                25.104356
                            ],
                            [
                                55.242561,
                                25.102583
                            ],
                            [
                                55.243136,
                                25.102041
                            ],
                            [
                                55.243382,
                                25.101628
                            ],
                            [
                                55.243494,
                                25.101361
                            ],
                            [
                                55.243478,
                                25.100731
                            ],
                            [
                                55.243401,
                                25.10005
                            ],
                            [
                                55.243165,
                                25.098977
                            ],
                            [
                                55.242455,
                                25.097505
                            ],
                            [
                                55.241394,
                                25.096128
                            ],
                            [
                                55.239706,
                                25.09763
                            ],
                            [
                                55.236027,
                                25.100404
                            ],
                            [
                                55.23565,
                                25.10071
                            ],
                            [
                                55.235242,
                                25.10113
                            ],
                            [
                                55.235021,
                                25.102225
                            ],
                            [
                                55.235264,
                                25.103139
                            ],
                            [
                                55.23627,
                                25.104366
                            ],
                            [
                                55.237312,
                                25.10518
                            ],
                            [
                                55.238144,
                                25.10563
                            ]
                        ]
                    ]
                ]
            }
        },
        {
            "type": "Feature",
            "properties": {
                "observation_date": "2016-07-10",
                "source": "LC08_L1TP_160043_20160710_20200906_02_T1_TCI",
                "sensor_name": "Landsat 8",
                "type": "observation",
                "current_phase": "No Activity",
                "is_occluded": "False",
                "is_site_boundary": "True",
                "score": 1.0
            },
            "geometry": {
                "type": "MultiPolygon",
                "coordinates": [
                    [
                        [
                            [
                                55.238167,
                                25.105538
                            ],
                            [
                                55.239923,
                                25.104264
                            ],
                            [
                                55.242584,
                                25.102491
                            ],
                            [
                                55.243159,
                                25.101949
                            ],
                            [
                                55.243405,
                                25.101536
                            ],
                            [
                                55.243518,
                                25.101269
                            ],
                            [
                                55.243501,
                                25.10064
                            ],
                            [
                                55.243424,
                                25.099958
                            ],
                            [
                                55.243188,
                                25.098885
                            ],
                            [
                                55.242478,
                                25.097414
                            ],
                            [
                                55.241417,
                                25.096037
                            ],
                            [
                                55.239729,
                                25.097538
                            ],
                            [
                                55.23605,
                                25.100313
                            ],
                            [
                                55.235673,
                                25.100619
                            ],
                            [
                                55.235265,
                                25.101038
                            ],
                            [
                                55.235045,
                                25.102133
                            ],
                            [
                                55.235287,
                                25.103047
                            ],
                            [
                                55.236293,
                                25.104274
                            ],
                            [
                                55.237335,
                                25.105088
                            ],
                            [
                                55.238167,
                                25.105538
                            ]
                        ]
                    ]
                ]
            }
        },
        {
            "type": "Feature",
            "properties": {
                "observation_date": "2016-07-18",
                "source": "S2A_40RCN_20160718_0_L1C_TCI",
                "sensor_name": "Sentinel-2",
                "type": "observation",
                "current_phase": "No Activity",
                "is_occluded": "False",
                "is_site_boundary": "True",
                "score": 1.0
            },
            "geometry": {
                "type": "MultiPolygon",
                "coordinates": [
                    [
                        [
                            [
                                55.23811,
                                25.105461
                            ],
                            [
                                55.239844,
                                25.104194
                            ],
                            [
                                55.242471,
                                25.102429
                            ],
                            [
                                55.243039,
                                25.101889
                            ],
                            [
                                55.243282,
                                25.101479
                            ],
                            [
                                55.243393,
                                25.101213
                            ],
                            [
                                55.243376,
                                25.100587
                            ],
                            [
                                55.243301,
                                25.099908
                            ],
                            [
                                55.243067,
                                25.098841
                            ],
                            [
                                55.242367,
                                25.097377
                            ],
                            [
                                55.241319,
                                25.096007
                            ],
                            [
                                55.239653,
                                25.097501
                            ],
                            [
                                55.23602,
                                25.100262
                            ],
                            [
                                55.235648,
                                25.100566
                            ],
                            [
                                55.235246,
                                25.100984
                            ],
                            [
                                55.235028,
                                25.102073
                            ],
                            [
                                55.235267,
                                25.102983
                            ],
                            [
                                55.23626,
                                25.104204
                            ],
                            [
                                55.237289,
                                25.105014
                            ],
                            [
                                55.23811,
                                25.105461
                            ]
                        ]
                    ]
                ]
            }
        },
        {
            "type": "Feature",
            "properties": {
                "observation_date": "2016-08-11",
                "source": "LC08_L1TP_160043_20160811_20200906_02_T1_TCI",
                "sensor_name": "Landsat 8",
                "type": "observation",
                "current_phase": "No Activity",
                "is_occluded": "False",
                "is_site_boundary": "True",
                "score": 1.0
            },
            "geometry": {
                "type": "MultiPolygon",
                "coordinates": [
                    [
                        [
                            [
                                55.238168,
                                25.10549
                            ],
                            [
                                55.239924,
                                25.104216
                            ],
                            [
                                55.242585,
                                25.102443
                            ],
                            [
                                55.24316,
                                25.101901
                            ],
                            [
                                55.243406,
                                25.101488
                            ],
                            [
                                55.243518,
                                25.101221
                            ],
                            [
                                55.243501,
                                25.100592
                            ],
                            [
                                55.243425,
                                25.09991
                            ],
                            [
                                55.243188,
                                25.098837
                            ],
                            [
                                55.242479,
                                25.097366
                            ],
                            [
                                55.241418,
                                25.095989
                            ],
                            [
                                55.23973,
                                25.09749
                            ],
                            [
                                55.23605,
                                25.100265
                            ],
                            [
                                55.235673,
                                25.100571
                            ],
                            [
                                55.235266,
                                25.10099
                            ],
                            [
                                55.235045,
                                25.102085
                            ],
                            [
                                55.235288,
                                25.102999
                            ],
                            [
                                55.236293,
                                25.104226
                            ],
                            [
                                55.237336,
                                25.10504
                            ],
                            [
                                55.238168,
                                25.10549
                            ]
                        ]
                    ]
                ]
            }
        },
        {
            "type": "Feature",
            "properties": {
                "observation_date": "2016-08-13",
                "source": "16AUG13071752-M1BS-014855172010_01_P002",
                "sensor_name": "WorldView",
                "type": "observation",
                "current_phase": "No Activity",
                "is_occluded": "False",
                "is_site_boundary": "True",
                "score": 1.0
            },
            "geometry": {
                "type": "MultiPolygon",
                "coordinates": [
                    [
                        [
                            [
                                55.23809,
                                25.105545
                            ],
                            [
                                55.23983,
                                25.104276
                            ],
                            [
                                55.242468,
                                25.10251
                            ],
                            [
                                55.243038,
                                25.10197
                            ],
                            [
                                55.243281,
                                25.101559
                            ],
                            [
                                55.243392,
                                25.101293
                            ],
                            [
                                55.243376,
                                25.100666
                            ],
                            [
                                55.2433,
                                25.099987
                            ],
                            [
                                55.243066,
                                25.098918
                            ],
                            [
                                55.242363,
                                25.097453
                            ],
                            [
                                55.241311,
                                25.096081
                            ],
                            [
                                55.239638,
                                25.097577
                            ],
                            [
                                55.235992,
                                25.100341
                            ],
                            [
                                55.235618,
                                25.100645
                            ],
                            [
                                55.235214,
                                25.101063
                            ],
                            [
                                55.234995,
                                25.102154
                            ],
                            [
                                55.235236,
                                25.103064
                            ],
                            [
                                55.236232,
                                25.104286
                            ],
                            [
                                55.237265,
                                25.105097
                            ],
                            [
                                55.23809,
                                25.105545
                            ]
                        ]
                    ]
                ]
            }
        },
        {
            "type": "Feature",
            "properties": {
                "observation_date": "2016-08-27",
                "source": "S2A_40RCN_20160827_0_L1C_TCI",
                "sensor_name": "Sentinel-2",
                "type": "observation",
                "current_phase": "No Activity",
                "is_occluded": "False",
                "is_site_boundary": "True",
                "score": 1.0
            },
            "geometry": {
                "type": "MultiPolygon",
                "coordinates": [
                    [
                        [
                            [
                                55.238122,
                                25.105618
                            ],
                            [
                                55.239856,
                                25.104351
                            ],
                            [
                                55.242483,
                                25.102586
                            ],
                            [
                                55.243051,
                                25.102046
                            ],
                            [
                                55.243294,
                                25.101635
                            ],
                            [
                                55.243405,
                                25.10137
                            ],
                            [
                                55.243388,
                                25.100744
                            ],
                            [
                                55.243313,
                                25.100065
                            ],
                            [
                                55.243079,
                                25.098998
                            ],
                            [
                                55.242379,
                                25.097534
                            ],
                            [
                                55.241332,
                                25.096164
                            ],
                            [
                                55.239665,
                                25.097658
                            ],
                            [
                                55.236032,
                                25.100419
                            ],
                            [
                                55.23566,
                                25.100723
                            ],
                            [
                                55.235258,
                                25.101141
                            ],
                            [
                                55.23504,
                                25.10223
                            ],
                            [
                                55.235279,
                                25.10314
                            ],
                            [
                                55.236272,
                                25.104361
                            ],
                            [
                                55.237301,
                                25.10517
                            ],
                            [
                                55.238122,
                                25.105618
                            ]
                        ]
                    ]
                ]
            }
        },
        {
            "type": "Feature",
            "properties": {
                "observation_date": "2016-09-23",
                "source": "16SEP23070107-P1BS-014855183010_01_P002",
                "sensor_name": "WorldView",
                "type": "observation",
                "current_phase": "Site Preparation",
                "is_occluded": "False",
                "is_site_boundary": "True",
                "score": 1.0
            },
            "geometry": {
                "type": "MultiPolygon",
                "coordinates": [
                    [
                        [
                            [
                                55.23804,
                                25.105823
                            ],
                            [
                                55.239779,
                                25.104554
                            ],
                            [
                                55.242416,
                                25.102787
                            ],
                            [
                                55.242986,
                                25.102246
                            ],
                            [
                                55.243229,
                                25.101835
                            ],
                            [
                                55.243341,
                                25.101569
                            ],
                            [
                                55.243324,
                                25.100942
                            ],
                            [
                                55.243248,
                                25.100263
                            ],
                            [
                                55.243014,
                                25.099194
                            ],
                            [
                                55.242311,
                                25.097728
                            ],
                            [
                                55.24126,
                                25.096356
                            ],
                            [
                                55.239588,
                                25.097852
                            ],
                            [
                                55.235943,
                                25.100617
                            ],
                            [
                                55.235569,
                                25.100921
                            ],
                            [
                                55.235166,
                                25.101339
                            ],
                            [
                                55.234947,
                                25.10243
                            ],
                            [
                                55.235187,
                                25.103341
                            ],
                            [
                                55.236183,
                                25.104563
                            ],
                            [
                                55.237216,
                                25.105374
                            ],
                            [
                                55.23804,
                                25.105823
                            ]
                        ]
                    ]
                ]
            }
        },
        {
            "type": "Feature",
            "properties": {
                "observation_date": "2016-09-26",
                "source": "S2A_40RCN_20160926_0_L1C_TCI",
                "sensor_name": "Sentinel-2",
                "type": "observation",
                "current_phase": "Site Preparation",
                "is_occluded": "False",
                "is_site_boundary": "True",
                "score": 1.0
            },
            "geometry": {
                "type": "MultiPolygon",
                "coordinates": [
                    [
                        [
                            [
                                55.238019,
                                25.105826
                            ],
                            [
                                55.239752,
                                25.104559
                            ],
                            [
                                55.24238,
                                25.102794
                            ],
                            [
                                55.242948,
                                25.102254
                            ],
                            [
                                55.24319,
                                25.101843
                            ],
                            [
                                55.243301,
                                25.101578
                            ],
                            [
                                55.243285,
                                25.100951
                            ],
                            [
                                55.24321,
                                25.100273
                            ],
                            [
                                55.242976,
                                25.099206
                            ],
                            [
                                55.242276,
                                25.097741
                            ],
                            [
                                55.241228,
                                25.096371
                            ],
                            [
                                55.239562,
                                25.097865
                            ],
                            [
                                55.235929,
                                25.100627
                            ],
                            [
                                55.235557,
                                25.100931
                            ],
                            [
                                55.235154,
                                25.101348
                            ],
                            [
                                55.234937,
                                25.102438
                            ],
                            [
                                55.235176,
                                25.103348
                            ],
                            [
                                55.236169,
                                25.104569
                            ],
                            [
                                55.237198,
                                25.105378
                            ],
                            [
                                55.238019,
                                25.105826
                            ]
                        ]
                    ]
                ]
            }
        },
        {
            "type": "Feature",
            "properties": {
                "observation_date": "2016-09-28",
                "source": "LC08_L1TP_160043_20160928_20200906_02_T1_TCI",
                "sensor_name": "Landsat 8",
                "type": "observation",
                "current_phase": "Site Preparation",
                "is_occluded": "False",
                "is_site_boundary": "True",
                "score": 1.0
            },
            "geometry": {
                "type": "MultiPolygon",
                "coordinates": [
                    [
                        [
                            [
                                55.238098,
                                25.105813
                            ],
                            [
                                55.239854,
                                25.104539
                            ],
                            [
                                55.242515,
                                25.102766
                            ],
                            [
                                55.24309,
                                25.102224
                            ],
                            [
                                55.243336,
                                25.101811
                            ],
                            [
                                55.243448,
                                25.101544
                            ],
                            [
                                55.243431,
                                25.100915
                            ],
                            [
                                55.243355,
                                25.100233
                            ],
                            [
                                55.243118,
                                25.09916
                            ],
                            [
                                55.242409,
                                25.097689
                            ],
                            [
                                55.241348,
                                25.096312
                            ],
                            [
                                55.23966,
                                25.097813
                            ],
                            [
                                55.23598,
                                25.100588
                            ],
                            [
                                55.235604,
                                25.100894
                            ],
                            [
                                55.235196,
                                25.101313
                            ],
                            [
                                55.234975,
                                25.102408
                            ],
                            [
                                55.235218,
                                25.103322
                            ],
                            [
                                55.236223,
                                25.104549
                            ],
                            [
                                55.237266,
                                25.105363
                            ],
                            [
                                55.238098,
                                25.105813
                            ]
                        ]
                    ]
                ]
            }
        },
        {
            "type": "Feature",
            "properties": {
                "observation_date": "2016-10-06",
                "source": "S2A_40RCN_20161006_0_L1C_TCI",
                "sensor_name": "Sentinel-2",
                "type": "observation",
                "current_phase": "Site Preparation",
                "is_occluded": "False",
                "is_site_boundary": "True",
                "score": 1.0
            },
            "geometry": {
                "type": "MultiPolygon",
                "coordinates": [
                    [
                        [
                            [
                                55.238019,
                                25.105826
                            ],
                            [
                                55.239752,
                                25.104559
                            ],
                            [
                                55.24238,
                                25.102794
                            ],
                            [
                                55.242948,
                                25.102254
                            ],
                            [
                                55.24319,
                                25.101843
                            ],
                            [
                                55.243301,
                                25.101578
                            ],
                            [
                                55.243285,
                                25.100951
                            ],
                            [
                                55.24321,
                                25.100273
                            ],
                            [
                                55.242976,
                                25.099206
                            ],
                            [
                                55.242276,
                                25.097741
                            ],
                            [
                                55.241228,
                                25.096371
                            ],
                            [
                                55.239562,
                                25.097865
                            ],
                            [
                                55.235929,
                                25.100627
                            ],
                            [
                                55.235557,
                                25.100931
                            ],
                            [
                                55.235154,
                                25.101348
                            ],
                            [
                                55.234937,
                                25.102438
                            ],
                            [
                                55.235176,
                                25.103348
                            ],
                            [
                                55.236169,
                                25.104569
                            ],
                            [
                                55.237198,
                                25.105378
                            ],
                            [
                                55.238019,
                                25.105826
                            ]
                        ]
                    ]
                ]
            }
        },
        {
            "type": "Feature",
            "properties": {
                "observation_date": "2016-10-14",
                "source": "LC08_L1TP_160043_20161014_20200905_02_T1_TCI",
                "sensor_name": "Landsat 8",
                "type": "observation",
                "current_phase": "Site Preparation",
                "is_occluded": "False",
                "is_site_boundary": "True",
                "score": 1.0
            },
            "geometry": {
                "type": "MultiPolygon",
                "coordinates": [
                    [
                        [
                            [
                                55.238098,
                                25.105813
                            ],
                            [
                                55.239854,
                                25.104539
                            ],
                            [
                                55.242515,
                                25.102766
                            ],
                            [
                                55.24309,
                                25.102224
                            ],
                            [
                                55.243336,
                                25.101811
                            ],
                            [
                                55.243448,
                                25.101544
                            ],
                            [
                                55.243431,
                                25.100915
                            ],
                            [
                                55.243355,
                                25.100233
                            ],
                            [
                                55.243118,
                                25.09916
                            ],
                            [
                                55.242409,
                                25.097689
                            ],
                            [
                                55.241348,
                                25.096312
                            ],
                            [
                                55.23966,
                                25.097813
                            ],
                            [
                                55.23598,
                                25.100588
                            ],
                            [
                                55.235604,
                                25.100894
                            ],
                            [
                                55.235196,
                                25.101313
                            ],
                            [
                                55.234975,
                                25.102408
                            ],
                            [
                                55.235218,
                                25.103322
                            ],
                            [
                                55.236223,
                                25.104549
                            ],
                            [
                                55.237266,
                                25.105363
                            ],
                            [
                                55.238098,
                                25.105813
                            ]
                        ]
                    ]
                ]
            }
        },
        {
            "type": "Feature",
            "properties": {
                "observation_date": "2016-11-15",
                "source": "LC08_L1TP_160043_20161115_20200905_02_T1_TCI",
                "sensor_name": "Landsat 8",
                "type": "observation",
                "current_phase": "Site Preparation",
                "is_occluded": "False",
                "is_site_boundary": "True",
                "score": 1.0
            },
            "geometry": {
                "type": "MultiPolygon",
                "coordinates": [
                    [
                        [
                            [
                                55.238098,
                                25.105813
                            ],
                            [
                                55.239854,
                                25.104539
                            ],
                            [
                                55.242515,
                                25.102766
                            ],
                            [
                                55.24309,
                                25.102224
                            ],
                            [
                                55.243336,
                                25.101811
                            ],
                            [
                                55.243448,
                                25.101544
                            ],
                            [
                                55.243431,
                                25.100915
                            ],
                            [
                                55.243355,
                                25.100233
                            ],
                            [
                                55.243118,
                                25.09916
                            ],
                            [
                                55.242409,
                                25.097689
                            ],
                            [
                                55.241348,
                                25.096312
                            ],
                            [
                                55.23966,
                                25.097813
                            ],
                            [
                                55.23598,
                                25.100588
                            ],
                            [
                                55.235604,
                                25.100894
                            ],
                            [
                                55.235196,
                                25.101313
                            ],
                            [
                                55.234975,
                                25.102408
                            ],
                            [
                                55.235218,
                                25.103322
                            ],
                            [
                                55.236223,
                                25.104549
                            ],
                            [
                                55.237266,
                                25.105363
                            ],
                            [
                                55.238098,
                                25.105813
                            ]
                        ]
                    ]
                ]
            }
        },
        {
            "type": "Feature",
            "properties": {
                "observation_date": "2016-11-15",
                "source": "S2A_40RCN_20161115_0_L1C_TCI",
                "sensor_name": "Sentinel-2",
                "type": "observation",
                "current_phase": "Site Preparation",
                "is_occluded": "False",
                "is_site_boundary": "True",
                "score": 1.0
            },
            "geometry": {
                "type": "MultiPolygon",
                "coordinates": [
                    [
                        [
                            [
                                55.238019,
                                25.105826
                            ],
                            [
                                55.239752,
                                25.104559
                            ],
                            [
                                55.24238,
                                25.102794
                            ],
                            [
                                55.242948,
                                25.102254
                            ],
                            [
                                55.24319,
                                25.101843
                            ],
                            [
                                55.243301,
                                25.101578
                            ],
                            [
                                55.243285,
                                25.100951
                            ],
                            [
                                55.24321,
                                25.100273
                            ],
                            [
                                55.242976,
                                25.099206
                            ],
                            [
                                55.242276,
                                25.097741
                            ],
                            [
                                55.241228,
                                25.096371
                            ],
                            [
                                55.239562,
                                25.097865
                            ],
                            [
                                55.235929,
                                25.100627
                            ],
                            [
                                55.235557,
                                25.100931
                            ],
                            [
                                55.235154,
                                25.101348
                            ],
                            [
                                55.234937,
                                25.102438
                            ],
                            [
                                55.235176,
                                25.103348
                            ],
                            [
                                55.236169,
                                25.104569
                            ],
                            [
                                55.237198,
                                25.105378
                            ],
                            [
                                55.238019,
                                25.105826
                            ]
                        ]
                    ]
                ]
            }
        },
        {
            "type": "Feature",
            "properties": {
                "observation_date": "2016-12-01",
                "source": "LC08_L1TP_160043_20161201_20200905_02_T1_TCI",
                "sensor_name": "Landsat 8",
                "type": "observation",
                "current_phase": "Site Preparation",
                "is_occluded": "False",
                "is_site_boundary": "True",
                "score": 1.0
            },
            "geometry": {
                "type": "MultiPolygon",
                "coordinates": [
                    [
                        [
                            [
                                55.238098,
                                25.105813
                            ],
                            [
                                55.239854,
                                25.104539
                            ],
                            [
                                55.242515,
                                25.102766
                            ],
                            [
                                55.24309,
                                25.102224
                            ],
                            [
                                55.243336,
                                25.101811
                            ],
                            [
                                55.243448,
                                25.101544
                            ],
                            [
                                55.243431,
                                25.100915
                            ],
                            [
                                55.243355,
                                25.100233
                            ],
                            [
                                55.243118,
                                25.09916
                            ],
                            [
                                55.242409,
                                25.097689
                            ],
                            [
                                55.241348,
                                25.096312
                            ],
                            [
                                55.23966,
                                25.097813
                            ],
                            [
                                55.23598,
                                25.100588
                            ],
                            [
                                55.235604,
                                25.100894
                            ],
                            [
                                55.235196,
                                25.101313
                            ],
                            [
                                55.234975,
                                25.102408
                            ],
                            [
                                55.235218,
                                25.103322
                            ],
                            [
                                55.236223,
                                25.104549
                            ],
                            [
                                55.237266,
                                25.105363
                            ],
                            [
                                55.238098,
                                25.105813
                            ]
                        ]
                    ]
                ]
            }
        },
        {
            "type": "Feature",
            "properties": {
                "observation_date": "2016-12-25",
                "source": "S2A_40RCN_20161225_0_L1C_TCI",
                "sensor_name": "Sentinel-2",
                "type": "observation",
                "current_phase": "Site Preparation",
                "is_occluded": "False",
                "is_site_boundary": "True",
                "score": 1.0
            },
            "geometry": {
                "type": "MultiPolygon",
                "coordinates": [
                    [
                        [
                            [
                                55.238081,
                                25.105496
                            ],
                            [
                                55.239814,
                                25.104229
                            ],
                            [
                                55.242442,
                                25.102464
                            ],
                            [
                                55.24301,
                                25.101925
                            ],
                            [
                                55.243252,
                                25.101514
                            ],
                            [
                                55.243363,
                                25.101248
                            ],
                            [
                                55.243347,
                                25.100622
                            ],
                            [
                                55.243271,
                                25.099943
                            ],
                            [
                                55.243038,
                                25.098876
                            ],
                            [
                                55.242338,
                                25.097412
                            ],
                            [
                                55.24129,
                                25.096042
                            ],
                            [
                                55.239624,
                                25.097536
                            ],
                            [
                                55.235991,
                                25.100297
                            ],
                            [
                                55.235619,
                                25.100602
                            ],
                            [
                                55.235216,
                                25.101019
                            ],
                            [
                                55.234999,
                                25.102108
                            ],
                            [
                                55.235238,
                                25.103018
                            ],
                            [
                                55.23623,
                                25.104239
                            ],
                            [
                                55.23726,
                                25.105049
                            ],
                            [
                                55.238081,
                                25.105496
                            ]
                        ]
                    ]
                ]
            }
        },
        {
            "type": "Feature",
            "properties": {
                "observation_date": "2017-01-04",
                "source": "S2A_40RCN_20170104_0_L2A_TCI",
                "sensor_name": "Sentinel-2",
                "type": "observation",
                "current_phase": "Site Preparation",
                "is_occluded": "False",
                "is_site_boundary": "True",
                "score": 1.0
            },
            "geometry": {
                "type": "MultiPolygon",
                "coordinates": [
                    [
                        [
                            [
                                55.238078,
                                25.105514
                            ],
                            [
                                55.239812,
                                25.104246
                            ],
                            [
                                55.242439,
                                25.102481
                            ],
                            [
                                55.243007,
                                25.101942
                            ],
                            [
                                55.24325,
                                25.101531
                            ],
                            [
                                55.243361,
                                25.101266
                            ],
                            [
                                55.243344,
                                25.100639
                            ],
                            [
                                55.243269,
                                25.099961
                            ],
                            [
                                55.243035,
                                25.098893
                            ],
                            [
                                55.242335,
                                25.097429
                            ],
                            [
                                55.241287,
                                25.096059
                            ],
                            [
                                55.239621,
                                25.097553
                            ],
                            [
                                55.235988,
                                25.100314
                            ],
                            [
                                55.235616,
                                25.100619
                            ],
                            [
                                55.235214,
                                25.101036
                            ],
                            [
                                55.234996,
                                25.102126
                            ],
                            [
                                55.235235,
                                25.103035
                            ],
                            [
                                55.236228,
                                25.104256
                            ],
                            [
                                55.237257,
                                25.105066
                            ],
                            [
                                55.238078,
                                25.105514
                            ]
                        ]
                    ]
                ]
            }
        },
        {
            "type": "Feature",
            "properties": {
                "observation_date": "2017-01-18",
                "source": "LC08_L1TP_160043_20170118_20200905_02_T1_TCI",
                "sensor_name": "Landsat 8",
                "type": "observation",
                "current_phase": "Site Preparation",
                "is_occluded": "False",
                "is_site_boundary": "True",
                "score": 1.0
            },
            "geometry": {
                "type": "MultiPolygon",
                "coordinates": [
                    [
                        [
                            [
                                55.238155,
                                25.105516
                            ],
                            [
                                55.239911,
                                25.104243
                            ],
                            [
                                55.242572,
                                25.102469
                            ],
                            [
                                55.243147,
                                25.101927
                            ],
                            [
                                55.243393,
                                25.101514
                            ],
                            [
                                55.243505,
                                25.101248
                            ],
                            [
                                55.243488,
                                25.100618
                            ],
                            [
                                55.243412,
                                25.099936
                            ],
                            [
                                55.243175,
                                25.098863
                            ],
                            [
                                55.242466,
                                25.097392
                            ],
                            [
                                55.241405,
                                25.096015
                            ],
                            [
                                55.239717,
                                25.097516
                            ],
                            [
                                55.236038,
                                25.100291
                            ],
                            [
                                55.235661,
                                25.100597
                            ],
                            [
                                55.235253,
                                25.101016
                            ],
                            [
                                55.235032,
                                25.102111
                            ],
                            [
                                55.235275,
                                25.103025
                            ],
                            [
                                55.236281,
                                25.104252
                            ],
                            [
                                55.237323,
                                25.105066
                            ],
                            [
                                55.238155,
                                25.105516
                            ]
                        ]
                    ]
                ]
            }
        },
        {
            "type": "Feature",
            "properties": {
                "observation_date": "2017-03-07",
                "source": "LC08_L1TP_160043_20170307_20200905_02_T1_TCI",
                "sensor_name": "Landsat 8",
                "type": "observation",
                "current_phase": "Site Preparation",
                "is_occluded": "False",
                "is_site_boundary": "True",
                "score": 1.0
            },
            "geometry": {
                "type": "MultiPolygon",
                "coordinates": [
                    [
                        [
                            [
                                55.23815,
                                25.105551
                            ],
                            [
                                55.239905,
                                25.104277
                            ],
                            [
                                55.242567,
                                25.102504
                            ],
                            [
                                55.243142,
                                25.101962
                            ],
                            [
                                55.243387,
                                25.101549
                            ],
                            [
                                55.2435,
                                25.101282
                            ],
                            [
                                55.243483,
                                25.100652
                            ],
                            [
                                55.243407,
                                25.099971
                            ],
                            [
                                55.24317,
                                25.098898
                            ],
                            [
                                55.24246,
                                25.097426
                            ],
                            [
                                55.241399,
                                25.096049
                            ],
                            [
                                55.239711,
                                25.097551
                            ],
                            [
                                55.236032,
                                25.100325
                            ],
                            [
                                55.235655,
                                25.100631
                            ],
                            [
                                55.235247,
                                25.101051
                            ],
                            [
                                55.235027,
                                25.102146
                            ],
                            [
                                55.235269,
                                25.10306
                            ],
                            [
                                55.236275,
                                25.104287
                            ],
                            [
                                55.237318,
                                25.105101
                            ],
                            [
                                55.23815,
                                25.105551
                            ]
                        ]
                    ]
                ]
            }
        },
        {
            "type": "Feature",
            "properties": {
                "observation_date": "2017-03-15",
                "source": "S2A_40RCN_20170315_0_L2A_TCI",
                "sensor_name": "Sentinel-2",
                "type": "observation",
                "current_phase": "Site Preparation",
                "is_occluded": "False",
                "is_site_boundary": "True",
                "score": 1.0
            },
            "geometry": {
                "type": "MultiPolygon",
                "coordinates": [
                    [
                        [
                            [
                                55.238067,
                                25.105582
                            ],
                            [
                                55.239801,
                                25.104315
                            ],
                            [
                                55.242428,
                                25.10255
                            ],
                            [
                                55.242996,
                                25.10201
                            ],
                            [
                                55.243239,
                                25.101599
                            ],
                            [
                                55.24335,
                                25.101334
                            ],
                            [
                                55.243333,
                                25.100708
                            ],
                            [
                                55.243258,
                                25.100029
                            ],
                            [
                                55.243024,
                                25.098962
                            ],
                            [
                                55.242324,
                                25.097498
                            ],
                            [
                                55.241276,
                                25.096128
                            ],
                            [
                                55.23961,
                                25.097622
                            ],
                            [
                                55.235977,
                                25.100383
                            ],
                            [
                                55.235605,
                                25.100687
                            ],
                            [
                                55.235203,
                                25.101104
                            ],
                            [
                                55.234985,
                                25.102194
                            ],
                            [
                                55.235224,
                                25.103104
                            ],
                            [
                                55.236217,
                                25.104325
                            ],
                            [
                                55.237246,
                                25.105134
                            ],
                            [
                                55.238067,
                                25.105582
                            ]
                        ]
                    ]
                ]
            }
        },
        {
            "type": "Feature",
            "properties": {
                "observation_date": "2017-04-08",
                "source": "LC08_L1TP_160043_20170408_20200904_02_T1_TCI",
                "sensor_name": "Landsat 8",
                "type": "observation",
                "current_phase": "Active Construction",
                "is_occluded": "False",
                "is_site_boundary": "True",
                "score": 1.0
            },
            "geometry": {
                "type": "MultiPolygon",
                "coordinates": [
                    [
                        [
                            [
                                55.238099,
                                25.105752
                            ],
                            [
                                55.239855,
                                25.104478
                            ],
                            [
                                55.242516,
                                25.102705
                            ],
                            [
                                55.243091,
                                25.102162
                            ],
                            [
                                55.243337,
                                25.10175
                            ],
                            [
                                55.243449,
                                25.101483
                            ],
                            [
                                55.243432,
                                25.100853
                            ],
                            [
                                55.243356,
                                25.100171
                            ],
                            [
                                55.243119,
                                25.099099
                            ],
                            [
                                55.24241,
                                25.097627
                            ],
                            [
                                55.241349,
                                25.09625
                            ],
                            [
                                55.239661,
                                25.097752
                            ],
                            [
                                55.235981,
                                25.100526
                            ],
                            [
                                55.235604,
                                25.100832
                            ],
                            [
                                55.235197,
                                25.101251
                            ],
                            [
                                55.234976,
                                25.102346
                            ],
                            [
                                55.235219,
                                25.103261
                            ],
                            [
                                55.236224,
                                25.104488
                            ],
                            [
                                55.237267,
                                25.105302
                            ],
                            [
                                55.238099,
                                25.105752
                            ]
                        ]
                    ]
                ]
            }
        },
        {
            "type": "Feature",
            "properties": {
                "observation_date": "2017-04-24",
                "source": "S2A_40RCN_20170424_0_L2A_TCI",
                "sensor_name": "Sentinel-2",
                "type": "observation",
                "current_phase": "Active Construction",
                "is_occluded": "False",
                "is_site_boundary": "True",
                "score": 1.0
            },
            "geometry": {
                "type": "MultiPolygon",
                "coordinates": [
                    [
                        [
                            [
                                55.238021,
                                25.105664
                            ],
                            [
                                55.239755,
                                25.104396
                            ],
                            [
                                55.242382,
                                25.102632
                            ],
                            [
                                55.24295,
                                25.102092
                            ],
                            [
                                55.243193,
                                25.101681
                            ],
                            [
                                55.243304,
                                25.101416
                            ],
                            [
                                55.243287,
                                25.100789
                            ],
                            [
                                55.243212,
                                25.100111
                            ],
                            [
                                55.242978,
                                25.099044
                            ],
                            [
                                55.242278,
                                25.097579
                            ],
                            [
                                55.241231,
                                25.096209
                            ],
                            [
                                55.239564,
                                25.097703
                            ],
                            [
                                55.235931,
                                25.100465
                            ],
                            [
                                55.235559,
                                25.100769
                            ],
                            [
                                55.235157,
                                25.101186
                            ],
                            [
                                55.234939,
                                25.102276
                            ],
                            [
                                55.235178,
                                25.103186
                            ],
                            [
                                55.236171,
                                25.104406
                            ],
                            [
                                55.2372,
                                25.105216
                            ],
                            [
                                55.238021,
                                25.105664
                            ]
                        ]
                    ]
                ]
            }
        },
        {
            "type": "Feature",
            "properties": {
                "observation_date": "2017-05-10",
                "source": "LC08_L1TP_160043_20170510_20200904_02_T1_TCI",
                "sensor_name": "Landsat 8",
                "type": "observation",
                "current_phase": "Active Construction",
                "is_occluded": "False",
                "is_site_boundary": "True",
                "score": 1.0
            },
            "geometry": {
                "type": "MultiPolygon",
                "coordinates": [
                    [
                        [
                            [
                                55.238146,
                                25.105592
                            ],
                            [
                                55.239902,
                                25.104318
                            ],
                            [
                                55.242564,
                                25.102545
                            ],
                            [
                                55.243139,
                                25.102002
                            ],
                            [
                                55.243384,
                                25.10159
                            ],
                            [
                                55.243497,
                                25.101323
                            ],
                            [
                                55.24348,
                                25.100693
                            ],
                            [
                                55.243404,
                                25.100012
                            ],
                            [
                                55.243167,
                                25.098939
                            ],
                            [
                                55.242457,
                                25.097467
                            ],
                            [
                                55.241396,
                                25.09609
                            ],
                            [
                                55.239708,
                                25.097592
                            ],
                            [
                                55.236029,
                                25.100366
                            ],
                            [
                                55.235652,
                                25.100672
                            ],
                            [
                                55.235244,
                                25.101092
                            ],
                            [
                                55.235024,
                                25.102186
                            ],
                            [
                                55.235266,
                                25.103101
                            ],
                            [
                                55.236272,
                                25.104328
                            ],
                            [
                                55.237314,
                                25.105142
                            ],
                            [
                                55.238146,
                                25.105592
                            ]
                        ]
                    ]
                ]
            }
        },
        {
            "type": "Feature",
            "properties": {
                "observation_date": "2017-05-24",
                "source": "S2A_40RCN_20170524_0_L2A_TCI",
                "sensor_name": "Sentinel-2",
                "type": "observation",
                "current_phase": "Active Construction",
                "is_occluded": "False",
                "is_site_boundary": "True",
                "score": 1.0
            },
            "geometry": {
                "type": "MultiPolygon",
                "coordinates": [
                    [
                        [
                            [
                                55.238112,
                                25.105548
                            ],
                            [
                                55.239846,
                                25.10428
                            ],
                            [
                                55.242473,
                                25.102515
                            ],
                            [
                                55.243041,
                                25.101976
                            ],
                            [
                                55.243284,
                                25.101565
                            ],
                            [
                                55.243395,
                                25.1013
                            ],
                            [
                                55.243378,
                                25.100673
                            ],
                            [
                                55.243303,
                                25.099995
                            ],
                            [
                                55.243069,
                                25.098927
                            ],
                            [
                                55.242369,
                                25.097463
                            ],
                            [
                                55.241322,
                                25.096093
                            ],
                            [
                                55.239655,
                                25.097587
                            ],
                            [
                                55.236022,
                                25.100348
                            ],
                            [
                                55.23565,
                                25.100653
                            ],
                            [
                                55.235248,
                                25.10107
                            ],
                            [
                                55.23503,
                                25.10216
                            ],
                            [
                                55.235269,
                                25.103069
                            ],
                            [
                                55.236262,
                                25.10429
                            ],
                            [
                                55.237291,
                                25.1051
                            ],
                            [
                                55.238112,
                                25.105548
                            ]
                        ]
                    ]
                ]
            }
        },
        {
            "type": "Feature",
            "properties": {
                "observation_date": "2017-06-11",
                "source": "LC08_L1TP_160043_20170611_20200903_02_T1_TCI",
                "sensor_name": "Landsat 8",
                "type": "observation",
                "current_phase": "Active Construction",
                "is_occluded": "False",
                "is_site_boundary": "True",
                "score": 1.0
            },
            "geometry": {
                "type": "MultiPolygon",
                "coordinates": [
                    [
                        [
                            [
                                55.238184,
                                25.105524
                            ],
                            [
                                55.239939,
                                25.10425
                            ],
                            [
                                55.242601,
                                25.102477
                            ],
                            [
                                55.243176,
                                25.101935
                            ],
                            [
                                55.243422,
                                25.101522
                            ],
                            [
                                55.243534,
                                25.101255
                            ],
                            [
                                55.243517,
                                25.100625
                            ],
                            [
                                55.243441,
                                25.099944
                            ],
                            [
                                55.243204,
                                25.098871
                            ],
                            [
                                55.242495,
                                25.097399
                            ],
                            [
                                55.241433,
                                25.096022
                            ],
                            [
                                55.239745,
                                25.097524
                            ],
                            [
                                55.236066,
                                25.100298
                            ],
                            [
                                55.235689,
                                25.100604
                            ],
                            [
                                55.235282,
                                25.101024
                            ],
                            [
                                55.235061,
                                25.102119
                            ],
                            [
                                55.235304,
                                25.103033
                            ],
                            [
                                55.236309,
                                25.10426
                            ],
                            [
                                55.237352,
                                25.105074
                            ],
                            [
                                55.238184,
                                25.105524
                            ]
                        ]
                    ]
                ]
            }
        },
        {
            "type": "Feature",
            "properties": {
                "observation_date": "2017-06-13",
                "source": "S2A_40RCN_20170613_0_L2A_TCI",
                "sensor_name": "Sentinel-2",
                "type": "observation",
                "current_phase": "Active Construction",
                "is_occluded": "False",
                "is_site_boundary": "True",
                "score": 1.0
            },
            "geometry": {
                "type": "MultiPolygon",
                "coordinates": [
                    [
                        [
                            [
                                55.238095,
                                25.105529
                            ],
                            [
                                55.239828,
                                25.104261
                            ],
                            [
                                55.242456,
                                25.102496
                            ],
                            [
                                55.243024,
                                25.101957
                            ],
                            [
                                55.243266,
                                25.101546
                            ],
                            [
                                55.243377,
                                25.101281
                            ],
                            [
                                55.243361,
                                25.100654
                            ],
                            [
                                55.243286,
                                25.099976
                            ],
                            [
                                55.243052,
                                25.098908
                            ],
                            [
                                55.242352,
                                25.097444
                            ],
                            [
                                55.241304,
                                25.096074
                            ],
                            [
                                55.239638,
                                25.097568
                            ],
                            [
                                55.236005,
                                25.100329
                            ],
                            [
                                55.235633,
                                25.100634
                            ],
                            [
                                55.23523,
                                25.101051
                            ],
                            [
                                55.235013,
                                25.102141
                            ],
                            [
                                55.235252,
                                25.10305
                            ],
                            [
                                55.236245,
                                25.104271
                            ],
                            [
                                55.237274,
                                25.105081
                            ],
                            [
                                55.238095,
                                25.105529
                            ]
                        ]
                    ]
                ]
            }
        },
        {
            "type": "Feature",
            "properties": {
                "observation_date": "2017-07-08",
                "source": "S2B_40RCN_20170708_0_L2A_TCI",
                "sensor_name": "Sentinel-2",
                "type": "observation",
                "current_phase": "Active Construction",
                "is_occluded": "False",
                "is_site_boundary": "True",
                "score": 1.0
            },
            "geometry": {
                "type": "MultiPolygon",
                "coordinates": [
                    [
                        [
                            [
                                55.238086,
                                25.105519
                            ],
                            [
                                55.23982,
                                25.104252
                            ],
                            [
                                55.242447,
                                25.102487
                            ],
                            [
                                55.243015,
                                25.101947
                            ],
                            [
                                55.243258,
                                25.101537
                            ],
                            [
                                55.243369,
                                25.101271
                            ],
                            [
                                55.243352,
                                25.100645
                            ],
                            [
                                55.243277,
                                25.099966
                            ],
                            [
                                55.243043,
                                25.098899
                            ],
                            [
                                55.242343,
                                25.097435
                            ],
                            [
                                55.241296,
                                25.096065
                            ],
                            [
                                55.239629,
                                25.097559
                            ],
                            [
                                55.235996,
                                25.10032
                            ],
                            [
                                55.235624,
                                25.100624
                            ],
                            [
                                55.235222,
                                25.101042
                            ],
                            [
                                55.235004,
                                25.102131
                            ],
                            [
                                55.235243,
                                25.103041
                            ],
                            [
                                55.236236,
                                25.104262
                            ],
                            [
                                55.237265,
                                25.105072
                            ],
                            [
                                55.238086,
                                25.105519
                            ]
                        ]
                    ]
                ]
            }
        },
        {
            "type": "Feature",
            "properties": {
                "observation_date": "2017-07-13",
                "source": "LC08_L1TP_160043_20170713_20200903_02_T1_TCI",
                "sensor_name": "Landsat 8",
                "type": "observation",
                "current_phase": "Active Construction",
                "is_occluded": "False",
                "is_site_boundary": "True",
                "score": 1.0
            },
            "geometry": {
                "type": "MultiPolygon",
                "coordinates": [
                    [
                        [
                            [
                                55.238157,
                                25.105495
                            ],
                            [
                                55.239913,
                                25.104222
                            ],
                            [
                                55.242575,
                                25.102448
                            ],
                            [
                                55.24315,
                                25.101906
                            ],
                            [
                                55.243395,
                                25.101493
                            ],
                            [
                                55.243508,
                                25.101227
                            ],
                            [
                                55.243491,
                                25.100597
                            ],
                            [
                                55.243415,
                                25.099915
                            ],
                            [
                                55.243178,
                                25.098842
                            ],
                            [
                                55.242468,
                                25.097371
                            ],
                            [
                                55.241407,
                                25.095994
                            ],
                            [
                                55.239719,
                                25.097495
                            ],
                            [
                                55.23604,
                                25.10027
                            ],
                            [
                                55.235663,
                                25.100576
                            ],
                            [
                                55.235255,
                                25.100995
                            ],
                            [
                                55.235035,
                                25.10209
                            ],
                            [
                                55.235277,
                                25.103004
                            ],
                            [
                                55.236283,
                                25.104231
                            ],
                            [
                                55.237325,
                                25.105045
                            ],
                            [
                                55.238157,
                                25.105495
                            ]
                        ]
                    ]
                ]
            }
        },
        {
            "type": "Feature",
            "properties": {
                "observation_date": "2017-08-14",
                "source": "LC08_L1TP_160043_20170814_20200903_02_T1_TCI",
                "sensor_name": "Landsat 8",
                "type": "observation",
                "current_phase": "Active Construction",
                "is_occluded": "False",
                "is_site_boundary": "True",
                "score": 1.0
            },
            "geometry": {
                "type": "MultiPolygon",
                "coordinates": [
                    [
                        [
                            [
                                55.238149,
                                25.105486
                            ],
                            [
                                55.239904,
                                25.104212
                            ],
                            [
                                55.242566,
                                25.102439
                            ],
                            [
                                55.243141,
                                25.101897
                            ],
                            [
                                55.243387,
                                25.101484
                            ],
                            [
                                55.243499,
                                25.101217
                            ],
                            [
                                55.243482,
                                25.100587
                            ],
                            [
                                55.243406,
                                25.099906
                            ],
                            [
                                55.243169,
                                25.098833
                            ],
                            [
                                55.242459,
                                25.097361
                            ],
                            [
                                55.241398,
                                25.095985
                            ],
                            [
                                55.23971,
                                25.097486
                            ],
                            [
                                55.236031,
                                25.10026
                            ],
                            [
                                55.235654,
                                25.100566
                            ],
                            [
                                55.235246,
                                25.100986
                            ],
                            [
                                55.235026,
                                25.102081
                            ],
                            [
                                55.235269,
                                25.102995
                            ],
                            [
                                55.236274,
                                25.104222
                            ],
                            [
                                55.237317,
                                25.105036
                            ],
                            [
                                55.238149,
                                25.105486
                            ]
                        ]
                    ]
                ]
            }
        },
        {
            "type": "Feature",
            "properties": {
                "observation_date": "2017-08-17",
                "source": "S2B_40RCN_20170817_0_L2A_TCI",
                "sensor_name": "Sentinel-2",
                "type": "observation",
                "current_phase": "Active Construction",
                "is_occluded": "False",
                "is_site_boundary": "True",
                "score": 1.0
            },
            "geometry": {
                "type": "MultiPolygon",
                "coordinates": [
                    [
                        [
                            [
                                55.23806,
                                25.105491
                            ],
                            [
                                55.239794,
                                25.104223
                            ],
                            [
                                55.242421,
                                25.102459
                            ],
                            [
                                55.242989,
                                25.101919
                            ],
                            [
                                55.243232,
                                25.101508
                            ],
                            [
                                55.243343,
                                25.101243
                            ],
                            [
                                55.243326,
                                25.100616
                            ],
                            [
                                55.243251,
                                25.099938
                            ],
                            [
                                55.243017,
                                25.098871
                            ],
                            [
                                55.242317,
                                25.097406
                            ],
                            [
                                55.24127,
                                25.096036
                            ],
                            [
                                55.239603,
                                25.09753
                            ],
                            [
                                55.23597,
                                25.100292
                            ],
                            [
                                55.235598,
                                25.100596
                            ],
                            [
                                55.235196,
                                25.101013
                            ],
                            [
                                55.234978,
                                25.102103
                            ],
                            [
                                55.235217,
                                25.103013
                            ],
                            [
                                55.23621,
                                25.104233
                            ],
                            [
                                55.237239,
                                25.105043
                            ],
                            [
                                55.23806,
                                25.105491
                            ]
                        ]
                    ]
                ]
            }
        },
        {
            "type": "Feature",
            "properties": {
                "observation_date": "2017-09-11",
                "source": "S2A_40RCN_20170911_0_L2A_TCI",
                "sensor_name": "Sentinel-2",
                "type": "observation",
                "current_phase": "Active Construction",
                "is_occluded": "False",
                "is_site_boundary": "True",
                "score": 1.0
            },
            "geometry": {
                "type": "MultiPolygon",
                "coordinates": [
                    [
                        [
                            [
                                55.238071,
                                25.105518
                            ],
                            [
                                55.239805,
                                25.104251
                            ],
                            [
                                55.242432,
                                25.102486
                            ],
                            [
                                55.243,
                                25.101946
                            ],
                            [
                                55.243243,
                                25.101536
                            ],
                            [
                                55.243354,
                                25.10127
                            ],
                            [
                                55.243337,
                                25.100644
                            ],
                            [
                                55.243262,
                                25.099965
                            ],
                            [
                                55.243028,
                                25.098898
                            ],
                            [
                                55.242328,
                                25.097434
                            ],
                            [
                                55.24128,
                                25.096064
                            ],
                            [
                                55.239614,
                                25.097558
                            ],
                            [
                                55.235981,
                                25.100319
                            ],
                            [
                                55.235609,
                                25.100623
                            ],
                            [
                                55.235207,
                                25.101041
                            ],
                            [
                                55.234989,
                                25.10213
                            ],
                            [
                                55.235228,
                                25.10304
                            ],
                            [
                                55.236221,
                                25.104261
                            ],
                            [
                                55.23725,
                                25.105071
                            ],
                            [
                                55.238071,
                                25.105518
                            ]
                        ]
                    ]
                ]
            }
        },
        {
            "type": "Feature",
            "properties": {
                "observation_date": "2017-09-15",
                "source": "LC08_L1TP_160043_20170915_20200903_02_T1_TCI",
                "sensor_name": "Landsat 8",
                "type": "observation",
                "current_phase": "Active Construction",
                "is_occluded": "False",
                "is_site_boundary": "True",
                "score": 1.0
            },
            "geometry": {
                "type": "MultiPolygon",
                "coordinates": [
                    [
                        [
                            [
                                55.238162,
                                25.105531
                            ],
                            [
                                55.239918,
                                25.104258
                            ],
                            [
                                55.242579,
                                25.102484
                            ],
                            [
                                55.243154,
                                25.101942
                            ],
                            [
                                55.2434,
                                25.101529
                            ],
                            [
                                55.243512,
                                25.101263
                            ],
                            [
                                55.243495,
                                25.100633
                            ],
                            [
                                55.243419,
                                25.099951
                            ],
                            [
                                55.243182,
                                25.098878
                            ],
                            [
                                55.242473,
                                25.097407
                            ],
                            [
                                55.241412,
                                25.09603
                            ],
                            [
                                55.239724,
                                25.097531
                            ],
                            [
                                55.236044,
                                25.100306
                            ],
                            [
                                55.235667,
                                25.100612
                            ],
                            [
                                55.23526,
                                25.101031
                            ],
                            [
                                55.235039,
                                25.102126
                            ],
                            [
                                55.235282,
                                25.10304
                            ],
                            [
                                55.236287,
                                25.104267
                            ],
                            [
                                55.23733,
                                25.105081
                            ],
                            [
                                55.238162,
                                25.105531
                            ]
                        ]
                    ]
                ]
            }
        },
        {
            "type": "Feature",
            "properties": {
                "observation_date": "2017-10-01",
                "source": "LC08_L1TP_160043_20171001_20200903_02_T1_TCI",
                "sensor_name": "Landsat 8",
                "type": "observation",
                "current_phase": "Active Construction",
                "is_occluded": "False",
                "is_site_boundary": "True",
                "score": 1.0
            },
            "geometry": {
                "type": "MultiPolygon",
                "coordinates": [
                    [
                        [
                            [
                                55.238173,
                                25.105559
                            ],
                            [
                                55.239929,
                                25.104285
                            ],
                            [
                                55.24259,
                                25.102512
                            ],
                            [
                                55.243165,
                                25.10197
                            ],
                            [
                                55.243411,
                                25.101557
                            ],
                            [
                                55.243523,
                                25.10129
                            ],
                            [
                                55.243506,
                                25.10066
                            ],
                            [
                                55.24343,
                                25.099979
                            ],
                            [
                                55.243193,
                                25.098906
                            ],
                            [
                                55.242484,
                                25.097434
                            ],
                            [
                                55.241423,
                                25.096057
                            ],
                            [
                                55.239735,
                                25.097559
                            ],
                            [
                                55.236055,
                                25.100333
                            ],
                            [
                                55.235678,
                                25.100639
                            ],
                            [
                                55.235271,
                                25.101059
                            ],
                            [
                                55.23505,
                                25.102154
                            ],
                            [
                                55.235293,
                                25.103068
                            ],
                            [
                                55.236298,
                                25.104295
                            ],
                            [
                                55.237341,
                                25.105109
                            ],
                            [
                                55.238173,
                                25.105559
                            ]
                        ]
                    ]
                ]
            }
        },
        {
            "type": "Feature",
            "properties": {
                "observation_date": "2017-10-01",
                "source": "S2A_40RCN_20171001_0_L2A_TCI",
                "sensor_name": "Sentinel-2",
                "type": "observation",
                "current_phase": "Active Construction",
                "is_occluded": "False",
                "is_site_boundary": "True",
                "score": 1.0
            },
            "geometry": {
                "type": "MultiPolygon",
                "coordinates": [
                    [
                        [
                            [
                                55.238104,
                                25.1056
                            ],
                            [
                                55.239837,
                                25.104333
                            ],
                            [
                                55.242465,
                                25.102568
                            ],
                            [
                                55.243033,
                                25.102028
                            ],
                            [
                                55.243275,
                                25.101618
                            ],
                            [
                                55.243386,
                                25.101352
                            ],
                            [
                                55.24337,
                                25.100726
                            ],
                            [
                                55.243294,
                                25.100047
                            ],
                            [
                                55.243061,
                                25.09898
                            ],
                            [
                                55.24236,
                                25.097516
                            ],
                            [
                                55.241313,
                                25.096146
                            ],
                            [
                                55.239646,
                                25.09764
                            ],
                            [
                                55.236014,
                                25.100401
                            ],
                            [
                                55.235642,
                                25.100705
                            ],
                            [
                                55.235239,
                                25.101123
                            ],
                            [
                                55.235021,
                                25.102212
                            ],
                            [
                                55.235261,
                                25.103122
                            ],
                            [
                                55.236253,
                                25.104343
                            ],
                            [
                                55.237283,
                                25.105153
                            ],
                            [
                                55.238104,
                                25.1056
                            ]
                        ]
                    ]
                ]
            }
        },
        {
            "type": "Feature",
            "properties": {
                "observation_date": "2017-11-13",
                "source": "17NOV13095918-P1BS-501764823010_01_P003",
                "sensor_name": "WorldView",
                "type": "observation",
                "current_phase": "Active Construction",
                "is_occluded": "False",
                "is_site_boundary": "True",
                "score": 1.0
            },
            "geometry": {
                "type": "MultiPolygon",
                "coordinates": [
                    [
                        [
                            [
                                55.23802,
                                25.105748
                            ],
                            [
                                55.239759,
                                25.104479
                            ],
                            [
                                55.242396,
                                25.102712
                            ],
                            [
                                55.242966,
                                25.102171
                            ],
                            [
                                55.243209,
                                25.10176
                            ],
                            [
                                55.24332,
                                25.101494
                            ],
                            [
                                55.243304,
                                25.100867
                            ],
                            [
                                55.243228,
                                25.100187
                            ],
                            [
                                55.242994,
                                25.099119
                            ],
                            [
                                55.242291,
                                25.097653
                            ],
                            [
                                55.24124,
                                25.096281
                            ],
                            [
                                55.239568,
                                25.097777
                            ],
                            [
                                55.235923,
                                25.100542
                            ],
                            [
                                55.235549,
                                25.100846
                            ],
                            [
                                55.235145,
                                25.101264
                            ],
                            [
                                55.234927,
                                25.102355
                            ],
                            [
                                55.235167,
                                25.103266
                            ],
                            [
                                55.236163,
                                25.104488
                            ],
                            [
                                55.237196,
                                25.105299
                            ],
                            [
                                55.23802,
                                25.105748
                            ]
                        ]
                    ]
                ]
            }
        },
        {
            "type": "Feature",
            "properties": {
                "observation_date": "2017-11-18",
                "source": "LC08_L1TP_160043_20171118_20200902_02_T1_TCI",
                "sensor_name": "Landsat 8",
                "type": "observation",
                "current_phase": "Active Construction",
                "is_occluded": "False",
                "is_site_boundary": "True",
                "score": 1.0
            },
            "geometry": {
                "type": "MultiPolygon",
                "coordinates": [
                    [
                        [
                            [
                                55.238126,
                                25.105631
                            ],
                            [
                                55.239881,
                                25.104357
                            ],
                            [
                                55.242543,
                                25.102584
                            ],
                            [
                                55.243118,
                                25.102042
                            ],
                            [
                                55.243364,
                                25.101629
                            ],
                            [
                                55.243476,
                                25.101362
                            ],
                            [
                                55.243459,
                                25.100733
                            ],
                            [
                                55.243383,
                                25.100051
                            ],
                            [
                                55.243146,
                                25.098978
                            ],
                            [
                                55.242437,
                                25.097507
                            ],
                            [
                                55.241375,
                                25.09613
                            ],
                            [
                                55.239687,
                                25.097631
                            ],
                            [
                                55.236008,
                                25.100406
                            ],
                            [
                                55.235631,
                                25.100712
                            ],
                            [
                                55.235224,
                                25.101131
                            ],
                            [
                                55.235003,
                                25.102226
                            ],
                            [
                                55.235246,
                                25.10314
                            ],
                            [
                                55.236251,
                                25.104367
                            ],
                            [
                                55.237294,
                                25.105181
                            ],
                            [
                                55.238126,
                                25.105631
                            ]
                        ]
                    ]
                ]
            }
        },
        {
            "type": "Feature",
            "properties": {
                "observation_date": "2017-11-20",
                "source": "S2A_40RCN_20171120_0_L2A_TCI",
                "sensor_name": "Sentinel-2",
                "type": "observation",
                "current_phase": "Active Construction",
                "is_occluded": "False",
                "is_site_boundary": "True",
                "score": 1.0
            },
            "geometry": {
                "type": "MultiPolygon",
                "coordinates": [
                    [
                        [
                            [
                                55.238094,
                                25.105539
                            ],
                            [
                                55.239827,
                                25.104271
                            ],
                            [
                                55.242455,
                                25.102506
                            ],
                            [
                                55.243023,
                                25.101967
                            ],
                            [
                                55.243265,
                                25.101556
                            ],
                            [
                                55.243376,
                                25.101291
                            ],
                            [
                                55.24336,
                                25.100664
                            ],
                            [
                                55.243284,
                                25.099986
                            ],
                            [
                                55.243051,
                                25.098918
                            ],
                            [
                                55.242351,
                                25.097454
                            ],
                            [
                                55.241303,
                                25.096084
                            ],
                            [
                                55.239637,
                                25.097578
                            ],
                            [
                                55.236004,
                                25.100339
                            ],
                            [
                                55.235632,
                                25.100644
                            ],
                            [
                                55.235229,
                                25.101061
                            ],
                            [
                                55.235011,
                                25.102151
                            ],
                            [
                                55.235251,
                                25.10306
                            ],
                            [
                                55.236243,
                                25.104281
                            ],
                            [
                                55.237273,
                                25.105091
                            ],
                            [
                                55.238094,
                                25.105539
                            ]
                        ]
                    ]
                ]
            }
        },
        {
            "type": "Feature",
            "properties": {
                "observation_date": "2017-12-04",
                "source": "LC08_L1TP_160043_20171204_20200902_02_T1_TCI",
                "sensor_name": "Landsat 8",
                "type": "observation",
                "current_phase": "Active Construction",
                "is_occluded": "False",
                "is_site_boundary": "True",
                "score": 1.0
            },
            "geometry": {
                "type": "MultiPolygon",
                "coordinates": [
                    [
                        [
                            [
                                55.238191,
                                25.10553
                            ],
                            [
                                55.239947,
                                25.104256
                            ],
                            [
                                55.242608,
                                25.102483
                            ],
                            [
                                55.243183,
                                25.101941
                            ],
                            [
                                55.243429,
                                25.101528
                            ],
                            [
                                55.243541,
                                25.101261
                            ],
                            [
                                55.243524,
                                25.100632
                            ],
                            [
                                55.243448,
                                25.09995
                            ],
                            [
                                55.243211,
                                25.098877
                            ],
                            [
                                55.242502,
                                25.097406
                            ],
                            [
                                55.241441,
                                25.096029
                            ],
                            [
                                55.239753,
                                25.09753
                            ],
                            [
                                55.236073,
                                25.100305
                            ],
                            [
                                55.235696,
                                25.10061
                            ],
                            [
                                55.235289,
                                25.10103
                            ],
                            [
                                55.235068,
                                25.102125
                            ],
                            [
                                55.235311,
                                25.103039
                            ],
                            [
                                55.236316,
                                25.104266
                            ],
                            [
                                55.237359,
                                25.10508
                            ],
                            [
                                55.238191,
                                25.10553
                            ]
                        ]
                    ]
                ]
            }
        },
        {
            "type": "Feature",
            "properties": {
                "observation_date": "2017-12-25",
                "source": "S2B_40RCN_20171225_0_L2A_TCI",
                "sensor_name": "Sentinel-2",
                "type": "observation",
                "current_phase": "Active Construction",
                "is_occluded": "False",
                "is_site_boundary": "True",
                "score": 1.0
            },
            "geometry": {
                "type": "MultiPolygon",
                "coordinates": [
                    [
                        [
                            [
                                55.238128,
                                25.10555
                            ],
                            [
                                55.239861,
                                25.104282
                            ],
                            [
                                55.242489,
                                25.102518
                            ],
                            [
                                55.243056,
                                25.101978
                            ],
                            [
                                55.243299,
                                25.101567
                            ],
                            [
                                55.24341,
                                25.101302
                            ],
                            [
                                55.243393,
                                25.100675
                            ],
                            [
                                55.243318,
                                25.099997
                            ],
                            [
                                55.243084,
                                25.09893
                            ],
                            [
                                55.242384,
                                25.097465
                            ],
                            [
                                55.241337,
                                25.096095
                            ],
                            [
                                55.23967,
                                25.097589
                            ],
                            [
                                55.236038,
                                25.100351
                            ],
                            [
                                55.235666,
                                25.100655
                            ],
                            [
                                55.235263,
                                25.101072
                            ],
                            [
                                55.235045,
                                25.102162
                            ],
                            [
                                55.235285,
                                25.103072
                            ],
                            [
                                55.236277,
                                25.104292
                            ],
                            [
                                55.237306,
                                25.105102
                            ],
                            [
                                55.238128,
                                25.10555
                            ]
                        ]
                    ]
                ]
            }
        },
        {
            "type": "Feature",
            "properties": {
                "observation_date": "2018-01-19",
                "source": "S2A_40RCN_20180119_0_L2A_TCI",
                "sensor_name": "Sentinel-2",
                "type": "observation",
                "current_phase": "Active Construction",
                "is_occluded": "False",
                "is_site_boundary": "True",
                "score": 1.0
            },
            "geometry": {
                "type": "MultiPolygon",
                "coordinates": [
                    [
                        [
                            [
                                55.238123,
                                25.105561
                            ],
                            [
                                55.239857,
                                25.104293
                            ],
                            [
                                55.242484,
                                25.102528
                            ],
                            [
                                55.243052,
                                25.101989
                            ],
                            [
                                55.243295,
                                25.101578
                            ],
                            [
                                55.243406,
                                25.101313
                            ],
                            [
                                55.243389,
                                25.100686
                            ],
                            [
                                55.243314,
                                25.100008
                            ],
                            [
                                55.24308,
                                25.09894
                            ],
                            [
                                55.24238,
                                25.097476
                            ],
                            [
                                55.241333,
                                25.096106
                            ],
                            [
                                55.239666,
                                25.0976
                            ],
                            [
                                55.236033,
                                25.100361
                            ],
                            [
                                55.235661,
                                25.100666
                            ],
                            [
                                55.235259,
                                25.101083
                            ],
                            [
                                55.235041,
                                25.102173
                            ],
                            [
                                55.23528,
                                25.103082
                            ],
                            [
                                55.236273,
                                25.104303
                            ],
                            [
                                55.237302,
                                25.105113
                            ],
                            [
                                55.238123,
                                25.105561
                            ]
                        ]
                    ]
                ]
            }
        },
        {
            "type": "Feature",
            "properties": {
                "observation_date": "2018-02-18",
                "source": "S2A_40RCN_20180218_0_L2A_TCI",
                "sensor_name": "Sentinel-2",
                "type": "observation",
                "current_phase": "Active Construction",
                "is_occluded": "False",
                "is_site_boundary": "True",
                "score": 1.0
            },
            "geometry": {
                "type": "MultiPolygon",
                "coordinates": [
                    [
                        [
                            [
                                55.238119,
                                25.105572
                            ],
                            [
                                55.239852,
                                25.104304
                            ],
                            [
                                55.24248,
                                25.102539
                            ],
                            [
                                55.243048,
                                25.102
                            ],
                            [
                                55.24329,
                                25.101589
                            ],
                            [
                                55.243401,
                                25.101324
                            ],
                            [
                                55.243385,
                                25.100697
                            ],
                            [
                                55.24331,
                                25.100019
                            ],
                            [
                                55.243076,
                                25.098951
                            ],
                            [
                                55.242376,
                                25.097487
                            ],
                            [
                                55.241328,
                                25.096117
                            ],
                            [
                                55.239662,
                                25.097611
                            ],
                            [
                                55.236029,
                                25.100372
                            ],
                            [
                                55.235657,
                                25.100677
                            ],
                            [
                                55.235254,
                                25.101094
                            ],
                            [
                                55.235037,
                                25.102183
                            ],
                            [
                                55.235276,
                                25.103093
                            ],
                            [
                                55.236269,
                                25.104314
                            ],
                            [
                                55.237298,
                                25.105124
                            ],
                            [
                                55.238119,
                                25.105572
                            ]
                        ]
                    ]
                ]
            }
        },
        {
            "type": "Feature",
            "properties": {
                "observation_date": "2018-02-22",
                "source": "LC08_L1TP_160043_20180222_20200902_02_T1_TCI",
                "sensor_name": "Landsat 8",
                "type": "observation",
                "current_phase": "Active Construction",
                "is_occluded": "False",
                "is_site_boundary": "True",
                "score": 1.0
            },
            "geometry": {
                "type": "MultiPolygon",
                "coordinates": [
                    [
                        [
                            [
                                55.238149,
                                25.105612
                            ],
                            [
                                55.239905,
                                25.104339
                            ],
                            [
                                55.242566,
                                25.102565
                            ],
                            [
                                55.243141,
                                25.102023
                            ],
                            [
                                55.243387,
                                25.10161
                            ],
                            [
                                55.243499,
                                25.101344
                            ],
                            [
                                55.243482,
                                25.100714
                            ],
                            [
                                55.243406,
                                25.100032
                            ],
                            [
                                55.243169,
                                25.09896
                            ],
                            [
                                55.24246,
                                25.097488
                            ],
                            [
                                55.241399,
                                25.096111
                            ],
                            [
                                55.239711,
                                25.097612
                            ],
                            [
                                55.236031,
                                25.100387
                            ],
                            [
                                55.235655,
                                25.100693
                            ],
                            [
                                55.235247,
                                25.101112
                            ],
                            [
                                55.235026,
                                25.102207
                            ],
                            [
                                55.235269,
                                25.103121
                            ],
                            [
                                55.236274,
                                25.104348
                            ],
                            [
                                55.237317,
                                25.105162
                            ],
                            [
                                55.238149,
                                25.105612
                            ]
                        ]
                    ]
                ]
            }
        },
        {
            "type": "Feature",
            "properties": {
                "observation_date": "2018-03-08",
                "source": "18MAR08072034-P1BS-502009134020_01_P003",
                "sensor_name": "WorldView",
                "type": "observation",
                "current_phase": "Active Construction",
                "is_occluded": "False",
                "is_site_boundary": "True",
                "score": 1.0
            },
            "geometry": {
                "type": "MultiPolygon",
                "coordinates": [
                    [
                        [
                            [
                                55.238041,
                                25.105678
                            ],
                            [
                                55.23978,
                                25.104408
                            ],
                            [
                                55.242417,
                                25.102641
                            ],
                            [
                                55.242987,
                                25.102101
                            ],
                            [
                                55.24323,
                                25.10169
                            ],
                            [
                                55.243341,
                                25.101424
                            ],
                            [
                                55.243325,
                                25.100797
                            ],
                            [
                                55.243249,
                                25.100117
                            ],
                            [
                                55.243015,
                                25.099049
                            ],
                            [
                                55.242312,
                                25.097583
                            ],
                            [
                                55.241261,
                                25.096211
                            ],
                            [
                                55.239589,
                                25.097707
                            ],
                            [
                                55.235944,
                                25.100471
                            ],
                            [
                                55.23557,
                                25.100776
                            ],
                            [
                                55.235166,
                                25.101194
                            ],
                            [
                                55.234948,
                                25.102285
                            ],
                            [
                                55.235188,
                                25.103196
                            ],
                            [
                                55.236184,
                                25.104418
                            ],
                            [
                                55.237217,
                                25.105229
                            ],
                            [
                                55.238041,
                                25.105678
                            ]
                        ]
                    ]
                ]
            }
        },
        {
            "type": "Feature",
            "properties": {
                "observation_date": "2018-03-15",
                "source": "S2B_40RCN_20180315_0_L2A_TCI",
                "sensor_name": "Sentinel-2",
                "type": "observation",
                "current_phase": "Active Construction",
                "is_occluded": "False",
                "is_site_boundary": "True",
                "score": 1.0
            },
            "geometry": {
                "type": "MultiPolygon",
                "coordinates": [
                    [
                        [
                            [
                                55.238086,
                                25.105573
                            ],
                            [
                                55.239819,
                                25.104305
                            ],
                            [
                                55.242447,
                                25.10254
                            ],
                            [
                                55.243014,
                                25.102001
                            ],
                            [
                                55.243257,
                                25.10159
                            ],
                            [
                                55.243368,
                                25.101325
                            ],
                            [
                                55.243351,
                                25.100698
                            ],
                            [
                                55.243276,
                                25.10002
                            ],
                            [
                                55.243043,
                                25.098952
                            ],
                            [
                                55.242342,
                                25.097488
                            ],
                            [
                                55.241295,
                                25.096118
                            ],
                            [
                                55.239628,
                                25.097612
                            ],
                            [
                                55.235996,
                                25.100373
                            ],
                            [
                                55.235624,
                                25.100678
                            ],
                            [
                                55.235221,
                                25.101095
                            ],
                            [
                                55.235003,
                                25.102185
                            ],
                            [
                                55.235243,
                                25.103094
                            ],
                            [
                                55.236235,
                                25.104315
                            ],
                            [
                                55.237264,
                                25.105125
                            ],
                            [
                                55.238086,
                                25.105573
                            ]
                        ]
                    ]
                ]
            }
        },
        {
            "type": "Feature",
            "properties": {
                "observation_date": "2018-03-26",
                "source": "LC08_L1TP_160043_20180326_20200901_02_T1_TCI",
                "sensor_name": "Landsat 8",
                "type": "observation",
                "current_phase": "Active Construction",
                "is_occluded": "False",
                "is_site_boundary": "True",
                "score": 1.0
            },
            "geometry": {
                "type": "MultiPolygon",
                "coordinates": [
                    [
                        [
                            [
                                55.238306,
                                25.105546
                            ],
                            [
                                55.240061,
                                25.104272
                            ],
                            [
                                55.242723,
                                25.102499
                            ],
                            [
                                55.243298,
                                25.101956
                            ],
                            [
                                55.243544,
                                25.101543
                            ],
                            [
                                55.243656,
                                25.101277
                            ],
                            [
                                55.243639,
                                25.100647
                            ],
                            [
                                55.243563,
                                25.099965
                            ],
                            [
                                55.243326,
                                25.098893
                            ],
                            [
                                55.242616,
                                25.097421
                            ],
                            [
                                55.241555,
                                25.096044
                            ],
                            [
                                55.239867,
                                25.097545
                            ],
                            [
                                55.236188,
                                25.10032
                            ],
                            [
                                55.235811,
                                25.100626
                            ],
                            [
                                55.235403,
                                25.101045
                            ],
                            [
                                55.235183,
                                25.10214
                            ],
                            [
                                55.235426,
                                25.103055
                            ],
                            [
                                55.236431,
                                25.104282
                            ],
                            [
                                55.237474,
                                25.105096
                            ],
                            [
                                55.238306,
                                25.105546
                            ]
                        ]
                    ]
                ]
            }
        },
        {
            "type": "Feature",
            "properties": {
                "observation_date": "2018-04-27",
                "source": "LC08_L1TP_160043_20180427_20200901_02_T1_TCI",
                "sensor_name": "Landsat 8",
                "type": "observation",
                "current_phase": "Active Construction",
                "is_occluded": "False",
                "is_site_boundary": "True",
                "score": 1.0
            },
            "geometry": {
                "type": "MultiPolygon",
                "coordinates": [
                    [
                        [
                            [
                                55.238143,
                                25.105612
                            ],
                            [
                                55.239899,
                                25.104338
                            ],
                            [
                                55.24256,
                                25.102565
                            ],
                            [
                                55.243135,
                                25.102023
                            ],
                            [
                                55.243381,
                                25.10161
                            ],
                            [
                                55.243493,
                                25.101343
                            ],
                            [
                                55.243476,
                                25.100713
                            ],
                            [
                                55.2434,
                                25.100032
                            ],
                            [
                                55.243163,
                                25.098959
                            ],
                            [
                                55.242454,
                                25.097487
                            ],
                            [
                                55.241393,
                                25.096111
                            ],
                            [
                                55.239705,
                                25.097612
                            ],
                            [
                                55.236025,
                                25.100386
                            ],
                            [
                                55.235649,
                                25.100692
                            ],
                            [
                                55.235241,
                                25.101112
                            ],
                            [
                                55.23502,
                                25.102207
                            ],
                            [
                                55.235263,
                                25.103121
                            ],
                            [
                                55.236268,
                                25.104348
                            ],
                            [
                                55.237311,
                                25.105162
                            ],
                            [
                                55.238143,
                                25.105612
                            ]
                        ]
                    ]
                ]
            }
        },
        {
            "type": "Feature",
            "properties": {
                "observation_date": "2018-04-27",
                "source": "18APR27071606-P1BS-502141050050_01_P002",
                "sensor_name": "WorldView",
                "type": "observation",
                "current_phase": "Active Construction",
                "is_occluded": "False",
                "is_site_boundary": "True",
                "score": 1.0
            },
            "geometry": {
                "type": "MultiPolygon",
                "coordinates": [
                    [
                        [
                            [
                                55.238004,
                                25.105655
                            ],
                            [
                                55.239743,
                                25.104386
                            ],
                            [
                                55.24238,
                                25.102619
                            ],
                            [
                                55.24295,
                                25.102079
                            ],
                            [
                                55.243193,
                                25.101667
                            ],
                            [
                                55.243305,
                                25.101402
                            ],
                            [
                                55.243288,
                                25.100774
                            ],
                            [
                                55.243212,
                                25.100095
                            ],
                            [
                                55.242978,
                                25.099026
                            ],
                            [
                                55.242275,
                                25.09756
                            ],
                            [
                                55.241224,
                                25.096188
                            ],
                            [
                                55.239552,
                                25.097684
                            ],
                            [
                                55.235907,
                                25.100449
                            ],
                            [
                                55.235533,
                                25.100754
                            ],
                            [
                                55.23513,
                                25.101172
                            ],
                            [
                                55.234911,
                                25.102263
                            ],
                            [
                                55.235151,
                                25.103173
                            ],
                            [
                                55.236147,
                                25.104396
                            ],
                            [
                                55.23718,
                                25.105207
                            ],
                            [
                                55.238004,
                                25.105655
                            ]
                        ]
                    ]
                ]
            }
        },
        {
            "type": "Feature",
            "properties": {
                "observation_date": "2018-04-29",
                "source": "S2A_40RCN_20180429_0_L2A_TCI",
                "sensor_name": "Sentinel-2",
                "type": "observation",
                "current_phase": "Active Construction",
                "is_occluded": "False",
                "is_site_boundary": "True",
                "score": 1.0
            },
            "geometry": {
                "type": "MultiPolygon",
                "coordinates": [
                    [
                        [
                            [
                                55.238094,
                                25.105684
                            ],
                            [
                                55.239828,
                                25.104416
                            ],
                            [
                                55.242455,
                                25.102652
                            ],
                            [
                                55.243023,
                                25.102112
                            ],
                            [
                                55.243266,
                                25.101701
                            ],
                            [
                                55.243377,
                                25.101436
                            ],
                            [
                                55.24336,
                                25.100809
                            ],
                            [
                                55.243285,
                                25.100131
                            ],
                            [
                                55.243051,
                                25.099064
                            ],
                            [
                                55.242351,
                                25.097599
                            ],
                            [
                                55.241304,
                                25.096229
                            ],
                            [
                                55.239637,
                                25.097723
                            ],
                            [
                                55.236004,
                                25.100485
                            ],
                            [
                                55.235632,
                                25.100789
                            ],
                            [
                                55.23523,
                                25.101206
                            ],
                            [
                                55.235012,
                                25.102296
                            ],
                            [
                                55.235251,
                                25.103206
                            ],
                            [
                                55.236244,
                                25.104426
                            ],
                            [
                                55.237273,
                                25.105236
                            ],
                            [
                                55.238094,
                                25.105684
                            ]
                        ]
                    ]
                ]
            }
        },
        {
            "type": "Feature",
            "properties": {
                "observation_date": "2018-05-29",
                "source": "LC08_L1TP_160043_20180529_20201015_02_T1_TCI",
                "sensor_name": "Landsat 8",
                "type": "observation",
                "current_phase": "Active Construction",
                "is_occluded": "False",
                "is_site_boundary": "True",
                "score": 1.0
            },
            "geometry": {
                "type": "MultiPolygon",
                "coordinates": [
                    [
                        [
                            [
                                55.238168,
                                25.105645
                            ],
                            [
                                55.239923,
                                25.104371
                            ],
                            [
                                55.242585,
                                25.102598
                            ],
                            [
                                55.24316,
                                25.102056
                            ],
                            [
                                55.243406,
                                25.101643
                            ],
                            [
                                55.243518,
                                25.101376
                            ],
                            [
                                55.243501,
                                25.100746
                            ],
                            [
                                55.243425,
                                25.100065
                            ],
                            [
                                55.243188,
                                25.098992
                            ],
                            [
                                55.242478,
                                25.09752
                            ],
                            [
                                55.241417,
                                25.096144
                            ],
                            [
                                55.239729,
                                25.097645
                            ],
                            [
                                55.23605,
                                25.100419
                            ],
                            [
                                55.235673,
                                25.100725
                            ],
                            [
                                55.235265,
                                25.101145
                            ],
                            [
                                55.235045,
                                25.10224
                            ],
                            [
                                55.235288,
                                25.103154
                            ],
                            [
                                55.236293,
                                25.104381
                            ],
                            [
                                55.237336,
                                25.105195
                            ],
                            [
                                55.238168,
                                25.105645
                            ]
                        ]
                    ]
                ]
            }
        },
        {
            "type": "Feature",
            "properties": {
                "observation_date": "2018-05-29",
                "source": "S2A_40RCN_20180529_0_L2A_TCI",
                "sensor_name": "Sentinel-2",
                "type": "observation",
                "current_phase": "Active Construction",
                "is_occluded": "False",
                "is_site_boundary": "True",
                "score": 1.0
            },
            "geometry": {
                "type": "MultiPolygon",
                "coordinates": [
                    [
                        [
                            [
                                55.238081,
                                25.105633
                            ],
                            [
                                55.239815,
                                25.104366
                            ],
                            [
                                55.242442,
                                25.102601
                            ],
                            [
                                55.24301,
                                25.102061
                            ],
                            [
                                55.243253,
                                25.101651
                            ],
                            [
                                55.243364,
                                25.101385
                            ],
                            [
                                55.243347,
                                25.100759
                            ],
                            [
                                55.243272,
                                25.10008
                            ],
                            [
                                55.243038,
                                25.099013
                            ],
                            [
                                55.242338,
                                25.097549
                            ],
                            [
                                55.24129,
                                25.096179
                            ],
                            [
                                55.239624,
                                25.097673
                            ],
                            [
                                55.235991,
                                25.100434
                            ],
                            [
                                55.235619,
                                25.100738
                            ],
                            [
                                55.235217,
                                25.101156
                            ],
                            [
                                55.234999,
                                25.102245
                            ],
                            [
                                55.235238,
                                25.103155
                            ],
                            [
                                55.236231,
                                25.104376
                            ],
                            [
                                55.23726,
                                25.105186
                            ],
                            [
                                55.238081,
                                25.105633
                            ]
                        ]
                    ]
                ]
            }
        },
        {
            "type": "Feature",
            "properties": {
                "observation_date": "2018-06-03",
                "source": "S2B_40RCN_20180603_0_L2A_TCI",
                "sensor_name": "Sentinel-2",
                "type": "observation",
                "current_phase": "Active Construction",
                "is_occluded": "False",
                "is_site_boundary": "True",
                "score": 1.0
            },
            "geometry": {
                "type": "MultiPolygon",
                "coordinates": [
                    [
                        [
                            [
                                55.238089,
                                25.105617
                            ],
                            [
                                55.239822,
                                25.104349
                            ],
                            [
                                55.24245,
                                25.102585
                            ],
                            [
                                55.243018,
                                25.102045
                            ],
                            [
                                55.24326,
                                25.101634
                            ],
                            [
                                55.243371,
                                25.101369
                            ],
                            [
                                55.243355,
                                25.100742
                            ],
                            [
                                55.243279,
                                25.100064
                            ],
                            [
                                55.243046,
                                25.098996
                            ],
                            [
                                55.242345,
                                25.097532
                            ],
                            [
                                55.241298,
                                25.096162
                            ],
                            [
                                55.239631,
                                25.097656
                            ],
                            [
                                55.235999,
                                25.100417
                            ],
                            [
                                55.235627,
                                25.100722
                            ],
                            [
                                55.235224,
                                25.101139
                            ],
                            [
                                55.235006,
                                25.102229
                            ],
                            [
                                55.235246,
                                25.103138
                            ],
                            [
                                55.236238,
                                25.104359
                            ],
                            [
                                55.237268,
                                25.105169
                            ],
                            [
                                55.238089,
                                25.105617
                            ]
                        ]
                    ]
                ]
            }
        },
        {
            "type": "Feature",
            "properties": {
                "observation_date": "2018-06-30",
                "source": "LC08_L1TP_160043_20180630_20200831_02_T1_TCI",
                "sensor_name": "Landsat 8",
                "type": "observation",
                "current_phase": "Active Construction",
                "is_occluded": "False",
                "is_site_boundary": "True",
                "score": 1.0
            },
            "geometry": {
                "type": "MultiPolygon",
                "coordinates": [
                    [
                        [
                            [
                                55.238184,
                                25.10557
                            ],
                            [
                                55.23994,
                                25.104296
                            ],
                            [
                                55.242601,
                                25.102523
                            ],
                            [
                                55.243176,
                                25.101981
                            ],
                            [
                                55.243422,
                                25.101568
                            ],
                            [
                                55.243534,
                                25.101301
                            ],
                            [
                                55.243518,
                                25.100671
                            ],
                            [
                                55.243441,
                                25.09999
                            ],
                            [
                                55.243205,
                                25.098917
                            ],
                            [
                                55.242495,
                                25.097445
                            ],
                            [
                                55.241434,
                                25.096068
                            ],
                            [
                                55.239746,
                                25.09757
                            ],
                            [
                                55.236067,
                                25.100344
                            ],
                            [
                                55.23569,
                                25.10065
                            ],
                            [
                                55.235282,
                                25.10107
                            ],
                            [
                                55.235061,
                                25.102165
                            ],
                            [
                                55.235304,
                                25.103079
                            ],
                            [
                                55.23631,
                                25.104306
                            ],
                            [
                                55.237352,
                                25.10512
                            ],
                            [
                                55.238184,
                                25.10557
                            ]
                        ]
                    ]
                ]
            }
        },
        {
            "type": "Feature",
            "properties": {
                "observation_date": "2018-07-16",
                "source": "LC08_L1TP_160043_20180716_20200831_02_T1_TCI",
                "sensor_name": "Landsat 8",
                "type": "observation",
                "current_phase": "Active Construction",
                "is_occluded": "False",
                "is_site_boundary": "True",
                "score": 1.0
            },
            "geometry": {
                "type": "MultiPolygon",
                "coordinates": [
                    [
                        [
                            [
                                55.238192,
                                25.105553
                            ],
                            [
                                55.239948,
                                25.10428
                            ],
                            [
                                55.242609,
                                25.102506
                            ],
                            [
                                55.243184,
                                25.101964
                            ],
                            [
                                55.24343,
                                25.101551
                            ],
                            [
                                55.243542,
                                25.101285
                            ],
                            [
                                55.243525,
                                25.100655
                            ],
                            [
                                55.243449,
                                25.099973
                            ],
                            [
                                55.243212,
                                25.0989
                            ],
                            [
                                55.242503,
                                25.097429
                            ],
                            [
                                55.241442,
                                25.096052
                            ],
                            [
                                55.239754,
                                25.097553
                            ],
                            [
                                55.236074,
                                25.100328
                            ],
                            [
                                55.235697,
                                25.100634
                            ],
                            [
                                55.23529,
                                25.101053
                            ],
                            [
                                55.235069,
                                25.102148
                            ],
                            [
                                55.235312,
                                25.103062
                            ],
                            [
                                55.236317,
                                25.104289
                            ],
                            [
                                55.23736,
                                25.105103
                            ],
                            [
                                55.238192,
                                25.105553
                            ]
                        ]
                    ]
                ]
            }
        },
        {
            "type": "Feature",
            "properties": {
                "observation_date": "2018-07-18",
                "source": "S2A_40RCN_20180718_0_L2A_TCI",
                "sensor_name": "Sentinel-2",
                "type": "observation",
                "current_phase": "Active Construction",
                "is_occluded": "False",
                "is_site_boundary": "True",
                "score": 1.0
            },
            "geometry": {
                "type": "MultiPolygon",
                "coordinates": [
                    [
                        [
                            [
                                55.238119,
                                25.105551
                            ],
                            [
                                55.239853,
                                25.104284
                            ],
                            [
                                55.24248,
                                25.102519
                            ],
                            [
                                55.243048,
                                25.101979
                            ],
                            [
                                55.243291,
                                25.101568
                            ],
                            [
                                55.243402,
                                25.101303
                            ],
                            [
                                55.243385,
                                25.100676
                            ],
                            [
                                55.24331,
                                25.099998
                            ],
                            [
                                55.243076,
                                25.098931
                            ],
                            [
                                55.242376,
                                25.097467
                            ],
                            [
                                55.241329,
                                25.096096
                            ],
                            [
                                55.239662,
                                25.09759
                            ],
                            [
                                55.23603,
                                25.100352
                            ],
                            [
                                55.235657,
                                25.100656
                            ],
                            [
                                55.235255,
                                25.101073
                            ],
                            [
                                55.235037,
                                25.102163
                            ],
                            [
                                55.235276,
                                25.103073
                            ],
                            [
                                55.236269,
                                25.104294
                            ],
                            [
                                55.237298,
                                25.105103
                            ],
                            [
                                55.238119,
                                25.105551
                            ]
                        ]
                    ]
                ]
            }
        },
        {
            "type": "Feature",
            "properties": {
                "observation_date": "2018-08-01",
                "source": "LC08_L1TP_160043_20180801_20200831_02_T1_TCI",
                "sensor_name": "Landsat 8",
                "type": "observation",
                "current_phase": "Active Construction",
                "is_occluded": "False",
                "is_site_boundary": "True",
                "score": 1.0
            },
            "geometry": {
                "type": "MultiPolygon",
                "coordinates": [
                    [
                        [
                            [
                                55.238191,
                                25.105559
                            ],
                            [
                                55.239946,
                                25.104285
                            ],
                            [
                                55.242608,
                                25.102512
                            ],
                            [
                                55.243183,
                                25.10197
                            ],
                            [
                                55.243429,
                                25.101557
                            ],
                            [
                                55.243541,
                                25.10129
                            ],
                            [
                                55.243524,
                                25.100661
                            ],
                            [
                                55.243448,
                                25.099979
                            ],
                            [
                                55.243211,
                                25.098906
                            ],
                            [
                                55.242502,
                                25.097435
                            ],
                            [
                                55.24144,
                                25.096058
                            ],
                            [
                                55.239752,
                                25.097559
                            ],
                            [
                                55.236073,
                                25.100334
                            ],
                            [
                                55.235696,
                                25.10064
                            ],
                            [
                                55.235289,
                                25.101059
                            ],
                            [
                                55.235068,
                                25.102154
                            ],
                            [
                                55.235311,
                                25.103068
                            ],
                            [
                                55.236316,
                                25.104295
                            ],
                            [
                                55.237359,
                                25.105109
                            ],
                            [
                                55.238191,
                                25.105559
                            ]
                        ]
                    ]
                ]
            }
        },
        {
            "type": "Feature",
            "properties": {
                "observation_date": "2018-08-12",
                "source": "S2B_40RCN_20180812_0_L2A_TCI",
                "sensor_name": "Sentinel-2",
                "type": "observation",
                "current_phase": "Active Construction",
                "is_occluded": "False",
                "is_site_boundary": "True",
                "score": 1.0
            },
            "geometry": {
                "type": "MultiPolygon",
                "coordinates": [
                    [
                        [
                            [
                                55.238102,
                                25.105595
                            ],
                            [
                                55.239835,
                                25.104328
                            ],
                            [
                                55.242463,
                                25.102563
                            ],
                            [
                                55.243031,
                                25.102023
                            ],
                            [
                                55.243273,
                                25.101613
                            ],
                            [
                                55.243384,
                                25.101347
                            ],
                            [
                                55.243368,
                                25.100721
                            ],
                            [
                                55.243292,
                                25.100042
                            ],
                            [
                                55.243059,
                                25.098975
                            ],
                            [
                                55.242358,
                                25.097511
                            ],
                            [
                                55.241311,
                                25.096141
                            ],
                            [
                                55.239644,
                                25.097635
                            ],
                            [
                                55.236012,
                                25.100396
                            ],
                            [
                                55.23564,
                                25.1007
                            ],
                            [
                                55.235237,
                                25.101118
                            ],
                            [
                                55.235019,
                                25.102207
                            ],
                            [
                                55.235259,
                                25.103117
                            ],
                            [
                                55.236251,
                                25.104338
                            ],
                            [
                                55.237281,
                                25.105148
                            ],
                            [
                                55.238102,
                                25.105595
                            ]
                        ]
                    ]
                ]
            }
        },
        {
            "type": "Feature",
            "properties": {
                "observation_date": "2018-09-18",
                "source": "LC08_L1TP_160043_20180918_20200830_02_T1_TCI",
                "sensor_name": "Landsat 8",
                "type": "observation",
                "current_phase": "Active Construction",
                "is_occluded": "False",
                "is_site_boundary": "True",
                "score": 1.0
            },
            "geometry": {
                "type": "MultiPolygon",
                "coordinates": [
                    [
                        [
                            [
                                55.238181,
                                25.105577
                            ],
                            [
                                55.239937,
                                25.104303
                            ],
                            [
                                55.242598,
                                25.10253
                            ],
                            [
                                55.243173,
                                25.101988
                            ],
                            [
                                55.243419,
                                25.101575
                            ],
                            [
                                55.243532,
                                25.101308
                            ],
                            [
                                55.243515,
                                25.100678
                            ],
                            [
                                55.243438,
                                25.099997
                            ],
                            [
                                55.243202,
                                25.098924
                            ],
                            [
                                55.242492,
                                25.097453
                            ],
                            [
                                55.241431,
                                25.096076
                            ],
                            [
                                55.239743,
                                25.097577
                            ],
                            [
                                55.236064,
                                25.100352
                            ],
                            [
                                55.235687,
                                25.100657
                            ],
                            [
                                55.235279,
                                25.101077
                            ],
                            [
                                55.235059,
                                25.102172
                            ],
                            [
                                55.235301,
                                25.103086
                            ],
                            [
                                55.236307,
                                25.104313
                            ],
                            [
                                55.237349,
                                25.105127
                            ],
                            [
                                55.238181,
                                25.105577
                            ]
                        ]
                    ]
                ]
            }
        },
        {
            "type": "Feature",
            "properties": {
                "observation_date": "2018-09-26",
                "source": "S2A_40RCN_20180926_0_L2A_TCI",
                "sensor_name": "Sentinel-2",
                "type": "observation",
                "current_phase": "Active Construction",
                "is_occluded": "False",
                "is_site_boundary": "True",
                "score": 1.0
            },
            "geometry": {
                "type": "MultiPolygon",
                "coordinates": [
                    [
                        [
                            [
                                55.238101,
                                25.105587
                            ],
                            [
                                55.239834,
                                25.104319
                            ],
                            [
                                55.242462,
                                25.102554
                            ],
                            [
                                55.24303,
                                25.102015
                            ],
                            [
                                55.243272,
                                25.101604
                            ],
                            [
                                55.243383,
                                25.101339
                            ],
                            [
                                55.243367,
                                25.100712
                            ],
                            [
                                55.243291,
                                25.100034
                            ],
                            [
                                55.243058,
                                25.098966
                            ],
                            [
                                55.242357,
                                25.097502
                            ],
                            [
                                55.24131,
                                25.096132
                            ],
                            [
                                55.239643,
                                25.097626
                            ],
                            [
                                55.236011,
                                25.100387
                            ],
                            [
                                55.235639,
                                25.100692
                            ],
                            [
                                55.235236,
                                25.101109
                            ],
                            [
                                55.235018,
                                25.102199
                            ],
                            [
                                55.235258,
                                25.103108
                            ],
                            [
                                55.23625,
                                25.104329
                            ],
                            [
                                55.23728,
                                25.105139
                            ],
                            [
                                55.238101,
                                25.105587
                            ]
                        ]
                    ]
                ]
            }
        },
        {
            "type": "Feature",
            "properties": {
                "observation_date": "2018-10-06",
                "source": "S2A_40RCN_20181006_0_L2A_TCI",
                "sensor_name": "Sentinel-2",
                "type": "observation",
                "current_phase": "Active Construction",
                "is_occluded": "False",
                "is_site_boundary": "True",
                "score": 1.0
            },
            "geometry": {
                "type": "MultiPolygon",
                "coordinates": [
                    [
                        [
                            [
                                55.2381,
                                25.105582
                            ],
                            [
                                55.239834,
                                25.104315
                            ],
                            [
                                55.242461,
                                25.10255
                            ],
                            [
                                55.243029,
                                25.10201
                            ],
                            [
                                55.243272,
                                25.1016
                            ],
                            [
                                55.243383,
                                25.101334
                            ],
                            [
                                55.243366,
                                25.100708
                            ],
                            [
                                55.243291,
                                25.100029
                            ],
                            [
                                55.243057,
                                25.098962
                            ],
                            [
                                55.242357,
                                25.097498
                            ],
                            [
                                55.24131,
                                25.096128
                            ],
                            [
                                55.239643,
                                25.097622
                            ],
                            [
                                55.23601,
                                25.100383
                            ],
                            [
                                55.235638,
                                25.100688
                            ],
                            [
                                55.235236,
                                25.101105
                            ],
                            [
                                55.235018,
                                25.102194
                            ],
                            [
                                55.235257,
                                25.103104
                            ],
                            [
                                55.23625,
                                25.104325
                            ],
                            [
                                55.237279,
                                25.105135
                            ],
                            [
                                55.2381,
                                25.105582
                            ]
                        ]
                    ]
                ]
            }
        },
        {
            "type": "Feature",
            "properties": {
                "observation_date": "2018-10-20",
                "source": "LC08_L1TP_160043_20181020_20200830_02_T1_TCI",
                "sensor_name": "Landsat 8",
                "type": "observation",
                "current_phase": "Active Construction",
                "is_occluded": "False",
                "is_site_boundary": "True",
                "score": 1.0
            },
            "geometry": {
                "type": "MultiPolygon",
                "coordinates": [
                    [
                        [
                            [
                                55.23818,
                                25.105564
                            ],
                            [
                                55.239935,
                                25.10429
                            ],
                            [
                                55.242597,
                                25.102517
                            ],
                            [
                                55.243172,
                                25.101975
                            ],
                            [
                                55.243418,
                                25.101562
                            ],
                            [
                                55.24353,
                                25.101295
                            ],
                            [
                                55.243513,
                                25.100666
                            ],
                            [
                                55.243437,
                                25.099984
                            ],
                            [
                                55.2432,
                                25.098911
                            ],
                            [
                                55.242491,
                                25.09744
                            ],
                            [
                                55.24143,
                                25.096063
                            ],
                            [
                                55.239741,
                                25.097564
                            ],
                            [
                                55.236062,
                                25.100339
                            ],
                            [
                                55.235685,
                                25.100644
                            ],
                            [
                                55.235278,
                                25.101064
                            ],
                            [
                                55.235057,
                                25.102159
                            ],
                            [
                                55.2353,
                                25.103073
                            ],
                            [
                                55.236305,
                                25.1043
                            ],
                            [
                                55.237348,
                                25.105114
                            ],
                            [
                                55.23818,
                                25.105564
                            ]
                        ]
                    ]
                ]
            }
        },
        {
            "type": "Feature",
            "properties": {
                "observation_date": "2018-11-05",
                "source": "LC08_L1TP_160043_20181105_20200830_02_T1_TCI",
                "sensor_name": "Landsat 8",
                "type": "observation",
                "current_phase": "Active Construction",
                "is_occluded": "False",
                "is_site_boundary": "True",
                "score": 1.0
            },
            "geometry": {
                "type": "MultiPolygon",
                "coordinates": [
                    [
                        [
                            [
                                55.238136,
                                25.105563
                            ],
                            [
                                55.239891,
                                25.104289
                            ],
                            [
                                55.242553,
                                25.102516
                            ],
                            [
                                55.243128,
                                25.101973
                            ],
                            [
                                55.243374,
                                25.101561
                            ],
                            [
                                55.243486,
                                25.101294
                            ],
                            [
                                55.243469,
                                25.100664
                            ],
                            [
                                55.243393,
                                25.099982
                            ],
                            [
                                55.243156,
                                25.09891
                            ],
                            [
                                55.242446,
                                25.097438
                            ],
                            [
                                55.241385,
                                25.096061
                            ],
                            [
                                55.239697,
                                25.097562
                            ],
                            [
                                55.236018,
                                25.100337
                            ],
                            [
                                55.235641,
                                25.100643
                            ],
                            [
                                55.235233,
                                25.101062
                            ],
                            [
                                55.235013,
                                25.102157
                            ],
                            [
                                55.235256,
                                25.103072
                            ],
                            [
                                55.236261,
                                25.104299
                            ],
                            [
                                55.237304,
                                25.105113
                            ],
                            [
                                55.238136,
                                25.105563
                            ]
                        ]
                    ]
                ]
            }
        },
        {
            "type": "Feature",
            "properties": {
                "observation_date": "2018-11-05",
                "source": "S2A_40RCN_20181105_0_L2A_TCI",
                "sensor_name": "Sentinel-2",
                "type": "observation",
                "current_phase": "Active Construction",
                "is_occluded": "False",
                "is_site_boundary": "True",
                "score": 1.0
            },
            "geometry": {
                "type": "MultiPolygon",
                "coordinates": [
                    [
                        [
                            [
                                55.238099,
                                25.105574
                            ],
                            [
                                55.239833,
                                25.104306
                            ],
                            [
                                55.24246,
                                25.102542
                            ],
                            [
                                55.243028,
                                25.102002
                            ],
                            [
                                55.243271,
                                25.101591
                            ],
                            [
                                55.243382,
                                25.101326
                            ],
                            [
                                55.243365,
                                25.100699
                            ],
                            [
                                55.24329,
                                25.100021
                            ],
                            [
                                55.243056,
                                25.098953
                            ],
                            [
                                55.242356,
                                25.097489
                            ],
                            [
                                55.241309,
                                25.096119
                            ],
                            [
                                55.239642,
                                25.097613
                            ],
                            [
                                55.236009,
                                25.100374
                            ],
                            [
                                55.235637,
                                25.100679
                            ],
                            [
                                55.235235,
                                25.101096
                            ],
                            [
                                55.235017,
                                25.102186
                            ],
                            [
                                55.235256,
                                25.103095
                            ],
                            [
                                55.236249,
                                25.104316
                            ],
                            [
                                55.237278,
                                25.105126
                            ],
                            [
                                55.238099,
                                25.105574
                            ]
                        ]
                    ]
                ]
            }
        },
        {
            "type": "Feature",
            "properties": {
                "observation_date": "2018-12-07",
                "source": "LC08_L1TP_160043_20181207_20200830_02_T1_TCI",
                "sensor_name": "Landsat 8",
                "type": "observation",
                "current_phase": "Active Construction",
                "is_occluded": "False",
                "is_site_boundary": "True",
                "score": 1.0
            },
            "geometry": {
                "type": "MultiPolygon",
                "coordinates": [
                    [
                        [
                            [
                                55.238092,
                                25.105565
                            ],
                            [
                                55.239848,
                                25.104292
                            ],
                            [
                                55.242509,
                                25.102519
                            ],
                            [
                                55.243084,
                                25.101976
                            ],
                            [
                                55.24333,
                                25.101563
                            ],
                            [
                                55.243442,
                                25.101297
                            ],
                            [
                                55.243425,
                                25.100667
                            ],
                            [
                                55.243349,
                                25.099985
                            ],
                            [
                                55.243112,
                                25.098913
                            ],
                            [
                                55.242403,
                                25.097441
                            ],
                            [
                                55.241342,
                                25.096064
                            ],
                            [
                                55.239654,
                                25.097565
                            ],
                            [
                                55.235974,
                                25.10034
                            ],
                            [
                                55.235597,
                                25.100646
                            ],
                            [
                                55.23519,
                                25.101065
                            ],
                            [
                                55.234969,
                                25.10216
                            ],
                            [
                                55.235212,
                                25.103075
                            ],
                            [
                                55.236217,
                                25.104302
                            ],
                            [
                                55.23726,
                                25.105116
                            ],
                            [
                                55.238092,
                                25.105565
                            ]
                        ]
                    ]
                ]
            }
        },
        {
            "type": "Feature",
            "properties": {
                "observation_date": "2018-12-10",
                "source": "S2B_40RCN_20181210_0_L2A_TCI",
                "sensor_name": "Sentinel-2",
                "type": "observation",
                "current_phase": "Active Construction",
                "is_occluded": "False",
                "is_site_boundary": "True",
                "score": 1.0
            },
            "geometry": {
                "type": "MultiPolygon",
                "coordinates": [
                    [
                        [
                            [
                                55.23797,
                                25.105583
                            ],
                            [
                                55.239703,
                                25.104315
                            ],
                            [
                                55.242331,
                                25.10255
                            ],
                            [
                                55.242899,
                                25.102011
                            ],
                            [
                                55.243141,
                                25.1016
                            ],
                            [
                                55.243252,
                                25.101335
                            ],
                            [
                                55.243236,
                                25.100708
                            ],
                            [
                                55.24316,
                                25.10003
                            ],
                            [
                                55.242927,
                                25.098962
                            ],
                            [
                                55.242227,
                                25.097498
                            ],
                            [
                                55.241179,
                                25.096128
                            ],
                            [
                                55.239513,
                                25.097622
                            ],
                            [
                                55.23588,
                                25.100383
                            ],
                            [
                                55.235508,
                                25.100688
                            ],
                            [
                                55.235105,
                                25.101105
                            ],
                            [
                                55.234888,
                                25.102195
                            ],
                            [
                                55.235127,
                                25.103104
                            ],
                            [
                                55.236119,
                                25.104325
                            ],
                            [
                                55.237149,
                                25.105135
                            ],
                            [
                                55.23797,
                                25.105583
                            ]
                        ]
                    ]
                ]
            }
        },
        {
            "type": "Feature",
            "properties": {
                "observation_date": "2019-01-24",
                "source": "LC08_L1TP_160043_20190124_20200830_02_T1_TCI",
                "sensor_name": "Landsat 8",
                "type": "observation",
                "current_phase": "Active Construction",
                "is_occluded": "False",
                "is_site_boundary": "True",
                "score": 1.0
            },
            "geometry": {
                "type": "MultiPolygon",
                "coordinates": [
                    [
                        [
                            [
                                55.238061,
                                25.10564
                            ],
                            [
                                55.239816,
                                25.104367
                            ],
                            [
                                55.242478,
                                25.102593
                            ],
                            [
                                55.243053,
                                25.102051
                            ],
                            [
                                55.243299,
                                25.101638
                            ],
                            [
                                55.243411,
                                25.101371
                            ],
                            [
                                55.243394,
                                25.100742
                            ],
                            [
                                55.243318,
                                25.10006
                            ],
                            [
                                55.243081,
                                25.098987
                            ],
                            [
                                55.242372,
                                25.097516
                            ],
                            [
                                55.24131,
                                25.096139
                            ],
                            [
                                55.239622,
                                25.09764
                            ],
                            [
                                55.235943,
                                25.100415
                            ],
                            [
                                55.235566,
                                25.100721
                            ],
                            [
                                55.235158,
                                25.10114
                            ],
                            [
                                55.234938,
                                25.102235
                            ],
                            [
                                55.235181,
                                25.103149
                            ],
                            [
                                55.236186,
                                25.104376
                            ],
                            [
                                55.237229,
                                25.10519
                            ],
                            [
                                55.238061,
                                25.10564
                            ]
                        ]
                    ]
                ]
            }
        },
        {
            "type": "Feature",
            "properties": {
                "observation_date": "2019-01-26",
                "source": "19JAN26071819-M1BS-014858848010_01_P003",
                "sensor_name": "WorldView",
                "type": "observation",
                "current_phase": "Active Construction",
                "is_occluded": "False",
                "is_site_boundary": "True",
                "score": 1.0
            },
            "geometry": {
                "type": "MultiPolygon",
                "coordinates": [
                    [
                        [
                            [
                                55.238018,
                                25.105723
                            ],
                            [
                                55.239758,
                                25.104454
                            ],
                            [
                                55.242396,
                                25.102688
                            ],
                            [
                                55.242966,
                                25.102148
                            ],
                            [
                                55.243209,
                                25.101736
                            ],
                            [
                                55.243321,
                                25.101471
                            ],
                            [
                                55.243304,
                                25.100844
                            ],
                            [
                                55.243228,
                                25.100164
                            ],
                            [
                                55.242994,
                                25.099096
                            ],
                            [
                                55.242291,
                                25.09763
                            ],
                            [
                                55.241239,
                                25.096259
                            ],
                            [
                                55.239566,
                                25.097754
                            ],
                            [
                                55.23592,
                                25.100518
                            ],
                            [
                                55.235546,
                                25.100823
                            ],
                            [
                                55.235142,
                                25.101241
                            ],
                            [
                                55.234923,
                                25.102331
                            ],
                            [
                                55.235164,
                                25.103242
                            ],
                            [
                                55.23616,
                                25.104464
                            ],
                            [
                                55.237193,
                                25.105275
                            ],
                            [
                                55.238018,
                                25.105723
                            ]
                        ]
                    ]
                ]
            }
        },
        {
            "type": "Feature",
            "properties": {
                "observation_date": "2019-01-29",
                "source": "S2B_40RCN_20190129_0_L2A_TCI",
                "sensor_name": "Sentinel-2",
                "type": "observation",
                "current_phase": "Active Construction",
                "is_occluded": "False",
                "is_site_boundary": "True",
                "score": 1.0
            },
            "geometry": {
                "type": "MultiPolygon",
                "coordinates": [
                    [
                        [
                            [
                                55.238075,
                                25.105477
                            ],
                            [
                                55.239808,
                                25.10421
                            ],
                            [
                                55.242436,
                                25.102445
                            ],
                            [
                                55.243004,
                                25.101906
                            ],
                            [
                                55.243246,
                                25.101495
                            ],
                            [
                                55.243357,
                                25.101229
                            ],
                            [
                                55.243341,
                                25.100603
                            ],
                            [
                                55.243266,
                                25.099924
                            ],
                            [
                                55.243032,
                                25.098857
                            ],
                            [
                                55.242332,
                                25.097393
                            ],
                            [
                                55.241284,
                                25.096023
                            ],
                            [
                                55.239618,
                                25.097517
                            ],
                            [
                                55.235985,
                                25.100278
                            ],
                            [
                                55.235613,
                                25.100583
                            ],
                            [
                                55.23521,
                                25.101
                            ],
                            [
                                55.234993,
                                25.102089
                            ],
                            [
                                55.235232,
                                25.102999
                            ],
                            [
                                55.236225,
                                25.10422
                            ],
                            [
                                55.237254,
                                25.10503
                            ],
                            [
                                55.238075,
                                25.105477
                            ]
                        ]
                    ]
                ]
            }
        },
        {
            "type": "Feature",
            "properties": {
                "observation_date": "2019-02-23",
                "source": "S2A_40RCN_20190223_0_L2A_TCI",
                "sensor_name": "Sentinel-2",
                "type": "observation",
                "current_phase": "Active Construction",
                "is_occluded": "False",
                "is_site_boundary": "True",
                "score": 1.0
            },
            "geometry": {
                "type": "MultiPolygon",
                "coordinates": [
                    [
                        [
                            [
                                55.238088,
                                25.105511
                            ],
                            [
                                55.239821,
                                25.104243
                            ],
                            [
                                55.242449,
                                25.102478
                            ],
                            [
                                55.243016,
                                25.101939
                            ],
                            [
                                55.243259,
                                25.101528
                            ],
                            [
                                55.24337,
                                25.101263
                            ],
                            [
                                55.243353,
                                25.100636
                            ],
                            [
                                55.243278,
                                25.099957
                            ],
                            [
                                55.243045,
                                25.09889
                            ],
                            [
                                55.242344,
                                25.097426
                            ],
                            [
                                55.241297,
                                25.096056
                            ],
                            [
                                55.23963,
                                25.09755
                            ],
                            [
                                55.235998,
                                25.100311
                            ],
                            [
                                55.235626,
                                25.100616
                            ],
                            [
                                55.235223,
                                25.101033
                            ],
                            [
                                55.235005,
                                25.102122
                            ],
                            [
                                55.235245,
                                25.103032
                            ],
                            [
                                55.236237,
                                25.104253
                            ],
                            [
                                55.237266,
                                25.105063
                            ],
                            [
                                55.238088,
                                25.105511
                            ]
                        ]
                    ]
                ]
            }
        },
        {
            "type": "Feature",
            "properties": {
                "observation_date": "2019-02-25",
                "source": "LC08_L1TP_160043_20190225_20200829_02_T1_TCI",
                "sensor_name": "Landsat 8",
                "type": "observation",
                "current_phase": "Active Construction",
                "is_occluded": "False",
                "is_site_boundary": "True",
                "score": 1.0
            },
            "geometry": {
                "type": "MultiPolygon",
                "coordinates": [
                    [
                        [
                            [
                                55.23818,
                                25.105529
                            ],
                            [
                                55.239936,
                                25.104256
                            ],
                            [
                                55.242597,
                                25.102482
                            ],
                            [
                                55.243173,
                                25.10194
                            ],
                            [
                                55.243418,
                                25.101527
                            ],
                            [
                                55.243531,
                                25.101261
                            ],
                            [
                                55.243514,
                                25.100631
                            ],
                            [
                                55.243437,
                                25.099949
                            ],
                            [
                                55.243201,
                                25.098876
                            ],
                            [
                                55.242491,
                                25.097405
                            ],
                            [
                                55.24143,
                                25.096028
                            ],
                            [
                                55.239742,
                                25.097529
                            ],
                            [
                                55.236063,
                                25.100304
                            ],
                            [
                                55.235686,
                                25.10061
                            ],
                            [
                                55.235278,
                                25.101029
                            ],
                            [
                                55.235058,
                                25.102124
                            ],
                            [
                                55.2353,
                                25.103038
                            ],
                            [
                                55.236306,
                                25.104265
                            ],
                            [
                                55.237348,
                                25.105079
                            ],
                            [
                                55.23818,
                                25.105529
                            ]
                        ]
                    ]
                ]
            }
        },
        {
            "type": "Feature",
            "properties": {
                "observation_date": "2019-03-05",
                "source": "S2A_40RCN_20190305_0_L2A_TCI",
                "sensor_name": "Sentinel-2",
                "type": "observation",
                "current_phase": "Active Construction",
                "is_occluded": "False",
                "is_site_boundary": "True",
                "score": 1.0
            },
            "geometry": {
                "type": "MultiPolygon",
                "coordinates": [
                    [
                        [
                            [
                                55.238113,
                                25.105577
                            ],
                            [
                                55.239846,
                                25.104309
                            ],
                            [
                                55.242474,
                                25.102544
                            ],
                            [
                                55.243042,
                                25.102005
                            ],
                            [
                                55.243284,
                                25.101594
                            ],
                            [
                                55.243395,
                                25.101329
                            ],
                            [
                                55.243379,
                                25.100702
                            ],
                            [
                                55.243304,
                                25.100024
                            ],
                            [
                                55.24307,
                                25.098956
                            ],
                            [
                                55.24237,
                                25.097492
                            ],
                            [
                                55.241322,
                                25.096122
                            ],
                            [
                                55.239656,
                                25.097616
                            ],
                            [
                                55.236023,
                                25.100377
                            ],
                            [
                                55.235651,
                                25.100682
                            ],
                            [
                                55.235248,
                                25.101099
                            ],
                            [
                                55.235031,
                                25.102189
                            ],
                            [
                                55.23527,
                                25.103098
                            ],
                            [
                                55.236263,
                                25.104319
                            ],
                            [
                                55.237292,
                                25.105129
                            ],
                            [
                                55.238113,
                                25.105577
                            ]
                        ]
                    ]
                ]
            }
        },
        {
            "type": "Feature",
            "properties": {
                "observation_date": "2019-03-29",
                "source": "LC08_L1TP_160043_20190329_20200829_02_T1_TCI",
                "sensor_name": "Landsat 8",
                "type": "observation",
                "current_phase": "Active Construction",
                "is_occluded": "False",
                "is_site_boundary": "True",
                "score": 1.0
            },
            "geometry": {
                "type": "MultiPolygon",
                "coordinates": [
                    [
                        [
                            [
                                55.238163,
                                25.105573
                            ],
                            [
                                55.239919,
                                25.1043
                            ],
                            [
                                55.24258,
                                25.102526
                            ],
                            [
                                55.243155,
                                25.101984
                            ],
                            [
                                55.243401,
                                25.101571
                            ],
                            [
                                55.243514,
                                25.101305
                            ],
                            [
                                55.243497,
                                25.100675
                            ],
                            [
                                55.24342,
                                25.099993
                            ],
                            [
                                55.243184,
                                25.09892
                            ],
                            [
                                55.242474,
                                25.097449
                            ],
                            [
                                55.241413,
                                25.096072
                            ],
                            [
                                55.239725,
                                25.097573
                            ],
                            [
                                55.236046,
                                25.100348
                            ],
                            [
                                55.235669,
                                25.100654
                            ],
                            [
                                55.235261,
                                25.101073
                            ],
                            [
                                55.235041,
                                25.102168
                            ],
                            [
                                55.235283,
                                25.103082
                            ],
                            [
                                55.236289,
                                25.104309
                            ],
                            [
                                55.237331,
                                25.105123
                            ],
                            [
                                55.238163,
                                25.105573
                            ]
                        ]
                    ]
                ]
            }
        },
        {
            "type": "Feature",
            "properties": {
                "observation_date": "2019-04-24",
                "source": "S2A_40RCN_20190424_0_L2A_TCI",
                "sensor_name": "Sentinel-2",
                "type": "observation",
                "current_phase": "Active Construction",
                "is_occluded": "False",
                "is_site_boundary": "True",
                "score": 1.0
            },
            "geometry": {
                "type": "MultiPolygon",
                "coordinates": [
                    [
                        [
                            [
                                55.238054,
                                25.105598
                            ],
                            [
                                55.239787,
                                25.104331
                            ],
                            [
                                55.242415,
                                25.102566
                            ],
                            [
                                55.242983,
                                25.102026
                            ],
                            [
                                55.243225,
                                25.101615
                            ],
                            [
                                55.243336,
                                25.10135
                            ],
                            [
                                55.24332,
                                25.100724
                            ],
                            [
                                55.243244,
                                25.100045
                            ],
                            [
                                55.243011,
                                25.098978
                            ],
                            [
                                55.242311,
                                25.097514
                            ],
                            [
                                55.241263,
                                25.096144
                            ],
                            [
                                55.239597,
                                25.097638
                            ],
                            [
                                55.235964,
                                25.100399
                            ],
                            [
                                55.235592,
                                25.100703
                            ],
                            [
                                55.235189,
                                25.101121
                            ],
                            [
                                55.234971,
                                25.10221
                            ],
                            [
                                55.235211,
                                25.10312
                            ],
                            [
                                55.236203,
                                25.104341
                            ],
                            [
                                55.237233,
                                25.105151
                            ],
                            [
                                55.238054,
                                25.105598
                            ]
                        ]
                    ]
                ]
            }
        },
        {
            "type": "Feature",
            "properties": {
                "observation_date": "2019-04-30",
                "source": "LC08_L1TP_160043_20190430_20200828_02_T1_TCI",
                "sensor_name": "Landsat 8",
                "type": "observation",
                "current_phase": "Active Construction",
                "is_occluded": "False",
                "is_site_boundary": "True",
                "score": 1.0
            },
            "geometry": {
                "type": "MultiPolygon",
                "coordinates": [
                    [
                        [
                            [
                                55.238143,
                                25.105578
                            ],
                            [
                                55.239899,
                                25.104305
                            ],
                            [
                                55.242561,
                                25.102531
                            ],
                            [
                                55.243136,
                                25.101989
                            ],
                            [
                                55.243381,
                                25.101576
                            ],
                            [
                                55.243494,
                                25.10131
                            ],
                            [
                                55.243477,
                                25.10068
                            ],
                            [
                                55.243401,
                                25.099998
                            ],
                            [
                                55.243164,
                                25.098926
                            ],
                            [
                                55.242454,
                                25.097454
                            ],
                            [
                                55.241393,
                                25.096077
                            ],
                            [
                                55.239705,
                                25.097578
                            ],
                            [
                                55.236026,
                                25.100353
                            ],
                            [
                                55.235649,
                                25.100659
                            ],
                            [
                                55.235241,
                                25.101078
                            ],
                            [
                                55.235021,
                                25.102173
                            ],
                            [
                                55.235263,
                                25.103087
                            ],
                            [
                                55.236269,
                                25.104314
                            ],
                            [
                                55.237312,
                                25.105128
                            ],
                            [
                                55.238143,
                                25.105578
                            ]
                        ]
                    ]
                ]
            }
        },
        {
            "type": "Feature",
            "properties": {
                "observation_date": "2019-05-16",
                "source": "LC08_L1TP_160043_20190516_20200828_02_T1_TCI",
                "sensor_name": "Landsat 8",
                "type": "observation",
                "current_phase": "Active Construction",
                "is_occluded": "False",
                "is_site_boundary": "True",
                "score": 1.0
            },
            "geometry": {
                "type": "MultiPolygon",
                "coordinates": [
                    [
                        [
                            [
                                55.238154,
                                25.105573
                            ],
                            [
                                55.239909,
                                25.104299
                            ],
                            [
                                55.242571,
                                25.102526
                            ],
                            [
                                55.243146,
                                25.101983
                            ],
                            [
                                55.243392,
                                25.101571
                            ],
                            [
                                55.243504,
                                25.101304
                            ],
                            [
                                55.243487,
                                25.100674
                            ],
                            [
                                55.243411,
                                25.099992
                            ],
                            [
                                55.243174,
                                25.09892
                            ],
                            [
                                55.242464,
                                25.097448
                            ],
                            [
                                55.241403,
                                25.096071
                            ],
                            [
                                55.239715,
                                25.097572
                            ],
                            [
                                55.236036,
                                25.100347
                            ],
                            [
                                55.235659,
                                25.100653
                            ],
                            [
                                55.235251,
                                25.101072
                            ],
                            [
                                55.235031,
                                25.102167
                            ],
                            [
                                55.235274,
                                25.103082
                            ],
                            [
                                55.236279,
                                25.104309
                            ],
                            [
                                55.237322,
                                25.105123
                            ],
                            [
                                55.238154,
                                25.105573
                            ]
                        ]
                    ]
                ]
            }
        },
        {
            "type": "Feature",
            "properties": {
                "observation_date": "2019-05-24",
                "source": "S2A_40RCN_20190524_0_L2A_TCI",
                "sensor_name": "Sentinel-2",
                "type": "observation",
                "current_phase": "Active Construction",
                "is_occluded": "False",
                "is_site_boundary": "True",
                "score": 1.0
            },
            "geometry": {
                "type": "MultiPolygon",
                "coordinates": [
                    [
                        [
                            [
                                55.238084,
                                25.105581
                            ],
                            [
                                55.239817,
                                25.104313
                            ],
                            [
                                55.242445,
                                25.102549
                            ],
                            [
                                55.243013,
                                25.102009
                            ],
                            [
                                55.243255,
                                25.101598
                            ],
                            [
                                55.243366,
                                25.101333
                            ],
                            [
                                55.24335,
                                25.100706
                            ],
                            [
                                55.243275,
                                25.100028
                            ],
                            [
                                55.243041,
                                25.098961
                            ],
                            [
                                55.242341,
                                25.097496
                            ],
                            [
                                55.241293,
                                25.096126
                            ],
                            [
                                55.239627,
                                25.09762
                            ],
                            [
                                55.235994,
                                25.100382
                            ],
                            [
                                55.235622,
                                25.100686
                            ],
                            [
                                55.235219,
                                25.101103
                            ],
                            [
                                55.235002,
                                25.102193
                            ],
                            [
                                55.235241,
                                25.103103
                            ],
                            [
                                55.236234,
                                25.104323
                            ],
                            [
                                55.237263,
                                25.105133
                            ],
                            [
                                55.238084,
                                25.105581
                            ]
                        ]
                    ]
                ]
            }
        },
        {
            "type": "Feature",
            "properties": {
                "observation_date": "2019-06-01",
                "source": "LC08_L1TP_160043_20190601_20200828_02_T1_TCI",
                "sensor_name": "Landsat 8",
                "type": "observation",
                "current_phase": "Active Construction",
                "is_occluded": "False",
                "is_site_boundary": "True",
                "score": 1.0
            },
            "geometry": {
                "type": "MultiPolygon",
                "coordinates": [
                    [
                        [
                            [
                                55.238091,
                                25.10557
                            ],
                            [
                                55.239846,
                                25.104297
                            ],
                            [
                                55.242508,
                                25.102523
                            ],
                            [
                                55.243083,
                                25.101981
                            ],
                            [
                                55.243328,
                                25.101568
                            ],
                            [
                                55.243441,
                                25.101302
                            ],
                            [
                                55.243424,
                                25.100672
                            ],
                            [
                                55.243348,
                                25.09999
                            ],
                            [
                                55.243111,
                                25.098918
                            ],
                            [
                                55.242401,
                                25.097446
                            ],
                            [
                                55.24134,
                                25.096069
                            ],
                            [
                                55.239652,
                                25.09757
                            ],
                            [
                                55.235973,
                                25.100345
                            ],
                            [
                                55.235596,
                                25.100651
                            ],
                            [
                                55.235188,
                                25.10107
                            ],
                            [
                                55.234968,
                                25.102165
                            ],
                            [
                                55.23521,
                                25.103079
                            ],
                            [
                                55.236216,
                                25.104307
                            ],
                            [
                                55.237259,
                                25.10512
                            ],
                            [
                                55.238091,
                                25.10557
                            ]
                        ]
                    ]
                ]
            }
        },
        {
            "type": "Feature",
            "properties": {
                "observation_date": "2019-06-13",
                "source": "S2A_40RCN_20190613_0_L2A_TCI",
                "sensor_name": "Sentinel-2",
                "type": "observation",
                "current_phase": "Active Construction",
                "is_occluded": "False",
                "is_site_boundary": "True",
                "score": 1.0
            },
            "geometry": {
                "type": "MultiPolygon",
                "coordinates": [
                    [
                        [
                            [
                                55.237939,
                                25.105588
                            ],
                            [
                                55.239673,
                                25.104321
                            ],
                            [
                                55.2423,
                                25.102556
                            ],
                            [
                                55.242868,
                                25.102016
                            ],
                            [
                                55.243111,
                                25.101606
                            ],
                            [
                                55.243222,
                                25.10134
                            ],
                            [
                                55.243205,
                                25.100714
                            ],
                            [
                                55.24313,
                                25.100035
                            ],
                            [
                                55.242896,
                                25.098968
                            ],
                            [
                                55.242196,
                                25.097504
                            ],
                            [
                                55.241149,
                                25.096134
                            ],
                            [
                                55.239482,
                                25.097628
                            ],
                            [
                                55.235849,
                                25.100389
                            ],
                            [
                                55.235477,
                                25.100693
                            ],
                            [
                                55.235075,
                                25.101111
                            ],
                            [
                                55.234857,
                                25.1022
                            ],
                            [
                                55.235096,
                                25.10311
                            ],
                            [
                                55.236089,
                                25.104331
                            ],
                            [
                                55.237118,
                                25.105141
                            ],
                            [
                                55.237939,
                                25.105588
                            ]
                        ]
                    ]
                ]
            }
        },
        {
            "type": "Feature",
            "properties": {
                "observation_date": "2019-07-03",
                "source": "LC08_L1TP_160043_20190703_20200827_02_T1_TCI",
                "sensor_name": "Landsat 8",
                "type": "observation",
                "current_phase": "Active Construction",
                "is_occluded": "False",
                "is_site_boundary": "True",
                "score": 1.0
            },
            "geometry": {
                "type": "MultiPolygon",
                "coordinates": [
                    [
                        [
                            [
                                55.238001,
                                25.105578
                            ],
                            [
                                55.239757,
                                25.104305
                            ],
                            [
                                55.242419,
                                25.102531
                            ],
                            [
                                55.242994,
                                25.101989
                            ],
                            [
                                55.243239,
                                25.101576
                            ],
                            [
                                55.243352,
                                25.10131
                            ],
                            [
                                55.243335,
                                25.10068
                            ],
                            [
                                55.243259,
                                25.099998
                            ],
                            [
                                55.243022,
                                25.098926
                            ],
                            [
                                55.242312,
                                25.097454
                            ],
                            [
                                55.241251,
                                25.096077
                            ],
                            [
                                55.239563,
                                25.097578
                            ],
                            [
                                55.235884,
                                25.100353
                            ],
                            [
                                55.235507,
                                25.100659
                            ],
                            [
                                55.235099,
                                25.101078
                            ],
                            [
                                55.234879,
                                25.102173
                            ],
                            [
                                55.235121,
                                25.103087
                            ],
                            [
                                55.236127,
                                25.104315
                            ],
                            [
                                55.237169,
                                25.105128
                            ],
                            [
                                55.238001,
                                25.105578
                            ]
                        ]
                    ]
                ]
            }
        },
        {
            "type": "Feature",
            "properties": {
                "observation_date": "2019-07-13",
                "source": "S2A_40RCN_20190713_0_L2A_TCI",
                "sensor_name": "Sentinel-2",
                "type": "observation",
                "current_phase": "Active Construction",
                "is_occluded": "False",
                "is_site_boundary": "True",
                "score": 1.0
            },
            "geometry": {
                "type": "MultiPolygon",
                "coordinates": [
                    [
                        [
                            [
                                55.237908,
                                25.105597
                            ],
                            [
                                55.239641,
                                25.104329
                            ],
                            [
                                55.242269,
                                25.102565
                            ],
                            [
                                55.242837,
                                25.102025
                            ],
                            [
                                55.243079,
                                25.101614
                            ],
                            [
                                55.24319,
                                25.101349
                            ],
                            [
                                55.243174,
                                25.100722
                            ],
                            [
                                55.243099,
                                25.100044
                            ],
                            [
                                55.242865,
                                25.098976
                            ],
                            [
                                55.242165,
                                25.097512
                            ],
                            [
                                55.241117,
                                25.096142
                            ],
                            [
                                55.239451,
                                25.097636
                            ],
                            [
                                55.235818,
                                25.100398
                            ],
                            [
                                55.235446,
                                25.100702
                            ],
                            [
                                55.235043,
                                25.101119
                            ],
                            [
                                55.234826,
                                25.102209
                            ],
                            [
                                55.235065,
                                25.103118
                            ],
                            [
                                55.236058,
                                25.104339
                            ],
                            [
                                55.237087,
                                25.105149
                            ],
                            [
                                55.237908,
                                25.105597
                            ]
                        ]
                    ]
                ]
            }
        },
        {
            "type": "Feature",
            "properties": {
                "observation_date": "2019-08-17",
                "source": "S2B_40RCN_20190817_0_L2A_TCI",
                "sensor_name": "Sentinel-2",
                "type": "observation",
                "current_phase": "Active Construction",
                "is_occluded": "False",
                "is_site_boundary": "True",
                "score": 1.0
            },
            "geometry": {
                "type": "MultiPolygon",
                "coordinates": [
                    [
                        [
                            [
                                55.237945,
                                25.105534
                            ],
                            [
                                55.239678,
                                25.104267
                            ],
                            [
                                55.242306,
                                25.102502
                            ],
                            [
                                55.242874,
                                25.101962
                            ],
                            [
                                55.243116,
                                25.101552
                            ],
                            [
                                55.243227,
                                25.101286
                            ],
                            [
                                55.243211,
                                25.10066
                            ],
                            [
                                55.243136,
                                25.099981
                            ],
                            [
                                55.242902,
                                25.098914
                            ],
                            [
                                55.242202,
                                25.09745
                            ],
                            [
                                55.241154,
                                25.09608
                            ],
                            [
                                55.239488,
                                25.097574
                            ],
                            [
                                55.235855,
                                25.100335
                            ],
                            [
                                55.235483,
                                25.100639
                            ],
                            [
                                55.23508,
                                25.101057
                            ],
                            [
                                55.234863,
                                25.102146
                            ],
                            [
                                55.235102,
                                25.103056
                            ],
                            [
                                55.236095,
                                25.104277
                            ],
                            [
                                55.237124,
                                25.105087
                            ],
                            [
                                55.237945,
                                25.105534
                            ]
                        ]
                    ]
                ]
            }
        },
        {
            "type": "Feature",
            "properties": {
                "observation_date": "2019-08-20",
                "source": "LC08_L1TP_160043_20190820_20200827_02_T1_TCI",
                "sensor_name": "Landsat 8",
                "type": "observation",
                "current_phase": "Active Construction",
                "is_occluded": "False",
                "is_site_boundary": "True",
                "score": 1.0
            },
            "geometry": {
                "type": "MultiPolygon",
                "coordinates": [
                    [
                        [
                            [
                                55.23805,
                                25.10564
                            ],
                            [
                                55.239805,
                                25.104366
                            ],
                            [
                                55.242467,
                                25.102593
                            ],
                            [
                                55.243042,
                                25.10205
                            ],
                            [
                                55.243288,
                                25.101637
                            ],
                            [
                                55.2434,
                                25.101371
                            ],
                            [
                                55.243383,
                                25.100741
                            ],
                            [
                                55.243307,
                                25.100059
                            ],
                            [
                                55.24307,
                                25.098987
                            ],
                            [
                                55.242361,
                                25.097515
                            ],
                            [
                                55.241299,
                                25.096138
                            ],
                            [
                                55.239611,
                                25.097639
                            ],
                            [
                                55.235932,
                                25.100414
                            ],
                            [
                                55.235555,
                                25.10072
                            ],
                            [
                                55.235148,
                                25.101139
                            ],
                            [
                                55.234927,
                                25.102234
                            ],
                            [
                                55.23517,
                                25.103149
                            ],
                            [
                                55.236175,
                                25.104376
                            ],
                            [
                                55.237218,
                                25.10519
                            ],
                            [
                                55.23805,
                                25.10564
                            ]
                        ]
                    ]
                ]
            }
        },
        {
            "type": "Feature",
            "properties": {
                "observation_date": "2019-08-29",
                "source": "19AUG29070527-P1BS-502626884040_05_P002",
                "sensor_name": "WorldView",
                "type": "observation",
                "current_phase": "Active Construction",
                "is_occluded": "False",
                "is_site_boundary": "True",
                "score": 1.0
            },
            "geometry": {
                "type": "MultiPolygon",
                "coordinates": [
                    [
                        [
                            [
                                55.238019,
                                25.105769
                            ],
                            [
                                55.239758,
                                25.1045
                            ],
                            [
                                55.242395,
                                25.102733
                            ],
                            [
                                55.242964,
                                25.102193
                            ],
                            [
                                55.243208,
                                25.101781
                            ],
                            [
                                55.243319,
                                25.101516
                            ],
                            [
                                55.243303,
                                25.100888
                            ],
                            [
                                55.243227,
                                25.100209
                            ],
                            [
                                55.242993,
                                25.09914
                            ],
                            [
                                55.24229,
                                25.097674
                            ],
                            [
                                55.241239,
                                25.096302
                            ],
                            [
                                55.239566,
                                25.097798
                            ],
                            [
                                55.235921,
                                25.100563
                            ],
                            [
                                55.235548,
                                25.100868
                            ],
                            [
                                55.235144,
                                25.101286
                            ],
                            [
                                55.234926,
                                25.102376
                            ],
                            [
                                55.235166,
                                25.103287
                            ],
                            [
                                55.236162,
                                25.10451
                            ],
                            [
                                55.237195,
                                25.105321
                            ],
                            [
                                55.238019,
                                25.105769
                            ]
                        ]
                    ]
                ]
            }
        },
        {
            "type": "Feature",
            "properties": {
                "observation_date": "2019-09-01",
                "source": "S2A_40RCN_20190901_0_L2A_TCI",
                "sensor_name": "Sentinel-2",
                "type": "observation",
                "current_phase": "Active Construction",
                "is_occluded": "False",
                "is_site_boundary": "True",
                "score": 1.0
            },
            "geometry": {
                "type": "MultiPolygon",
                "coordinates": [
                    [
                        [
                            [
                                55.238226,
                                25.105556
                            ],
                            [
                                55.239959,
                                25.104288
                            ],
                            [
                                55.242587,
                                25.102523
                            ],
                            [
                                55.243154,
                                25.101984
                            ],
                            [
                                55.243397,
                                25.101573
                            ],
                            [
                                55.243508,
                                25.101308
                            ],
                            [
                                55.243491,
                                25.100681
                            ],
                            [
                                55.243416,
                                25.100003
                            ],
                            [
                                55.243183,
                                25.098935
                            ],
                            [
                                55.242482,
                                25.097471
                            ],
                            [
                                55.241435,
                                25.096101
                            ],
                            [
                                55.239768,
                                25.097595
                            ],
                            [
                                55.236136,
                                25.100356
                            ],
                            [
                                55.235764,
                                25.100661
                            ],
                            [
                                55.235361,
                                25.101078
                            ],
                            [
                                55.235143,
                                25.102168
                            ],
                            [
                                55.235383,
                                25.103077
                            ],
                            [
                                55.236375,
                                25.104298
                            ],
                            [
                                55.237404,
                                25.105108
                            ],
                            [
                                55.238226,
                                25.105556
                            ]
                        ]
                    ]
                ]
            }
        },
        {
            "type": "Feature",
            "properties": {
                "observation_date": "2019-09-21",
                "source": "LC08_L1TP_160043_20190921_20200826_02_T1_TCI",
                "sensor_name": "Landsat 8",
                "type": "observation",
                "current_phase": "Active Construction",
                "is_occluded": "False",
                "is_site_boundary": "True",
                "score": 1.0
            },
            "geometry": {
                "type": "MultiPolygon",
                "coordinates": [
                    [
                        [
                            [
                                55.238265,
                                25.105574
                            ],
                            [
                                55.240021,
                                25.1043
                            ],
                            [
                                55.242682,
                                25.102527
                            ],
                            [
                                55.243257,
                                25.101985
                            ],
                            [
                                55.243503,
                                25.101572
                            ],
                            [
                                55.243616,
                                25.101305
                            ],
                            [
                                55.243599,
                                25.100675
                            ],
                            [
                                55.243522,
                                25.099994
                            ],
                            [
                                55.243286,
                                25.098921
                            ],
                            [
                                55.242576,
                                25.09745
                            ],
                            [
                                55.241515,
                                25.096073
                            ],
                            [
                                55.239827,
                                25.097574
                            ],
                            [
                                55.236148,
                                25.100348
                            ],
                            [
                                55.235771,
                                25.100654
                            ],
                            [
                                55.235363,
                                25.101074
                            ],
                            [
                                55.235143,
                                25.102169
                            ],
                            [
                                55.235385,
                                25.103083
                            ],
                            [
                                55.236391,
                                25.10431
                            ],
                            [
                                55.237433,
                                25.105124
                            ],
                            [
                                55.238265,
                                25.105574
                            ]
                        ]
                    ]
                ]
            }
        },
        {
            "type": "Feature",
            "properties": {
                "observation_date": "2019-10-07",
                "source": "LC08_L1TP_160043_20191007_20200825_02_T1_TCI",
                "sensor_name": "Landsat 8",
                "type": "observation",
                "current_phase": "Active Construction",
                "is_occluded": "False",
                "is_site_boundary": "True",
                "score": 1.0
            },
            "geometry": {
                "type": "MultiPolygon",
                "coordinates": [
                    [
                        [
                            [
                                55.238223,
                                25.105606
                            ],
                            [
                                55.239979,
                                25.104333
                            ],
                            [
                                55.24264,
                                25.102559
                            ],
                            [
                                55.243215,
                                25.102017
                            ],
                            [
                                55.243461,
                                25.101604
                            ],
                            [
                                55.243574,
                                25.101338
                            ],
                            [
                                55.243557,
                                25.100708
                            ],
                            [
                                55.24348,
                                25.100026
                            ],
                            [
                                55.243244,
                                25.098953
                            ],
                            [
                                55.242534,
                                25.097482
                            ],
                            [
                                55.241473,
                                25.096105
                            ],
                            [
                                55.239785,
                                25.097606
                            ],
                            [
                                55.236106,
                                25.100381
                            ],
                            [
                                55.235729,
                                25.100687
                            ],
                            [
                                55.235321,
                                25.101106
                            ],
                            [
                                55.235101,
                                25.102201
                            ],
                            [
                                55.235343,
                                25.103115
                            ],
                            [
                                55.236349,
                                25.104342
                            ],
                            [
                                55.237391,
                                25.105156
                            ],
                            [
                                55.238223,
                                25.105606
                            ]
                        ]
                    ]
                ]
            }
        },
        {
            "type": "Feature",
            "properties": {
                "observation_date": "2019-10-08",
                "source": "19OCT08100851-P1BS_R4C1-502704253040_06_P001",
                "sensor_name": "WorldView",
                "type": "observation",
                "current_phase": "Active Construction",
                "is_occluded": "False",
                "is_site_boundary": "True",
                "score": 1.0
            },
            "geometry": {
                "type": "MultiPolygon",
                "coordinates": [
                    [
                        [
                            [
                                55.238123,
                                25.105649
                            ],
                            [
                                55.239862,
                                25.10438
                            ],
                            [
                                55.242499,
                                25.102613
                            ],
                            [
                                55.243068,
                                25.102072
                            ],
                            [
                                55.243312,
                                25.101661
                            ],
                            [
                                55.243423,
                                25.101395
                            ],
                            [
                                55.243406,
                                25.100768
                            ],
                            [
                                55.243331,
                                25.100089
                            ],
                            [
                                55.243096,
                                25.09902
                            ],
                            [
                                55.242394,
                                25.097554
                            ],
                            [
                                55.241343,
                                25.096182
                            ],
                            [
                                55.23967,
                                25.097678
                            ],
                            [
                                55.236025,
                                25.100443
                            ],
                            [
                                55.235652,
                                25.100748
                            ],
                            [
                                55.235248,
                                25.101165
                            ],
                            [
                                55.235029,
                                25.102256
                            ],
                            [
                                55.23527,
                                25.103167
                            ],
                            [
                                55.236266,
                                25.10439
                            ],
                            [
                                55.237298,
                                25.105201
                            ],
                            [
                                55.238123,
                                25.105649
                            ]
                        ]
                    ]
                ]
            }
        },
        {
            "type": "Feature",
            "properties": {
                "observation_date": "2019-10-26",
                "source": "S2B_40RCN_20191026_0_L2A_TCI",
                "sensor_name": "Sentinel-2",
                "type": "observation",
                "current_phase": "Active Construction",
                "is_occluded": "False",
                "is_site_boundary": "True",
                "score": 1.0
            },
            "geometry": {
                "type": "MultiPolygon",
                "coordinates": [
                    [
                        [
                            [
                                55.238099,
                                25.105657
                            ],
                            [
                                55.239832,
                                25.10439
                            ],
                            [
                                55.24246,
                                25.102625
                            ],
                            [
                                55.243028,
                                25.102085
                            ],
                            [
                                55.24327,
                                25.101675
                            ],
                            [
                                55.243381,
                                25.101409
                            ],
                            [
                                55.243365,
                                25.100783
                            ],
                            [
                                55.24329,
                                25.100104
                            ],
                            [
                                55.243056,
                                25.099037
                            ],
                            [
                                55.242356,
                                25.097573
                            ],
                            [
                                55.241308,
                                25.096203
                            ],
                            [
                                55.239642,
                                25.097697
                            ],
                            [
                                55.236009,
                                25.100458
                            ],
                            [
                                55.235637,
                                25.100762
                            ],
                            [
                                55.235234,
                                25.10118
                            ],
                            [
                                55.235017,
                                25.102269
                            ],
                            [
                                55.235256,
                                25.103179
                            ],
                            [
                                55.236249,
                                25.1044
                            ],
                            [
                                55.237278,
                                25.10521
                            ],
                            [
                                55.238099,
                                25.105657
                            ]
                        ]
                    ]
                ]
            }
        },
        {
            "type": "Feature",
            "properties": {
                "observation_date": "2019-11-24",
                "source": "LC08_L1TP_160043_20191124_20200825_02_T1_TCI",
                "sensor_name": "Landsat 8",
                "type": "observation",
                "current_phase": "Active Construction",
                "is_occluded": "False",
                "is_site_boundary": "True",
                "score": 1.0
            },
            "geometry": {
                "type": "MultiPolygon",
                "coordinates": [
                    [
                        [
                            [
                                55.238177,
                                25.105648
                            ],
                            [
                                55.239932,
                                25.104375
                            ],
                            [
                                55.242594,
                                25.102601
                            ],
                            [
                                55.243169,
                                25.102059
                            ],
                            [
                                55.243415,
                                25.101646
                            ],
                            [
                                55.243527,
                                25.10138
                            ],
                            [
                                55.24351,
                                25.10075
                            ],
                            [
                                55.243434,
                                25.100068
                            ],
                            [
                                55.243197,
                                25.098995
                            ],
                            [
                                55.242488,
                                25.097524
                            ],
                            [
                                55.241426,
                                25.096147
                            ],
                            [
                                55.239738,
                                25.097648
                            ],
                            [
                                55.236059,
                                25.100423
                            ],
                            [
                                55.235682,
                                25.100729
                            ],
                            [
                                55.235274,
                                25.101148
                            ],
                            [
                                55.235054,
                                25.102243
                            ],
                            [
                                55.235297,
                                25.103157
                            ],
                            [
                                55.236302,
                                25.104384
                            ],
                            [
                                55.237345,
                                25.105198
                            ],
                            [
                                55.238177,
                                25.105648
                            ]
                        ]
                    ]
                ]
            }
        },
        {
            "type": "Feature",
            "properties": {
                "observation_date": "2019-11-30",
                "source": "S2A_40RCN_20191130_0_L2A_TCI",
                "sensor_name": "Sentinel-2",
                "type": "observation",
                "current_phase": "Active Construction",
                "is_occluded": "False",
                "is_site_boundary": "True",
                "score": 1.0
            },
            "geometry": {
                "type": "MultiPolygon",
                "coordinates": [
                    [
                        [
                            [
                                55.238094,
                                25.105667
                            ],
                            [
                                55.239828,
                                25.104399
                            ],
                            [
                                55.242455,
                                25.102635
                            ],
                            [
                                55.243023,
                                25.102095
                            ],
                            [
                                55.243266,
                                25.101684
                            ],
                            [
                                55.243377,
                                25.101419
                            ],
                            [
                                55.24336,
                                25.100792
                            ],
                            [
                                55.243285,
                                25.100114
                            ],
                            [
                                55.243051,
                                25.099047
                            ],
                            [
                                55.242351,
                                25.097582
                            ],
                            [
                                55.241304,
                                25.096212
                            ],
                            [
                                55.239637,
                                25.097706
                            ],
                            [
                                55.236004,
                                25.100468
                            ],
                            [
                                55.235632,
                                25.100772
                            ],
                            [
                                55.23523,
                                25.101189
                            ],
                            [
                                55.235012,
                                25.102279
                            ],
                            [
                                55.235251,
                                25.103188
                            ],
                            [
                                55.236244,
                                25.104409
                            ],
                            [
                                55.237273,
                                25.105219
                            ],
                            [
                                55.238094,
                                25.105667
                            ]
                        ]
                    ]
                ]
            }
        },
        {
            "type": "Feature",
            "properties": {
                "observation_date": "2019-12-25",
                "source": "S2B_40RCN_20191225_0_L2A_TCI",
                "sensor_name": "Sentinel-2",
                "type": "observation",
                "current_phase": "Active Construction",
                "is_occluded": "False",
                "is_site_boundary": "True",
                "score": 1.0
            },
            "geometry": {
                "type": "MultiPolygon",
                "coordinates": [
                    [
                        [
                            [
                                55.238092,
                                25.105672
                            ],
                            [
                                55.239826,
                                25.104404
                            ],
                            [
                                55.242453,
                                25.102639
                            ],
                            [
                                55.243021,
                                25.1021
                            ],
                            [
                                55.243264,
                                25.101689
                            ],
                            [
                                55.243375,
                                25.101424
                            ],
                            [
                                55.243358,
                                25.100797
                            ],
                            [
                                55.243283,
                                25.100119
                            ],
                            [
                                55.243049,
                                25.099051
                            ],
                            [
                                55.242349,
                                25.097587
                            ],
                            [
                                55.241301,
                                25.096217
                            ],
                            [
                                55.239635,
                                25.097711
                            ],
                            [
                                55.236002,
                                25.100472
                            ],
                            [
                                55.23563,
                                25.100777
                            ],
                            [
                                55.235228,
                                25.101194
                            ],
                            [
                                55.23501,
                                25.102284
                            ],
                            [
                                55.235249,
                                25.103193
                            ],
                            [
                                55.236242,
                                25.104414
                            ],
                            [
                                55.237271,
                                25.105224
                            ],
                            [
                                55.238092,
                                25.105672
                            ]
                        ]
                    ]
                ]
            }
        },
        {
            "type": "Feature",
            "properties": {
                "observation_date": "2019-12-26",
                "source": "LC08_L1TP_160043_20191226_20200825_02_T1_TCI",
                "sensor_name": "Landsat 8",
                "type": "observation",
                "current_phase": "Active Construction",
                "is_occluded": "False",
                "is_site_boundary": "True",
                "score": 1.0
            },
            "geometry": {
                "type": "MultiPolygon",
                "coordinates": [
                    [
                        [
                            [
                                55.23817,
                                25.105663
                            ],
                            [
                                55.239925,
                                25.104389
                            ],
                            [
                                55.242587,
                                25.102616
                            ],
                            [
                                55.243162,
                                25.102074
                            ],
                            [
                                55.243408,
                                25.101661
                            ],
                            [
                                55.24352,
                                25.101394
                            ],
                            [
                                55.243503,
                                25.100764
                            ],
                            [
                                55.243427,
                                25.100083
                            ],
                            [
                                55.24319,
                                25.09901
                            ],
                            [
                                55.242481,
                                25.097539
                            ],
                            [
                                55.241419,
                                25.096162
                            ],
                            [
                                55.239731,
                                25.097663
                            ],
                            [
                                55.236052,
                                25.100437
                            ],
                            [
                                55.235675,
                                25.100743
                            ],
                            [
                                55.235268,
                                25.101163
                            ],
                            [
                                55.235047,
                                25.102258
                            ],
                            [
                                55.23529,
                                25.103172
                            ],
                            [
                                55.236295,
                                25.104399
                            ],
                            [
                                55.237338,
                                25.105213
                            ],
                            [
                                55.23817,
                                25.105663
                            ]
                        ]
                    ]
                ]
            }
        },
        {
            "type": "Feature",
            "properties": {
                "observation_date": "2020-01-04",
                "source": "S2B_40RCN_20200104_0_L2A_TCI",
                "sensor_name": "Sentinel-2",
                "type": "observation",
                "current_phase": "Active Construction",
                "is_occluded": "False",
                "is_site_boundary": "True",
                "score": 1.0
            },
            "geometry": {
                "type": "MultiPolygon",
                "coordinates": [
                    [
                        [
                            [
                                55.238088,
                                25.105681
                            ],
                            [
                                55.239821,
                                25.104414
                            ],
                            [
                                55.242449,
                                25.102649
                            ],
                            [
                                55.243016,
                                25.102109
                            ],
                            [
                                55.243259,
                                25.101699
                            ],
                            [
                                55.24337,
                                25.101433
                            ],
                            [
                                55.243353,
                                25.100807
                            ],
                            [
                                55.243278,
                                25.100128
                            ],
                            [
                                55.243045,
                                25.099061
                            ],
                            [
                                55.242344,
                                25.097597
                            ],
                            [
                                55.241297,
                                25.096227
                            ],
                            [
                                55.23963,
                                25.097721
                            ],
                            [
                                55.235998,
                                25.100482
                            ],
                            [
                                55.235626,
                                25.100787
                            ],
                            [
                                55.235223,
                                25.101204
                            ],
                            [
                                55.235005,
                                25.102293
                            ],
                            [
                                55.235245,
                                25.103203
                            ],
                            [
                                55.236237,
                                25.104424
                            ],
                            [
                                55.237266,
                                25.105234
                            ],
                            [
                                55.238088,
                                25.105681
                            ]
                        ]
                    ]
                ]
            }
        },
        {
            "type": "Feature",
            "properties": {
                "observation_date": "2020-02-28",
                "source": "LC08_L1TP_160043_20200228_20200822_02_T1_TCI",
                "sensor_name": "Landsat 8",
                "type": "observation",
                "current_phase": "Active Construction",
                "is_occluded": "False",
                "is_site_boundary": "True",
                "score": 1.0
            },
            "geometry": {
                "type": "MultiPolygon",
                "coordinates": [
                    [
                        [
                            [
                                55.238163,
                                25.105677
                            ],
                            [
                                55.239918,
                                25.104404
                            ],
                            [
                                55.24258,
                                25.10263
                            ],
                            [
                                55.243155,
                                25.102088
                            ],
                            [
                                55.243401,
                                25.101675
                            ],
                            [
                                55.243513,
                                25.101409
                            ],
                            [
                                55.243496,
                                25.100779
                            ],
                            [
                                55.24342,
                                25.100097
                            ],
                            [
                                55.243183,
                                25.099025
                            ],
                            [
                                55.242474,
                                25.097553
                            ],
                            [
                                55.241413,
                                25.096176
                            ],
                            [
                                55.239724,
                                25.097677
                            ],
                            [
                                55.236045,
                                25.100452
                            ],
                            [
                                55.235668,
                                25.100758
                            ],
                            [
                                55.235261,
                                25.101177
                            ],
                            [
                                55.23504,
                                25.102272
                            ],
                            [
                                55.235283,
                                25.103186
                            ],
                            [
                                55.236288,
                                25.104413
                            ],
                            [
                                55.237331,
                                25.105227
                            ],
                            [
                                55.238163,
                                25.105677
                            ]
                        ]
                    ]
                ]
            }
        },
        {
            "type": "Feature",
            "properties": {
                "observation_date": "2020-02-28",
                "source": "S2A_40RCN_20200228_0_L2A_TCI",
                "sensor_name": "Sentinel-2",
                "type": "observation",
                "current_phase": "Active Construction",
                "is_occluded": "False",
                "is_site_boundary": "True",
                "score": 1.0
            },
            "geometry": {
                "type": "MultiPolygon",
                "coordinates": [
                    [
                        [
                            [
                                55.238081,
                                25.105696
                            ],
                            [
                                55.239814,
                                25.104428
                            ],
                            [
                                55.242442,
                                25.102664
                            ],
                            [
                                55.243009,
                                25.102124
                            ],
                            [
                                55.243252,
                                25.101713
                            ],
                            [
                                55.243363,
                                25.101448
                            ],
                            [
                                55.243346,
                                25.100821
                            ],
                            [
                                55.243271,
                                25.100143
                            ],
                            [
                                55.243038,
                                25.099075
                            ],
                            [
                                55.242337,
                                25.097611
                            ],
                            [
                                55.24129,
                                25.096241
                            ],
                            [
                                55.239623,
                                25.097735
                            ],
                            [
                                55.235991,
                                25.100496
                            ],
                            [
                                55.235619,
                                25.100801
                            ],
                            [
                                55.235216,
                                25.101218
                            ],
                            [
                                55.234998,
                                25.102308
                            ],
                            [
                                55.235238,
                                25.103217
                            ],
                            [
                                55.23623,
                                25.104438
                            ],
                            [
                                55.237259,
                                25.105248
                            ],
                            [
                                55.238081,
                                25.105696
                            ]
                        ]
                    ]
                ]
            }
        },
        {
            "type": "Feature",
            "properties": {
                "observation_date": "2020-03-04",
                "source": "S2B_40RCN_20200304_0_L2A_TCI",
                "sensor_name": "Sentinel-2",
                "type": "observation",
                "current_phase": "Active Construction",
                "is_occluded": "False",
                "is_site_boundary": "True",
                "score": 1.0
            },
            "geometry": {
                "type": "MultiPolygon",
                "coordinates": [
                    [
                        [
                            [
                                55.238078,
                                25.105701
                            ],
                            [
                                55.239812,
                                25.104433
                            ],
                            [
                                55.242439,
                                25.102668
                            ],
                            [
                                55.243007,
                                25.102129
                            ],
                            [
                                55.24325,
                                25.101718
                            ],
                            [
                                55.243361,
                                25.101453
                            ],
                            [
                                55.243344,
                                25.100826
                            ],
                            [
                                55.243269,
                                25.100148
                            ],
                            [
                                55.243035,
                                25.09908
                            ],
                            [
                                55.242335,
                                25.097616
                            ],
                            [
                                55.241288,
                                25.096246
                            ],
                            [
                                55.239621,
                                25.09774
                            ],
                            [
                                55.235989,
                                25.100501
                            ],
                            [
                                55.235616,
                                25.100806
                            ],
                            [
                                55.235214,
                                25.101223
                            ],
                            [
                                55.234996,
                                25.102313
                            ],
                            [
                                55.235235,
                                25.103222
                            ],
                            [
                                55.236228,
                                25.104443
                            ],
                            [
                                55.237257,
                                25.105253
                            ],
                            [
                                55.238078,
                                25.105701
                            ]
                        ]
                    ]
                ]
            }
        },
        {
            "type": "Feature",
            "properties": {
                "observation_date": "2020-03-31",
                "source": "LC08_L1TP_160043_20200331_20200822_02_T1_TCI",
                "sensor_name": "Landsat 8",
                "type": "observation",
                "current_phase": "Active Construction",
                "is_occluded": "False",
                "is_site_boundary": "True",
                "score": 1.0
            },
            "geometry": {
                "type": "MultiPolygon",
                "coordinates": [
                    [
                        [
                            [
                                55.238156,
                                25.105692
                            ],
                            [
                                55.239912,
                                25.104418
                            ],
                            [
                                55.242573,
                                25.102645
                            ],
                            [
                                55.243148,
                                25.102103
                            ],
                            [
                                55.243394,
                                25.10169
                            ],
                            [
                                55.243506,
                                25.101423
                            ],
                            [
                                55.243489,
                                25.100794
                            ],
                            [
                                55.243413,
                                25.100112
                            ],
                            [
                                55.243176,
                                25.099039
                            ],
                            [
                                55.242467,
                                25.097568
                            ],
                            [
                                55.241406,
                                25.096191
                            ],
                            [
                                55.239718,
                                25.097692
                            ],
                            [
                                55.236038,
                                25.100467
                            ],
                            [
                                55.235661,
                                25.100772
                            ],
                            [
                                55.235254,
                                25.101192
                            ],
                            [
                                55.235033,
                                25.102287
                            ],
                            [
                                55.235276,
                                25.103201
                            ],
                            [
                                55.236281,
                                25.104428
                            ],
                            [
                                55.237324,
                                25.105242
                            ],
                            [
                                55.238156,
                                25.105692
                            ]
                        ]
                    ]
                ]
            }
        },
        {
            "type": "Feature",
            "properties": {
                "observation_date": "2020-04-28",
                "source": "S2A_40RCN_20200428_0_L2A_TCI",
                "sensor_name": "Sentinel-2",
                "type": "observation",
                "current_phase": "Active Construction",
                "is_occluded": "False",
                "is_site_boundary": "True",
                "score": 1.0
            },
            "geometry": {
                "type": "MultiPolygon",
                "coordinates": [
                    [
                        [
                            [
                                55.238074,
                                25.10571
                            ],
                            [
                                55.239807,
                                25.104443
                            ],
                            [
                                55.242435,
                                25.102678
                            ],
                            [
                                55.243003,
                                25.102138
                            ],
                            [
                                55.243245,
                                25.101728
                            ],
                            [
                                55.243356,
                                25.101462
                            ],
                            [
                                55.24334,
                                25.100836
                            ],
                            [
                                55.243264,
                                25.100157
                            ],
                            [
                                55.243031,
                                25.09909
                            ],
                            [
                                55.242331,
                                25.097626
                            ],
                            [
                                55.241283,
                                25.096256
                            ],
                            [
                                55.239616,
                                25.09775
                            ],
                            [
                                55.235984,
                                25.100511
                            ],
                            [
                                55.235612,
                                25.100815
                            ],
                            [
                                55.235209,
                                25.101233
                            ],
                            [
                                55.234991,
                                25.102322
                            ],
                            [
                                55.235231,
                                25.103232
                            ],
                            [
                                55.236223,
                                25.104453
                            ],
                            [
                                55.237253,
                                25.105263
                            ],
                            [
                                55.238074,
                                25.10571
                            ]
                        ]
                    ]
                ]
            }
        },
        {
            "type": "Feature",
            "properties": {
                "observation_date": "2020-05-03",
                "source": "S2B_40RCN_20200503_0_L2A_TCI",
                "sensor_name": "Sentinel-2",
                "type": "observation",
                "current_phase": "Active Construction",
                "is_occluded": "False",
                "is_site_boundary": "True",
                "score": 1.0
            },
            "geometry": {
                "type": "MultiPolygon",
                "coordinates": [
                    [
                        [
                            [
                                55.238072,
                                25.105715
                            ],
                            [
                                55.239805,
                                25.104448
                            ],
                            [
                                55.242433,
                                25.102683
                            ],
                            [
                                55.243,
                                25.102143
                            ],
                            [
                                55.243243,
                                25.101732
                            ],
                            [
                                55.243354,
                                25.101467
                            ],
                            [
                                55.243337,
                                25.10084
                            ],
                            [
                                55.243262,
                                25.100162
                            ],
                            [
                                55.243029,
                                25.099095
                            ],
                            [
                                55.242328,
                                25.097631
                            ],
                            [
                                55.241281,
                                25.096261
                            ],
                            [
                                55.239614,
                                25.097754
                            ],
                            [
                                55.235982,
                                25.100516
                            ],
                            [
                                55.23561,
                                25.10082
                            ],
                            [
                                55.235207,
                                25.101237
                            ],
                            [
                                55.234989,
                                25.102327
                            ],
                            [
                                55.235229,
                                25.103237
                            ],
                            [
                                55.236221,
                                25.104458
                            ],
                            [
                                55.23725,
                                25.105267
                            ],
                            [
                                55.238072,
                                25.105715
                            ]
                        ]
                    ]
                ]
            }
        },
        {
            "type": "Feature",
            "properties": {
                "observation_date": "2020-05-18",
                "source": "LC08_L1TP_160043_20200518_20200820_02_T1_TCI",
                "sensor_name": "Landsat 8",
                "type": "observation",
                "current_phase": "Active Construction",
                "is_occluded": "False",
                "is_site_boundary": "True",
                "score": 1.0
            },
            "geometry": {
                "type": "MultiPolygon",
                "coordinates": [
                    [
                        [
                            [
                                55.238147,
                                25.105711
                            ],
                            [
                                55.239902,
                                25.104438
                            ],
                            [
                                55.242564,
                                25.102664
                            ],
                            [
                                55.243139,
                                25.102122
                            ],
                            [
                                55.243385,
                                25.101709
                            ],
                            [
                                55.243497,
                                25.101443
                            ],
                            [
                                55.24348,
                                25.100813
                            ],
                            [
                                55.243404,
                                25.100131
                            ],
                            [
                                55.243167,
                                25.099058
                            ],
                            [
                                55.242457,
                                25.097587
                            ],
                            [
                                55.241396,
                                25.09621
                            ],
                            [
                                55.239708,
                                25.097711
                            ],
                            [
                                55.236029,
                                25.100486
                            ],
                            [
                                55.235652,
                                25.100792
                            ],
                            [
                                55.235244,
                                25.101211
                            ],
                            [
                                55.235024,
                                25.102306
                            ],
                            [
                                55.235267,
                                25.10322
                            ],
                            [
                                55.236272,
                                25.104447
                            ],
                            [
                                55.237315,
                                25.105261
                            ],
                            [
                                55.238147,
                                25.105711
                            ]
                        ]
                    ]
                ]
            }
        },
        {
            "type": "Feature",
            "properties": {
                "observation_date": "2020-06-19",
                "source": "LC08_L1TP_160043_20200619_20200823_02_T1_TCI",
                "sensor_name": "Landsat 8",
                "type": "observation",
                "current_phase": "Active Construction",
                "is_occluded": "False",
                "is_site_boundary": "True",
                "score": 1.0
            },
            "geometry": {
                "type": "MultiPolygon",
                "coordinates": [
                    [
                        [
                            [
                                55.238144,
                                25.105716
                            ],
                            [
                                55.2399,
                                25.104443
                            ],
                            [
                                55.242561,
                                25.102669
                            ],
                            [
                                55.243136,
                                25.102127
                            ],
                            [
                                55.243382,
                                25.101714
                            ],
                            [
                                55.243495,
                                25.101447
                            ],
                            [
                                55.243478,
                                25.100818
                            ],
                            [
                                55.243401,
                                25.100136
                            ],
                            [
                                55.243165,
                                25.099063
                            ],
                            [
                                55.242455,
                                25.097592
                            ],
                            [
                                55.241394,
                                25.096215
                            ],
                            [
                                55.239706,
                                25.097716
                            ],
                            [
                                55.236027,
                                25.100491
                            ],
                            [
                                55.23565,
                                25.100797
                            ],
                            [
                                55.235242,
                                25.101216
                            ],
                            [
                                55.235022,
                                25.102311
                            ],
                            [
                                55.235264,
                                25.103225
                            ],
                            [
                                55.23627,
                                25.104452
                            ],
                            [
                                55.237312,
                                25.105266
                            ],
                            [
                                55.238144,
                                25.105716
                            ]
                        ]
                    ]
                ]
            }
        },
        {
            "type": "Feature",
            "properties": {
                "observation_date": "2020-06-27",
                "source": "S2A_40RCN_20200627_0_L2A_TCI",
                "sensor_name": "Sentinel-2",
                "type": "observation",
                "current_phase": "Active Construction",
                "is_occluded": "False",
                "is_site_boundary": "True",
                "score": 1.0
            },
            "geometry": {
                "type": "MultiPolygon",
                "coordinates": [
                    [
                        [
                            [
                                55.238062,
                                25.105734
                            ],
                            [
                                55.239796,
                                25.104467
                            ],
                            [
                                55.242423,
                                25.102702
                            ],
                            [
                                55.242991,
                                25.102162
                            ],
                            [
                                55.243234,
                                25.101752
                            ],
                            [
                                55.243345,
                                25.101486
                            ],
                            [
                                55.243328,
                                25.10086
                            ],
                            [
                                55.243253,
                                25.100181
                            ],
                            [
                                55.243019,
                                25.099114
                            ],
                            [
                                55.242319,
                                25.09765
                            ],
                            [
                                55.241272,
                                25.09628
                            ],
                            [
                                55.239605,
                                25.097774
                            ],
                            [
                                55.235973,
                                25.100535
                            ],
                            [
                                55.2356,
                                25.10084
                            ],
                            [
                                55.235198,
                                25.101257
                            ],
                            [
                                55.23498,
                                25.102346
                            ],
                            [
                                55.235219,
                                25.103256
                            ],
                            [
                                55.236212,
                                25.104477
                            ],
                            [
                                55.237241,
                                25.105287
                            ],
                            [
                                55.238062,
                                25.105734
                            ]
                        ]
                    ]
                ]
            }
        },
        {
            "type": "Feature",
            "properties": {
                "observation_date": "2020-07-07",
                "source": "S2A_40RCN_20200707_0_L2A_TCI",
                "sensor_name": "Sentinel-2",
                "type": "observation",
                "current_phase": "Active Construction",
                "is_occluded": "False",
                "is_site_boundary": "True",
                "score": 1.0
            },
            "geometry": {
                "type": "MultiPolygon",
                "coordinates": [
                    [
                        [
                            [
                                55.23806,
                                25.105739
                            ],
                            [
                                55.239794,
                                25.104472
                            ],
                            [
                                55.242421,
                                25.102707
                            ],
                            [
                                55.242989,
                                25.102167
                            ],
                            [
                                55.243232,
                                25.101756
                            ],
                            [
                                55.243343,
                                25.101491
                            ],
                            [
                                55.243326,
                                25.100865
                            ],
                            [
                                55.243251,
                                25.100186
                            ],
                            [
                                55.243017,
                                25.099119
                            ],
                            [
                                55.242317,
                                25.097655
                            ],
                            [
                                55.241269,
                                25.096285
                            ],
                            [
                                55.239603,
                                25.097779
                            ],
                            [
                                55.23597,
                                25.10054
                            ],
                            [
                                55.235598,
                                25.100844
                            ],
                            [
                                55.235196,
                                25.101262
                            ],
                            [
                                55.234978,
                                25.102351
                            ],
                            [
                                55.235217,
                                25.103261
                            ],
                            [
                                55.23621,
                                25.104482
                            ],
                            [
                                55.237239,
                                25.105292
                            ],
                            [
                                55.23806,
                                25.105739
                            ]
                        ]
                    ]
                ]
            }
        },
        {
            "type": "Feature",
            "properties": {
                "observation_date": "2020-07-21",
                "source": "LC08_L1TP_160043_20200721_20200911_02_T1_TCI",
                "sensor_name": "Landsat 8",
                "type": "observation",
                "current_phase": "Active Construction",
                "is_occluded": "False",
                "is_site_boundary": "True",
                "score": 1.0
            },
            "geometry": {
                "type": "MultiPolygon",
                "coordinates": [
                    [
                        [
                            [
                                55.238137,
                                25.105731
                            ],
                            [
                                55.239893,
                                25.104457
                            ],
                            [
                                55.242554,
                                25.102684
                            ],
                            [
                                55.24313,
                                25.102141
                            ],
                            [
                                55.243375,
                                25.101729
                            ],
                            [
                                55.243488,
                                25.101462
                            ],
                            [
                                55.243471,
                                25.100832
                            ],
                            [
                                55.243394,
                                25.10015
                            ],
                            [
                                55.243158,
                                25.099078
                            ],
                            [
                                55.242448,
                                25.097606
                            ],
                            [
                                55.241387,
                                25.096229
                            ],
                            [
                                55.239699,
                                25.097731
                            ],
                            [
                                55.23602,
                                25.100505
                            ],
                            [
                                55.235643,
                                25.100811
                            ],
                            [
                                55.235235,
                                25.10123
                            ],
                            [
                                55.235015,
                                25.102325
                            ],
                            [
                                55.235257,
                                25.10324
                            ],
                            [
                                55.236263,
                                25.104467
                            ],
                            [
                                55.237305,
                                25.105281
                            ],
                            [
                                55.238137,
                                25.105731
                            ]
                        ]
                    ]
                ]
            }
        },
        {
            "type": "Feature",
            "properties": {
                "observation_date": "2020-08-06",
                "source": "LC08_L1TP_160043_20200806_20200916_02_T1_TCI",
                "sensor_name": "Landsat 8",
                "type": "observation",
                "current_phase": "Active Construction",
                "is_occluded": "False",
                "is_site_boundary": "True",
                "score": 1.0
            },
            "geometry": {
                "type": "MultiPolygon",
                "coordinates": [
                    [
                        [
                            [
                                55.238135,
                                25.105736
                            ],
                            [
                                55.239891,
                                25.104462
                            ],
                            [
                                55.242552,
                                25.102689
                            ],
                            [
                                55.243127,
                                25.102146
                            ],
                            [
                                55.243373,
                                25.101733
                            ],
                            [
                                55.243485,
                                25.101467
                            ],
                            [
                                55.243468,
                                25.100837
                            ],
                            [
                                55.243392,
                                25.100155
                            ],
                            [
                                55.243155,
                                25.099083
                            ],
                            [
                                55.242446,
                                25.097611
                            ],
                            [
                                55.241385,
                                25.096234
                            ],
                            [
                                55.239697,
                                25.097735
                            ],
                            [
                                55.236017,
                                25.10051
                            ],
                            [
                                55.235641,
                                25.100816
                            ],
                            [
                                55.235233,
                                25.101235
                            ],
                            [
                                55.235012,
                                25.10233
                            ],
                            [
                                55.235255,
                                25.103245
                            ],
                            [
                                55.23626,
                                25.104472
                            ],
                            [
                                55.237303,
                                25.105286
                            ],
                            [
                                55.238135,
                                25.105736
                            ]
                        ]
                    ]
                ]
            }
        },
        {
            "type": "Feature",
            "properties": {
                "observation_date": "2020-08-31",
                "source": "S2B_40RCN_20200831_0_L2A_TCI",
                "sensor_name": "Sentinel-2",
                "type": "observation",
                "current_phase": "Active Construction",
                "is_occluded": "False",
                "is_site_boundary": "True",
                "score": 1.0
            },
            "geometry": {
                "type": "MultiPolygon",
                "coordinates": [
                    [
                        [
                            [
                                55.238053,
                                25.105754
                            ],
                            [
                                55.239787,
                                25.104486
                            ],
                            [
                                55.242414,
                                25.102721
                            ],
                            [
                                55.242982,
                                25.102182
                            ],
                            [
                                55.243225,
                                25.101771
                            ],
                            [
                                55.243336,
                                25.101506
                            ],
                            [
                                55.243319,
                                25.100879
                            ],
                            [
                                55.243244,
                                25.100201
                            ],
                            [
                                55.24301,
                                25.099133
                            ],
                            [
                                55.24231,
                                25.097669
                            ],
                            [
                                55.241263,
                                25.096299
                            ],
                            [
                                55.239596,
                                25.097793
                            ],
                            [
                                55.235963,
                                25.100554
                            ],
                            [
                                55.235591,
                                25.100859
                            ],
                            [
                                55.235189,
                                25.101276
                            ],
                            [
                                55.234971,
                                25.102366
                            ],
                            [
                                55.23521,
                                25.103275
                            ],
                            [
                                55.236203,
                                25.104496
                            ],
                            [
                                55.237232,
                                25.105306
                            ],
                            [
                                55.238053,
                                25.105754
                            ]
                        ]
                    ]
                ]
            }
        },
        {
            "type": "Feature",
            "properties": {
                "observation_date": "2020-09-07",
                "source": "LC08_L1TP_160043_20200907_20200918_02_T1_TCI",
                "sensor_name": "Landsat 8",
                "type": "observation",
                "current_phase": "Active Construction",
                "is_occluded": "False",
                "is_site_boundary": "True",
                "score": 1.0
            },
            "geometry": {
                "type": "MultiPolygon",
                "coordinates": [
                    [
                        [
                            [
                                55.23813,
                                25.105745
                            ],
                            [
                                55.239886,
                                25.104472
                            ],
                            [
                                55.242548,
                                25.102698
                            ],
                            [
                                55.243123,
                                25.102156
                            ],
                            [
                                55.243368,
                                25.101743
                            ],
                            [
                                55.243481,
                                25.101477
                            ],
                            [
                                55.243464,
                                25.100847
                            ],
                            [
                                55.243388,
                                25.100165
                            ],
                            [
                                55.243151,
                                25.099092
                            ],
                            [
                                55.242441,
                                25.097621
                            ],
                            [
                                55.24138,
                                25.096244
                            ],
                            [
                                55.239692,
                                25.097745
                            ],
                            [
                                55.236013,
                                25.10052
                            ],
                            [
                                55.235636,
                                25.100826
                            ],
                            [
                                55.235228,
                                25.101245
                            ],
                            [
                                55.235008,
                                25.10234
                            ],
                            [
                                55.23525,
                                25.103254
                            ],
                            [
                                55.236256,
                                25.104481
                            ],
                            [
                                55.237298,
                                25.105295
                            ],
                            [
                                55.23813,
                                25.105745
                            ]
                        ]
                    ]
                ]
            }
        },
        {
            "type": "Feature",
            "properties": {
                "observation_date": "2020-09-25",
                "source": "S2A_40RCN_20200925_0_L2A_TCI",
                "sensor_name": "Sentinel-2",
                "type": "observation",
                "current_phase": "Active Construction",
                "is_occluded": "False",
                "is_site_boundary": "True",
                "score": 1.0
            },
            "geometry": {
                "type": "MultiPolygon",
                "coordinates": [
                    [
                        [
                            [
                                55.238046,
                                25.105768
                            ],
                            [
                                55.23978,
                                25.104501
                            ],
                            [
                                55.242407,
                                25.102736
                            ],
                            [
                                55.242975,
                                25.102196
                            ],
                            [
                                55.243218,
                                25.101785
                            ],
                            [
                                55.243329,
                                25.10152
                            ],
                            [
                                55.243312,
                                25.100894
                            ],
                            [
                                55.243237,
                                25.100215
                            ],
                            [
                                55.243003,
                                25.099148
                            ],
                            [
                                55.242303,
                                25.097684
                            ],
                            [
                                55.241256,
                                25.096314
                            ],
                            [
                                55.239589,
                                25.097808
                            ],
                            [
                                55.235957,
                                25.100569
                            ],
                            [
                                55.235584,
                                25.100873
                            ],
                            [
                                55.235182,
                                25.10129
                            ],
                            [
                                55.234964,
                                25.10238
                            ],
                            [
                                55.235203,
                                25.10329
                            ],
                            [
                                55.236196,
                                25.104511
                            ],
                            [
                                55.237225,
                                25.10532
                            ],
                            [
                                55.238046,
                                25.105768
                            ]
                        ]
                    ]
                ]
            }
        },
        {
            "type": "Feature",
            "properties": {
                "observation_date": "2020-10-07",
                "source": "20OCT07071050-M1BS-014466698010_01_P001",
                "sensor_name": "WorldView",
                "type": "observation",
                "current_phase": "Active Construction",
                "is_occluded": "False",
                "is_site_boundary": "True",
                "score": 1.0
            },
            "geometry": {
                "type": "MultiPolygon",
                "coordinates": [
                    [
                        [
                            [
                                55.238068,
                                25.10577
                            ],
                            [
                                55.239808,
                                25.104502
                            ],
                            [
                                55.242446,
                                25.102735
                            ],
                            [
                                55.243016,
                                25.102195
                            ],
                            [
                                55.243259,
                                25.101784
                            ],
                            [
                                55.243371,
                                25.101518
                            ],
                            [
                                55.243354,
                                25.100891
                            ],
                            [
                                55.243278,
                                25.100212
                            ],
                            [
                                55.243044,
                                25.099144
                            ],
                            [
                                55.242341,
                                25.097678
                            ],
                            [
                                55.241289,
                                25.096307
                            ],
                            [
                                55.239616,
                                25.097802
                            ],
                            [
                                55.23597,
                                25.100566
                            ],
                            [
                                55.235596,
                                25.100871
                            ],
                            [
                                55.235192,
                                25.101288
                            ],
                            [
                                55.234973,
                                25.102379
                            ],
                            [
                                55.235214,
                                25.10329
                            ],
                            [
                                55.23621,
                                25.104512
                            ],
                            [
                                55.237243,
                                25.105322
                            ],
                            [
                                55.238068,
                                25.10577
                            ]
                        ]
                    ]
                ]
            }
        },
        {
            "type": "Feature",
            "properties": {
                "observation_date": "2020-10-25",
                "source": "LC08_L1TP_160043_20201025_20201106_02_T1_TCI",
                "sensor_name": "Landsat 8",
                "type": "observation",
                "current_phase": "Active Construction",
                "is_occluded": "False",
                "is_site_boundary": "True",
                "score": 1.0
            },
            "geometry": {
                "type": "MultiPolygon",
                "coordinates": [
                    [
                        [
                            [
                                55.238121,
                                25.105765
                            ],
                            [
                                55.239877,
                                25.104491
                            ],
                            [
                                55.242538,
                                25.102718
                            ],
                            [
                                55.243113,
                                25.102175
                            ],
                            [
                                55.243359,
                                25.101763
                            ],
                            [
                                55.243471,
                                25.101496
                            ],
                            [
                                55.243455,
                                25.100866
                            ],
                            [
                                55.243378,
                                25.100184
                            ],
                            [
                                55.243142,
                                25.099112
                            ],
                            [
                                55.242432,
                                25.09764
                            ],
                            [
                                55.241371,
                                25.096263
                            ],
                            [
                                55.239683,
                                25.097765
                            ],
                            [
                                55.236004,
                                25.100539
                            ],
                            [
                                55.235627,
                                25.100845
                            ],
                            [
                                55.235219,
                                25.101264
                            ],
                            [
                                55.234998,
                                25.102359
                            ],
                            [
                                55.235241,
                                25.103274
                            ],
                            [
                                55.236247,
                                25.104501
                            ],
                            [
                                55.237289,
                                25.105315
                            ],
                            [
                                55.238121,
                                25.105765
                            ]
                        ]
                    ]
                ]
            }
        },
        {
            "type": "Feature",
            "properties": {
                "observation_date": "2020-10-30",
                "source": "S2B_40RCN_20201030_0_L2A_TCI",
                "sensor_name": "Sentinel-2",
                "type": "observation",
                "current_phase": "Active Construction",
                "is_occluded": "False",
                "is_site_boundary": "True",
                "score": 1.0
            },
            "geometry": {
                "type": "MultiPolygon",
                "coordinates": [
                    [
                        [
                            [
                                55.23804,
                                25.105783
                            ],
                            [
                                55.239773,
                                25.104515
                            ],
                            [
                                55.242401,
                                25.10275
                            ],
                            [
                                55.242968,
                                25.102211
                            ],
                            [
                                55.243211,
                                25.1018
                            ],
                            [
                                55.243322,
                                25.101535
                            ],
                            [
                                55.243305,
                                25.100908
                            ],
                            [
                                55.24323,
                                25.10023
                            ],
                            [
                                55.242997,
                                25.099162
                            ],
                            [
                                55.242296,
                                25.097698
                            ],
                            [
                                55.241249,
                                25.096328
                            ],
                            [
                                55.239582,
                                25.097822
                            ],
                            [
                                55.23595,
                                25.100583
                            ],
                            [
                                55.235578,
                                25.100888
                            ],
                            [
                                55.235175,
                                25.101305
                            ],
                            [
                                55.234957,
                                25.102395
                            ],
                            [
                                55.235197,
                                25.103304
                            ],
                            [
                                55.236189,
                                25.104525
                            ],
                            [
                                55.237218,
                                25.105335
                            ],
                            [
                                55.23804,
                                25.105783
                            ]
                        ]
                    ]
                ]
            }
        },
        {
            "type": "Feature",
            "properties": {
                "observation_date": "2020-11-09",
                "source": "S2B_40RCN_20201109_0_L2A_TCI",
                "sensor_name": "Sentinel-2",
                "type": "observation",
                "current_phase": "Active Construction",
                "is_occluded": "False",
                "is_site_boundary": "True",
                "score": 1.0
            },
            "geometry": {
                "type": "MultiPolygon",
                "coordinates": [
                    [
                        [
                            [
                                55.238037,
                                25.105787
                            ],
                            [
                                55.239771,
                                25.10452
                            ],
                            [
                                55.242398,
                                25.102755
                            ],
                            [
                                55.242966,
                                25.102215
                            ],
                            [
                                55.243209,
                                25.101805
                            ],
                            [
                                55.24332,
                                25.101539
                            ],
                            [
                                55.243303,
                                25.100913
                            ],
                            [
                                55.243228,
                                25.100234
                            ],
                            [
                                55.242994,
                                25.099167
                            ],
                            [
                                55.242294,
                                25.097703
                            ],
                            [
                                55.241247,
                                25.096333
                            ],
                            [
                                55.23958,
                                25.097827
                            ],
                            [
                                55.235947,
                                25.100588
                            ],
                            [
                                55.235575,
                                25.100893
                            ],
                            [
                                55.235173,
                                25.10131
                            ],
                            [
                                55.234955,
                                25.102399
                            ],
                            [
                                55.235194,
                                25.103309
                            ],
                            [
                                55.236187,
                                25.10453
                            ],
                            [
                                55.237216,
                                25.10534
                            ],
                            [
                                55.238037,
                                25.105787
                            ]
                        ]
                    ]
                ]
            }
        },
        {
            "type": "Feature",
            "properties": {
                "observation_date": "2020-11-10",
                "source": "LC08_L1TP_160043_20201110_20210316_02_T1_TCI",
                "sensor_name": "Landsat 8",
                "type": "observation",
                "current_phase": "Active Construction",
                "is_occluded": "False",
                "is_site_boundary": "True",
                "score": 1.0
            },
            "geometry": {
                "type": "MultiPolygon",
                "coordinates": [
                    [
                        [
                            [
                                55.238114,
                                25.105779
                            ],
                            [
                                55.23987,
                                25.104505
                            ],
                            [
                                55.242531,
                                25.102732
                            ],
                            [
                                55.243106,
                                25.10219
                            ],
                            [
                                55.243352,
                                25.101777
                            ],
                            [
                                55.243465,
                                25.10151
                            ],
                            [
                                55.243448,
                                25.100881
                            ],
                            [
                                55.243371,
                                25.100199
                            ],
                            [
                                55.243135,
                                25.099126
                            ],
                            [
                                55.242425,
                                25.097655
                            ],
                            [
                                55.241364,
                                25.096278
                            ],
                            [
                                55.239676,
                                25.097779
                            ],
                            [
                                55.235997,
                                25.100554
                            ],
                            [
                                55.23562,
                                25.10086
                            ],
                            [
                                55.235212,
                                25.101279
                            ],
                            [
                                55.234991,
                                25.102374
                            ],
                            [
                                55.235234,
                                25.103288
                            ],
                            [
                                55.23624,
                                25.104515
                            ],
                            [
                                55.237282,
                                25.105329
                            ],
                            [
                                55.238114,
                                25.105779
                            ]
                        ]
                    ]
                ]
            }
        },
        {
            "type": "Feature",
            "properties": {
                "observation_date": "2020-12-14",
                "source": "S2A_40RCN_20201214_0_L2A_TCI",
                "sensor_name": "Sentinel-2",
                "type": "observation",
                "current_phase": "Active Construction",
                "is_occluded": "False",
                "is_site_boundary": "True",
                "score": 1.0
            },
            "geometry": {
                "type": "MultiPolygon",
                "coordinates": [
                    [
                        [
                            [
                                55.238033,
                                25.105797
                            ],
                            [
                                55.239766,
                                25.10453
                            ],
                            [
                                55.242394,
                                25.102765
                            ],
                            [
                                55.242962,
                                25.102225
                            ],
                            [
                                55.243204,
                                25.101814
                            ],
                            [
                                55.243315,
                                25.101549
                            ],
                            [
                                55.243299,
                                25.100922
                            ],
                            [
                                55.243223,
                                25.100244
                            ],
                            [
                                55.24299,
                                25.099177
                            ],
                            [
                                55.242289,
                                25.097713
                            ],
                            [
                                55.241242,
                                25.096343
                            ],
                            [
                                55.239575,
                                25.097836
                            ],
                            [
                                55.235943,
                                25.100598
                            ],
                            [
                                55.235571,
                                25.100902
                            ],
                            [
                                55.235168,
                                25.101319
                            ],
                            [
                                55.23495,
                                25.102409
                            ],
                            [
                                55.23519,
                                25.103319
                            ],
                            [
                                55.236182,
                                25.10454
                            ],
                            [
                                55.237211,
                                25.105349
                            ],
                            [
                                55.238033,
                                25.105797
                            ]
                        ]
                    ]
                ]
            }
        },
        {
            "type": "Feature",
            "properties": {
                "observation_date": "2020-12-28",
                "source": "LC08_L1TP_160043_20201228_20210310_02_T1_TCI",
                "sensor_name": "Landsat 8",
                "type": "observation",
                "current_phase": "Active Construction",
                "is_occluded": "False",
                "is_site_boundary": "True",
                "score": 1.0
            },
            "geometry": {
                "type": "MultiPolygon",
                "coordinates": [
                    [
                        [
                            [
                                55.23811,
                                25.105789
                            ],
                            [
                                55.239865,
                                25.104515
                            ],
                            [
                                55.242527,
                                25.102742
                            ],
                            [
                                55.243102,
                                25.1022
                            ],
                            [
                                55.243348,
                                25.101787
                            ],
                            [
                                55.24346,
                                25.10152
                            ],
                            [
                                55.243443,
                                25.10089
                            ],
                            [
                                55.243367,
                                25.100209
                            ],
                            [
                                55.24313,
                                25.099136
                            ],
                            [
                                55.24242,
                                25.097664
                            ],
                            [
                                55.241359,
                                25.096288
                            ],
                            [
                                55.239671,
                                25.097789
                            ],
                            [
                                55.235992,
                                25.100563
                            ],
                            [
                                55.235615,
                                25.100869
                            ],
                            [
                                55.235207,
                                25.101289
                            ],
                            [
                                55.234987,
                                25.102384
                            ],
                            [
                                55.235229,
                                25.103298
                            ],
                            [
                                55.236235,
                                25.104525
                            ],
                            [
                                55.237278,
                                25.105339
                            ],
                            [
                                55.23811,
                                25.105789
                            ]
                        ]
                    ]
                ]
            }
        },
        {
            "type": "Feature",
            "properties": {
                "observation_date": "2021-01-13",
                "source": "LC08_L1TP_160043_20210113_20210308_02_T1_TCI",
                "sensor_name": "Landsat 8",
                "type": "observation",
                "current_phase": "Active Construction",
                "is_occluded": "False",
                "is_site_boundary": "True",
                "score": 1.0
            },
            "geometry": {
                "type": "MultiPolygon",
                "coordinates": [
                    [
                        [
                            [
                                55.238107,
                                25.105794
                            ],
                            [
                                55.239863,
                                25.10452
                            ],
                            [
                                55.242524,
                                25.102747
                            ],
                            [
                                55.243099,
                                25.102204
                            ],
                            [
                                55.243345,
                                25.101792
                            ],
                            [
                                55.243458,
                                25.101525
                            ],
                            [
                                55.243441,
                                25.100895
                            ],
                            [
                                55.243364,
                                25.100213
                            ],
                            [
                                55.243128,
                                25.099141
                            ],
                            [
                                55.242418,
                                25.097669
                            ],
                            [
                                55.241357,
                                25.096292
                            ],
                            [
                                55.239669,
                                25.097794
                            ],
                            [
                                55.23599,
                                25.100568
                            ],
                            [
                                55.235613,
                                25.100874
                            ],
                            [
                                55.235205,
                                25.101293
                            ],
                            [
                                55.234985,
                                25.102388
                            ],
                            [
                                55.235227,
                                25.103303
                            ],
                            [
                                55.236233,
                                25.10453
                            ],
                            [
                                55.237275,
                                25.105344
                            ],
                            [
                                55.238107,
                                25.105794
                            ]
                        ]
                    ]
                ]
            }
        },
        {
            "type": "Feature",
            "properties": {
                "observation_date": "2021-01-18",
                "source": "S2B_40RCN_20210118_0_L2A_TCI",
                "sensor_name": "Sentinel-2",
                "type": "observation",
                "current_phase": "Active Construction",
                "is_occluded": "False",
                "is_site_boundary": "True",
                "score": 1.0
            },
            "geometry": {
                "type": "MultiPolygon",
                "coordinates": [
                    [
                        [
                            [
                                55.238026,
                                25.105812
                            ],
                            [
                                55.239759,
                                25.104544
                            ],
                            [
                                55.242387,
                                25.102779
                            ],
                            [
                                55.242955,
                                25.10224
                            ],
                            [
                                55.243197,
                                25.101829
                            ],
                            [
                                55.243308,
                                25.101563
                            ],
                            [
                                55.243292,
                                25.100937
                            ],
                            [
                                55.243216,
                                25.100258
                            ],
                            [
                                55.242983,
                                25.099191
                            ],
                            [
                                55.242283,
                                25.097727
                            ],
                            [
                                55.241235,
                                25.096357
                            ],
                            [
                                55.239569,
                                25.097851
                            ],
                            [
                                55.235936,
                                25.100612
                            ],
                            [
                                55.235564,
                                25.100917
                            ],
                            [
                                55.235161,
                                25.101334
                            ],
                            [
                                55.234943,
                                25.102423
                            ],
                            [
                                55.235183,
                                25.103333
                            ],
                            [
                                55.236175,
                                25.104554
                            ],
                            [
                                55.237205,
                                25.105364
                            ],
                            [
                                55.238026,
                                25.105812
                            ]
                        ]
                    ]
                ]
            }
        },
        {
            "type": "Feature",
            "properties": {
                "observation_date": "2021-02-22",
                "source": "S2A_40RCN_20210222_0_L2A_TCI",
                "sensor_name": "Sentinel-2",
                "type": "observation",
                "current_phase": "Active Construction",
                "is_occluded": "False",
                "is_site_boundary": "True",
                "score": 1.0
            },
            "geometry": {
                "type": "MultiPolygon",
                "coordinates": [
                    [
                        [
                            [
                                55.238021,
                                25.105821
                            ],
                            [
                                55.239755,
                                25.104554
                            ],
                            [
                                55.242382,
                                25.102789
                            ],
                            [
                                55.24295,
                                25.102249
                            ],
                            [
                                55.243193,
                                25.101838
                            ],
                            [
                                55.243304,
                                25.101573
                            ],
                            [
                                55.243287,
                                25.100947
                            ],
                            [
                                55.243212,
                                25.100268
                            ],
                            [
                                55.242978,
                                25.099201
                            ],
                            [
                                55.242278,
                                25.097737
                            ],
                            [
                                55.241231,
                                25.096367
                            ],
                            [
                                55.239564,
                                25.097861
                            ],
                            [
                                55.235931,
                                25.100622
                            ],
                            [
                                55.235559,
                                25.100926
                            ],
                            [
                                55.235157,
                                25.101344
                            ],
                            [
                                55.234939,
                                25.102433
                            ],
                            [
                                55.235178,
                                25.103343
                            ],
                            [
                                55.236171,
                                25.104564
                            ],
                            [
                                55.2372,
                                25.105374
                            ],
                            [
                                55.238021,
                                25.105821
                            ]
                        ]
                    ]
                ]
            }
        },
        {
            "type": "Feature",
            "properties": {
                "observation_date": "2021-02-24",
                "source": "21FEB24071355-P1BS-014466653010_01_P002",
                "sensor_name": "WorldView",
                "type": "observation",
                "current_phase": "Active Construction",
                "is_occluded": "False",
                "is_site_boundary": "True",
                "score": 1.0
            },
            "geometry": {
                "type": "MultiPolygon",
                "coordinates": [
                    [
                        [
                            [
                                55.23804,
                                25.105823
                            ],
                            [
                                55.239779,
                                25.104554
                            ],
                            [
                                55.242416,
                                25.102787
                            ],
                            [
                                55.242986,
                                25.102246
                            ],
                            [
                                55.243229,
                                25.101835
                            ],
                            [
                                55.243341,
                                25.101569
                            ],
                            [
                                55.243324,
                                25.100942
                            ],
                            [
                                55.243248,
                                25.100263
                            ],
                            [
                                55.243014,
                                25.099194
                            ],
                            [
                                55.242311,
                                25.097728
                            ],
                            [
                                55.24126,
                                25.096356
                            ],
                            [
                                55.239588,
                                25.097852
                            ],
                            [
                                55.235943,
                                25.100617
                            ],
                            [
                                55.235569,
                                25.100921
                            ],
                            [
                                55.235166,
                                25.101339
                            ],
                            [
                                55.234947,
                                25.10243
                            ],
                            [
                                55.235187,
                                25.103341
                            ],
                            [
                                55.236183,
                                25.104563
                            ],
                            [
                                55.237216,
                                25.105374
                            ],
                            [
                                55.23804,
                                25.105823
                            ]
                        ]
                    ]
                ]
            }
        },
        {
            "type": "Feature",
            "properties": {
                "observation_date": "2021-03-02",
                "source": "LC08_L1TP_160043_20210302_20210311_02_T1_TCI",
                "sensor_name": "Landsat 8",
                "type": "observation",
                "current_phase": "Active Construction",
                "is_occluded": "False",
                "is_site_boundary": "True",
                "score": 1.0
            },
            "geometry": {
                "type": "MultiPolygon",
                "coordinates": [
                    [
                        [
                            [
                                55.238095,
                                25.105813
                            ],
                            [
                                55.239851,
                                25.104539
                            ],
                            [
                                55.242513,
                                25.102766
                            ],
                            [
                                55.243088,
                                25.102224
                            ],
                            [
                                55.243333,
                                25.101811
                            ],
                            [
                                55.243446,
                                25.101544
                            ],
                            [
                                55.243429,
                                25.100915
                            ],
                            [
                                55.243353,
                                25.100233
                            ],
                            [
                                55.243116,
                                25.09916
                            ],
                            [
                                55.242406,
                                25.097689
                            ],
                            [
                                55.241345,
                                25.096312
                            ],
                            [
                                55.239657,
                                25.097813
                            ],
                            [
                                55.235978,
                                25.100588
                            ],
                            [
                                55.235601,
                                25.100894
                            ],
                            [
                                55.235193,
                                25.101313
                            ],
                            [
                                55.234973,
                                25.102408
                            ],
                            [
                                55.235215,
                                25.103322
                            ],
                            [
                                55.236221,
                                25.104549
                            ],
                            [
                                55.237263,
                                25.105363
                            ],
                            [
                                55.238095,
                                25.105813
                            ]
                        ]
                    ]
                ]
            }
        },
        {
            "type": "Feature",
            "properties": {
                "observation_date": "2021-03-09",
                "source": "S2B_40RCN_20210309_0_L2A_TCI",
                "sensor_name": "Sentinel-2",
                "type": "observation",
                "current_phase": "Active Construction",
                "is_occluded": "False",
                "is_site_boundary": "True",
                "score": 1.0
            },
            "geometry": {
                "type": "MultiPolygon",
                "coordinates": [
                    [
                        [
                            [
                                55.238014,
                                25.105826
                            ],
                            [
                                55.239747,
                                25.104558
                            ],
                            [
                                55.242375,
                                25.102794
                            ],
                            [
                                55.242943,
                                25.102254
                            ],
                            [
                                55.243185,
                                25.101843
                            ],
                            [
                                55.243296,
                                25.101578
                            ],
                            [
                                55.24328,
                                25.100951
                            ],
                            [
                                55.243204,
                                25.100273
                            ],
                            [
                                55.242971,
                                25.099206
                            ],
                            [
                                55.242271,
                                25.097741
                            ],
                            [
                                55.241223,
                                25.096371
                            ],
                            [
                                55.239556,
                                25.097865
                            ],
                            [
                                55.235924,
                                25.100627
                            ],
                            [
                                55.235552,
                                25.100931
                            ],
                            [
                                55.235149,
                                25.101348
                            ],
                            [
                                55.234931,
                                25.102438
                            ],
                            [
                                55.235171,
                                25.103348
                            ],
                            [
                                55.236163,
                                25.104568
                            ],
                            [
                                55.237193,
                                25.105378
                            ],
                            [
                                55.238014,
                                25.105826
                            ]
                        ]
                    ]
                ]
            }
        },
        {
            "type": "Feature",
            "properties": {
                "observation_date": "2021-03-15",
                "source": "21MAR15071251-P1BS-014466692010_01_P004",
                "sensor_name": "WorldView",
                "type": "observation",
                "current_phase": "Active Construction",
                "is_occluded": "False",
                "is_site_boundary": "True",
                "score": 1.0
            },
            "geometry": {
                "type": "MultiPolygon",
                "coordinates": [
                    [
                        [
                            [
                                55.238032,
                                25.105823
                            ],
                            [
                                55.239772,
                                25.104553
                            ],
                            [
                                55.242408,
                                25.102786
                            ],
                            [
                                55.242978,
                                25.102246
                            ],
                            [
                                55.243221,
                                25.101835
                            ],
                            [
                                55.243333,
                                25.101569
                            ],
                            [
                                55.243316,
                                25.100942
                            ],
                            [
                                55.243241,
                                25.100262
                            ],
                            [
                                55.243006,
                                25.099194
                            ],
                            [
                                55.242303,
                                25.097728
                            ],
                            [
                                55.241252,
                                25.096356
                            ],
                            [
                                55.23958,
                                25.097852
                            ],
                            [
                                55.235935,
                                25.100616
                            ],
                            [
                                55.235562,
                                25.100921
                            ],
                            [
                                55.235158,
                                25.101339
                            ],
                            [
                                55.234939,
                                25.10243
                            ],
                            [
                                55.235179,
                                25.103341
                            ],
                            [
                                55.236175,
                                25.104563
                            ],
                            [
                                55.237208,
                                25.105374
                            ],
                            [
                                55.238032,
                                25.105823
                            ]
                        ]
                    ]
                ]
            }
        },
        {
            "type": "Feature",
            "properties": {
                "observation_date": "2021-04-03",
                "source": "LC08_L1TP_160043_20210403_20210409_02_T1_TCI",
                "sensor_name": "Landsat 8",
                "type": "observation",
                "current_phase": "Active Construction",
                "is_occluded": "False",
                "is_site_boundary": "True",
                "score": 1.0
            },
            "geometry": {
                "type": "MultiPolygon",
                "coordinates": [
                    [
                        [
                            [
                                55.238093,
                                25.105784
                            ],
                            [
                                55.239848,
                                25.10451
                            ],
                            [
                                55.24251,
                                25.102737
                            ],
                            [
                                55.243085,
                                25.102195
                            ],
                            [
                                55.24333,
                                25.101782
                            ],
                            [
                                55.243443,
                                25.101515
                            ],
                            [
                                55.243426,
                                25.100885
                            ],
                            [
                                55.24335,
                                25.100204
                            ],
                            [
                                55.243113,
                                25.099131
                            ],
                            [
                                55.242403,
                                25.097659
                            ],
                            [
                                55.241342,
                                25.096282
                            ],
                            [
                                55.239654,
                                25.097784
                            ],
                            [
                                55.235975,
                                25.100558
                            ],
                            [
                                55.235598,
                                25.100864
                            ],
                            [
                                55.23519,
                                25.101284
                            ],
                            [
                                55.23497,
                                25.102379
                            ],
                            [
                                55.235212,
                                25.103293
                            ],
                            [
                                55.236218,
                                25.10452
                            ],
                            [
                                55.237261,
                                25.105334
                            ],
                            [
                                55.238093,
                                25.105784
                            ]
                        ]
                    ]
                ]
            }
        },
        {
            "type": "Feature",
            "properties": {
                "observation_date": "2021-04-13",
                "source": "S2A_40RCN_20210413_0_L2A_TCI",
                "sensor_name": "Sentinel-2",
                "type": "observation",
                "current_phase": "Active Construction",
                "is_occluded": "False",
                "is_site_boundary": "True",
                "score": 1.0
            },
            "geometry": {
                "type": "MultiPolygon",
                "coordinates": [
                    [
                        [
                            [
                                55.238015,
                                25.105782
                            ],
                            [
                                55.239748,
                                25.104515
                            ],
                            [
                                55.242376,
                                25.10275
                            ],
                            [
                                55.242944,
                                25.10221
                            ],
                            [
                                55.243186,
                                25.1018
                            ],
                            [
                                55.243297,
                                25.101534
                            ],
                            [
                                55.243281,
                                25.100908
                            ],
                            [
                                55.243205,
                                25.100229
                            ],
                            [
                                55.242972,
                                25.099162
                            ],
                            [
                                55.242271,
                                25.097698
                            ],
                            [
                                55.241224,
                                25.096328
                            ],
                            [
                                55.239557,
                                25.097822
                            ],
                            [
                                55.235925,
                                25.100583
                            ],
                            [
                                55.235553,
                                25.100887
                            ],
                            [
                                55.23515,
                                25.101305
                            ],
                            [
                                55.234932,
                                25.102394
                            ],
                            [
                                55.235172,
                                25.103304
                            ],
                            [
                                55.236164,
                                25.104525
                            ],
                            [
                                55.237194,
                                25.105335
                            ],
                            [
                                55.238015,
                                25.105782
                            ]
                        ]
                    ]
                ]
            }
        },
        {
            "type": "Feature",
            "properties": {
                "observation_date": "2021-05-18",
                "source": "S2B_40RCN_20210518_0_L2A_TCI",
                "sensor_name": "Sentinel-2",
                "type": "observation",
                "current_phase": "Active Construction",
                "is_occluded": "False",
                "is_site_boundary": "True",
                "score": 1.0
            },
            "geometry": {
                "type": "MultiPolygon",
                "coordinates": [
                    [
                        [
                            [
                                55.237979,
                                25.105753
                            ],
                            [
                                55.239712,
                                25.104485
                            ],
                            [
                                55.24234,
                                25.102721
                            ],
                            [
                                55.242908,
                                25.102181
                            ],
                            [
                                55.24315,
                                25.10177
                            ],
                            [
                                55.243261,
                                25.101505
                            ],
                            [
                                55.243245,
                                25.100878
                            ],
                            [
                                55.243169,
                                25.1002
                            ],
                            [
                                55.242936,
                                25.099132
                            ],
                            [
                                55.242236,
                                25.097668
                            ],
                            [
                                55.241188,
                                25.096298
                            ],
                            [
                                55.239522,
                                25.097792
                            ],
                            [
                                55.235889,
                                25.100553
                            ],
                            [
                                55.235517,
                                25.100858
                            ],
                            [
                                55.235114,
                                25.101275
                            ],
                            [
                                55.234896,
                                25.102365
                            ],
                            [
                                55.235136,
                                25.103274
                            ],
                            [
                                55.236128,
                                25.104495
                            ],
                            [
                                55.237158,
                                25.105305
                            ],
                            [
                                55.237979,
                                25.105753
                            ]
                        ]
                    ]
                ]
            }
        },
        {
            "type": "Feature",
            "properties": {
                "observation_date": "2021-05-21",
                "source": "LC08_L1TP_160043_20210521_20210528_02_T1_TCI",
                "sensor_name": "Landsat 8",
                "type": "observation",
                "current_phase": "Active Construction",
                "is_occluded": "False",
                "is_site_boundary": "True",
                "score": 1.0
            },
            "geometry": {
                "type": "MultiPolygon",
                "coordinates": [
                    [
                        [
                            [
                                55.238039,
                                25.105725
                            ],
                            [
                                55.239795,
                                25.104451
                            ],
                            [
                                55.242456,
                                25.102678
                            ],
                            [
                                55.243031,
                                25.102135
                            ],
                            [
                                55.243277,
                                25.101723
                            ],
                            [
                                55.243389,
                                25.101456
                            ],
                            [
                                55.243373,
                                25.100826
                            ],
                            [
                                55.243296,
                                25.100144
                            ],
                            [
                                55.24306,
                                25.099072
                            ],
                            [
                                55.24235,
                                25.0976
                            ],
                            [
                                55.241289,
                                25.096223
                            ],
                            [
                                55.239601,
                                25.097725
                            ],
                            [
                                55.235922,
                                25.100499
                            ],
                            [
                                55.235545,
                                25.100805
                            ],
                            [
                                55.235137,
                                25.101224
                            ],
                            [
                                55.234916,
                                25.102319
                            ],
                            [
                                55.235159,
                                25.103234
                            ],
                            [
                                55.236165,
                                25.104461
                            ],
                            [
                                55.237207,
                                25.105275
                            ],
                            [
                                55.238039,
                                25.105725
                            ]
                        ]
                    ]
                ]
            }
        },
        {
            "type": "Feature",
            "properties": {
                "observation_date": "2021-06-06",
                "source": "LC08_L1TP_160043_20210606_20210615_02_T1_TCI",
                "sensor_name": "Landsat 8",
                "type": "observation",
                "current_phase": "Active Construction",
                "is_occluded": "False",
                "is_site_boundary": "True",
                "score": 1.0
            },
            "geometry": {
                "type": "MultiPolygon",
                "coordinates": [
                    [
                        [
                            [
                                55.238021,
                                25.10571
                            ],
                            [
                                55.239777,
                                25.104436
                            ],
                            [
                                55.242438,
                                25.102663
                            ],
                            [
                                55.243013,
                                25.102121
                            ],
                            [
                                55.243259,
                                25.101708
                            ],
                            [
                                55.243371,
                                25.101441
                            ],
                            [
                                55.243354,
                                25.100811
                            ],
                            [
                                55.243278,
                                25.10013
                            ],
                            [
                                55.243041,
                                25.099057
                            ],
                            [
                                55.242332,
                                25.097585
                            ],
                            [
                                55.241271,
                                25.096209
                            ],
                            [
                                55.239583,
                                25.09771
                            ],
                            [
                                55.235903,
                                25.100484
                            ],
                            [
                                55.235526,
                                25.10079
                            ],
                            [
                                55.235119,
                                25.10121
                            ],
                            [
                                55.234898,
                                25.102305
                            ],
                            [
                                55.235141,
                                25.103219
                            ],
                            [
                                55.236146,
                                25.104446
                            ],
                            [
                                55.237189,
                                25.10526
                            ],
                            [
                                55.238021,
                                25.10571
                            ]
                        ]
                    ]
                ]
            }
        },
        {
            "type": "Feature",
            "properties": {
                "observation_date": "2021-06-17",
                "source": "S2B_40RCN_20210617_0_L2A_TCI",
                "sensor_name": "Sentinel-2",
                "type": "observation",
                "current_phase": "Active Construction",
                "is_occluded": "False",
                "is_site_boundary": "True",
                "score": 1.0
            },
            "geometry": {
                "type": "MultiPolygon",
                "coordinates": [
                    [
                        [
                            [
                                55.237925,
                                25.105708
                            ],
                            [
                                55.239658,
                                25.104441
                            ],
                            [
                                55.242286,
                                25.102676
                            ],
                            [
                                55.242854,
                                25.102137
                            ],
                            [
                                55.243096,
                                25.101726
                            ],
                            [
                                55.243207,
                                25.10146
                            ],
                            [
                                55.243191,
                                25.100834
                            ],
                            [
                                55.243116,
                                25.100155
                            ],
                            [
                                55.242882,
                                25.099088
                            ],
                            [
                                55.242182,
                                25.097624
                            ],
                            [
                                55.241134,
                                25.096254
                            ],
                            [
                                55.239468,
                                25.097748
                            ],
                            [
                                55.235835,
                                25.100509
                            ],
                            [
                                55.235463,
                                25.100814
                            ],
                            [
                                55.23506,
                                25.101231
                            ],
                            [
                                55.234843,
                                25.10232
                            ],
                            [
                                55.235082,
                                25.10323
                            ],
                            [
                                55.236075,
                                25.104451
                            ],
                            [
                                55.237104,
                                25.105261
                            ],
                            [
                                55.237925,
                                25.105708
                            ]
                        ]
                    ]
                ]
            }
        },
        {
            "type": "Feature",
            "properties": {
                "observation_date": "2021-07-22",
                "source": "S2A_40RCN_20210722_0_L2A_TCI",
                "sensor_name": "Sentinel-2",
                "type": "observation",
                "current_phase": "Active Construction",
                "is_occluded": "False",
                "is_site_boundary": "True",
                "score": 1.0
            },
            "geometry": {
                "type": "MultiPolygon",
                "coordinates": [
                    [
                        [
                            [
                                55.237922,
                                25.105713
                            ],
                            [
                                55.239656,
                                25.104446
                            ],
                            [
                                55.242283,
                                25.102681
                            ],
                            [
                                55.242851,
                                25.102141
                            ],
                            [
                                55.243094,
                                25.10173
                            ],
                            [
                                55.243205,
                                25.101465
                            ],
                            [
                                55.243188,
                                25.100839
                            ],
                            [
                                55.243113,
                                25.10016
                            ],
                            [
                                55.242879,
                                25.099093
                            ],
                            [
                                55.242179,
                                25.097629
                            ],
                            [
                                55.241131,
                                25.096259
                            ],
                            [
                                55.239465,
                                25.097753
                            ],
                            [
                                55.235832,
                                25.100514
                            ],
                            [
                                55.23546,
                                25.100818
                            ],
                            [
                                55.235058,
                                25.101236
                            ],
                            [
                                55.23484,
                                25.102325
                            ],
                            [
                                55.235079,
                                25.103235
                            ],
                            [
                                55.236072,
                                25.104456
                            ],
                            [
                                55.237101,
                                25.105265
                            ],
                            [
                                55.237922,
                                25.105713
                            ]
                        ]
                    ]
                ]
            }
        },
        {
            "type": "Feature",
            "properties": {
                "observation_date": "2021-08-16",
                "source": "S2B_40RCN_20210816_0_L2A_TCI",
                "sensor_name": "Sentinel-2",
                "type": "observation",
                "current_phase": "Active Construction",
                "is_occluded": "False",
                "is_site_boundary": "True",
                "score": 1.0
            },
            "geometry": {
                "type": "MultiPolygon",
                "coordinates": [
                    [
                        [
                            [
                                55.237919,
                                25.105718
                            ],
                            [
                                55.239653,
                                25.10445
                            ],
                            [
                                55.24228,
                                25.102686
                            ],
                            [
                                55.242848,
                                25.102146
                            ],
                            [
                                55.243091,
                                25.101735
                            ],
                            [
                                55.243202,
                                25.10147
                            ],
                            [
                                55.243185,
                                25.100843
                            ],
                            [
                                55.24311,
                                25.100165
                            ],
                            [
                                55.242876,
                                25.099097
                            ],
                            [
                                55.242176,
                                25.097633
                            ],
                            [
                                55.241129,
                                25.096263
                            ],
                            [
                                55.239462,
                                25.097757
                            ],
                            [
                                55.235829,
                                25.100519
                            ],
                            [
                                55.235457,
                                25.100823
                            ],
                            [
                                55.235055,
                                25.10124
                            ],
                            [
                                55.234837,
                                25.10233
                            ],
                            [
                                55.235076,
                                25.103239
                            ],
                            [
                                55.236069,
                                25.10446
                            ],
                            [
                                55.237098,
                                25.10527
                            ],
                            [
                                55.237919,
                                25.105718
                            ]
                        ]
                    ]
                ]
            }
        },
        {
            "type": "Feature",
            "properties": {
                "observation_date": "2021-09-25",
                "source": "S2B_40RCN_20210925_0_L2A_TCI",
                "sensor_name": "Sentinel-2",
                "type": "observation",
                "current_phase": "Active Construction",
                "is_occluded": "False",
                "is_site_boundary": "True",
                "score": 1.0
            },
            "geometry": {
                "type": "MultiPolygon",
                "coordinates": [
                    [
                        [
                            [
                                55.237918,
                                25.10572
                            ],
                            [
                                55.239651,
                                25.104453
                            ],
                            [
                                55.242279,
                                25.102688
                            ],
                            [
                                55.242847,
                                25.102148
                            ],
                            [
                                55.243089,
                                25.101737
                            ],
                            [
                                55.2432,
                                25.101472
                            ],
                            [
                                55.243184,
                                25.100846
                            ],
                            [
                                55.243108,
                                25.100167
                            ],
                            [
                                55.242875,
                                25.0991
                            ],
                            [
                                55.242174,
                                25.097636
                            ],
                            [
                                55.241127,
                                25.096266
                            ],
                            [
                                55.23946,
                                25.09776
                            ],
                            [
                                55.235828,
                                25.100521
                            ],
                            [
                                55.235456,
                                25.100825
                            ],
                            [
                                55.235053,
                                25.101242
                            ],
                            [
                                55.234835,
                                25.102332
                            ],
                            [
                                55.235075,
                                25.103242
                            ],
                            [
                                55.236067,
                                25.104463
                            ],
                            [
                                55.237097,
                                25.105272
                            ],
                            [
                                55.237918,
                                25.10572
                            ]
                        ]
                    ]
                ]
            }
        },
        {
            "type": "Feature",
            "properties": {
                "observation_date": "2021-10-30",
                "source": "S2A_40RCN_20211030_0_L2A_TCI",
                "sensor_name": "Sentinel-2",
                "type": "observation",
                "current_phase": "Active Construction",
                "is_occluded": "False",
                "is_site_boundary": "True",
                "score": 1.0
            },
            "geometry": {
                "type": "MultiPolygon",
                "coordinates": [
                    [
                        [
                            [
                                55.237916,
                                25.105722
                            ],
                            [
                                55.23965,
                                25.104455
                            ],
                            [
                                55.242277,
                                25.10269
                            ],
                            [
                                55.242845,
                                25.102151
                            ],
                            [
                                55.243088,
                                25.10174
                            ],
                            [
                                55.243199,
                                25.101474
                            ],
                            [
                                55.243182,
                                25.100848
                            ],
                            [
                                55.243107,
                                25.100169
                            ],
                            [
                                55.242873,
                                25.099102
                            ],
                            [
                                55.242173,
                                25.097638
                            ],
                            [
                                55.241126,
                                25.096268
                            ],
                            [
                                55.239459,
                                25.097762
                            ],
                            [
                                55.235826,
                                25.100523
                            ],
                            [
                                55.235454,
                                25.100828
                            ],
                            [
                                55.235052,
                                25.101245
                            ],
                            [
                                55.234834,
                                25.102334
                            ],
                            [
                                55.235073,
                                25.103244
                            ],
                            [
                                55.236066,
                                25.104465
                            ],
                            [
                                55.237095,
                                25.105275
                            ],
                            [
                                55.237916,
                                25.105722
                            ]
                        ]
                    ]
                ]
            }
        },
        {
            "type": "Feature",
            "properties": {
                "observation_date": "2021-11-24",
                "source": "S2B_40RCN_20211124_0_L2A_TCI",
                "sensor_name": "Sentinel-2",
                "type": "observation",
                "current_phase": "Active Construction",
                "is_occluded": "False",
                "is_site_boundary": "True",
                "score": 1.0
            },
            "geometry": {
                "type": "MultiPolygon",
                "coordinates": [
                    [
                        [
                            [
                                55.237916,
                                25.105722
                            ],
                            [
                                55.23965,
                                25.104455
                            ],
                            [
                                55.242277,
                                25.10269
                            ],
                            [
                                55.242845,
                                25.102151
                            ],
                            [
                                55.243088,
                                25.10174
                            ],
                            [
                                55.243199,
                                25.101474
                            ],
                            [
                                55.243182,
                                25.100848
                            ],
                            [
                                55.243107,
                                25.100169
                            ],
                            [
                                55.242873,
                                25.099102
                            ],
                            [
                                55.242173,
                                25.097638
                            ],
                            [
                                55.241126,
                                25.096268
                            ],
                            [
                                55.239459,
                                25.097762
                            ],
                            [
                                55.235826,
                                25.100523
                            ],
                            [
                                55.235454,
                                25.100828
                            ],
                            [
                                55.235052,
                                25.101245
                            ],
                            [
                                55.234834,
                                25.102334
                            ],
                            [
                                55.235073,
                                25.103244
                            ],
                            [
                                55.236066,
                                25.104465
                            ],
                            [
                                55.237095,
                                25.105275
                            ],
                            [
                                55.237916,
                                25.105722
                            ]
                        ]
                    ]
                ]
            }
        },
        {
            "type": "Feature",
            "properties": {
                "observation_date": "2021-12-24",
                "source": "S2B_40RCN_20211224_0_L2A_TCI",
                "sensor_name": "Sentinel-2",
                "type": "observation",
                "current_phase": "Active Construction",
                "is_occluded": "False",
                "is_site_boundary": "True",
                "score": 1.0
            },
            "geometry": {
                "type": "MultiPolygon",
                "coordinates": [
                    [
                        [
                            [
                                55.237916,
                                25.105722
                            ],
                            [
                                55.23965,
                                25.104455
                            ],
                            [
                                55.242277,
                                25.10269
                            ],
                            [
                                55.242845,
                                25.102151
                            ],
                            [
                                55.243088,
                                25.10174
                            ],
                            [
                                55.243199,
                                25.101474
                            ],
                            [
                                55.243182,
                                25.100848
                            ],
                            [
                                55.243107,
                                25.100169
                            ],
                            [
                                55.242873,
                                25.099102
                            ],
                            [
                                55.242173,
                                25.097638
                            ],
                            [
                                55.241126,
                                25.096268
                            ],
                            [
                                55.239459,
                                25.097762
                            ],
                            [
                                55.235826,
                                25.100523
                            ],
                            [
                                55.235454,
                                25.100828
                            ],
                            [
                                55.235052,
                                25.101245
                            ],
                            [
                                55.234834,
                                25.102334
                            ],
                            [
                                55.235073,
                                25.103244
                            ],
                            [
                                55.236066,
                                25.104465
                            ],
                            [
                                55.237095,
                                25.105275
                            ],
                            [
                                55.237916,
                                25.105722
                            ]
                        ]
                    ]
                ]
            }
        },
        {
            "type": "Feature",
            "properties": {
                "observation_date": "2022-02-27",
                "source": "S2A_40RCN_20220227_0_L2A_TCI",
                "sensor_name": "Sentinel-2",
                "type": "observation",
                "current_phase": "Post Construction",
                "is_occluded": "False",
                "is_site_boundary": "True",
                "score": 1.0
            },
            "geometry": {
                "type": "MultiPolygon",
                "coordinates": [
                    [
                        [
                            [
                                55.237942,
                                25.105772
                            ],
                            [
                                55.239676,
                                25.104504
                            ],
                            [
                                55.242303,
                                25.102739
                            ],
                            [
                                55.242871,
                                25.1022
                            ],
                            [
                                55.243114,
                                25.101789
                            ],
                            [
                                55.243225,
                                25.101524
                            ],
                            [
                                55.243208,
                                25.100897
                            ],
                            [
                                55.243133,
                                25.100219
                            ],
                            [
                                55.242899,
                                25.099151
                            ],
                            [
                                55.242199,
                                25.097687
                            ],
                            [
                                55.241152,
                                25.096317
                            ],
                            [
                                55.239485,
                                25.097811
                            ],
                            [
                                55.235852,
                                25.100572
                            ],
                            [
                                55.23548,
                                25.100877
                            ],
                            [
                                55.235078,
                                25.101294
                            ],
                            [
                                55.23486,
                                25.102384
                            ],
                            [
                                55.235099,
                                25.103293
                            ],
                            [
                                55.236092,
                                25.104514
                            ],
                            [
                                55.237121,
                                25.105324
                            ],
                            [
                                55.237942,
                                25.105772
                            ]
                        ]
                    ]
                ]
            }
        }
    ]
}