Min Confidence,F1_rho=0.5,recall (PD)_rho=0.5
0.0,0.8461538461538461,0.8148148148148148
0.1,0.8461538461538461,0.8148148148148148
0.2,0.8461538461538461,0.8148148148148148
0.3,0.8461538461538461,0.8148148148148148
0.4,0.8461538461538461,0.8148148148148148
0.5,0.88,0.8148148148148148
0.6,0.8,0.6666666666666666
0.7,0.07142857142857142,0.037037037037037035
0.8,0.0,0.0
0.9,0.0,0.0
1.0,0.0,0.0
