{
    "type": "FeatureCollection",
    "features": [
        {
            "type": "Feature",
            "properties": {
                "type": "region",
                "region_id": "US_C015",
                "version": "2.0.2",
                "mgrs": "11SLT",
                "start_date": "2017-01-01",
                "end_date": "2021-08-31",
                "originator": "iMERIT",
                "model_content": "annotation",
                "comments": null
            },
            "geometry": {
                "type": "Polygon",
                "coordinates": [
                    [
                        [
                            -118.452555,
                            33.702472
                        ],
                        [
                            -118.174541,
                            33.703276
                        ],
                        [
                            -118.183977,
                            34.077506
                        ],
                        [
                            -118.459109,
                            34.077046
                        ],
                        [
                            -118.452555,
                            33.702472
                        ]
                    ]
                ]
            }
        },
        {
            "type": "Feature",
            "properties": {
                "type": "site_summary",
                "status": "positive_pending",
                "version": "2.0.1",
                "site_id": "US_C015_0000",
                "mgrs": "11SLT",
                "start_date": "2016-09-02",
                "end_date": "2017-12-30",
                "score": 1.0,
                "originator": "iMERIT",
                "model_content": "annotation",
                "validated": "True"
            },
            "geometry": {
                "type": "Polygon",
                "coordinates": [
                    [
                        [
                            -118.45750192673562,
                            33.978535431979
                        ],
                        [
                            -118.45420410842736,
                            33.97857281607644
                        ],
                        [
                            -118.45422105427261,
                            33.97900054227924
                        ],
                        [
                            -118.45751709567362,
                            33.97896288040553
                        ],
                        [
                            -118.45750192673562,
                            33.978535431979
                        ]
                    ]
                ]
            }
        },
        {
            "type": "Feature",
            "properties": {
                "type": "site_summary",
                "status": "positive_pending",
                "version": "2.0.0",
                "site_id": "US_C015_0001",
                "mgrs": "11SLT",
                "start_date": "2017-02-23",
                "end_date": "2020-04-23",
                "score": 1.0,
                "originator": "iMERIT",
                "model_content": "annotation",
                "validated": "True"
            },
            "geometry": {
                "type": "Polygon",
                "coordinates": [
                    [
                        [
                            -118.45416990870903,
                            33.97638464260399
                        ],
                        [
                            -118.45416293018617,
                            33.975932801126994
                        ],
                        [
                            -118.4576811501181,
                            33.97589183442134
                        ],
                        [
                            -118.45673713028825,
                            33.974639219794554
                        ],
                        [
                            -118.45760358404227,
                            33.974050189253035
                        ],
                        [
                            -118.4591178080258,
                            33.97627496914487
                        ],
                        [
                            -118.45416990870903,
                            33.97638464260399
                        ]
                    ]
                ]
            }
        },
        {
            "type": "Feature",
            "properties": {
                "type": "site_summary",
                "status": "positive_pending",
                "version": "2.0.1",
                "site_id": "US_C015_0002",
                "mgrs": "11SLT",
                "start_date": "2017-12-04",
                "end_date": "2022-08-31",
                "score": 1.0,
                "originator": "iMERIT",
                "model_content": "annotation",
                "validated": "True"
            },
            "geometry": {
                "type": "Polygon",
                "coordinates": [
                    [
                        [
                            -118.4457171674618,
                            33.997404480084555
                        ],
                        [
                            -118.44382486451755,
                            33.99518620408034
                        ],
                        [
                            -118.44088971312979,
                            33.997327738639385
                        ],
                        [
                            -118.44234202428639,
                            33.999101280066135
                        ],
                        [
                            -118.4457171674618,
                            33.997404480084555
                        ]
                    ]
                ]
            }
        },
        {
            "type": "Feature",
            "properties": {
                "type": "site_summary",
                "status": "positive_pending",
                "version": "2.0.0",
                "site_id": "US_C015_0003",
                "mgrs": "11SLT",
                "start_date": "2017-09-06",
                "end_date": "2019-05-24",
                "score": 1.0,
                "originator": "iMERIT",
                "model_content": "annotation",
                "validated": "True"
            },
            "geometry": {
                "type": "Polygon",
                "coordinates": [
                    [
                        [
                            -118.44470806664052,
                            33.990247457369165
                        ],
                        [
                            -118.44446702586002,
                            33.98987764137717
                        ],
                        [
                            -118.44333987541003,
                            33.990405162968244
                        ],
                        [
                            -118.44392199151915,
                            33.99111178982591
                        ],
                        [
                            -118.44487187355637,
                            33.990650970367554
                        ],
                        [
                            -118.44508733982236,
                            33.9909478614804
                        ],
                        [
                            -118.44549622465905,
                            33.99074750201956
                        ],
                        [
                            -118.44527610916349,
                            33.99042932993192
                        ],
                        [
                            -118.44631546475384,
                            33.989927033289845
                        ],
                        [
                            -118.4460320725106,
                            33.98959171953207
                        ],
                        [
                            -118.44470806664052,
                            33.990247457369165
                        ]
                    ]
                ]
            }
        },
        {
            "type": "Feature",
            "properties": {
                "type": "site_summary",
                "status": "positive_pending",
                "version": "2.0.0",
                "site_id": "US_C015_0004",
                "mgrs": "11SLT",
                "start_date": "2018-01-24",
                "end_date": "2020-10-15",
                "score": 1.0,
                "originator": "iMERIT",
                "model_content": "annotation",
                "validated": "True"
            },
            "geometry": {
                "type": "Polygon",
                "coordinates": [
                    [
                        [
                            -118.44185342219208,
                            33.98187339691125
                        ],
                        [
                            -118.44375164586056,
                            33.98101793523062
                        ],
                        [
                            -118.44350970700131,
                            33.98066309157044
                        ],
                        [
                            -118.44223359811642,
                            33.9813177496601
                        ],
                        [
                            -118.44121271100849,
                            33.979833857990215
                        ],
                        [
                            -118.44262449541053,
                            33.97915832674408
                        ],
                        [
                            -118.44242335408443,
                            33.97881676600166
                        ],
                        [
                            -118.44024899256769,
                            33.97976015519597
                        ],
                        [
                            -118.44185342219208,
                            33.98187339691125
                        ]
                    ]
                ]
            }
        },
        {
            "type": "Feature",
            "properties": {
                "type": "site_summary",
                "status": "positive_pending",
                "version": "2.0.1",
                "site_id": "US_C015_0005",
                "mgrs": "11SLT",
                "start_date": "2021-05-23",
                "end_date": "2022-09-05",
                "score": 1.0,
                "originator": "iMERIT",
                "model_content": "annotation",
                "validated": "True"
            },
            "geometry": {
                "type": "Polygon",
                "coordinates": [
                    [
                        [
                            -118.4382818115374,
                            33.950612358434576
                        ],
                        [
                            -118.43561673211964,
                            33.950640016898305
                        ],
                        [
                            -118.43563161595416,
                            33.95195832532169
                        ],
                        [
                            -118.43794329068722,
                            33.95193652328343
                        ],
                        [
                            -118.43885369850325,
                            33.95157336691597
                        ],
                        [
                            -118.4382818115374,
                            33.950612358434576
                        ]
                    ]
                ]
            }
        },
        {
            "type": "Feature",
            "properties": {
                "type": "site_summary",
                "status": "positive_pending",
                "version": "2.0.0",
                "site_id": "US_C015_0006",
                "mgrs": "11SLT",
                "start_date": "2017-02-13",
                "end_date": "2020-12-29",
                "score": 1.0,
                "originator": "iMERIT",
                "model_content": "annotation",
                "validated": "True"
            },
            "geometry": {
                "type": "Polygon",
                "coordinates": [
                    [
                        [
                            -118.4284710878315,
                            33.98219388664912
                        ],
                        [
                            -118.42652526049194,
                            33.98442141513454
                        ],
                        [
                            -118.42705390779732,
                            33.98477471157055
                        ],
                        [
                            -118.42968981165868,
                            33.98312668318149
                        ],
                        [
                            -118.4284710878315,
                            33.98219388664912
                        ]
                    ]
                ]
            }
        },
        {
            "type": "Feature",
            "properties": {
                "type": "site_summary",
                "status": "positive_pending",
                "version": "2.0.0",
                "site_id": "US_C015_0007",
                "mgrs": "11SLT",
                "start_date": "2018-04-24",
                "end_date": "2020-11-14",
                "score": 1.0,
                "originator": "iMERIT",
                "model_content": "annotation",
                "validated": "True"
            },
            "geometry": {
                "type": "Polygon",
                "coordinates": [
                    [
                        [
                            -118.42905836232401,
                            33.97427619810097
                        ],
                        [
                            -118.42827005740125,
                            33.973151770739356
                        ],
                        [
                            -118.42876363997097,
                            33.9729006613497
                        ],
                        [
                            -118.42955626949541,
                            33.974035403513845
                        ],
                        [
                            -118.42905836232401,
                            33.97427619810097
                        ]
                    ]
                ]
            }
        },
        {
            "type": "Feature",
            "properties": {
                "type": "site_summary",
                "status": "positive_pending",
                "version": "2.0.0",
                "site_id": "US_C015_0008",
                "mgrs": "11SLT",
                "start_date": "2017-08-17",
                "end_date": "2017-12-30",
                "score": 1.0,
                "originator": "iMERIT",
                "model_content": "annotation",
                "validated": "True"
            },
            "geometry": {
                "type": "Polygon",
                "coordinates": [
                    [
                        [
                            -118.43368411563743,
                            33.95156306048718
                        ],
                        [
                            -118.43367098711899,
                            33.95053309499205
                        ],
                        [
                            -118.43237428647458,
                            33.95076765154932
                        ],
                        [
                            -118.4323862954058,
                            33.951577091292485
                        ],
                        [
                            -118.43368411563743,
                            33.95156306048718
                        ]
                    ]
                ]
            }
        },
        {
            "type": "Feature",
            "properties": {
                "type": "site_summary",
                "status": "positive_pending",
                "version": "2.0.0",
                "site_id": "US_C015_0009",
                "mgrs": "11SLT",
                "start_date": "2018-08-02",
                "end_date": "2020-01-24",
                "score": 1.0,
                "originator": "iMERIT",
                "model_content": "annotation",
                "validated": "True"
            },
            "geometry": {
                "type": "Polygon",
                "coordinates": [
                    [
                        [
                            -118.42996141212505,
                            33.94083255452915
                        ],
                        [
                            -118.42978161353132,
                            33.939255225296215
                        ],
                        [
                            -118.42751712158298,
                            33.93947504527447
                        ],
                        [
                            -118.42766728022579,
                            33.941018161724614
                        ],
                        [
                            -118.42996141212505,
                            33.94083255452915
                        ]
                    ]
                ]
            }
        },
        {
            "type": "Feature",
            "properties": {
                "type": "site_summary",
                "status": "positive_pending",
                "version": "2.0.0",
                "site_id": "US_C015_0010",
                "mgrs": "11SLT",
                "start_date": "2017-02-23",
                "end_date": "2018-11-15",
                "score": 1.0,
                "originator": "iMERIT",
                "model_content": "annotation",
                "validated": "True"
            },
            "geometry": {
                "type": "Polygon",
                "coordinates": [
                    [
                        [
                            -118.42205868200199,
                            33.97244059225301
                        ],
                        [
                            -118.42107145115769,
                            33.97291819065556
                        ],
                        [
                            -118.42143720560713,
                            33.97351200526868
                        ],
                        [
                            -118.4224452660215,
                            33.97301650940557
                        ],
                        [
                            -118.42205868200199,
                            33.97244059225301
                        ]
                    ]
                ]
            }
        },
        {
            "type": "Feature",
            "properties": {
                "type": "site_summary",
                "status": "positive_pending",
                "version": "2.0.1",
                "site_id": "US_C015_0011",
                "mgrs": "11SLT",
                "start_date": "2015-03-24",
                "end_date": "2017-08-17",
                "score": 1.0,
                "originator": "iMERIT",
                "model_content": "annotation",
                "validated": "True"
            },
            "geometry": {
                "type": "Polygon",
                "coordinates": [
                    [
                        [
                            -118.41734686438116,
                            33.9747497987242
                        ],
                        [
                            -118.41628523636341,
                            33.97527006223873
                        ],
                        [
                            -118.41581432191852,
                            33.97463956953794
                        ],
                        [
                            -118.4169133296881,
                            33.974122335700784
                        ],
                        [
                            -118.41734686438116,
                            33.9747497987242
                        ]
                    ]
                ]
            }
        },
        {
            "type": "Feature",
            "properties": {
                "type": "site_summary",
                "status": "positive_pending",
                "version": "2.0.0",
                "site_id": "US_C015_0012",
                "mgrs": "11SLT",
                "start_date": "2019-03-30",
                "end_date": "2021-06-12",
                "score": 1.0,
                "originator": "iMERIT",
                "model_content": "annotation",
                "validated": "True"
            },
            "geometry": {
                "type": "Polygon",
                "coordinates": [
                    [
                        [
                            -118.42199875738783,
                            33.97235839907155
                        ],
                        [
                            -118.42096801377937,
                            33.972838387139966
                        ],
                        [
                            -118.42066483479928,
                            33.97232569380616
                        ],
                        [
                            -118.42157817649381,
                            33.971763346433065
                        ],
                        [
                            -118.42163237941196,
                            33.9717800004052
                        ],
                        [
                            -118.42199875738783,
                            33.97235839907155
                        ]
                    ]
                ]
            }
        },
        {
            "type": "Feature",
            "properties": {
                "type": "site_summary",
                "status": "positive_pending",
                "version": "2.0.0",
                "site_id": "US_C015_0013",
                "mgrs": "11SLT",
                "start_date": "2019-08-02",
                "end_date": "2021-08-26",
                "score": 1.0,
                "originator": "iMERIT",
                "model_content": "annotation",
                "validated": "True"
            },
            "geometry": {
                "type": "Polygon",
                "coordinates": [
                    [
                        [
                            -118.41723291162704,
                            33.95512938489523
                        ],
                        [
                            -118.41611887564491,
                            33.95572628250973
                        ],
                        [
                            -118.41423845983931,
                            33.95387126489615
                        ],
                        [
                            -118.41705888620659,
                            33.95363837255677
                        ],
                        [
                            -118.41723291162704,
                            33.95512938489523
                        ]
                    ]
                ]
            }
        },
        {
            "type": "Feature",
            "properties": {
                "type": "site_summary",
                "status": "positive_pending",
                "version": "2.0.1",
                "site_id": "US_C015_0014",
                "mgrs": "11SLT",
                "start_date": "2016-07-09",
                "end_date": "2021-02-02",
                "score": 1.0,
                "originator": "iMERIT",
                "model_content": "annotation",
                "validated": "True"
            },
            "geometry": {
                "type": "Polygon",
                "coordinates": [
                    [
                        [
                            -118.41733210142093,
                            33.9461044751788
                        ],
                        [
                            -118.41435125433155,
                            33.946401423586536
                        ],
                        [
                            -118.41365153979817,
                            33.940700044354244
                        ],
                        [
                            -118.41521420705774,
                            33.94141477434788
                        ],
                        [
                            -118.41549870281668,
                            33.94206815549695
                        ],
                        [
                            -118.41675007824105,
                            33.9420122866245
                        ],
                        [
                            -118.41733210142093,
                            33.9461044751788
                        ]
                    ]
                ]
            }
        },
        {
            "type": "Feature",
            "properties": {
                "type": "site_summary",
                "status": "positive_pending",
                "version": "2.0.1",
                "site_id": "US_C015_0015",
                "mgrs": "11SLT",
                "start_date": "2015-03-24",
                "end_date": "2020-01-29",
                "score": 1.0,
                "originator": "iMERIT",
                "model_content": "annotation",
                "validated": "True"
            },
            "geometry": {
                "type": "Polygon",
                "coordinates": [
                    [
                        [
                            -118.4127765977537,
                            33.97742702833401
                        ],
                        [
                            -118.41180338230562,
                            33.97595334844428
                        ],
                        [
                            -118.41286222060714,
                            33.975645943776094
                        ],
                        [
                            -118.41442550440539,
                            33.97521439881138
                        ],
                        [
                            -118.41515007568623,
                            33.97643215524356
                        ],
                        [
                            -118.4127765977537,
                            33.97742702833401
                        ]
                    ]
                ]
            }
        },
        {
            "type": "Feature",
            "properties": {
                "type": "site_summary",
                "status": "positive_pending",
                "version": "2.0.0",
                "site_id": "US_C015_0016",
                "mgrs": "11SLT",
                "start_date": "2019-08-17",
                "end_date": null,
                "score": 1.0,
                "originator": "iMERIT",
                "model_content": "annotation",
                "validated": "True"
            },
            "geometry": {
                "type": "Polygon",
                "coordinates": [
                    [
                        [
                            -118.40497860285188,
                            33.94567372079565
                        ],
                        [
                            -118.40496089573702,
                            33.94504253605021
                        ],
                        [
                            -118.40848412068782,
                            33.94500358149807
                        ],
                        [
                            -118.40870925566048,
                            33.94715671378363
                        ],
                        [
                            -118.40865581305872,
                            33.94722020205569
                        ],
                        [
                            -118.40630382464443,
                            33.94743921975356
                        ],
                        [
                            -118.40598956640962,
                            33.945661303980955
                        ],
                        [
                            -118.40497860285188,
                            33.94567372079565
                        ]
                    ]
                ]
            }
        },
        {
            "type": "Feature",
            "properties": {
                "type": "site_summary",
                "status": "positive_pending",
                "version": "2.0.0",
                "site_id": "US_C015_0017",
                "mgrs": "11SLT",
                "start_date": "2017-10-16",
                "end_date": "2019-03-15",
                "score": 1.0,
                "originator": "iMERIT",
                "model_content": "annotation",
                "validated": "True"
            },
            "geometry": {
                "type": "Polygon",
                "coordinates": [
                    [
                        [
                            -118.40923020085012,
                            33.93092113471013
                        ],
                        [
                            -118.40919444106656,
                            33.92903654987049
                        ],
                        [
                            -118.40984327976851,
                            33.92902606516055
                        ],
                        [
                            -118.40984039112328,
                            33.929391133022044
                        ],
                        [
                            -118.41071237381861,
                            33.92938027146445
                        ],
                        [
                            -118.41074064075467,
                            33.93090383641471
                        ],
                        [
                            -118.40923020085012,
                            33.93092113471013
                        ]
                    ]
                ]
            }
        },
        {
            "type": "Feature",
            "properties": {
                "type": "site_summary",
                "status": "positive_pending",
                "version": "2.0.0",
                "site_id": "US_C015_0018",
                "mgrs": "11SLT",
                "start_date": "2019-07-28",
                "end_date": "2020-11-14",
                "score": 1.0,
                "originator": "iMERIT",
                "model_content": "annotation",
                "validated": "True"
            },
            "geometry": {
                "type": "Polygon",
                "coordinates": [
                    [
                        [
                            -118.39797396735669,
                            33.98340316774853
                        ],
                        [
                            -118.39642935377705,
                            33.983775089445835
                        ],
                        [
                            -118.39597773457318,
                            33.98315268987075
                        ],
                        [
                            -118.39749957743666,
                            33.982765587696
                        ],
                        [
                            -118.39797396735669,
                            33.98340316774853
                        ]
                    ]
                ]
            }
        },
        {
            "type": "Feature",
            "properties": {
                "type": "site_summary",
                "status": "positive_pending",
                "version": "2.0.1",
                "site_id": "US_C015_0019",
                "mgrs": "11SLT",
                "start_date": "2020-04-23",
                "end_date": "2022-04-23",
                "score": 1.0,
                "originator": "iMERIT",
                "model_content": "annotation",
                "validated": "True"
            },
            "geometry": {
                "type": "Polygon",
                "coordinates": [
                    [
                        [
                            -118.39585249563429,
                            33.97923612669092
                        ],
                        [
                            -118.39433334457757,
                            33.97924863473553
                        ],
                        [
                            -118.3943165174045,
                            33.97825022457627
                        ],
                        [
                            -118.395860085873,
                            33.97822662494108
                        ],
                        [
                            -118.39585249563429,
                            33.97923612669092
                        ]
                    ]
                ]
            }
        },
        {
            "type": "Feature",
            "properties": {
                "type": "site_summary",
                "status": "positive_pending",
                "version": "2.0.1",
                "site_id": "US_C015_0020",
                "mgrs": "11SLT",
                "start_date": "2016-07-09",
                "end_date": "2018-04-09",
                "score": 1.0,
                "originator": "iMERIT",
                "model_content": "annotation",
                "validated": "True"
            },
            "geometry": {
                "type": "Polygon",
                "coordinates": [
                    [
                        [
                            -118.3939184487524,
                            33.95719806163848
                        ],
                        [
                            -118.3941499795092,
                            33.95687232270194
                        ],
                        [
                            -118.3944923662564,
                            33.95589036166719
                        ],
                        [
                            -118.39465581213504,
                            33.955888072968996
                        ],
                        [
                            -118.3946512831656,
                            33.95715177124132
                        ],
                        [
                            -118.39398660212109,
                            33.957392906090384
                        ],
                        [
                            -118.3939184487524,
                            33.95719806163848
                        ]
                    ]
                ]
            }
        },
        {
            "type": "Feature",
            "properties": {
                "type": "site_summary",
                "status": "positive_pending",
                "version": "2.0.0",
                "site_id": "US_C015_0021",
                "mgrs": "11SLT",
                "start_date": "2017-09-26",
                "end_date": "2018-12-15",
                "score": 1.0,
                "originator": "iMERIT",
                "model_content": "annotation",
                "validated": "True"
            },
            "geometry": {
                "type": "Polygon",
                "coordinates": [
                    [
                        [
                            -118.3987372912251,
                            33.93088578463884
                        ],
                        [
                            -118.3987154634005,
                            33.93006339312237
                        ],
                        [
                            -118.39963345206027,
                            33.93004641087706
                        ],
                        [
                            -118.39965698106649,
                            33.93087620578282
                        ],
                        [
                            -118.3987372912251,
                            33.93088578463884
                        ]
                    ]
                ]
            }
        },
        {
            "type": "Feature",
            "properties": {
                "type": "site_summary",
                "status": "positive_pending",
                "version": "2.0.0",
                "site_id": "US_C015_0022",
                "mgrs": "11SLT",
                "start_date": "2019-01-24",
                "end_date": "2021-03-04",
                "score": 1.0,
                "originator": "iMERIT",
                "model_content": "annotation",
                "validated": "True"
            },
            "geometry": {
                "type": "Polygon",
                "coordinates": [
                    [
                        [
                            -118.38577372433504,
                            34.007040229179445
                        ],
                        [
                            -118.38657511890916,
                            34.00557281584992
                        ],
                        [
                            -118.38604332571242,
                            34.00536922238592
                        ],
                        [
                            -118.38534143634836,
                            34.00676564912837
                        ],
                        [
                            -118.38577372433504,
                            34.007040229179445
                        ]
                    ]
                ]
            }
        },
        {
            "type": "Feature",
            "properties": {
                "type": "site_summary",
                "status": "positive_pending",
                "version": "2.0.0",
                "site_id": "US_C015_0023",
                "mgrs": "11SLT",
                "start_date": "2018-11-05",
                "end_date": "2021-04-18",
                "score": 1.0,
                "originator": "iMERIT",
                "model_content": "annotation",
                "validated": "True"
            },
            "geometry": {
                "type": "Polygon",
                "coordinates": [
                    [
                        [
                            -118.38901700243824,
                            34.00510600069337
                        ],
                        [
                            -118.38719502759683,
                            34.004746686750174
                        ],
                        [
                            -118.38736767090425,
                            34.00401467557086
                        ],
                        [
                            -118.38923789868723,
                            34.004376062000595
                        ],
                        [
                            -118.38901700243824,
                            34.00510600069337
                        ]
                    ]
                ]
            }
        },
        {
            "type": "Feature",
            "properties": {
                "type": "site_summary",
                "status": "positive_pending",
                "version": "2.0.1",
                "site_id": "US_C015_0024",
                "mgrs": "11SLT",
                "start_date": "2016-04-15",
                "end_date": "2017-07-23",
                "score": 1.0,
                "originator": "iMERIT",
                "model_content": "annotation",
                "validated": "True"
            },
            "geometry": {
                "type": "Polygon",
                "coordinates": [
                    [
                        [
                            -118.3866773312429,
                            33.98744121204584
                        ],
                        [
                            -118.3848530288712,
                            33.98746372713067
                        ],
                        [
                            -118.38438395716786,
                            33.98801742965639
                        ],
                        [
                            -118.38519587073063,
                            33.988692944728044
                        ],
                        [
                            -118.38578250623887,
                            33.988148394712944
                        ],
                        [
                            -118.38592409408338,
                            33.988087416310556
                        ],
                        [
                            -118.38669985651667,
                            33.98808566033789
                        ],
                        [
                            -118.3866773312429,
                            33.98744121204584
                        ]
                    ]
                ]
            }
        },
        {
            "type": "Feature",
            "properties": {
                "type": "site_summary",
                "status": "positive_pending",
                "version": "2.0.1",
                "site_id": "US_C015_0025",
                "mgrs": "11SLT",
                "start_date": "2016-02-03",
                "end_date": "2018-06-03",
                "score": 1.0,
                "originator": "iMERIT",
                "model_content": "annotation",
                "validated": "True"
            },
            "geometry": {
                "type": "Polygon",
                "coordinates": [
                    [
                        [
                            -118.38538450269186,
                            33.97533130160587
                        ],
                        [
                            -118.38548545181604,
                            33.97515725423522
                        ],
                        [
                            -118.38713059652193,
                            33.975188495434345
                        ],
                        [
                            -118.38713475181079,
                            33.975444321384956
                        ],
                        [
                            -118.38768554218434,
                            33.97592540409759
                        ],
                        [
                            -118.38745532749273,
                            33.97633669812803
                        ],
                        [
                            -118.38538450269186,
                            33.97533130160587
                        ]
                    ]
                ]
            }
        },
        {
            "type": "Feature",
            "properties": {
                "type": "site_summary",
                "status": "positive_pending",
                "version": "2.0.1",
                "site_id": "US_C015_0026",
                "mgrs": "11SLT",
                "start_date": "2019-10-06",
                "end_date": "2022-10-30",
                "score": 1.0,
                "originator": "iMERIT",
                "model_content": "annotation",
                "validated": "True"
            },
            "geometry": {
                "type": "Polygon",
                "coordinates": [
                    [
                        [
                            -118.38352506142576,
                            33.952489543775656
                        ],
                        [
                            -118.38345891495604,
                            33.94958419733087
                        ],
                        [
                            -118.3856069523426,
                            33.94955959812028
                        ],
                        [
                            -118.38565047859039,
                            33.95166242578612
                        ],
                        [
                            -118.38489846320621,
                            33.95167045317028
                        ],
                        [
                            -118.38491367943857,
                            33.95248025790071
                        ],
                        [
                            -118.38352506142576,
                            33.952489543775656
                        ]
                    ]
                ]
            }
        },
        {
            "type": "Feature",
            "properties": {
                "type": "site_summary",
                "status": "positive_pending",
                "version": "2.0.0",
                "site_id": "US_C015_0027",
                "mgrs": "11SLT",
                "start_date": "2019-09-21",
                "end_date": "2021-06-27",
                "score": 1.0,
                "originator": "iMERIT",
                "model_content": "annotation",
                "validated": "True"
            },
            "geometry": {
                "type": "Polygon",
                "coordinates": [
                    [
                        [
                            -118.391706384532,
                            33.951329413872436
                        ],
                        [
                            -118.38835486454246,
                            33.95136819293828
                        ],
                        [
                            -118.3883360934595,
                            33.949738761664875
                        ],
                        [
                            -118.39168900737161,
                            33.949701223878
                        ],
                        [
                            -118.391706384532,
                            33.951329413872436
                        ]
                    ]
                ]
            }
        },
        {
            "type": "Feature",
            "properties": {
                "type": "site_summary",
                "status": "positive_pending",
                "version": "2.0.0",
                "site_id": "US_C015_0028",
                "mgrs": "11SLT",
                "start_date": "2019-08-02",
                "end_date": "2021-08-01",
                "score": 1.0,
                "originator": "iMERIT",
                "model_content": "annotation",
                "validated": "True"
            },
            "geometry": {
                "type": "Polygon",
                "coordinates": [
                    [
                        [
                            -118.39093612320751,
                            33.94295005078208
                        ],
                        [
                            -118.39006253334259,
                            33.94244905367109
                        ],
                        [
                            -118.38993318151418,
                            33.94151965241041
                        ],
                        [
                            -118.38701554519632,
                            33.94155169216018
                        ],
                        [
                            -118.38704361798625,
                            33.94344310012098
                        ],
                        [
                            -118.38844773896682,
                            33.94342987898659
                        ],
                        [
                            -118.38846786035481,
                            33.944508338717974
                        ],
                        [
                            -118.3898750992389,
                            33.94449332677188
                        ],
                        [
                            -118.3898594007169,
                            33.943591772598396
                        ],
                        [
                            -118.39093612320751,
                            33.94295005078208
                        ]
                    ]
                ]
            }
        },
        {
            "type": "Feature",
            "properties": {
                "type": "site_summary",
                "status": "positive_pending",
                "version": "2.0.1",
                "site_id": "US_C015_0029",
                "mgrs": "11SLT",
                "start_date": "2018-11-10",
                "end_date": "2022-02-02",
                "score": 1.0,
                "originator": "iMERIT",
                "model_content": "annotation",
                "validated": "True"
            },
            "geometry": {
                "type": "Polygon",
                "coordinates": [
                    [
                        [
                            -118.38287305082653,
                            33.93029228128622
                        ],
                        [
                            -118.3812687896622,
                            33.930301594512855
                        ],
                        [
                            -118.38125446433797,
                            33.92973741023263
                        ],
                        [
                            -118.38287311995441,
                            33.929715761808865
                        ],
                        [
                            -118.38287305082653,
                            33.93029228128622
                        ]
                    ]
                ]
            }
        },
        {
            "type": "Feature",
            "properties": {
                "type": "site_summary",
                "status": "positive_pending",
                "version": "2.0.0",
                "site_id": "US_C015_0030",
                "mgrs": "11SLT",
                "start_date": "2019-10-11",
                "end_date": null,
                "score": 1.0,
                "originator": "iMERIT",
                "model_content": "annotation",
                "validated": "True"
            },
            "geometry": {
                "type": "Polygon",
                "coordinates": [
                    [
                        [
                            -118.38224490878537,
                            33.95252007790458
                        ],
                        [
                            -118.37021373523518,
                            33.95246772415924
                        ],
                        [
                            -118.37022518957153,
                            33.946607633275875
                        ],
                        [
                            -118.37206276349022,
                            33.94658629425451
                        ],
                        [
                            -118.37277324923996,
                            33.94599794130941
                        ],
                        [
                            -118.37384954099817,
                            33.94561158772825
                        ],
                        [
                            -118.37411534988946,
                            33.94560408160748
                        ],
                        [
                            -118.378307465478,
                            33.945652185229186
                        ],
                        [
                            -118.37831283009031,
                            33.94567610067791
                        ],
                        [
                            -118.37834390175591,
                            33.94614700032679
                        ],
                        [
                            -118.3785249599027,
                            33.94839929511432
                        ],
                        [
                            -118.37874829552956,
                            33.94930809281681
                        ],
                        [
                            -118.38044428149193,
                            33.95082124249213
                        ],
                        [
                            -118.38117386108513,
                            33.9510287089143
                        ],
                        [
                            -118.38230157617238,
                            33.95107865715181
                        ],
                        [
                            -118.38224490878537,
                            33.95252007790458
                        ]
                    ]
                ]
            }
        },
        {
            "type": "Feature",
            "properties": {
                "type": "site_summary",
                "status": "positive_pending",
                "version": "2.0.1",
                "site_id": "US_C015_0031",
                "mgrs": "11SLT",
                "start_date": "2019-05-29",
                "end_date": "2022-04-23",
                "score": 1.0,
                "originator": "iMERIT",
                "model_content": "annotation",
                "validated": "True"
            },
            "geometry": {
                "type": "Polygon",
                "coordinates": [
                    [
                        [
                            -118.37104138156431,
                            33.97715872668585
                        ],
                        [
                            -118.37103209195709,
                            33.9767101392994
                        ],
                        [
                            -118.37135448297114,
                            33.97670219862982
                        ],
                        [
                            -118.37213630307372,
                            33.975990880919454
                        ],
                        [
                            -118.37201332333693,
                            33.97587225360607
                        ],
                        [
                            -118.37148296101279,
                            33.975603386826045
                        ],
                        [
                            -118.37095444458186,
                            33.97544927857948
                        ],
                        [
                            -118.37034490065219,
                            33.975449112347626
                        ],
                        [
                            -118.37036417563937,
                            33.97717061892892
                        ],
                        [
                            -118.37104138156431,
                            33.97715872668585
                        ]
                    ]
                ]
            }
        },
        {
            "type": "Feature",
            "properties": {
                "type": "site_summary",
                "status": "positive_pending",
                "version": "2.0.0",
                "site_id": "US_C015_0032",
                "mgrs": "11SLT",
                "start_date": "2017-02-23",
                "end_date": "2017-11-30",
                "score": 1.0,
                "originator": "iMERIT",
                "model_content": "annotation",
                "validated": "True"
            },
            "geometry": {
                "type": "Polygon",
                "coordinates": [
                    [
                        [
                            -118.36098857205756,
                            33.971140825241
                        ],
                        [
                            -118.36097236903149,
                            33.97005840445037
                        ],
                        [
                            -118.35901849824641,
                            33.96916522379261
                        ],
                        [
                            -118.35887313082775,
                            33.9692120462485
                        ],
                        [
                            -118.3588595139913,
                            33.970193058869434
                        ],
                        [
                            -118.35925792129807,
                            33.971159520452005
                        ],
                        [
                            -118.36098857205756,
                            33.971140825241
                        ]
                    ]
                ]
            }
        },
        {
            "type": "Feature",
            "properties": {
                "type": "site_summary",
                "status": "positive_pending",
                "version": "2.0.1",
                "site_id": "US_C015_0033",
                "mgrs": "11SLT",
                "start_date": "2019-10-31",
                "end_date": "2022-02-02",
                "score": 1.0,
                "originator": "iMERIT",
                "model_content": "annotation",
                "validated": "True"
            },
            "geometry": {
                "type": "Polygon",
                "coordinates": [
                    [
                        [
                            -118.3532178606344,
                            33.96545611562623
                        ],
                        [
                            -118.35320371519263,
                            33.964554809150826
                        ],
                        [
                            -118.35212211068827,
                            33.964566725289224
                        ],
                        [
                            -118.3521419530144,
                            33.96582870101597
                        ],
                        [
                            -118.35246656171883,
                            33.96582524250477
                        ],
                        [
                            -118.3532178606344,
                            33.96545611562623
                        ]
                    ]
                ]
            }
        },
        {
            "type": "Feature",
            "properties": {
                "type": "site_summary",
                "status": "positive_pending",
                "version": "2.0.1",
                "site_id": "US_C015_0034",
                "mgrs": "11SLT",
                "start_date": "2018-09-11",
                "end_date": "2023-07-27",
                "score": 1.0,
                "originator": "iMERIT",
                "model_content": "annotation",
                "validated": "True"
            },
            "geometry": {
                "type": "Polygon",
                "coordinates": [
                    [
                        [
                            -118.34489542128274,
                            33.96590784026819
                        ],
                        [
                            -118.34716705918349,
                            33.965883046837966
                        ],
                        [
                            -118.34720498333643,
                            33.96831685779259
                        ],
                        [
                            -118.34417650361439,
                            33.96834997685776
                        ],
                        [
                            -118.344150914244,
                            33.966727818732096
                        ],
                        [
                            -118.34447529403691,
                            33.966724057679016
                        ],
                        [
                            -118.34447324090468,
                            33.966543863592484
                        ],
                        [
                            -118.34490555948544,
                            33.966539411187966
                        ],
                        [
                            -118.34489542128274,
                            33.96590784026819
                        ]
                    ]
                ]
            }
        },
        {
            "type": "Feature",
            "properties": {
                "type": "site_summary",
                "status": "positive_pending",
                "version": "2.0.1",
                "site_id": "US_C015_0035",
                "mgrs": "11SLT",
                "start_date": "2016-10-19",
                "end_date": null,
                "score": 1.0,
                "originator": "iMERIT",
                "model_content": "annotation",
                "validated": "True"
            },
            "geometry": {
                "type": "Polygon",
                "coordinates": [
                    [
                        [
                            -118.34377593310327,
                            33.956633856415564
                        ],
                        [
                            -118.33543924065394,
                            33.95609329511177
                        ],
                        [
                            -118.3353808752378,
                            33.95249132524623
                        ],
                        [
                            -118.33105849761014,
                            33.95253466732535
                        ],
                        [
                            -118.32953528230144,
                            33.95228156561298
                        ],
                        [
                            -118.32948479034276,
                            33.94903515473073
                        ],
                        [
                            -118.33478630473606,
                            33.94897929958956
                        ],
                        [
                            -118.33408728768028,
                            33.945741009254164
                        ],
                        [
                            -118.33646605761935,
                            33.94571607448788
                        ],
                        [
                            -118.3364855137391,
                            33.94697738436955
                        ],
                        [
                            -118.33962139354068,
                            33.94694199138628
                        ],
                        [
                            -118.33961109079627,
                            33.94575166975513
                        ],
                        [
                            -118.34372075557584,
                            33.945706441268804
                        ],
                        [
                            -118.34377593310327,
                            33.956633856415564
                        ]
                    ]
                ]
            }
        },
        {
            "type": "Feature",
            "properties": {
                "type": "site_summary",
                "status": "positive_pending",
                "version": "2.0.0",
                "site_id": "US_C015_0037",
                "mgrs": "11SLT",
                "start_date": "2019-04-24",
                "end_date": "2020-05-03",
                "score": 1.0,
                "originator": "iMERIT",
                "model_content": "annotation",
                "validated": "True"
            },
            "geometry": {
                "type": "Polygon",
                "coordinates": [
                    [
                        [
                            -118.32744470719706,
                            33.93976999707771
                        ],
                        [
                            -118.32966817877967,
                            33.939748609544
                        ],
                        [
                            -118.32967796177184,
                            33.940511983296346
                        ],
                        [
                            -118.32816910175536,
                            33.940530880652574
                        ],
                        [
                            -118.32805661165062,
                            33.940408615807726
                        ],
                        [
                            -118.32745712619402,
                            33.940402038261055
                        ],
                        [
                            -118.32744470719706,
                            33.93976999707771
                        ]
                    ]
                ]
            }
        },
        {
            "type": "Feature",
            "properties": {
                "type": "site_summary",
                "status": "positive_pending",
                "version": "2.0.1",
                "site_id": "US_C015_0038",
                "mgrs": "11SLT",
                "start_date": "2014-04-24",
                "end_date": "2019-12-15",
                "score": 1.0,
                "originator": "iMERIT",
                "model_content": "annotation",
                "validated": "True"
            },
            "geometry": {
                "type": "Polygon",
                "coordinates": [
                    [
                        [
                            -118.33731465291213,
                            33.93083077070559
                        ],
                        [
                            -118.33729312440607,
                            33.92947861069956
                        ],
                        [
                            -118.336321064393,
                            33.92949025200985
                        ],
                        [
                            -118.33632600644766,
                            33.929940199313926
                        ],
                        [
                            -118.33686824294044,
                            33.92993453014333
                        ],
                        [
                            -118.3368824525837,
                            33.930835464526744
                        ],
                        [
                            -118.33731465291213,
                            33.93083077070559
                        ]
                    ]
                ]
            }
        },
        {
            "type": "Feature",
            "properties": {
                "type": "site_summary",
                "status": "positive_pending",
                "version": "2.0.0",
                "site_id": "US_C015_0039",
                "mgrs": "11SLT",
                "start_date": "2021-09-05",
                "end_date": null,
                "score": 1.0,
                "originator": "iMERIT",
                "model_content": "annotation",
                "validated": "True"
            },
            "geometry": {
                "type": "Polygon",
                "coordinates": [
                    [
                        [
                            -118.29138771353188,
                            33.962380824199975
                        ],
                        [
                            -118.29068756506518,
                            33.96238729967606
                        ],
                        [
                            -118.2906758464292,
                            33.96133524441142
                        ],
                        [
                            -118.2913769654765,
                            33.961324411052715
                        ],
                        [
                            -118.29138771353188,
                            33.962380824199975
                        ]
                    ]
                ]
            }
        },
        {
            "type": "Feature",
            "properties": {
                "type": "site_summary",
                "status": "positive_pending",
                "version": "2.0.0",
                "site_id": "US_C015_0040",
                "mgrs": "11SLT",
                "start_date": "2018-04-09",
                "end_date": "2019-10-21",
                "score": 1.0,
                "originator": "iMERIT",
                "model_content": "annotation",
                "validated": "True"
            },
            "geometry": {
                "type": "Polygon",
                "coordinates": [
                    [
                        [
                            -118.2909122770437,
                            33.958642997494835
                        ],
                        [
                            -118.2903713517319,
                            33.95864867013989
                        ],
                        [
                            -118.2903607213199,
                            33.95792736518347
                        ],
                        [
                            -118.29144223620419,
                            33.957915994072984
                        ],
                        [
                            -118.29145038981117,
                            33.95845661748219
                        ],
                        [
                            -118.29090968121767,
                            33.958462521184444
                        ],
                        [
                            -118.2909122770437,
                            33.958642997494835
                        ]
                    ]
                ]
            }
        },
        {
            "type": "Feature",
            "properties": {
                "type": "site_summary",
                "status": "positive_pending",
                "version": "2.0.1",
                "site_id": "US_C015_0041",
                "mgrs": "11SLT",
                "start_date": "2021-03-19",
                "end_date": "2023-08-16",
                "score": 1.0,
                "originator": "iMERIT",
                "model_content": "annotation",
                "validated": "True"
            },
            "geometry": {
                "type": "Polygon",
                "coordinates": [
                    [
                        [
                            -118.27379671311768,
                            33.97874494948325
                        ],
                        [
                            -118.27378461335707,
                            33.97793379431414
                        ],
                        [
                            -118.27281098280362,
                            33.97794391094187
                        ],
                        [
                            -118.27282313956103,
                            33.97875513366678
                        ],
                        [
                            -118.27379671311768,
                            33.97874494948325
                        ]
                    ]
                ]
            }
        },
        {
            "type": "Feature",
            "properties": {
                "type": "site_summary",
                "status": "positive_pending",
                "version": "2.0.0",
                "site_id": "US_C015_0042",
                "mgrs": "11SLT",
                "start_date": "2020-06-22",
                "end_date": "2021-06-22",
                "score": 1.0,
                "originator": "iMERIT",
                "model_content": "annotation",
                "validated": "True"
            },
            "geometry": {
                "type": "Polygon",
                "coordinates": [
                    [
                        [
                            -118.2596535541626,
                            33.980846304789935
                        ],
                        [
                            -118.25961417460483,
                            33.97807940895737
                        ],
                        [
                            -118.25788241159867,
                            33.97809745182885
                        ],
                        [
                            -118.25792303611755,
                            33.9808640100571
                        ],
                        [
                            -118.2596535541626,
                            33.980846304789935
                        ]
                    ]
                ]
            }
        },
        {
            "type": "Feature",
            "properties": {
                "type": "site_summary",
                "status": "positive_pending",
                "version": "2.0.1",
                "site_id": "US_C015_0043",
                "mgrs": "11SLT",
                "start_date": "2018-09-11",
                "end_date": "2023-07-17",
                "score": 1.0,
                "originator": "iMERIT",
                "model_content": "annotation",
                "validated": "True"
            },
            "geometry": {
                "type": "Polygon",
                "coordinates": [
                    [
                        [
                            -118.24298025842666,
                            34.00980276021329
                        ],
                        [
                            -118.23962542331282,
                            34.00983645798835
                        ],
                        [
                            -118.23960190868169,
                            34.008213970779614
                        ],
                        [
                            -118.24295662890526,
                            34.00818012611835
                        ],
                        [
                            -118.24298025842666,
                            34.00980276021329
                        ]
                    ]
                ]
            }
        },
        {
            "type": "Feature",
            "properties": {
                "type": "site_summary",
                "status": "positive_pending",
                "version": "2.0.1",
                "site_id": "US_C015_0044",
                "mgrs": "11SLT",
                "start_date": "2017-10-06",
                "end_date": "2019-02-23",
                "score": 1.0,
                "originator": "iMERIT",
                "model_content": "annotation",
                "validated": "True"
            },
            "geometry": {
                "type": "Polygon",
                "coordinates": [
                    [
                        [
                            -118.2367806330966,
                            33.977860314960424
                        ],
                        [
                            -118.2367624894816,
                            33.97659861957264
                        ],
                        [
                            -118.23524671340448,
                            33.97652375028167
                        ],
                        [
                            -118.2354830462689,
                            33.977873673238165
                        ],
                        [
                            -118.2367806330966,
                            33.977860314960424
                        ]
                    ]
                ]
            }
        },
        {
            "type": "Feature",
            "properties": {
                "type": "site_summary",
                "status": "positive_pending",
                "version": "2.0.1",
                "site_id": "US_C015_0045",
                "mgrs": "11SLT",
                "start_date": "2017-07-13",
                "end_date": "2023-02-07",
                "score": 1.0,
                "originator": "iMERIT",
                "model_content": "annotation",
                "validated": "True"
            },
            "geometry": {
                "type": "Polygon",
                "coordinates": [
                    [
                        [
                            -118.23450668057625,
                            33.9458742121057
                        ],
                        [
                            -118.23446589429422,
                            33.94488662080613
                        ],
                        [
                            -118.23652029749881,
                            33.944867289154885
                        ],
                        [
                            -118.23653488554864,
                            33.94594722434197
                        ],
                        [
                            -118.23598600669273,
                            33.945961751773645
                        ],
                        [
                            -118.2360006183948,
                            33.94704383313734
                        ],
                        [
                            -118.23103565058744,
                            33.94708543063767
                        ],
                        [
                            -118.23105121925002,
                            33.9481666449923
                        ],
                        [
                            -118.22910465993468,
                            33.948186741272465
                        ],
                        [
                            -118.22863684130384,
                            33.946029099948085
                        ],
                        [
                            -118.23450668057625,
                            33.9458742121057
                        ]
                    ]
                ]
            }
        },
        {
            "type": "Feature",
            "properties": {
                "type": "site_summary",
                "status": "positive_pending",
                "version": "2.0.0",
                "site_id": "US_C015_0046",
                "mgrs": "11SLT",
                "start_date": "2017-02-13",
                "end_date": "2019-01-09",
                "score": 1.0,
                "originator": "iMERIT",
                "model_content": "annotation",
                "validated": "True"
            },
            "geometry": {
                "type": "Polygon",
                "coordinates": [
                    [
                        [
                            -118.21281121437666,
                            33.996580898224984
                        ],
                        [
                            -118.21277753581907,
                            33.99423712843044
                        ],
                        [
                            -118.21039705603698,
                            33.99426061473609
                        ],
                        [
                            -118.2104162971612,
                            33.99561269540199
                        ],
                        [
                            -118.2097671182766,
                            33.995619054756716
                        ],
                        [
                            -118.20978119143756,
                            33.99661064173327
                        ],
                        [
                            -118.21281121437666,
                            33.996580898224984
                        ]
                    ]
                ]
            }
        },
        {
            "type": "Feature",
            "properties": {
                "type": "site_summary",
                "status": "positive_pending",
                "version": "2.0.0",
                "site_id": "US_C015_0047",
                "mgrs": "11SLT",
                "start_date": "2018-01-24",
                "end_date": "2019-12-15",
                "score": 1.0,
                "originator": "iMERIT",
                "model_content": "annotation",
                "validated": "True"
            },
            "geometry": {
                "type": "Polygon",
                "coordinates": [
                    [
                        [
                            -118.21167044400957,
                            33.99247925576767
                        ],
                        [
                            -118.21165459301389,
                            33.99136325422634
                        ],
                        [
                            -118.21093497829557,
                            33.99135660286005
                        ],
                        [
                            -118.21094303969107,
                            33.99189752832037
                        ],
                        [
                            -118.21129042870842,
                            33.99228931080316
                        ],
                        [
                            -118.21167044400957,
                            33.99247925576767
                        ]
                    ]
                ]
            }
        },
        {
            "type": "Feature",
            "properties": {
                "type": "site_summary",
                "status": "positive_pending",
                "version": "2.0.1",
                "site_id": "US_C015_0048",
                "mgrs": "11SLT",
                "start_date": "2021-05-18",
                "end_date": "2023-04-28",
                "score": 1.0,
                "originator": "iMERIT",
                "model_content": "annotation",
                "validated": "True"
            },
            "geometry": {
                "type": "Polygon",
                "coordinates": [
                    [
                        [
                            -118.21781417144196,
                            33.990761561337365
                        ],
                        [
                            -118.21608599546211,
                            33.9907777718127
                        ],
                        [
                            -118.21606689313458,
                            33.98942566387179
                        ],
                        [
                            -118.21779510726556,
                            33.98940953410274
                        ],
                        [
                            -118.21781417144196,
                            33.990761561337365
                        ]
                    ]
                ]
            }
        },
        {
            "type": "Feature",
            "properties": {
                "type": "site_summary",
                "status": "positive_pending",
                "version": "2.0.0",
                "site_id": "US_C015_0049",
                "mgrs": "11SLT",
                "start_date": "2017-12-30",
                "end_date": "2019-05-04",
                "score": 1.0,
                "originator": "iMERIT",
                "model_content": "annotation",
                "validated": "True"
            },
            "geometry": {
                "type": "Polygon",
                "coordinates": [
                    [
                        [
                            -118.2122680706162,
                            33.97359681472557
                        ],
                        [
                            -118.21129442597754,
                            33.97360642332684
                        ],
                        [
                            -118.21128292015811,
                            33.97279511426457
                        ],
                        [
                            -118.21225780333334,
                            33.97287569044572
                        ],
                        [
                            -118.2122680706162,
                            33.97359681472557
                        ]
                    ]
                ]
            }
        },
        {
            "type": "Feature",
            "properties": {
                "type": "site_summary",
                "status": "positive_pending",
                "version": "2.0.0",
                "site_id": "US_C015_0050",
                "mgrs": "11SLT",
                "start_date": "2019-05-04",
                "end_date": "2020-04-23",
                "score": 1.0,
                "originator": "iMERIT",
                "model_content": "annotation",
                "validated": "True"
            },
            "geometry": {
                "type": "Polygon",
                "coordinates": [
                    [
                        [
                            -118.20861038103989,
                            34.00563763560961
                        ],
                        [
                            -118.20752818615499,
                            34.00564821154773
                        ],
                        [
                            -118.20751799470601,
                            34.00492707587771
                        ],
                        [
                            -118.20860013919844,
                            34.00491643104091
                        ],
                        [
                            -118.20861038103989,
                            34.00563763560961
                        ]
                    ]
                ]
            }
        },
        {
            "type": "Feature",
            "properties": {
                "type": "site_summary",
                "status": "positive_pending",
                "version": "2.0.1",
                "site_id": "US_C015_0051",
                "mgrs": "11SLT",
                "start_date": "2019-06-23",
                "end_date": "2021-10-30",
                "score": 1.0,
                "originator": "iMERIT",
                "model_content": "annotation",
                "validated": "True"
            },
            "geometry": {
                "type": "Polygon",
                "coordinates": [
                    [
                        [
                            -118.19274967543059,
                            33.96385445684482
                        ],
                        [
                            -118.1929157163215,
                            33.96277439342544
                        ],
                        [
                            -118.19231453995823,
                            33.96271408763426
                        ],
                        [
                            -118.1921566788486,
                            33.96379746254441
                        ],
                        [
                            -118.19274967543059,
                            33.96385445684482
                        ]
                    ]
                ]
            }
        },
        {
            "type": "Feature",
            "properties": {
                "type": "site_summary",
                "status": "positive_pending",
                "version": "2.0.1",
                "site_id": "US_C015_0052",
                "mgrs": "11SLT",
                "start_date": "2015-03-24",
                "end_date": "2017-11-30",
                "score": 1.0,
                "originator": "iMERIT",
                "model_content": "annotation",
                "validated": "True"
            },
            "geometry": {
                "type": "Polygon",
                "coordinates": [
                    [
                        [
                            -118.18082877209567,
                            33.988619543425685
                        ],
                        [
                            -118.1811330744974,
                            33.98677850646349
                        ],
                        [
                            -118.18343401105601,
                            33.98712266098627
                        ],
                        [
                            -118.18310467483013,
                            33.988916464750545
                        ],
                        [
                            -118.18082877209567,
                            33.988619543425685
                        ]
                    ]
                ]
            }
        },
        {
            "type": "Feature",
            "properties": {
                "type": "site_summary",
                "status": "positive_pending",
                "version": "2.0.0",
                "site_id": "US_C015_0053",
                "mgrs": "11SLT",
                "start_date": "2018-09-11",
                "end_date": "2020-02-18",
                "score": 1.0,
                "originator": "iMERIT",
                "model_content": "annotation",
                "validated": "True"
            },
            "geometry": {
                "type": "Polygon",
                "coordinates": [
                    [
                        [
                            -118.21734388540902,
                            33.99572468630965
                        ],
                        [
                            -118.21301585477678,
                            33.99576729647834
                        ],
                        [
                            -118.21299634611846,
                            33.99441521372963
                        ],
                        [
                            -118.21602671738859,
                            33.99438510090855
                        ],
                        [
                            -118.21601847673561,
                            33.99384451696251
                        ],
                        [
                            -118.21731691412553,
                            33.993831807831064
                        ],
                        [
                            -118.21734388540902,
                            33.99572468630965
                        ]
                    ]
                ]
            }
        },
        {
            "type": "Feature",
            "properties": {
                "type": "site_summary",
                "status": "positive_pending",
                "version": "2.0.1",
                "site_id": "US_C015_0054",
                "mgrs": "11SLT",
                "start_date": "2019-10-26",
                "end_date": "2022-09-25",
                "score": 1.0,
                "originator": "iMERIT",
                "model_content": "annotation",
                "validated": "True"
            },
            "geometry": {
                "type": "Polygon",
                "coordinates": [
                    [
                        [
                            -118.3905092207679,
                            33.91531290552108
                        ],
                        [
                            -118.3906525362752,
                            33.9153748369429
                        ],
                        [
                            -118.3907218502896,
                            33.91549566836903
                        ],
                        [
                            -118.3907563825709,
                            33.91562874666064
                        ],
                        [
                            -118.3907566532672,
                            33.91583099575995
                        ],
                        [
                            -118.3907206671592,
                            33.91609274903882
                        ],
                        [
                            -118.3906847986669,
                            33.91617869941935
                        ],
                        [
                            -118.3906258443544,
                            33.91621665364844
                        ],
                        [
                            -118.3904899620589,
                            33.91620581685136
                        ],
                        [
                            -118.387864562099,
                            33.91619546539561
                        ],
                        [
                            -118.3876887581776,
                            33.91617926120888
                        ],
                        [
                            -118.3875752842583,
                            33.91612543508594
                        ],
                        [
                            -118.3875616902314,
                            33.9160613775519
                        ],
                        [
                            -118.3875161889921,
                            33.91549131660948
                        ],
                        [
                            -118.3875825692785,
                            33.91539931896395
                        ],
                        [
                            -118.3876703570801,
                            33.91532284698638
                        ],
                        [
                            -118.3878122803547,
                            33.91529911739642
                        ],
                        [
                            -118.3905092207679,
                            33.91531290552108
                        ]
                    ]
                ]
            }
        },
        {
            "type": "Feature",
            "properties": {
                "type": "site_summary",
                "status": "positive_pending",
                "version": "2.0.1",
                "site_id": "US_C015_0055",
                "mgrs": "11SLT",
                "start_date": "2016-02-03",
                "end_date": "2019-10-21",
                "score": 1.0,
                "originator": "iMERIT",
                "model_content": "annotation",
                "validated": "True"
            },
            "geometry": {
                "type": "Polygon",
                "coordinates": [
                    [
                        [
                            -118.3323454144997,
                            33.88611599582706
                        ],
                        [
                            -118.3323162604676,
                            33.88724500910903
                        ],
                        [
                            -118.3292269981945,
                            33.88723118122335
                        ],
                        [
                            -118.3292177256305,
                            33.88614133281257
                        ],
                        [
                            -118.3302069176281,
                            33.88613776897309
                        ],
                        [
                            -118.3323454144997,
                            33.88611599582706
                        ]
                    ]
                ]
            }
        },
        {
            "type": "Feature",
            "properties": {
                "type": "site_summary",
                "status": "positive_pending",
                "version": "2.0.0",
                "site_id": "US_C015_0056",
                "mgrs": "11SLT",
                "start_date": "2021-05-23",
                "end_date": null,
                "score": 1.0,
                "originator": "iMERIT",
                "model_content": "annotation",
                "validated": "True"
            },
            "geometry": {
                "type": "Polygon",
                "coordinates": [
                    [
                        [
                            -118.3868235708568,
                            33.91621290701532
                        ],
                        [
                            -118.3862479939243,
                            33.91572914078174
                        ],
                        [
                            -118.3858858784425,
                            33.91539836198197
                        ],
                        [
                            -118.3862072957052,
                            33.91514486886436
                        ],
                        [
                            -118.3865073289947,
                            33.91524125543655
                        ],
                        [
                            -118.3866698351665,
                            33.91528630741944
                        ],
                        [
                            -118.3867793946554,
                            33.91530920031332
                        ],
                        [
                            -118.3868912007952,
                            33.91532570230649
                        ],
                        [
                            -118.3869614660268,
                            33.91533400017008
                        ],
                        [
                            -118.3870531431571,
                            33.91533398831354
                        ],
                        [
                            -118.3871257398674,
                            33.91534231849779
                        ],
                        [
                            -118.3871770485918,
                            33.91535572382498
                        ],
                        [
                            -118.3872411095694,
                            33.91539304061377
                        ],
                        [
                            -118.3872660921315,
                            33.91617184448353
                        ],
                        [
                            -118.3868235708568,
                            33.91621290701532
                        ]
                    ]
                ]
            }
        },
        {
            "type": "Feature",
            "properties": {
                "type": "site_summary",
                "status": "positive_pending",
                "version": "2.0.0",
                "site_id": "US_C015_0057",
                "mgrs": "11SLT",
                "start_date": "2021-08-01",
                "end_date": null,
                "score": 1.0,
                "originator": "iMERIT",
                "model_content": "annotation",
                "validated": "True"
            },
            "geometry": {
                "type": "Polygon",
                "coordinates": [
                    [
                        [
                            -118.4116674747533,
                            33.89430200034266
                        ],
                        [
                            -118.4119118688948,
                            33.8953205945789
                        ],
                        [
                            -118.411861054387,
                            33.89589109555271
                        ],
                        [
                            -118.4115245485666,
                            33.89643803363424
                        ],
                        [
                            -118.4112870390826,
                            33.89596185530051
                        ],
                        [
                            -118.4104198516925,
                            33.89536567751441
                        ],
                        [
                            -118.4100693617958,
                            33.89500307963176
                        ],
                        [
                            -118.4098410930994,
                            33.89471404540572
                        ],
                        [
                            -118.4116674747533,
                            33.89430200034266
                        ]
                    ]
                ]
            }
        },
        {
            "type": "Feature",
            "properties": {
                "type": "site_summary",
                "status": "positive_pending",
                "version": "2.0.1",
                "site_id": "US_C015_0058",
                "mgrs": "11SLT",
                "start_date": "2021-02-27",
                "end_date": "2022-03-29",
                "score": 1.0,
                "originator": "iMERIT",
                "model_content": "annotation",
                "validated": "True"
            },
            "geometry": {
                "type": "Polygon",
                "coordinates": [
                    [
                        [
                            -118.3956880463707,
                            33.90963018687685
                        ],
                        [
                            -118.3957536026718,
                            33.91119741500469
                        ],
                        [
                            -118.3946249346504,
                            33.9111479587935
                        ],
                        [
                            -118.3926547724661,
                            33.9113319789094
                        ],
                        [
                            -118.3923186630547,
                            33.91075484082734
                        ],
                        [
                            -118.39449866923,
                            33.90985633963982
                        ],
                        [
                            -118.3945918698492,
                            33.90960719037358
                        ],
                        [
                            -118.3956880463707,
                            33.90963018687685
                        ]
                    ]
                ]
            }
        },
        {
            "type": "Feature",
            "properties": {
                "type": "site_summary",
                "status": "positive_pending",
                "version": "2.0.0",
                "site_id": "US_C015_0059",
                "mgrs": "11SLT",
                "start_date": "2017-10-16",
                "end_date": "2018-12-30",
                "score": 1.0,
                "originator": "iMERIT",
                "model_content": "annotation",
                "validated": "True"
            },
            "geometry": {
                "type": "Polygon",
                "coordinates": [
                    [
                        [
                            -118.39424049565736,
                            33.90077904132709
                        ],
                        [
                            -118.39308781071838,
                            33.90079473815013
                        ],
                        [
                            -118.392976350727,
                            33.90173488432193
                        ],
                        [
                            -118.3931682254524,
                            33.90172128722429
                        ],
                        [
                            -118.3942600579912,
                            33.90172467312602
                        ],
                        [
                            -118.39424049565736,
                            33.90077904132709
                        ]
                    ]
                ]
            }
        },
        {
            "type": "Feature",
            "properties": {
                "type": "site_summary",
                "status": "positive_pending",
                "version": "2.0.0",
                "site_id": "US_C015_0060",
                "mgrs": "11SLT",
                "start_date": "2018-12-15",
                "end_date": "2021-03-24",
                "score": 1.0,
                "originator": "iMERIT",
                "model_content": "annotation",
                "validated": "True"
            },
            "geometry": {
                "type": "Polygon",
                "coordinates": [
                    [
                        [
                            -118.3953148893628,
                            33.8973688522305
                        ],
                        [
                            -118.3953432494174,
                            33.89930194653477
                        ],
                        [
                            -118.3953000153333,
                            33.90019377934911
                        ],
                        [
                            -118.3951343705313,
                            33.90042331043163
                        ],
                        [
                            -118.3946847172769,
                            33.90073043470112
                        ],
                        [
                            -118.394384875251,
                            33.90071773090395
                        ],
                        [
                            -118.3943240403613,
                            33.9004666001122
                        ],
                        [
                            -118.3943251512952,
                            33.89889172148929
                        ],
                        [
                            -118.3946730184804,
                            33.89737662741643
                        ],
                        [
                            -118.3953148893628,
                            33.8973688522305
                        ]
                    ]
                ]
            }
        },
        {
            "type": "Feature",
            "properties": {
                "type": "site_summary",
                "status": "positive_pending",
                "version": "2.0.0",
                "site_id": "US_C015_0061",
                "mgrs": "11SLT",
                "start_date": "2019-02-08",
                "end_date": "2020-11-09",
                "score": 1.0,
                "originator": "iMERIT",
                "model_content": "annotation",
                "validated": "True"
            },
            "geometry": {
                "type": "Polygon",
                "coordinates": [
                    [
                        [
                            -118.3905452118875,
                            33.87546222658725
                        ],
                        [
                            -118.3905145578258,
                            33.87649371463409
                        ],
                        [
                            -118.3893778638727,
                            33.87651235155279
                        ],
                        [
                            -118.3893847929535,
                            33.87547756294352
                        ],
                        [
                            -118.3905452118875,
                            33.87546222658725
                        ]
                    ]
                ]
            }
        },
        {
            "type": "Feature",
            "properties": {
                "type": "site_summary",
                "status": "positive_pending",
                "version": "2.0.0",
                "site_id": "US_C015_0062",
                "mgrs": "11SLT",
                "start_date": "2017-04-04",
                "end_date": "2018-12-25",
                "score": 1.0,
                "originator": "iMERIT",
                "model_content": "annotation",
                "validated": "True"
            },
            "geometry": {
                "type": "Polygon",
                "coordinates": [
                    [
                        [
                            -118.3852461578636,
                            33.92042322153399
                        ],
                        [
                            -118.3833952972553,
                            33.92036621708528
                        ],
                        [
                            -118.3833943938523,
                            33.91835249794198
                        ],
                        [
                            -118.384349368286,
                            33.91835726063739
                        ],
                        [
                            -118.3843330056263,
                            33.91753290074202
                        ],
                        [
                            -118.3851816016133,
                            33.9175188348898
                        ],
                        [
                            -118.3852461578636,
                            33.92042322153399
                        ]
                    ]
                ]
            }
        },
        {
            "type": "Feature",
            "properties": {
                "type": "site_summary",
                "status": "positive_pending",
                "version": "2.0.0",
                "site_id": "US_C015_0063",
                "mgrs": "11SLT",
                "start_date": "2017-02-23",
                "end_date": "2017-12-15",
                "score": 1.0,
                "originator": "iMERIT",
                "model_content": "annotation",
                "validated": "True"
            },
            "geometry": {
                "type": "Polygon",
                "coordinates": [
                    [
                        [
                            -118.3830864427691,
                            33.9086035779732
                        ],
                        [
                            -118.3830341904024,
                            33.90935683882277
                        ],
                        [
                            -118.3816382221177,
                            33.90934724441072
                        ],
                        [
                            -118.3816236701628,
                            33.90848177078738
                        ],
                        [
                            -118.3823661815346,
                            33.90845917747174
                        ],
                        [
                            -118.3830864427691,
                            33.9086035779732
                        ]
                    ]
                ]
            }
        },
        {
            "type": "Feature",
            "properties": {
                "type": "site_summary",
                "status": "positive_pending",
                "version": "2.0.0",
                "site_id": "US_C015_0064",
                "mgrs": "11SLT",
                "start_date": "2020-11-14",
                "end_date": null,
                "score": 1.0,
                "originator": "iMERIT",
                "model_content": "annotation",
                "validated": "True"
            },
            "geometry": {
                "type": "Polygon",
                "coordinates": [
                    [
                        [
                            -118.3870637271645,
                            33.89035231372605
                        ],
                        [
                            -118.387253088305,
                            33.89040607315285
                        ],
                        [
                            -118.3872271079,
                            33.89052701220671
                        ],
                        [
                            -118.3873215462795,
                            33.8905424518774
                        ],
                        [
                            -118.3872770678864,
                            33.89179848461148
                        ],
                        [
                            -118.386092593166,
                            33.89180273531407
                        ],
                        [
                            -118.3860779521508,
                            33.89100186324699
                        ],
                        [
                            -118.3862425168563,
                            33.8909928376953
                        ],
                        [
                            -118.3863360743125,
                            33.89090154395578
                        ],
                        [
                            -118.3863267176205,
                            33.89035009498217
                        ],
                        [
                            -118.3870637271645,
                            33.89035231372605
                        ]
                    ]
                ]
            }
        },
        {
            "type": "Feature",
            "properties": {
                "type": "site_summary",
                "status": "positive_pending",
                "version": "2.0.0",
                "site_id": "US_C015_0065",
                "mgrs": "11SLT",
                "start_date": "2017-03-15",
                "end_date": "2018-11-10",
                "score": 1.0,
                "originator": "iMERIT",
                "model_content": "annotation",
                "validated": "True"
            },
            "geometry": {
                "type": "Polygon",
                "coordinates": [
                    [
                        [
                            -118.3546786082194,
                            33.91738872843015
                        ],
                        [
                            -118.354655945191,
                            33.918184687054
                        ],
                        [
                            -118.3533106261104,
                            33.91817062223661
                        ],
                        [
                            -118.3532975254128,
                            33.91657101055264
                        ],
                        [
                            -118.3538486417704,
                            33.91657484691446
                        ],
                        [
                            -118.3538636997203,
                            33.91729363879716
                        ],
                        [
                            -118.3539987040697,
                            33.917401944494
                        ],
                        [
                            -118.3546786082194,
                            33.91738872843015
                        ]
                    ]
                ]
            }
        },
        {
            "type": "Feature",
            "properties": {
                "type": "site_summary",
                "status": "positive_pending",
                "version": "2.0.1",
                "site_id": "US_C015_0066",
                "mgrs": "11SLT",
                "start_date": "2018-08-02",
                "end_date": "2023-01-23",
                "score": 1.0,
                "originator": "iMERIT",
                "model_content": "annotation",
                "validated": "True"
            },
            "geometry": {
                "type": "Polygon",
                "coordinates": [
                    [
                        [
                            -118.36426550730093,
                            33.916559281644254
                        ],
                        [
                            -118.3656342333668,
                            33.91654927780868
                        ],
                        [
                            -118.3656420731838,
                            33.91770733786255
                        ],
                        [
                            -118.3641331372264,
                            33.91830990065326
                        ],
                        [
                            -118.3636707495502,
                            33.91761949734311
                        ],
                        [
                            -118.36378903065739,
                            33.91747061612394
                        ],
                        [
                            -118.36402200393243,
                            33.91725064244709
                        ],
                        [
                            -118.364113008091,
                            33.917059490884974
                        ],
                        [
                            -118.36419974750766,
                            33.916895829891615
                        ],
                        [
                            -118.36424367168071,
                            33.916701279305315
                        ],
                        [
                            -118.36426550730093,
                            33.916559281644254
                        ]
                    ]
                ]
            }
        },
        {
            "type": "Feature",
            "properties": {
                "type": "site_summary",
                "status": "positive_pending",
                "version": "2.0.0",
                "site_id": "US_C015_0067",
                "mgrs": "11SLT",
                "start_date": "2017-08-12",
                "end_date": "2018-12-20",
                "score": 1.0,
                "originator": "iMERIT",
                "model_content": "annotation",
                "validated": "True"
            },
            "geometry": {
                "type": "Polygon",
                "coordinates": [
                    [
                        [
                            -118.3432079546155,
                            33.92359260051489
                        ],
                        [
                            -118.3396135685538,
                            33.92361613597007
                        ],
                        [
                            -118.3396131050427,
                            33.92320187254205
                        ],
                        [
                            -118.3432005568223,
                            33.92303017549241
                        ],
                        [
                            -118.3432079546155,
                            33.92359260051489
                        ]
                    ]
                ]
            }
        },
        {
            "type": "Feature",
            "properties": {
                "type": "site_summary",
                "status": "positive_pending",
                "version": "2.0.1",
                "site_id": "US_C015_0068",
                "mgrs": "11SLT",
                "start_date": "2020-06-22",
                "end_date": "2022-08-31",
                "score": 1.0,
                "originator": "iMERIT",
                "model_content": "annotation",
                "validated": "True"
            },
            "geometry": {
                "type": "Polygon",
                "coordinates": [
                    [
                        [
                            -118.3154954181309,
                            33.90373873725578
                        ],
                        [
                            -118.3154897633444,
                            33.90207615247932
                        ],
                        [
                            -118.3167825472557,
                            33.90206970486841
                        ],
                        [
                            -118.3167832515732,
                            33.90375421269692
                        ],
                        [
                            -118.3154954181309,
                            33.90373873725578
                        ]
                    ]
                ]
            }
        },
        {
            "type": "Feature",
            "properties": {
                "type": "site_summary",
                "status": "positive_pending",
                "version": "2.0.1",
                "site_id": "US_C015_0069",
                "mgrs": "11SLT",
                "start_date": "2018-10-21",
                "end_date": "2022-02-27",
                "score": 1.0,
                "originator": "iMERIT",
                "model_content": "annotation",
                "validated": "True"
            },
            "geometry": {
                "type": "Polygon",
                "coordinates": [
                    [
                        [
                            -118.31322468253177,
                            33.85064325106646
                        ],
                        [
                            -118.31319432157689,
                            33.851971542842556
                        ],
                        [
                            -118.31760425027355,
                            33.85200949403616
                        ],
                        [
                            -118.3175892794041,
                            33.85411286022615
                        ],
                        [
                            -118.3096229048768,
                            33.85408796690362
                        ],
                        [
                            -118.30954341675228,
                            33.85055216820181
                        ],
                        [
                            -118.31322468253177,
                            33.85064325106646
                        ]
                    ]
                ]
            }
        },
        {
            "type": "Feature",
            "properties": {
                "type": "site_summary",
                "status": "positive_pending",
                "version": "2.0.1",
                "site_id": "US_C015_0070",
                "mgrs": "11SLT",
                "start_date": "2020-10-30",
                "end_date": "2022-02-27",
                "score": 1.0,
                "originator": "iMERIT",
                "model_content": "annotation",
                "validated": "True"
            },
            "geometry": {
                "type": "Polygon",
                "coordinates": [
                    [
                        [
                            -118.30018844752918,
                            33.92963486543164
                        ],
                        [
                            -118.29885256551435,
                            33.92960450447676
                        ],
                        [
                            -118.2986911684327,
                            33.92842857351278
                        ],
                        [
                            -118.300221983994,
                            33.9280526945928
                        ],
                        [
                            -118.30018844752918,
                            33.92963486543164
                        ]
                    ]
                ]
            }
        },
        {
            "type": "Feature",
            "properties": {
                "type": "site_summary",
                "status": "positive_pending",
                "version": "2.0.0",
                "site_id": "US_C015_0071",
                "mgrs": "11SLT",
                "start_date": "2017-01-14",
                "end_date": "2018-05-09",
                "score": 1.0,
                "originator": "iMERIT",
                "model_content": "annotation",
                "validated": "True"
            },
            "geometry": {
                "type": "Polygon",
                "coordinates": [
                    [
                        [
                            -118.2847538230414,
                            33.91754259731967
                        ],
                        [
                            -118.2841401338443,
                            33.91755181890341
                        ],
                        [
                            -118.2841228764052,
                            33.917044790157
                        ],
                        [
                            -118.2838909655483,
                            33.91704211137043
                        ],
                        [
                            -118.283903722541,
                            33.91661570372952
                        ],
                        [
                            -118.2851329285252,
                            33.91663006747523
                        ],
                        [
                            -118.2851417165822,
                            33.91658031292012
                        ],
                        [
                            -118.2853910391179,
                            33.91658032873114
                        ],
                        [
                            -118.2852158897141,
                            33.91693133709815
                        ],
                        [
                            -118.2851068698615,
                            33.91692095952396
                        ],
                        [
                            -118.2847538230414,
                            33.91754259731967
                        ]
                    ]
                ]
            }
        },
        {
            "type": "Feature",
            "properties": {
                "type": "site_summary",
                "status": "positive_pending",
                "version": "2.0.0",
                "site_id": "US_C015_0072",
                "mgrs": "11SLT",
                "start_date": "2020-01-29",
                "end_date": "2021-06-12",
                "score": 1.0,
                "originator": "iMERIT",
                "model_content": "annotation",
                "validated": "True"
            },
            "geometry": {
                "type": "Polygon",
                "coordinates": [
                    [
                        [
                            -118.2738459362027,
                            33.91188141318752
                        ],
                        [
                            -118.2718413957111,
                            33.91187336533746
                        ],
                        [
                            -118.271846179035,
                            33.90929068728593
                        ],
                        [
                            -118.2738705107397,
                            33.90928423383323
                        ],
                        [
                            -118.2738459362027,
                            33.91188141318752
                        ]
                    ]
                ]
            }
        },
        {
            "type": "Feature",
            "properties": {
                "type": "site_summary",
                "status": "positive_pending",
                "version": "2.0.0",
                "site_id": "US_C015_0073",
                "mgrs": "11SLT",
                "start_date": "2017-04-04",
                "end_date": "2018-09-21",
                "score": 1.0,
                "originator": "iMERIT",
                "model_content": "annotation",
                "validated": "True"
            },
            "geometry": {
                "type": "Polygon",
                "coordinates": [
                    [
                        [
                            -118.2722770376152,
                            33.88565402002269
                        ],
                        [
                            -118.2721850995572,
                            33.88394994505754
                        ],
                        [
                            -118.2736073853569,
                            33.88391578795938
                        ],
                        [
                            -118.2736864206187,
                            33.88560181446194
                        ],
                        [
                            -118.2722770376152,
                            33.88565402002269
                        ]
                    ]
                ]
            }
        },
        {
            "type": "Feature",
            "properties": {
                "type": "site_summary",
                "status": "positive_pending",
                "version": "2.0.0",
                "site_id": "US_C015_0074",
                "mgrs": "11SLT",
                "start_date": "2021-02-07",
                "end_date": "2021-09-15",
                "score": 1.0,
                "originator": "iMERIT",
                "model_content": "annotation",
                "validated": "True"
            },
            "geometry": {
                "type": "Polygon",
                "coordinates": [
                    [
                        [
                            -118.2804967222988,
                            33.88372312799499
                        ],
                        [
                            -118.2789864543992,
                            33.88373248066097
                        ],
                        [
                            -118.2789018674556,
                            33.88204145541589
                        ],
                        [
                            -118.2804532683901,
                            33.88201466308168
                        ],
                        [
                            -118.2804967222988,
                            33.88372312799499
                        ]
                    ]
                ]
            }
        },
        {
            "type": "Feature",
            "properties": {
                "type": "site_summary",
                "status": "positive_pending",
                "version": "2.0.0",
                "site_id": "US_C015_0075",
                "mgrs": "11SLT",
                "start_date": "2019-01-24",
                "end_date": "2020-02-03",
                "score": 1.0,
                "originator": "iMERIT",
                "model_content": "annotation",
                "validated": "True"
            },
            "geometry": {
                "type": "Polygon",
                "coordinates": [
                    [
                        [
                            -118.2752964441045,
                            33.86971661098494
                        ],
                        [
                            -118.2753108414626,
                            33.87041987099438
                        ],
                        [
                            -118.2727369483873,
                            33.87045997303708
                        ],
                        [
                            -118.2727388905975,
                            33.8697304895722
                        ],
                        [
                            -118.2752964441045,
                            33.86971661098494
                        ]
                    ]
                ]
            }
        },
        {
            "type": "Feature",
            "properties": {
                "type": "site_summary",
                "status": "positive_pending",
                "version": "2.0.0",
                "site_id": "US_C015_0076",
                "mgrs": "11SLT",
                "start_date": "2019-08-02",
                "end_date": "2020-10-20",
                "score": 1.0,
                "originator": "iMERIT",
                "model_content": "annotation",
                "validated": "True"
            },
            "geometry": {
                "type": "Polygon",
                "coordinates": [
                    [
                        [
                            -118.261680623135,
                            33.91841022942726
                        ],
                        [
                            -118.2604947233863,
                            33.91891174278828
                        ],
                        [
                            -118.2602342334683,
                            33.91849370004208
                        ],
                        [
                            -118.2614194531713,
                            33.91800464254031
                        ],
                        [
                            -118.261680623135,
                            33.91841022942726
                        ]
                    ]
                ]
            }
        },
        {
            "type": "Feature",
            "properties": {
                "type": "site_summary",
                "status": "positive_pending",
                "version": "2.0.0",
                "site_id": "US_C015_0077",
                "mgrs": "11SLT",
                "start_date": "2017-01-14",
                "end_date": "2017-10-06",
                "score": 1.0,
                "originator": "iMERIT",
                "model_content": "annotation",
                "validated": "True"
            },
            "geometry": {
                "type": "Polygon",
                "coordinates": [
                    [
                        [
                            -118.2608795596071,
                            33.90462108956481
                        ],
                        [
                            -118.2608556289266,
                            33.90626923093922
                        ],
                        [
                            -118.259268770705,
                            33.90627910461332
                        ],
                        [
                            -118.2592269863968,
                            33.90461212775619
                        ],
                        [
                            -118.2608795596071,
                            33.90462108956481
                        ]
                    ]
                ]
            }
        },
        {
            "type": "Feature",
            "properties": {
                "type": "site_summary",
                "status": "positive_pending",
                "version": "2.0.0",
                "site_id": "US_C015_0078",
                "mgrs": "11SLT",
                "start_date": "2020-02-18",
                "end_date": "2020-12-29",
                "score": 1.0,
                "originator": "iMERIT",
                "model_content": "annotation",
                "validated": "True"
            },
            "geometry": {
                "type": "Polygon",
                "coordinates": [
                    [
                        [
                            -118.2629161566956,
                            33.89843106394215
                        ],
                        [
                            -118.2618605588387,
                            33.89846939205553
                        ],
                        [
                            -118.2617941996347,
                            33.89828631449637
                        ],
                        [
                            -118.2611924069439,
                            33.89830617275994
                        ],
                        [
                            -118.261077840305,
                            33.89777323343007
                        ],
                        [
                            -118.2627105607288,
                            33.8977313963539
                        ],
                        [
                            -118.2629161566956,
                            33.89843106394215
                        ]
                    ]
                ]
            }
        },
        {
            "type": "Feature",
            "properties": {
                "type": "site_summary",
                "status": "positive_pending",
                "version": "2.0.0",
                "site_id": "US_C015_0079",
                "mgrs": "11SLT",
                "start_date": "2019-03-25",
                "end_date": "2019-10-26",
                "score": 1.0,
                "originator": "iMERIT",
                "model_content": "annotation",
                "validated": "True"
            },
            "geometry": {
                "type": "Polygon",
                "coordinates": [
                    [
                        [
                            -118.267051846032,
                            33.8939952926106
                        ],
                        [
                            -118.2673237782026,
                            33.89498533293879
                        ],
                        [
                            -118.2654968555584,
                            33.8950791866143
                        ],
                        [
                            -118.2654822919499,
                            33.89403468800136
                        ],
                        [
                            -118.267051846032,
                            33.8939952926106
                        ]
                    ]
                ]
            }
        },
        {
            "type": "Feature",
            "properties": {
                "type": "site_summary",
                "status": "positive_pending",
                "version": "2.0.0",
                "site_id": "US_C015_0080",
                "mgrs": "11SLT",
                "start_date": "2017-03-15",
                "end_date": "2017-12-30",
                "score": 1.0,
                "originator": "iMERIT",
                "model_content": "annotation",
                "validated": "True"
            },
            "geometry": {
                "type": "Polygon",
                "coordinates": [
                    [
                        [
                            -118.2651830794936,
                            33.88591216134112
                        ],
                        [
                            -118.2639450242673,
                            33.88593182782223
                        ],
                        [
                            -118.2638259464046,
                            33.88533220229784
                        ],
                        [
                            -118.265049998548,
                            33.88527924720846
                        ],
                        [
                            -118.2651830794936,
                            33.88591216134112
                        ]
                    ]
                ]
            }
        },
        {
            "type": "Feature",
            "properties": {
                "type": "site_summary",
                "status": "positive_pending",
                "version": "2.0.1",
                "site_id": "US_C015_0081",
                "mgrs": "11SLT",
                "start_date": "2016-02-03",
                "end_date": "2019-08-12",
                "score": 1.0,
                "originator": "iMERIT",
                "model_content": "annotation",
                "validated": "True"
            },
            "geometry": {
                "type": "Polygon",
                "coordinates": [
                    [
                        [
                            -118.3313557273065,
                            33.88407308115839
                        ],
                        [
                            -118.3311792762349,
                            33.88367791480839
                        ],
                        [
                            -118.3325662989108,
                            33.88323920776733
                        ],
                        [
                            -118.3329021068535,
                            33.88364812412022
                        ],
                        [
                            -118.3325649708208,
                            33.88366005924907
                        ],
                        [
                            -118.3313557273065,
                            33.88407308115839
                        ]
                    ]
                ]
            }
        },
        {
            "type": "Feature",
            "properties": {
                "type": "site_summary",
                "status": "positive_pending",
                "version": "2.0.1",
                "site_id": "US_C015_0083",
                "mgrs": "11SLT",
                "start_date": "2020-07-02",
                "end_date": "2022-07-06",
                "score": 1.0,
                "originator": "iMERIT",
                "model_content": "annotation",
                "validated": "True"
            },
            "geometry": {
                "type": "Polygon",
                "coordinates": [
                    [
                        [
                            -118.304822438459,
                            33.86930735581041
                        ],
                        [
                            -118.3048090357993,
                            33.87052033892975
                        ],
                        [
                            -118.303009581079,
                            33.87052476523905
                        ],
                        [
                            -118.3030042912915,
                            33.86929416988214
                        ],
                        [
                            -118.304822438459,
                            33.86930735581041
                        ]
                    ]
                ]
            }
        },
        {
            "type": "Feature",
            "properties": {
                "type": "site_summary",
                "status": "positive_pending",
                "version": "2.0.0",
                "site_id": "US_C015_0084",
                "mgrs": "11SLT",
                "start_date": "2019-06-23",
                "end_date": "2021-08-06",
                "score": 1.0,
                "originator": "iMERIT",
                "model_content": "annotation",
                "validated": "True"
            },
            "geometry": {
                "type": "Polygon",
                "coordinates": [
                    [
                        [
                            -118.2554306433036,
                            33.86687416692921
                        ],
                        [
                            -118.2538451494416,
                            33.86690767407951
                        ],
                        [
                            -118.2538379006982,
                            33.86605883040514
                        ],
                        [
                            -118.2554350628703,
                            33.86607856190281
                        ],
                        [
                            -118.2554267622489,
                            33.86615244764183
                        ],
                        [
                            -118.2554287024483,
                            33.86656500758442
                        ],
                        [
                            -118.2554306433036,
                            33.86687416692921
                        ]
                    ]
                ]
            }
        },
        {
            "type": "Feature",
            "properties": {
                "type": "site_summary",
                "status": "positive_pending",
                "version": "2.0.1",
                "site_id": "US_C015_0085",
                "mgrs": "11SLT",
                "start_date": "2021-01-28",
                "end_date": "2022-03-09",
                "score": 1.0,
                "originator": "iMERIT",
                "model_content": "annotation",
                "validated": "True"
            },
            "geometry": {
                "type": "Polygon",
                "coordinates": [
                    [
                        [
                            -118.2563291416204,
                            33.86813478689616
                        ],
                        [
                            -118.2554374404904,
                            33.86815547968563
                        ],
                        [
                            -118.2554553023844,
                            33.86805504894896
                        ],
                        [
                            -118.2554467313641,
                            33.86753292201801
                        ],
                        [
                            -118.2554678119407,
                            33.86744134111389
                        ],
                        [
                            -118.2562940991605,
                            33.86741190930299
                        ],
                        [
                            -118.2563291416204,
                            33.86813478689616
                        ]
                    ]
                ]
            }
        },
        {
            "type": "Feature",
            "properties": {
                "type": "site_summary",
                "status": "positive_pending",
                "version": "2.0.0",
                "site_id": "US_C015_0086",
                "mgrs": "11SLT",
                "start_date": "2018-06-08",
                "end_date": "2019-12-15",
                "score": 1.0,
                "originator": "iMERIT",
                "model_content": "annotation",
                "validated": "True"
            },
            "geometry": {
                "type": "Polygon",
                "coordinates": [
                    [
                        [
                            -118.2485415073911,
                            33.8716882695476
                        ],
                        [
                            -118.2485108981832,
                            33.87273196006463
                        ],
                        [
                            -118.2472333856348,
                            33.87289589375846
                        ],
                        [
                            -118.2471999640796,
                            33.87231457586837
                        ],
                        [
                            -118.2473939779065,
                            33.87230358612769
                        ],
                        [
                            -118.2473591915476,
                            33.87172958007093
                        ],
                        [
                            -118.2485415073911,
                            33.8716882695476
                        ]
                    ]
                ]
            }
        },
        {
            "type": "Feature",
            "properties": {
                "type": "site_summary",
                "status": "positive_pending",
                "version": "2.0.0",
                "site_id": "US_C015_0087",
                "mgrs": "11SLT",
                "start_date": "2020-05-08",
                "end_date": "2020-11-14",
                "score": 1.0,
                "originator": "iMERIT",
                "model_content": "annotation",
                "validated": "True"
            },
            "geometry": {
                "type": "Polygon",
                "coordinates": [
                    [
                        [
                            -118.2519421808135,
                            33.91068865112551
                        ],
                        [
                            -118.2512667390005,
                            33.91067389927746
                        ],
                        [
                            -118.2512773440186,
                            33.90975379361885
                        ],
                        [
                            -118.2519425941984,
                            33.90974291878325
                        ],
                        [
                            -118.2519421808135,
                            33.91068865112551
                        ]
                    ]
                ]
            }
        },
        {
            "type": "Feature",
            "properties": {
                "type": "site_summary",
                "status": "positive_pending",
                "version": "2.0.0",
                "site_id": "US_C015_0088",
                "mgrs": "11SLT",
                "start_date": "2018-06-28",
                "end_date": "2019-08-22",
                "score": 1.0,
                "originator": "iMERIT",
                "model_content": "annotation",
                "validated": "True"
            },
            "geometry": {
                "type": "Polygon",
                "coordinates": [
                    [
                        [
                            -118.2542544257216,
                            33.91729079350913
                        ],
                        [
                            -118.2526267172061,
                            33.91728277102048
                        ],
                        [
                            -118.2526316208563,
                            33.91648663147722
                        ],
                        [
                            -118.253808008526,
                            33.91650092946684
                        ],
                        [
                            -118.2538049039419,
                            33.91689711342228
                        ],
                        [
                            -118.254257498834,
                            33.9169089502375
                        ],
                        [
                            -118.2542544257216,
                            33.91729079350913
                        ]
                    ]
                ]
            }
        },
        {
            "type": "Feature",
            "properties": {
                "type": "site_summary",
                "status": "positive_pending",
                "version": "2.0.0",
                "site_id": "US_C015_0089",
                "mgrs": "11SLT",
                "start_date": "2019-08-02",
                "end_date": "2020-09-25",
                "score": 1.0,
                "originator": "iMERIT",
                "model_content": "annotation",
                "validated": "True"
            },
            "geometry": {
                "type": "Polygon",
                "coordinates": [
                    [
                        [
                            -118.25376739087501,
                            33.86514150431669
                        ],
                        [
                            -118.252259686429,
                            33.8651551000827
                        ],
                        [
                            -118.2522609518086,
                            33.86438265606908
                        ],
                        [
                            -118.2524945043309,
                            33.86398248488795
                        ],
                        [
                            -118.2542199427007,
                            33.86400804891755
                        ],
                        [
                            -118.2542232839282,
                            33.86453371280017
                        ],
                        [
                            -118.2537947428031,
                            33.86456494318342
                        ],
                        [
                            -118.25376739087501,
                            33.86514150431669
                        ]
                    ]
                ]
            }
        },
        {
            "type": "Feature",
            "properties": {
                "type": "site_summary",
                "status": "positive_pending",
                "version": "2.0.0",
                "site_id": "US_C015_0090",
                "mgrs": "11SLT",
                "start_date": "2020-09-05",
                "end_date": "2021-07-12",
                "score": 1.0,
                "originator": "iMERIT",
                "model_content": "annotation",
                "validated": "True"
            },
            "geometry": {
                "type": "Polygon",
                "coordinates": [
                    [
                        [
                            -118.2417161860932,
                            33.92769986159291
                        ],
                        [
                            -118.2414673428738,
                            33.92770005886412
                        ],
                        [
                            -118.2414507326222,
                            33.92685989926583
                        ],
                        [
                            -118.2408151836001,
                            33.92686640719472
                        ],
                        [
                            -118.2408273821173,
                            33.92643851243869
                        ],
                        [
                            -118.241717327485,
                            33.92643655872537
                        ],
                        [
                            -118.2417161860932,
                            33.92769986159291
                        ]
                    ]
                ]
            }
        },
        {
            "type": "Feature",
            "properties": {
                "type": "site_summary",
                "status": "positive_pending",
                "version": "2.0.1",
                "site_id": "US_C015_0092",
                "mgrs": "11SLT",
                "start_date": "2016-02-03",
                "end_date": "2018-10-16",
                "score": 1.0,
                "originator": "iMERIT",
                "model_content": "annotation",
                "validated": "True"
            },
            "geometry": {
                "type": "Polygon",
                "coordinates": [
                    [
                        [
                            -118.2398717213852,
                            33.92599413306693
                        ],
                        [
                            -118.2398661215761,
                            33.92696182622599
                        ],
                        [
                            -118.2392326045628,
                            33.92694359043887
                        ],
                        [
                            -118.2392568174308,
                            33.92599046676499
                        ],
                        [
                            -118.2398717213852,
                            33.92599413306693
                        ]
                    ]
                ]
            }
        },
        {
            "type": "Feature",
            "properties": {
                "type": "site_summary",
                "status": "positive_pending",
                "version": "2.0.0",
                "site_id": "US_C015_0093",
                "mgrs": "11SLT",
                "start_date": "2018-12-15",
                "end_date": "2020-08-16",
                "score": 1.0,
                "originator": "iMERIT",
                "model_content": "annotation",
                "validated": "True"
            },
            "geometry": {
                "type": "Polygon",
                "coordinates": [
                    [
                        [
                            -118.2413756981473,
                            33.92449017795784
                        ],
                        [
                            -118.2392807651328,
                            33.9245017095439
                        ],
                        [
                            -118.239278055167,
                            33.92373472685076
                        ],
                        [
                            -118.2408872041373,
                            33.92373553628195
                        ],
                        [
                            -118.2408881749393,
                            33.92361518466333
                        ],
                        [
                            -118.2413678859276,
                            33.92364706822185
                        ],
                        [
                            -118.2413756981473,
                            33.92449017795784
                        ]
                    ]
                ]
            }
        },
        {
            "type": "Feature",
            "properties": {
                "type": "site_summary",
                "status": "positive_pending",
                "version": "2.0.1",
                "site_id": "US_C015_0094",
                "mgrs": "11SLT",
                "start_date": "2016-02-03",
                "end_date": "2017-10-30",
                "score": 1.0,
                "originator": "iMERIT",
                "model_content": "annotation",
                "validated": "True"
            },
            "geometry": {
                "type": "Polygon",
                "coordinates": [
                    [
                        [
                            -118.2233141718158,
                            33.92939654841526
                        ],
                        [
                            -118.2230159632682,
                            33.92739818533694
                        ],
                        [
                            -118.2247549639893,
                            33.92721007268666
                        ],
                        [
                            -118.2250884484986,
                            33.92933717134776
                        ],
                        [
                            -118.2233141718158,
                            33.92939654841526
                        ]
                    ]
                ]
            }
        },
        {
            "type": "Feature",
            "properties": {
                "type": "site_summary",
                "status": "positive_pending",
                "version": "2.0.0",
                "site_id": "US_C015_0095",
                "mgrs": "11SLT",
                "start_date": "2017-04-04",
                "end_date": "2019-08-12",
                "score": 1.0,
                "originator": "iMERIT",
                "model_content": "annotation",
                "validated": "True"
            },
            "geometry": {
                "type": "Polygon",
                "coordinates": [
                    [
                        [
                            -118.3873644070879,
                            33.92686394868313
                        ],
                        [
                            -118.3861039096632,
                            33.92688194982238
                        ],
                        [
                            -118.3860540978547,
                            33.92490144137577
                        ],
                        [
                            -118.3873405317992,
                            33.92489779394133
                        ],
                        [
                            -118.3873644070879,
                            33.92686394868313
                        ]
                    ]
                ]
            }
        },
        {
            "type": "Feature",
            "properties": {
                "type": "site_summary",
                "status": "positive_pending",
                "version": "2.0.0",
                "site_id": "US_C015_0096",
                "mgrs": "11SLT",
                "start_date": "2021-08-01",
                "end_date": null,
                "score": 1.0,
                "originator": "iMERIT",
                "model_content": "annotation",
                "validated": "True"
            },
            "geometry": {
                "type": "Polygon",
                "coordinates": [
                    [
                        [
                            -118.4116674747533,
                            33.89430200034266
                        ],
                        [
                            -118.4119118688948,
                            33.8953205945789
                        ],
                        [
                            -118.411861054387,
                            33.89589109555271
                        ],
                        [
                            -118.4115245485666,
                            33.89643803363424
                        ],
                        [
                            -118.4112870390826,
                            33.89596185530051
                        ],
                        [
                            -118.4104198516925,
                            33.89536567751441
                        ],
                        [
                            -118.4100693617958,
                            33.89500307963176
                        ],
                        [
                            -118.4098410930994,
                            33.89471404540572
                        ],
                        [
                            -118.4116674747533,
                            33.89430200034266
                        ]
                    ]
                ]
            }
        },
        {
            "type": "Feature",
            "properties": {
                "type": "site_summary",
                "status": "positive_pending",
                "version": "2.0.0",
                "site_id": "US_C015_0097",
                "mgrs": "11SLT",
                "start_date": "2018-03-25",
                "end_date": "2019-09-28",
                "score": 1.0,
                "originator": "iMERIT",
                "model_content": "annotation",
                "validated": "True"
            },
            "geometry": {
                "type": "Polygon",
                "coordinates": [
                    [
                        [
                            -118.38715905907398,
                            33.82876816340377
                        ],
                        [
                            -118.38714253330707,
                            33.82783941530366
                        ],
                        [
                            -118.38584691318161,
                            33.8278675091074
                        ],
                        [
                            -118.38583369256813,
                            33.828335188310845
                        ],
                        [
                            -118.38572792765993,
                            33.82876816340378
                        ],
                        [
                            -118.38715905907398,
                            33.82876816340377
                        ]
                    ]
                ]
            }
        },
        {
            "type": "Feature",
            "properties": {
                "type": "site_summary",
                "status": "positive_pending",
                "version": "2.0.0",
                "site_id": "US_C015_0098",
                "mgrs": "11SLT",
                "start_date": "2020-11-14",
                "end_date": null,
                "score": 1.0,
                "originator": "iMERIT",
                "model_content": "annotation",
                "validated": "True"
            },
            "geometry": {
                "type": "Polygon",
                "coordinates": [
                    [
                        [
                            -118.38284500762317,
                            33.81949059786282
                        ],
                        [
                            -118.38328872446459,
                            33.81869983991637
                        ],
                        [
                            -118.38218562952363,
                            33.81802806749165
                        ],
                        [
                            -118.38151633596394,
                            33.81882130430313
                        ],
                        [
                            -118.38193278528996,
                            33.819138599027724
                        ],
                        [
                            -118.38209886924737,
                            33.81899482485564
                        ],
                        [
                            -118.38284500762317,
                            33.81949059786282
                        ]
                    ]
                ]
            }
        },
        {
            "type": "Feature",
            "properties": {
                "type": "site_summary",
                "status": "positive_pending",
                "version": "2.0.1",
                "site_id": "US_C015_0099",
                "mgrs": "11SLT",
                "start_date": "2016-10-19",
                "end_date": "2019-02-08",
                "score": 1.0,
                "originator": "iMERIT",
                "model_content": "annotation",
                "validated": "True"
            },
            "geometry": {
                "type": "Polygon",
                "coordinates": [
                    [
                        [
                            -118.37623015627497,
                            33.81666841001946
                        ],
                        [
                            -118.37635905725683,
                            33.816032581137755
                        ],
                        [
                            -118.37545798981628,
                            33.81590615902092
                        ],
                        [
                            -118.37535015918724,
                            33.81655810052536
                        ],
                        [
                            -118.37623015627497,
                            33.81666841001946
                        ]
                    ]
                ]
            }
        },
        {
            "type": "Feature",
            "properties": {
                "type": "site_summary",
                "status": "positive_pending",
                "version": "2.0.1",
                "site_id": "US_C015_0100",
                "mgrs": "11SLT",
                "start_date": "2016-07-09",
                "end_date": "2018-06-13",
                "score": 1.0,
                "originator": "iMERIT",
                "model_content": "annotation",
                "validated": "True"
            },
            "geometry": {
                "type": "Polygon",
                "coordinates": [
                    [
                        [
                            -118.36891502555378,
                            33.839545855435624
                        ],
                        [
                            -118.3689057298099,
                            33.83773690367569
                        ],
                        [
                            -118.36975164250336,
                            33.837738762824465
                        ],
                        [
                            -118.36977952973501,
                            33.83954957373319
                        ],
                        [
                            -118.36891502555378,
                            33.839545855435624
                        ]
                    ]
                ]
            }
        },
        {
            "type": "Feature",
            "properties": {
                "type": "site_summary",
                "status": "positive_pending",
                "version": "2.0.0",
                "site_id": "US_C015_0101",
                "mgrs": "11SLT",
                "start_date": "2017-07-13",
                "end_date": "2020-08-01",
                "score": 1.0,
                "originator": "iMERIT",
                "model_content": "annotation",
                "validated": "True"
            },
            "geometry": {
                "type": "Polygon",
                "coordinates": [
                    [
                        [
                            -118.35312739516161,
                            33.833676839887524
                        ],
                        [
                            -118.35313608121932,
                            33.83327438588006
                        ],
                        [
                            -118.35401047769595,
                            33.83328162426151
                        ],
                        [
                            -118.35399889628563,
                            33.83200477377737
                        ],
                        [
                            -118.3541972279368,
                            33.83194831440222
                        ],
                        [
                            -118.35440424564568,
                            33.83193818066822
                        ],
                        [
                            -118.35467496111114,
                            33.831988849338224
                        ],
                        [
                            -118.35476326936458,
                            33.832025041245366
                        ],
                        [
                            -118.3548732927623,
                            33.832078605267945
                        ],
                        [
                            -118.35501226968574,
                            33.83219876239967
                        ],
                        [
                            -118.35507451976603,
                            33.83229286135825
                        ],
                        [
                            -118.35511505470204,
                            33.83235800679112
                        ],
                        [
                            -118.35515848499061,
                            33.83254475703199
                        ],
                        [
                            -118.35513242681748,
                            33.832728611920295
                        ],
                        [
                            -118.35501516503832,
                            33.832958792449745
                        ],
                        [
                            -118.35481683338716,
                            33.83311514148861
                        ],
                        [
                            -118.35459533891542,
                            33.83319186833177
                        ],
                        [
                            -118.3545055829857,
                            33.833216478828625
                        ],
                        [
                            -118.35453887954027,
                            33.83367394453496
                        ],
                        [
                            -118.35312739516161,
                            33.833676839887524
                        ]
                    ]
                ]
            }
        },
        {
            "type": "Feature",
            "properties": {
                "type": "site_summary",
                "status": "positive_pending",
                "version": "2.0.0",
                "site_id": "US_C015_0102",
                "mgrs": "11SLT",
                "start_date": "2018-08-07",
                "end_date": "2019-12-05",
                "score": 1.0,
                "originator": "iMERIT",
                "model_content": "annotation",
                "validated": "True"
            },
            "geometry": {
                "type": "Polygon",
                "coordinates": [
                    [
                        [
                            -118.34382146055682,
                            33.80939686561992
                        ],
                        [
                            -118.34272665536572,
                            33.80938419845242
                        ],
                        [
                            -118.34273208415179,
                            33.808935418803834
                        ],
                        [
                            -118.34331296426146,
                            33.80893179961312
                        ],
                        [
                            -118.34345773189004,
                            33.80848482955989
                        ],
                        [
                            -118.3440639463347,
                            33.808915513254895
                        ],
                        [
                            -118.34400332489024,
                            33.808993325855255
                        ],
                        [
                            -118.34387665321523,
                            33.809148951055974
                        ],
                        [
                            -118.3438427233023,
                            33.80924305001455
                        ],
                        [
                            -118.3438368421174,
                            33.80939822281643
                        ],
                        [
                            -118.34382146055682,
                            33.80939686561992
                        ]
                    ]
                ]
            }
        },
        {
            "type": "Feature",
            "properties": {
                "type": "site_summary",
                "status": "positive_pending",
                "version": "2.0.0",
                "site_id": "US_C015_0103",
                "mgrs": "11SLT",
                "start_date": "2021-05-08",
                "end_date": "2021-10-10",
                "score": 1.0,
                "originator": "iMERIT",
                "model_content": "annotation",
                "validated": "True"
            },
            "geometry": {
                "type": "Polygon",
                "coordinates": [
                    [
                        [
                            -118.34557405366034,
                            33.782435704393095
                        ],
                        [
                            -118.34452448835317,
                            33.78287362646954
                        ],
                        [
                            -118.34449553482746,
                            33.782280079192375
                        ],
                        [
                            -118.34557043446964,
                            33.78187834902308
                        ],
                        [
                            -118.34557405366034,
                            33.782435704393095
                        ]
                    ]
                ]
            }
        },
        {
            "type": "Feature",
            "properties": {
                "type": "site_summary",
                "status": "positive_pending",
                "version": "2.0.0",
                "site_id": "US_C015_0104",
                "mgrs": "11SLT",
                "start_date": "2019-03-20",
                "end_date": null,
                "score": 1.0,
                "originator": "iMERIT",
                "model_content": "annotation",
                "validated": "True"
            },
            "geometry": {
                "type": "Polygon",
                "coordinates": [
                    [
                        [
                            -118.32889275125896,
                            33.840720508854034
                        ],
                        [
                            -118.32893980073824,
                            33.844757716095934
                        ],
                        [
                            -118.33035852349829,
                            33.84471971459342
                        ],
                        [
                            -118.33036938107044,
                            33.844441036908414
                        ],
                        [
                            -118.33109683840402,
                            33.844433798526985
                        ],
                        [
                            -118.33108960002261,
                            33.84380044015197
                        ],
                        [
                            -118.33163971701119,
                            33.84379682096126
                        ],
                        [
                            -118.3316433362019,
                            33.84352176246697
                        ],
                        [
                            -118.33055395979687,
                            33.84353985842054
                        ],
                        [
                            -118.33051052950829,
                            33.84190036502693
                        ],
                        [
                            -118.32889275125896,
                            33.840720508854034
                        ]
                    ]
                ]
            }
        },
        {
            "type": "Feature",
            "properties": {
                "type": "site_summary",
                "status": "positive_pending",
                "version": "2.0.1",
                "site_id": "US_C015_0105",
                "mgrs": "11SLT",
                "start_date": "2016-02-03",
                "end_date": "2017-07-08",
                "score": 1.0,
                "originator": "iMERIT",
                "model_content": "annotation",
                "validated": "True"
            },
            "geometry": {
                "type": "Polygon",
                "coordinates": [
                    [
                        [
                            -118.33158859594238,
                            33.84145022818182
                        ],
                        [
                            -118.33129363189916,
                            33.8417470018204
                        ],
                        [
                            -118.33078015921656,
                            33.841742930230865
                        ],
                        [
                            -118.3308059459504,
                            33.84183386239754
                        ],
                        [
                            -118.33069782262781,
                            33.841864173119795
                        ],
                        [
                            -118.33063810598102,
                            33.84174926381461
                        ],
                        [
                            -118.33060553326459,
                            33.84164068809318
                        ],
                        [
                            -118.33060553326459,
                            33.84151944520425
                        ],
                        [
                            -118.33061820043208,
                            33.841430775031746
                        ],
                        [
                            -118.3306344867903,
                            33.84134934324067
                        ],
                        [
                            -118.33067746468004,
                            33.841271078241455
                        ],
                        [
                            -118.33073537173148,
                            33.841164312115374
                        ],
                        [
                            -118.3308023267597,
                            33.84108016593127
                        ],
                        [
                            -118.33087063898442,
                            33.84101094890887
                        ],
                        [
                            -118.33097650031281,
                            33.840935398302705
                        ],
                        [
                            -118.33104028854918,
                            33.840900563592065
                        ],
                        [
                            -118.33119319935683,
                            33.840835418159216
                        ],
                        [
                            -118.33131037065621,
                            33.84081053622306
                        ],
                        [
                            -118.33140311241827,
                            33.84079696425787
                        ],
                        [
                            -118.33150671175247,
                            33.840795154662516
                        ],
                        [
                            -118.33152842689677,
                            33.84133758087082
                        ],
                        [
                            -118.33154199886194,
                            33.84139005913618
                        ],
                        [
                            -118.33158859594238,
                            33.84145022818182
                        ]
                    ]
                ]
            }
        },
        {
            "type": "Feature",
            "properties": {
                "type": "site_summary",
                "status": "positive_pending",
                "version": "2.0.1",
                "site_id": "US_C015_0106",
                "mgrs": "11SLT",
                "start_date": "2020-12-04",
                "end_date": "2022-02-22",
                "score": 1.0,
                "originator": "iMERIT",
                "model_content": "annotation",
                "validated": "True"
            },
            "geometry": {
                "type": "Polygon",
                "coordinates": [
                    [
                        [
                            -118.32780789325783,
                            33.80696546378503
                        ],
                        [
                            -118.32673657543624,
                            33.806967723949214
                        ],
                        [
                            -118.32676708765266,
                            33.80551556846321
                        ],
                        [
                            -118.32725302295147,
                            33.80574158488126
                        ],
                        [
                            -118.32725189286938,
                            33.80614728435167
                        ],
                        [
                            -118.32781128350408,
                            33.80639816257571
                        ],
                        [
                            -118.32780789325783,
                            33.80696546378503
                        ]
                    ]
                ]
            }
        },
        {
            "type": "Feature",
            "properties": {
                "type": "site_summary",
                "status": "positive_pending",
                "version": "2.0.0",
                "site_id": "US_C015_0107",
                "mgrs": "11SLT",
                "start_date": "2020-07-17",
                "end_date": "2021-09-05",
                "score": 1.0,
                "originator": "iMERIT",
                "model_content": "annotation",
                "validated": "True"
            },
            "geometry": {
                "type": "Polygon",
                "coordinates": [
                    [
                        [
                            -118.32673883560031,
                            33.80276494865543
                        ],
                        [
                            -118.32675465674957,
                            33.80157610229646
                        ],
                        [
                            -118.32791186081002,
                            33.80160096410245
                        ],
                        [
                            -118.32780563309353,
                            33.80276042832707
                        ],
                        [
                            -118.32673883560031,
                            33.80276494865543
                        ]
                    ]
                ]
            }
        },
        {
            "type": "Feature",
            "properties": {
                "type": "site_summary",
                "status": "positive_pending",
                "version": "2.0.1",
                "site_id": "US_C015_0108",
                "mgrs": "11SLT",
                "start_date": "2015-03-24",
                "end_date": "2017-07-03",
                "score": 1.0,
                "originator": "iMERIT",
                "model_content": "annotation",
                "validated": "True"
            },
            "geometry": {
                "type": "Polygon",
                "coordinates": [
                    [
                        [
                            -118.33159253817806,
                            33.84700879257187
                        ],
                        [
                            -118.33160496908111,
                            33.8462505074893
                        ],
                        [
                            -118.3326649860818,
                            33.84623242617586
                        ],
                        [
                            -118.33262204296237,
                            33.84507974244377
                        ],
                        [
                            -118.33414991394842,
                            33.845133986384106
                        ],
                        [
                            -118.33450701988896,
                            33.84523343360805
                        ],
                        [
                            -118.33478954041152,
                            33.84538712477233
                        ],
                        [
                            -118.3350811015908,
                            33.84559053954858
                        ],
                        [
                            -118.33559641902396,
                            33.84589792187714
                        ],
                        [
                            -118.33582243544198,
                            33.84599510893689
                        ],
                        [
                            -118.3367852653829,
                            33.84671610131049
                        ],
                        [
                            -118.33765203834614,
                            33.847295833422805
                        ],
                        [
                            -118.33716836321152,
                            33.84724045940039
                        ],
                        [
                            -118.33621457392734,
                            33.84708563815401
                        ],
                        [
                            -118.33485960550108,
                            33.84704156495249
                        ],
                        [
                            -118.33159253817806,
                            33.84700879257187
                        ]
                    ]
                ]
            }
        },
        {
            "type": "Feature",
            "properties": {
                "type": "site_summary",
                "status": "positive_pending",
                "version": "2.0.1",
                "site_id": "US_C015_0110",
                "mgrs": "11SLT",
                "start_date": "2021-05-03",
                "end_date": "2022-11-04",
                "score": 1.0,
                "originator": "iMERIT",
                "model_content": "annotation",
                "validated": "True"
            },
            "geometry": {
                "type": "Polygon",
                "coordinates": [
                    [
                        [
                            -118.29525810318586,
                            33.85416366262138
                        ],
                        [
                            -118.29527166417094,
                            33.85151022987342
                        ],
                        [
                            -118.2968696002466,
                            33.85148988839579
                        ],
                        [
                            -118.29684247827645,
                            33.85417722360647
                        ],
                        [
                            -118.29525810318586,
                            33.85416366262138
                        ]
                    ]
                ]
            }
        },
        {
            "type": "Feature",
            "properties": {
                "type": "site_summary",
                "status": "positive_pending",
                "version": "2.0.0",
                "site_id": "US_C015_0111",
                "mgrs": "11SLT",
                "start_date": "2017-07-03",
                "end_date": "2021-01-18",
                "score": 1.0,
                "originator": "iMERIT",
                "model_content": "annotation",
                "validated": "True"
            },
            "geometry": {
                "type": "Polygon",
                "coordinates": [
                    [
                        [
                            -118.30395700105394,
                            33.844836718445194
                        ],
                        [
                            -118.29950153092496,
                            33.84474563558055
                        ],
                        [
                            -118.29944622303809,
                            33.846796337138954
                        ],
                        [
                            -118.30394168959315,
                            33.84684832091511
                        ],
                        [
                            -118.30395700105394,
                            33.844836718445194
                        ]
                    ]
                ]
            }
        },
        {
            "type": "Feature",
            "properties": {
                "type": "site_summary",
                "status": "positive_pending",
                "version": "2.0.1",
                "site_id": "US_C015_0112",
                "mgrs": "11SLT",
                "start_date": "2016-02-03",
                "end_date": "2018-07-03",
                "score": 1.0,
                "originator": "iMERIT",
                "model_content": "annotation",
                "validated": "True"
            },
            "geometry": {
                "type": "Polygon",
                "coordinates": [
                    [
                        [
                            -118.30089724844204,
                            33.814202509491174
                        ],
                        [
                            -118.30078650039717,
                            33.81604906362669
                        ],
                        [
                            -118.2991117187394,
                            33.816046803462505
                        ],
                        [
                            -118.29910267808268,
                            33.81511109549176
                        ],
                        [
                            -118.29930609285893,
                            33.81511109549176
                        ],
                        [
                            -118.29930157253057,
                            33.814699745610895
                        ],
                        [
                            -118.30018303656098,
                            33.814704265939255
                        ],
                        [
                            -118.30027796345657,
                            33.81416182653592
                        ],
                        [
                            -118.30089724844204,
                            33.814202509491174
                        ]
                    ]
                ]
            }
        },
        {
            "type": "Feature",
            "properties": {
                "type": "site_summary",
                "status": "positive_pending",
                "version": "2.0.0",
                "site_id": "US_C015_0113",
                "mgrs": "11SLT",
                "start_date": "2019-11-10",
                "end_date": "2021-01-28",
                "score": 1.0,
                "originator": "iMERIT",
                "model_content": "annotation",
                "validated": "True"
            },
            "geometry": {
                "type": "Polygon",
                "coordinates": [
                    [
                        [
                            -118.27985003455171,
                            33.847168134146635
                        ],
                        [
                            -118.27269887508442,
                            33.8472314187437
                        ],
                        [
                            -118.27133373591937,
                            33.84642227996704
                        ],
                        [
                            -118.2720507730056,
                            33.84640984906405
                        ],
                        [
                            -118.27986811586514,
                            33.84623694650425
                        ],
                        [
                            -118.27985003455171,
                            33.847168134146635
                        ]
                    ]
                ]
            }
        },
        {
            "type": "Feature",
            "properties": {
                "type": "site_summary",
                "status": "positive_pending",
                "version": "2.0.0",
                "site_id": "US_C015_0114",
                "mgrs": "11SLT",
                "start_date": "2019-10-26",
                "end_date": "2021-01-18",
                "score": 1.0,
                "originator": "iMERIT",
                "model_content": "annotation",
                "validated": "True"
            },
            "geometry": {
                "type": "Polygon",
                "coordinates": [
                    [
                        [
                            -118.2889483254605,
                            33.82801663296271
                        ],
                        [
                            -118.28775495877316,
                            33.82803923460452
                        ],
                        [
                            -118.28774591811644,
                            33.827135168932294
                        ],
                        [
                            -118.28891216283361,
                            33.82712160794721
                        ],
                        [
                            -118.2889483254605,
                            33.82801663296271
                        ]
                    ]
                ]
            }
        },
        {
            "type": "Feature",
            "properties": {
                "type": "site_summary",
                "status": "positive_pending",
                "version": "2.0.0",
                "site_id": "US_C015_0115",
                "mgrs": "11SLT",
                "start_date": "2018-01-19",
                "end_date": "2019-03-25",
                "score": 1.0,
                "originator": "iMERIT",
                "model_content": "annotation",
                "validated": "True"
            },
            "geometry": {
                "type": "Polygon",
                "coordinates": [
                    [
                        [
                            -118.2793833106484,
                            33.8041899821713
                        ],
                        [
                            -118.27918441620052,
                            33.80167667960253
                        ],
                        [
                            -118.27785543966235,
                            33.801758045513026
                        ],
                        [
                            -118.27790968360269,
                            33.804108616260805
                        ],
                        [
                            -118.2793833106484,
                            33.8041899821713
                        ]
                    ]
                ]
            }
        },
        {
            "type": "Feature",
            "properties": {
                "type": "site_summary",
                "status": "positive_pending",
                "version": "2.0.0",
                "site_id": "US_C015_0116",
                "mgrs": "11SLT",
                "start_date": "2019-06-23",
                "end_date": null,
                "score": 1.0,
                "originator": "iMERIT",
                "model_content": "annotation",
                "validated": "True"
            },
            "geometry": {
                "type": "Polygon",
                "coordinates": [
                    [
                        [
                            -118.28313518318818,
                            33.79810562019724
                        ],
                        [
                            -118.2825384998445,
                            33.79355816986596
                        ],
                        [
                            -118.28338380124802,
                            33.793580771507756
                        ],
                        [
                            -118.28469921680112,
                            33.79561039894189
                        ],
                        [
                            -118.28564848575697,
                            33.796867050226275
                        ],
                        [
                            -118.285110566682,
                            33.796867050226275
                        ],
                        [
                            -118.28510152602527,
                            33.79782535983883
                        ],
                        [
                            -118.28313518318818,
                            33.79810562019724
                        ]
                    ]
                ]
            }
        },
        {
            "type": "Feature",
            "properties": {
                "type": "site_summary",
                "status": "positive_pending",
                "version": "2.0.0",
                "site_id": "US_C015_0117",
                "mgrs": "11SLT",
                "start_date": "2017-07-28",
                "end_date": "2018-06-18",
                "score": 1.0,
                "originator": "iMERIT",
                "model_content": "annotation",
                "validated": "True"
            },
            "geometry": {
                "type": "Polygon",
                "coordinates": [
                    [
                        [
                            -118.28308545957627,
                            33.78333996760564
                        ],
                        [
                            -118.28307641891955,
                            33.78227317011242
                        ],
                        [
                            -118.28383583408421,
                            33.7822641294557
                        ],
                        [
                            -118.28384487474095,
                            33.78332640662055
                        ],
                        [
                            -118.28308545957627,
                            33.78333996760564
                        ]
                    ]
                ]
            }
        },
        {
            "type": "Feature",
            "properties": {
                "type": "site_summary",
                "status": "positive_pending",
                "version": "2.0.1",
                "site_id": "US_C015_0118",
                "mgrs": "11SLT",
                "start_date": "2016-02-03",
                "end_date": "2019-02-23",
                "score": 1.0,
                "originator": "iMERIT",
                "model_content": "annotation",
                "validated": "True"
            },
            "geometry": {
                "type": "Polygon",
                "coordinates": [
                    [
                        [
                            -118.28411157411425,
                            33.784971806143965
                        ],
                        [
                            -118.28410705378589,
                            33.785622733427964
                        ],
                        [
                            -118.28270123166557,
                            33.78562047326378
                        ],
                        [
                            -118.28269445117303,
                            33.78527240797998
                        ],
                        [
                            -118.28344482568097,
                            33.78526336732326
                        ],
                        [
                            -118.28344708584515,
                            33.784976326472325
                        ],
                        [
                            -118.28411157411425,
                            33.784971806143965
                        ]
                    ]
                ]
            }
        },
        {
            "type": "Feature",
            "properties": {
                "type": "site_summary",
                "status": "positive_pending",
                "version": "2.0.1",
                "site_id": "US_C015_0119",
                "mgrs": "11SLT",
                "start_date": "2019-04-24",
                "end_date": "2023-07-27",
                "score": 1.0,
                "originator": "iMERIT",
                "model_content": "annotation",
                "validated": "True"
            },
            "geometry": {
                "type": "Polygon",
                "coordinates": [
                    [
                        [
                            -118.26648003334174,
                            33.84175165068786
                        ],
                        [
                            -118.26761011543202,
                            33.84074813779169
                        ],
                        [
                            -118.26976179173191,
                            33.84252010650925
                        ],
                        [
                            -118.26912894576135,
                            33.842990220658805
                        ],
                        [
                            -118.26949961268696,
                            33.84341513152475
                        ],
                        [
                            -118.26872211620885,
                            33.84402085552514
                        ],
                        [
                            -118.26648003334174,
                            33.84175165068786
                        ]
                    ]
                ]
            }
        },
        {
            "type": "Feature",
            "properties": {
                "type": "site_summary",
                "status": "positive_pending",
                "version": "2.0.0",
                "site_id": "US_C015_0120",
                "mgrs": "11SLT",
                "start_date": "2017-05-04",
                "end_date": "2020-02-18",
                "score": 1.0,
                "originator": "iMERIT",
                "model_content": "annotation",
                "validated": "True"
            },
            "geometry": {
                "type": "Polygon",
                "coordinates": [
                    [
                        [
                            -118.26385259248187,
                            33.83315172598087
                        ],
                        [
                            -118.26382999084007,
                            33.83180466812926
                        ],
                        [
                            -118.26578277269206,
                            33.83179110714418
                        ],
                        [
                            -118.26578729302042,
                            33.83268161183132
                        ],
                        [
                            -118.2648131622586,
                            33.83269743298058
                        ],
                        [
                            -118.26481994275115,
                            33.83313138450325
                        ],
                        [
                            -118.26385259248187,
                            33.83315172598087
                        ]
                    ]
                ]
            }
        },
        {
            "type": "Feature",
            "properties": {
                "type": "site_summary",
                "status": "positive_pending",
                "version": "2.0.1",
                "site_id": "US_C015_0121",
                "mgrs": "11SLT",
                "start_date": "2020-02-18",
                "end_date": "2022-01-08",
                "score": 1.0,
                "originator": "iMERIT",
                "model_content": "annotation",
                "validated": "True"
            },
            "geometry": {
                "type": "Polygon",
                "coordinates": [
                    [
                        [
                            -118.26227951821218,
                            33.8072977079195
                        ],
                        [
                            -118.26225239624202,
                            33.80595856064253
                        ],
                        [
                            -118.26140144442803,
                            33.80598003220224
                        ],
                        [
                            -118.2614082249206,
                            33.80730109816577
                        ],
                        [
                            -118.26227951821218,
                            33.8072977079195
                        ]
                    ]
                ]
            }
        },
        {
            "type": "Feature",
            "properties": {
                "type": "site_summary",
                "status": "positive_pending",
                "version": "2.0.0",
                "site_id": "US_C015_0122",
                "mgrs": "11SLT",
                "start_date": "2019-08-27",
                "end_date": "2021-04-28",
                "score": 1.0,
                "originator": "iMERIT",
                "model_content": "annotation",
                "validated": "True"
            },
            "geometry": {
                "type": "Polygon",
                "coordinates": [
                    [
                        [
                            -118.25225116974318,
                            33.77754490664664
                        ],
                        [
                            -118.25223421851183,
                            33.77665553204159
                        ],
                        [
                            -118.25190423454147,
                            33.77666457269831
                        ],
                        [
                            -118.25189632396686,
                            33.77621140978012
                        ],
                        [
                            -118.2529925035944,
                            33.77617976748159
                        ],
                        [
                            -118.25299137351232,
                            33.777555077385465
                        ],
                        [
                            -118.25225116974318,
                            33.77754490664664
                        ]
                    ]
                ]
            }
        },
        {
            "type": "Feature",
            "properties": {
                "type": "site_summary",
                "status": "positive_pending",
                "version": "2.0.0",
                "site_id": "US_C015_0123",
                "mgrs": "11SLT",
                "start_date": "2018-09-16",
                "end_date": "2019-09-06",
                "score": 1.0,
                "originator": "iMERIT",
                "model_content": "annotation",
                "validated": "True"
            },
            "geometry": {
                "type": "Polygon",
                "coordinates": [
                    [
                        [
                            -118.23573049966534,
                            33.82989369931457
                        ],
                        [
                            -118.23633622366573,
                            33.828180494865705
                        ],
                        [
                            -118.24061245429533,
                            33.82814433223882
                        ],
                        [
                            -118.24002933193675,
                            33.82989821964293
                        ],
                        [
                            -118.23573049966534,
                            33.82989369931457
                        ]
                    ]
                ]
            }
        },
        {
            "type": "Feature",
            "properties": {
                "type": "site_summary",
                "status": "positive_pending",
                "version": "2.0.1",
                "site_id": "US_C015_0124",
                "mgrs": "11SLT",
                "start_date": "2021-10-10",
                "end_date": "2023-01-08",
                "score": 1.0,
                "originator": "iMERIT",
                "model_content": "annotation",
                "validated": "True"
            },
            "geometry": {
                "type": "Polygon",
                "coordinates": [
                    [
                        [
                            -118.23744822444256,
                            33.82418000426613
                        ],
                        [
                            -118.23397661226123,
                            33.82417096360941
                        ],
                        [
                            -118.2348038323513,
                            33.821675742354074
                        ],
                        [
                            -118.23511573500822,
                            33.82163957972719
                        ],
                        [
                            -118.23597007706847,
                            33.82242611686202
                        ],
                        [
                            -118.23598815838191,
                            33.82284198707124
                        ],
                        [
                            -118.23745726509928,
                            33.82283746674288
                        ],
                        [
                            -118.23744822444256,
                            33.82418000426613
                        ]
                    ]
                ]
            }
        },
        {
            "type": "Feature",
            "properties": {
                "type": "site_summary",
                "status": "positive_pending",
                "version": "2.0.0",
                "site_id": "US_C015_0125",
                "mgrs": "11SLT",
                "start_date": "2019-02-23",
                "end_date": "2019-12-15",
                "score": 1.0,
                "originator": "iMERIT",
                "model_content": "annotation",
                "validated": "True"
            },
            "geometry": {
                "type": "Polygon",
                "coordinates": [
                    [
                        [
                            -118.21656430741427,
                            33.79169014417068
                        ],
                        [
                            -118.21888549602771,
                            33.7916991848274
                        ],
                        [
                            -118.21882221143063,
                            33.78997015922927
                        ],
                        [
                            -118.21661403102621,
                            33.78996789906509
                        ],
                        [
                            -118.21656430741427,
                            33.79169014417068
                        ]
                    ]
                ]
            }
        },
        {
            "type": "Feature",
            "properties": {
                "type": "site_summary",
                "status": "positive_pending",
                "version": "2.0.0",
                "site_id": "US_C015_0126",
                "mgrs": "11SLT",
                "start_date": "2020-04-03",
                "end_date": "2021-05-28",
                "score": 1.0,
                "originator": "iMERIT",
                "model_content": "annotation",
                "validated": "True"
            },
            "geometry": {
                "type": "Polygon",
                "coordinates": [
                    [
                        [
                            -118.22109819676044,
                            33.7842700251659
                        ],
                        [
                            -118.21931492722196,
                            33.78428810647936
                        ],
                        [
                            -118.21931266705778,
                            33.783847374464145
                        ],
                        [
                            -118.22088800149163,
                            33.783824772822335
                        ],
                        [
                            -118.22109819676044,
                            33.7842700251659
                        ]
                    ]
                ]
            }
        },
        {
            "type": "Feature",
            "properties": {
                "type": "site_summary",
                "status": "positive_pending",
                "version": "2.0.1",
                "site_id": "US_C015_0127",
                "mgrs": "11SLT",
                "start_date": "2020-01-09",
                "end_date": "2022-01-23",
                "score": 1.0,
                "originator": "iMERIT",
                "model_content": "annotation",
                "validated": "True"
            },
            "geometry": {
                "type": "Polygon",
                "coordinates": [
                    [
                        [
                            -118.22367172537686,
                            33.78116505215769
                        ],
                        [
                            -118.22562241672804,
                            33.77812136643073
                        ],
                        [
                            -118.2243008494043,
                            33.77702167863886
                        ],
                        [
                            -118.22265544988085,
                            33.77702167863886
                        ],
                        [
                            -118.2228064381627,
                            33.77786329831423
                        ],
                        [
                            -118.22334534511187,
                            33.77818967857922
                        ],
                        [
                            -118.22232825312331,
                            33.78099047666712
                        ],
                        [
                            -118.22367172537686,
                            33.78116505215769
                        ]
                    ]
                ]
            }
        },
        {
            "type": "Feature",
            "properties": {
                "type": "site_summary",
                "status": "positive_pending",
                "version": "2.0.1",
                "site_id": "US_C015_0128",
                "mgrs": "11SLT",
                "start_date": "2020-02-18",
                "end_date": "2022-02-17",
                "score": 1.0,
                "originator": "iMERIT",
                "model_content": "annotation",
                "validated": "True"
            },
            "geometry": {
                "type": "Polygon",
                "coordinates": [
                    [
                        [
                            -118.19064361450938,
                            33.82033603003606
                        ],
                        [
                            -118.1894434673295,
                            33.8203428105286
                        ],
                        [
                            -118.1894434673295,
                            33.81965798078189
                        ],
                        [
                            -118.19063683401683,
                            33.81961729782664
                        ],
                        [
                            -118.19064361450938,
                            33.82033603003606
                        ]
                    ]
                ]
            }
        },
        {
            "type": "Feature",
            "properties": {
                "type": "site_summary",
                "status": "positive_pending",
                "version": "2.0.0",
                "site_id": "US_C015_0129",
                "mgrs": "11SLT",
                "start_date": "2019-07-18",
                "end_date": "2020-04-28",
                "score": 1.0,
                "originator": "iMERIT",
                "model_content": "annotation",
                "validated": "True"
            },
            "geometry": {
                "type": "Polygon",
                "coordinates": [
                    [
                        [
                            -118.18920487874821,
                            33.79270340402499
                        ],
                        [
                            -118.18919131776313,
                            33.79179142777814
                        ],
                        [
                            -118.18854039047913,
                            33.79179142777814
                        ],
                        [
                            -118.18855734171049,
                            33.79270679427126
                        ],
                        [
                            -118.18920487874821,
                            33.79270340402499
                        ]
                    ]
                ]
            }
        },
        {
            "type": "Feature",
            "properties": {
                "type": "site_summary",
                "status": "positive_pending",
                "version": "2.0.0",
                "site_id": "US_C015_0130",
                "mgrs": "11SLT",
                "start_date": "2017-12-30",
                "end_date": "2019-03-25",
                "score": 1.0,
                "originator": "iMERIT",
                "model_content": "annotation",
                "validated": "True"
            },
            "geometry": {
                "type": "Polygon",
                "coordinates": [
                    [
                        [
                            -118.19027619656984,
                            33.782524189596906
                        ],
                        [
                            -118.19028806243178,
                            33.78206311610408
                        ],
                        [
                            -118.1901982209056,
                            33.782049555118995
                        ],
                        [
                            -118.19019483065934,
                            33.78149694497686
                        ],
                        [
                            -118.1895845863306,
                            33.78148168886864
                        ],
                        [
                            -118.18959645219253,
                            33.78252249447378
                        ],
                        [
                            -118.19027619656984,
                            33.782524189596906
                        ]
                    ]
                ]
            }
        },
        {
            "type": "Feature",
            "properties": {
                "type": "site_summary",
                "status": "positive_pending",
                "version": "2.0.1",
                "site_id": "US_C015_0131",
                "mgrs": "11SLT",
                "start_date": "2016-02-03",
                "end_date": "2018-12-25",
                "score": 1.0,
                "originator": "iMERIT",
                "model_content": "annotation",
                "validated": "True"
            },
            "geometry": {
                "type": "Polygon",
                "coordinates": [
                    [
                        [
                            -118.19097119705538,
                            33.77772868624687
                        ],
                        [
                            -118.18951678140522,
                            33.77773885698568
                        ],
                        [
                            -118.18948965943504,
                            33.776637874509234
                        ],
                        [
                            -118.1909678068091,
                            33.77662431352415
                        ],
                        [
                            -118.19097119705538,
                            33.77772868624687
                        ]
                    ]
                ]
            }
        },
        {
            "type": "Feature",
            "properties": {
                "type": "site_summary",
                "status": "positive_pending",
                "version": "2.0.0",
                "site_id": "US_C015_0132",
                "mgrs": "11SLT",
                "start_date": "2019-05-29",
                "end_date": "2021-09-20",
                "score": 1.0,
                "originator": "iMERIT",
                "model_content": "annotation",
                "validated": "True"
            },
            "geometry": {
                "type": "Polygon",
                "coordinates": [
                    [
                        [
                            -118.19360033303838,
                            33.77525295890762
                        ],
                        [
                            -118.19240696635106,
                            33.77526991013898
                        ],
                        [
                            -118.19240357610478,
                            33.77463762920947
                        ],
                        [
                            -118.19358846717643,
                            33.77461728773185
                        ],
                        [
                            -118.19360033303838,
                            33.77525295890762
                        ]
                    ]
                ]
            }
        },
        {
            "type": "Feature",
            "properties": {
                "type": "site_summary",
                "status": "positive_pending",
                "version": "2.0.0",
                "site_id": "US_C015_0133",
                "mgrs": "11SLT",
                "start_date": "2017-03-15",
                "end_date": "2019-05-24",
                "score": 1.0,
                "originator": "iMERIT",
                "model_content": "annotation",
                "validated": "True"
            },
            "geometry": {
                "type": "Polygon",
                "coordinates": [
                    [
                        [
                            -118.17949351830572,
                            33.846341337836904
                        ],
                        [
                            -118.17945622559672,
                            33.84506660523908
                        ],
                        [
                            -118.17859510304397,
                            33.84509711745553
                        ],
                        [
                            -118.17858493230517,
                            33.84600231320983
                        ],
                        [
                            -118.1790324448129,
                            33.84599892296356
                        ],
                        [
                            -118.17921382298837,
                            33.84638371591529
                        ],
                        [
                            -118.17949351830572,
                            33.846341337836904
                        ]
                    ]
                ]
            }
        },
        {
            "type": "Feature",
            "properties": {
                "type": "site_summary",
                "status": "positive_pending",
                "version": "2.0.1",
                "site_id": "US_C015_0134",
                "mgrs": "11SLT",
                "start_date": "2021-03-31",
                "end_date": null,
                "score": 1.0,
                "originator": "iMERIT",
                "model_content": "annotation",
                "validated": "True"
            },
            "geometry": {
                "type": "Polygon",
                "coordinates": [
                    [
                        [
                            -118.18053262878779,
                            33.81151164277388
                        ],
                        [
                            -118.17649484547925,
                            33.81153537449777
                        ],
                        [
                            -118.17645755277026,
                            33.80622285859143
                        ],
                        [
                            -118.18043092139966,
                            33.80625337080787
                        ],
                        [
                            -118.18053262878779,
                            33.81151164277388
                        ]
                    ]
                ]
            }
        },
        {
            "type": "Feature",
            "properties": {
                "type": "site_summary",
                "status": "positive_pending",
                "version": "2.0.0",
                "site_id": "US_C015_0135",
                "mgrs": "11SLT",
                "start_date": "2019-07-13",
                "end_date": "2021-01-08",
                "score": 1.0,
                "originator": "iMERIT",
                "model_content": "annotation",
                "validated": "True"
            },
            "geometry": {
                "type": "Polygon",
                "coordinates": [
                    [
                        [
                            -118.3484854290432,
                            33.814498449738444
                        ],
                        [
                            -118.34862273401718,
                            33.81350849782738
                        ],
                        [
                            -118.34775144072556,
                            33.81351019295051
                        ],
                        [
                            -118.3477582212181,
                            33.814218754421105
                        ],
                        [
                            -118.3484854290432,
                            33.814498449738444
                        ]
                    ]
                ]
            }
        },
        {
            "type": "Feature",
            "properties": {
                "type": "site_summary",
                "status": "positive_pending",
                "version": "2.0.0",
                "site_id": "US_C015_0136",
                "mgrs": "11SLT",
                "start_date": "2019-01-19",
                "end_date": "2020-10-20",
                "score": 1.0,
                "originator": "iMERIT",
                "model_content": "annotation",
                "validated": "True"
            },
            "geometry": {
                "type": "Polygon",
                "coordinates": [
                    [
                        [
                            -118.45469133913032,
                            34.072862985344905
                        ],
                        [
                            -118.45323639753549,
                            34.07308054670488
                        ],
                        [
                            -118.45314121444049,
                            34.07188395922502
                        ],
                        [
                            -118.45404211200596,
                            34.07181047324587
                        ],
                        [
                            -118.45411421927382,
                            34.072523955685604
                        ],
                        [
                            -118.45465054637532,
                            34.072482252964946
                        ],
                        [
                            -118.45469133913032,
                            34.072862985344905
                        ]
                    ]
                ]
            }
        },
        {
            "type": "Feature",
            "properties": {
                "type": "site_summary",
                "status": "positive_pending",
                "version": "2.0.0",
                "site_id": "US_C015_0137",
                "mgrs": "11SLT",
                "start_date": "2019-06-28",
                "end_date": "2021-02-22",
                "score": 1.0,
                "originator": "iMERIT",
                "model_content": "annotation",
                "validated": "True"
            },
            "geometry": {
                "type": "Polygon",
                "coordinates": [
                    [
                        [
                            -118.45108797910578,
                            34.06301153501355
                        ],
                        [
                            -118.44997977592841,
                            34.06357583479099
                        ],
                        [
                            -118.4492183111685,
                            34.062508424368616
                        ],
                        [
                            -118.45021093487338,
                            34.06186253908119
                        ],
                        [
                            -118.45108797910578,
                            34.06301153501355
                        ]
                    ]
                ]
            }
        },
        {
            "type": "Feature",
            "properties": {
                "type": "site_summary",
                "status": "positive_pending",
                "version": "2.0.0",
                "site_id": "US_C015_0138",
                "mgrs": "11SLT",
                "start_date": "2020-03-04",
                "end_date": null,
                "score": 1.0,
                "originator": "iMERIT",
                "model_content": "annotation",
                "validated": "True"
            },
            "geometry": {
                "type": "Polygon",
                "coordinates": [
                    [
                        [
                            -118.4515422139869,
                            34.051568865068845
                        ],
                        [
                            -118.45087593232198,
                            34.0519359998638
                        ],
                        [
                            -118.45049519994203,
                            34.05133090733137
                        ],
                        [
                            -118.45009407118458,
                            34.051548468691344
                        ],
                        [
                            -118.44993090016459,
                            34.05038587517398
                        ],
                        [
                            -118.45037962046955,
                            34.05012752105901
                        ],
                        [
                            -118.4515422139869,
                            34.051568865068845
                        ]
                    ]
                ]
            }
        },
        {
            "type": "Feature",
            "properties": {
                "type": "site_summary",
                "status": "positive_pending",
                "version": "2.0.0",
                "site_id": "US_C015_0139",
                "mgrs": "11SLT",
                "start_date": "2019-01-19",
                "end_date": "2020-03-04",
                "score": 1.0,
                "originator": "iMERIT",
                "model_content": "annotation",
                "validated": "True"
            },
            "geometry": {
                "type": "Polygon",
                "coordinates": [
                    [
                        [
                            -118.45801466444614,
                            34.04268964206489
                        ],
                        [
                            -118.45716481538373,
                            34.043192752709835
                        ],
                        [
                            -118.45673649145628,
                            34.0426216541399
                        ],
                        [
                            -118.45767472482117,
                            34.04212534228746
                        ],
                        [
                            -118.45801466444614,
                            34.04268964206489
                        ]
                    ]
                ]
            }
        },
        {
            "type": "Feature",
            "properties": {
                "type": "site_summary",
                "status": "positive_pending",
                "version": "2.0.1",
                "site_id": "US_C015_0140",
                "mgrs": "11SLT",
                "start_date": "2015-05-02",
                "end_date": "2018-02-03",
                "score": 1.0,
                "originator": "iMERIT",
                "model_content": "annotation",
                "validated": "True"
            },
            "geometry": {
                "type": "Polygon",
                "coordinates": [
                    [
                        [
                            -118.45908207486848,
                            34.042260468288376
                        ],
                        [
                            -118.45815064029608,
                            34.042722786178324
                        ],
                        [
                            -118.45778350550113,
                            34.04215168760839
                        ],
                        [
                            -118.45866054973352,
                            34.041655375755944
                        ],
                        [
                            -118.45908207486848,
                            34.042260468288376
                        ]
                    ]
                ]
            }
        },
        {
            "type": "Feature",
            "properties": {
                "type": "site_summary",
                "status": "positive_pending",
                "version": "2.0.1",
                "site_id": "US_C015_0141",
                "mgrs": "11SLT",
                "start_date": "2020-01-04",
                "end_date": "2022-10-25",
                "score": 1.0,
                "originator": "iMERIT",
                "model_content": "annotation",
                "validated": "True"
            },
            "geometry": {
                "type": "Polygon",
                "coordinates": [
                    [
                        [
                            -118.45660731439875,
                            34.03282374429945
                        ],
                        [
                            -118.45550591001388,
                            34.03369398973935
                        ],
                        [
                            -118.45417334668403,
                            34.03247020708949
                        ],
                        [
                            -118.45568267861886,
                            34.032130267464524
                        ],
                        [
                            -118.45660731439875,
                            34.03282374429945
                        ]
                    ]
                ]
            }
        },
        {
            "type": "Feature",
            "properties": {
                "type": "site_summary",
                "status": "positive_pending",
                "version": "2.0.1",
                "site_id": "US_C015_0142",
                "mgrs": "11SLT",
                "start_date": "2016-07-09",
                "end_date": "2020-03-04",
                "score": 1.0,
                "originator": "iMERIT",
                "model_content": "annotation",
                "validated": "True"
            },
            "geometry": {
                "type": "Polygon",
                "coordinates": [
                    [
                        [
                            -118.43523870957365,
                            34.03674664757157
                        ],
                        [
                            -118.43419169552877,
                            34.03549566975171
                        ],
                        [
                            -118.43707438354845,
                            34.03493816876677
                        ],
                        [
                            -118.43761828694839,
                            34.03569963352669
                        ],
                        [
                            -118.43523870957365,
                            34.03674664757157
                        ]
                    ]
                ]
            }
        },
        {
            "type": "Feature",
            "properties": {
                "type": "site_summary",
                "status": "positive_pending",
                "version": "2.0.1",
                "site_id": "US_C015_0143",
                "mgrs": "11SLT",
                "start_date": "2016-10-19",
                "end_date": "2020-10-15",
                "score": 1.0,
                "originator": "iMERIT",
                "model_content": "annotation",
                "validated": "True"
            },
            "geometry": {
                "type": "Polygon",
                "coordinates": [
                    [
                        [
                            -118.41705193963817,
                            34.05775491639426
                        ],
                        [
                            -118.41595053525329,
                            34.05852997873917
                        ],
                        [
                            -118.41465876467844,
                            34.057129427484334
                        ],
                        [
                            -118.4158009618183,
                            34.05646314581941
                        ],
                        [
                            -118.41705193963817,
                            34.05775491639426
                        ]
                    ]
                ]
            }
        },
        {
            "type": "Feature",
            "properties": {
                "type": "site_summary",
                "status": "positive_pending",
                "version": "2.0.0",
                "site_id": "US_C015_0144",
                "mgrs": "11SLT",
                "start_date": "2019-05-24",
                "end_date": "2020-12-14",
                "score": 1.0,
                "originator": "iMERIT",
                "model_content": "annotation",
                "validated": "True"
            },
            "geometry": {
                "type": "Polygon",
                "coordinates": [
                    [
                        [
                            -118.39240291743226,
                            34.02329693631006
                        ],
                        [
                            -118.39176383093734,
                            34.024173980542464
                        ],
                        [
                            -118.38990776058505,
                            34.0229162039301
                        ],
                        [
                            -118.39050605432497,
                            34.02222952588768
                        ],
                        [
                            -118.39003693764253,
                            34.021943976602714
                        ],
                        [
                            -118.390315688135,
                            34.02160403697775
                        ],
                        [
                            -118.39155986716236,
                            34.02233150777517
                        ],
                        [
                            -118.39130831183988,
                            34.02269184377763
                        ],
                        [
                            -118.39130831183988,
                            34.02269184377763
                        ],
                        [
                            -118.39240291743226,
                            34.02329693631006
                        ]
                    ]
                ]
            }
        },
        {
            "type": "Feature",
            "properties": {
                "type": "site_summary",
                "status": "positive_pending",
                "version": "2.0.0",
                "site_id": "US_C015_0145",
                "mgrs": "11SLT",
                "start_date": "2017-11-30",
                "end_date": "2019-09-16",
                "score": 1.0,
                "originator": "iMERIT",
                "model_content": "annotation",
                "validated": "True"
            },
            "geometry": {
                "type": "Polygon",
                "coordinates": [
                    [
                        [
                            -118.39342273630713,
                            34.02498643624611
                        ],
                        [
                            -118.39255249086722,
                            34.024469728016165
                        ],
                        [
                            -118.39381026747958,
                            34.02370826325626
                        ],
                        [
                            -118.39418420106703,
                            34.024129788391214
                        ],
                        [
                            -118.39342273630713,
                            34.02498643624611
                        ]
                    ]
                ]
            }
        },
        {
            "type": "Feature",
            "properties": {
                "type": "site_summary",
                "status": "positive_pending",
                "version": "2.0.0",
                "site_id": "US_C015_0146",
                "mgrs": "11SLT",
                "start_date": "2017-12-05",
                "end_date": "2020-01-09",
                "score": 1.0,
                "originator": "iMERIT",
                "model_content": "annotation",
                "validated": "True"
            },
            "geometry": {
                "type": "Polygon",
                "coordinates": [
                    [
                        [
                            -118.39000294368003,
                            34.02813427717325
                        ],
                        [
                            -118.38829644676274,
                            34.029290071898124
                        ],
                        [
                            -118.3867803160354,
                            34.02817506992825
                        ],
                        [
                            -118.38741940253033,
                            34.02781473392579
                        ],
                        [
                            -118.39000294368003,
                            34.02813427717325
                        ]
                    ]
                ]
            }
        },
        {
            "type": "Feature",
            "properties": {
                "type": "site_summary",
                "status": "positive_pending",
                "version": "2.0.0",
                "site_id": "US_C015_0147",
                "mgrs": "11SLT",
                "start_date": "2019-02-23",
                "end_date": "2019-07-13",
                "score": 1.0,
                "originator": "iMERIT",
                "model_content": "annotation",
                "validated": "True"
            },
            "geometry": {
                "type": "Polygon",
                "coordinates": [
                    [
                        [
                            -118.3868047575401,
                            34.02852191858052
                        ],
                        [
                            -118.38582588072838,
                            34.02912043183111
                        ],
                        [
                            -118.38559052734803,
                            34.028841351593194
                        ],
                        [
                            -118.38650836433543,
                            34.02831784457075
                        ],
                        [
                            -118.3868047575401,
                            34.02852191858052
                        ]
                    ]
                ]
            }
        },
        {
            "type": "Feature",
            "properties": {
                "type": "site_summary",
                "status": "positive_pending",
                "version": "2.0.0",
                "site_id": "US_C015_0148",
                "mgrs": "11SLT",
                "start_date": "2017-05-04",
                "end_date": "2019-10-31",
                "score": 1.0,
                "originator": "iMERIT",
                "model_content": "annotation",
                "validated": "True"
            },
            "geometry": {
                "type": "Polygon",
                "coordinates": [
                    [
                        [
                            -118.38876386374707,
                            34.07337854155759
                        ],
                        [
                            -118.38784602675968,
                            34.07337174276509
                        ],
                        [
                            -118.38783922796718,
                            34.072623875590175
                        ],
                        [
                            -118.38875026616208,
                            34.07261707679768
                        ],
                        [
                            -118.38876386374707,
                            34.07337854155759
                        ]
                    ]
                ]
            }
        },
        {
            "type": "Feature",
            "properties": {
                "type": "site_summary",
                "status": "positive_pending",
                "version": "2.0.0",
                "site_id": "US_C015_0149",
                "mgrs": "11SLT",
                "start_date": "2017-04-14",
                "end_date": "2018-02-03",
                "score": 1.0,
                "originator": "iMERIT",
                "model_content": "annotation",
                "validated": "True"
            },
            "geometry": {
                "type": "Polygon",
                "coordinates": [
                    [
                        [
                            -118.37548582199614,
                            34.039272398985204
                        ],
                        [
                            -118.37649204328602,
                            34.039449167590185
                        ],
                        [
                            -118.3766348179285,
                            34.03878968471776
                        ],
                        [
                            -118.37712433098845,
                            34.03890526419025
                        ],
                        [
                            -118.37696115996847,
                            34.039727918082654
                        ],
                        [
                            -118.37547902320364,
                            34.03943557000519
                        ],
                        [
                            -118.37548582199614,
                            34.039272398985204
                        ]
                    ]
                ]
            }
        },
        {
            "type": "Feature",
            "properties": {
                "type": "site_summary",
                "status": "positive_pending",
                "version": "2.0.0",
                "site_id": "US_C015_0150",
                "mgrs": "11SLT",
                "start_date": "2018-05-09",
                "end_date": "2021-02-17",
                "score": 1.0,
                "originator": "iMERIT",
                "model_content": "annotation",
                "validated": "True"
            },
            "geometry": {
                "type": "Polygon",
                "coordinates": [
                    [
                        [
                            -118.3742824357238,
                            34.02872747181889
                        ],
                        [
                            -118.37205243178406,
                            34.0286322887239
                        ],
                        [
                            -118.37211362091655,
                            34.026511065464135
                        ],
                        [
                            -118.37439801519629,
                            34.026708230446616
                        ],
                        [
                            -118.3742824357238,
                            34.02872747181889
                        ]
                    ]
                ]
            }
        },
        {
            "type": "Feature",
            "properties": {
                "type": "site_summary",
                "status": "positive_pending",
                "version": "2.0.0",
                "site_id": "US_C015_0151",
                "mgrs": "11SLT",
                "start_date": "2018-04-09",
                "end_date": "2020-11-04",
                "score": 1.0,
                "originator": "iMERIT",
                "model_content": "annotation",
                "validated": "True"
            },
            "geometry": {
                "type": "Polygon",
                "coordinates": [
                    [
                        [
                            -118.36570235958976,
                            34.053080746551174
                        ],
                        [
                            -118.36502927913234,
                            34.05292437432369
                        ],
                        [
                            -118.36549839581478,
                            34.05179577476882
                        ],
                        [
                            -118.36609668955472,
                            34.0520065373363
                        ],
                        [
                            -118.36570235958976,
                            34.053080746551174
                        ]
                    ]
                ]
            }
        },
        {
            "type": "Feature",
            "properties": {
                "type": "site_summary",
                "status": "positive_pending",
                "version": "2.0.1",
                "site_id": "US_C015_0152",
                "mgrs": "11SLT",
                "start_date": "2015-03-24",
                "end_date": "2017-04-04",
                "score": 1.0,
                "originator": "iMERIT",
                "model_content": "annotation",
                "validated": "True"
            },
            "geometry": {
                "type": "Polygon",
                "coordinates": [
                    [
                        [
                            -118.36279927519261,
                            34.06021267988287
                        ],
                        [
                            -118.36177945631772,
                            34.059927130597906
                        ],
                        [
                            -118.36241854281265,
                            34.058744140703034
                        ],
                        [
                            -118.36353354478253,
                            34.05862176243805
                        ],
                        [
                            -118.36279927519261,
                            34.06021267988287
                        ]
                    ]
                ]
            }
        },
        {
            "type": "Feature",
            "properties": {
                "type": "site_summary",
                "status": "positive_pending",
                "version": "2.0.1",
                "site_id": "US_C015_0153",
                "mgrs": "11SLT",
                "start_date": "2019-05-24",
                "end_date": "2022-03-14",
                "score": 1.0,
                "originator": "iMERIT",
                "model_content": "annotation",
                "validated": "True"
            },
            "geometry": {
                "type": "Polygon",
                "coordinates": [
                    [
                        [
                            -118.3520610574479,
                            34.02170725220926
                        ],
                        [
                            -118.35206367404427,
                            34.02265969329232
                        ],
                        [
                            -118.35012632597402,
                            34.02267314709837
                        ],
                        [
                            -118.35012632597402,
                            34.02170133559925
                        ],
                        [
                            -118.3520610574479,
                            34.02170725220926
                        ]
                    ]
                ]
            }
        },
        {
            "type": "Feature",
            "properties": {
                "type": "site_summary",
                "status": "positive_pending",
                "version": "2.0.1",
                "site_id": "US_C015_0154",
                "mgrs": "11SLT",
                "start_date": "2016-07-09",
                "end_date": "2020-11-24",
                "score": 1.0,
                "originator": "iMERIT",
                "model_content": "annotation",
                "validated": "True"
            },
            "geometry": {
                "type": "Polygon",
                "coordinates": [
                    [
                        [
                            -118.3421921351274,
                            34.014133863719316
                        ],
                        [
                            -118.34098874885504,
                            34.01331800861941
                        ],
                        [
                            -118.34124030417752,
                            34.01310044725943
                        ],
                        [
                            -118.33879273887779,
                            34.011475535852114
                        ],
                        [
                            -118.33988054567767,
                            34.01054410127972
                        ],
                        [
                            -118.34213094599491,
                            34.01224379940453
                        ],
                        [
                            -118.34239609890238,
                            34.01365794824437
                        ],
                        [
                            -118.3421921351274,
                            34.014133863719316
                        ]
                    ]
                ]
            }
        },
        {
            "type": "Feature",
            "properties": {
                "type": "site_summary",
                "status": "positive_pending",
                "version": "2.0.0",
                "site_id": "US_C015_0155",
                "mgrs": "11SLT",
                "start_date": "2017-06-03",
                "end_date": "2019-03-10",
                "score": 1.0,
                "originator": "iMERIT",
                "model_content": "annotation",
                "validated": "True"
            },
            "geometry": {
                "type": "Polygon",
                "coordinates": [
                    [
                        [
                            -118.34404140668724,
                            34.049943103812794
                        ],
                        [
                            -118.34334113105983,
                            34.04969154849032
                        ],
                        [
                            -118.34384424170477,
                            34.048318192405475
                        ],
                        [
                            -118.34427936442472,
                            34.048413375500466
                        ],
                        [
                            -118.34404140668724,
                            34.049943103812794
                        ]
                    ]
                ]
            }
        },
        {
            "type": "Feature",
            "properties": {
                "type": "site_summary",
                "status": "positive_pending",
                "version": "2.0.1",
                "site_id": "US_C015_0156",
                "mgrs": "11SLT",
                "start_date": "2014-04-24",
                "end_date": "2018-09-26",
                "score": 1.0,
                "originator": "iMERIT",
                "model_content": "annotation",
                "validated": "True"
            },
            "geometry": {
                "type": "Polygon",
                "coordinates": [
                    [
                        [
                            -118.34180120455879,
                            34.062146936348924
                        ],
                        [
                            -118.34069300138142,
                            34.06213673816017
                        ],
                        [
                            -118.3408153796464,
                            34.061569038986484
                        ],
                        [
                            -118.34148506070758,
                            34.06157243838274
                        ],
                        [
                            -118.34153265225507,
                            34.061429663740256
                        ],
                        [
                            -118.34200176893752,
                            34.061453459514
                        ],
                        [
                            -118.34180120455879,
                            34.062146936348924
                        ]
                    ]
                ]
            }
        },
        {
            "type": "Feature",
            "properties": {
                "type": "site_summary",
                "status": "positive_pending",
                "version": "2.0.0",
                "site_id": "US_C015_0157",
                "mgrs": "11SLT",
                "start_date": "2019-02-18",
                "end_date": "2021-06-02",
                "score": 1.0,
                "originator": "iMERIT",
                "model_content": "annotation",
                "validated": "True"
            },
            "geometry": {
                "type": "Polygon",
                "coordinates": [
                    [
                        [
                            -118.32911465775517,
                            34.02132018739104
                        ],
                        [
                            -118.32700703208042,
                            34.020830674331094
                        ],
                        [
                            -118.32731977653538,
                            34.02018478904367
                        ],
                        [
                            -118.32932542032265,
                            34.02066750331112
                        ],
                        [
                            -118.32911465775517,
                            34.02132018739104
                        ]
                    ]
                ]
            }
        },
        {
            "type": "Feature",
            "properties": {
                "type": "site_summary",
                "status": "positive_pending",
                "version": "2.0.1",
                "site_id": "US_C015_0158",
                "mgrs": "11SLT",
                "start_date": "2015-03-24",
                "end_date": "2017-07-03",
                "score": 1.0,
                "originator": "iMERIT",
                "model_content": "annotation",
                "validated": "True"
            },
            "geometry": {
                "type": "Polygon",
                "coordinates": [
                    [
                        [
                            -118.3059948154217,
                            34.05979697533263
                        ],
                        [
                            -118.30601909229392,
                            34.06171181362902
                        ],
                        [
                            -118.30538347253666,
                            34.06171181362902
                        ],
                        [
                            -118.30539017704484,
                            34.05981443781283
                        ],
                        [
                            -118.3059948154217,
                            34.05979697533263
                        ]
                    ]
                ]
            }
        },
        {
            "type": "Feature",
            "properties": {
                "type": "site_summary",
                "status": "positive_pending",
                "version": "2.0.1",
                "site_id": "US_C015_0159",
                "mgrs": "11SLT",
                "start_date": "2019-05-09",
                "end_date": "2022-09-15",
                "score": 1.0,
                "originator": "iMERIT",
                "model_content": "annotation",
                "validated": "True"
            },
            "geometry": {
                "type": "Polygon",
                "coordinates": [
                    [
                        [
                            -118.30783273753448,
                            34.058652357004355
                        ],
                        [
                            -118.30671773556462,
                            34.05866595458936
                        ],
                        [
                            -118.30669054039461,
                            34.05780250794195
                        ],
                        [
                            -118.30782253934574,
                            34.05779570914945
                        ],
                        [
                            -118.30783273753448,
                            34.058652357004355
                        ]
                    ]
                ]
            }
        },
        {
            "type": "Feature",
            "properties": {
                "type": "site_summary",
                "status": "positive_pending",
                "version": "2.0.0",
                "site_id": "US_C015_0160",
                "mgrs": "11SLT",
                "start_date": "2020-01-14",
                "end_date": "2021-09-15",
                "score": 1.0,
                "originator": "iMERIT",
                "model_content": "annotation",
                "validated": "True"
            },
            "geometry": {
                "type": "Polygon",
                "coordinates": [
                    [
                        [
                            -118.30632680499593,
                            34.05258443469879
                        ],
                        [
                            -118.30530698612105,
                            34.052591233491285
                        ],
                        [
                            -118.3052831903473,
                            34.05198614095885
                        ],
                        [
                            -118.30632340559968,
                            34.05193854941136
                        ],
                        [
                            -118.30632680499593,
                            34.05258443469879
                        ]
                    ]
                ]
            }
        },
        {
            "type": "Feature",
            "properties": {
                "type": "site_summary",
                "status": "positive_pending",
                "version": "2.0.1",
                "site_id": "US_C015_0161",
                "mgrs": "11SLT",
                "start_date": "2016-02-03",
                "end_date": "2017-07-18",
                "score": 1.0,
                "originator": "iMERIT",
                "model_content": "annotation",
                "validated": "True"
            },
            "geometry": {
                "type": "Polygon",
                "coordinates": [
                    [
                        [
                            -118.30308378097384,
                            34.052574236510026
                        ],
                        [
                            -118.30206396209894,
                            34.052574236510026
                        ],
                        [
                            -118.30204356572145,
                            34.05165639952263
                        ],
                        [
                            -118.30305658580383,
                            34.051629204352636
                        ],
                        [
                            -118.30308378097384,
                            34.052574236510026
                        ]
                    ]
                ]
            }
        },
        {
            "type": "Feature",
            "properties": {
                "type": "site_summary",
                "status": "positive_pending",
                "version": "2.0.0",
                "site_id": "US_C015_0162",
                "mgrs": "11SLT",
                "start_date": "2018-01-24",
                "end_date": null,
                "score": 1.0,
                "originator": "iMERIT",
                "model_content": "annotation",
                "validated": "True"
            },
            "geometry": {
                "type": "Polygon",
                "coordinates": [
                    [
                        [
                            -118.29138985787513,
                            34.01103021494343
                        ],
                        [
                            -118.29129467478018,
                            34.018066965180175
                        ],
                        [
                            -118.2902204655653,
                            34.018121355520165
                        ],
                        [
                            -118.28996891024279,
                            34.01101661735843
                        ],
                        [
                            -118.29138985787513,
                            34.01103021494343
                        ]
                    ]
                ]
            }
        },
        {
            "type": "Feature",
            "properties": {
                "type": "site_summary",
                "status": "positive_pending",
                "version": "2.0.0",
                "site_id": "US_C015_0163",
                "mgrs": "11SLT",
                "start_date": "2018-01-14",
                "end_date": "2019-04-24",
                "score": 1.0,
                "originator": "iMERIT",
                "model_content": "annotation",
                "validated": "True"
            },
            "geometry": {
                "type": "Polygon",
                "coordinates": [
                    [
                        [
                            -118.28704542946815,
                            34.011941253138346
                        ],
                        [
                            -118.28701823429815,
                            34.012430766198285
                        ],
                        [
                            -118.28601881180076,
                            34.012736711860754
                        ],
                        [
                            -118.28520975549336,
                            34.013674945225645
                        ],
                        [
                            -118.28273499502363,
                            34.013695341603146
                        ],
                        [
                            -118.28268060468363,
                            34.01183927125086
                        ],
                        [
                            -118.28704542946815,
                            34.011941253138346
                        ]
                    ]
                ]
            }
        },
        {
            "type": "Feature",
            "properties": {
                "type": "site_summary",
                "status": "positive_pending",
                "version": "2.0.1",
                "site_id": "US_C015_0164",
                "mgrs": "11SLT",
                "start_date": "2014-04-24",
                "end_date": "2017-09-26",
                "score": 1.0,
                "originator": "iMERIT",
                "model_content": "annotation",
                "validated": "True"
            },
            "geometry": {
                "type": "Polygon",
                "coordinates": [
                    [
                        [
                            -118.28554289632582,
                            34.02725213384664
                        ],
                        [
                            -118.28415594265599,
                            34.02726573143163
                        ],
                        [
                            -118.283924783711,
                            34.02368956657703
                        ],
                        [
                            -118.28694344758067,
                            34.025130910586874
                        ],
                        [
                            -118.28554289632582,
                            34.02725213384664
                        ]
                    ]
                ]
            }
        },
        {
            "type": "Feature",
            "properties": {
                "type": "site_summary",
                "status": "positive_pending",
                "version": "2.0.0",
                "site_id": "US_C015_0165",
                "mgrs": "11SLT",
                "start_date": "2017-06-13",
                "end_date": "2020-01-24",
                "score": 1.0,
                "originator": "iMERIT",
                "model_content": "annotation",
                "validated": "True"
            },
            "geometry": {
                "type": "Polygon",
                "coordinates": [
                    [
                        [
                            -118.29382382558984,
                            34.05088473657398
                        ],
                        [
                            -118.29378303283485,
                            34.05027284524905
                        ],
                        [
                            -118.29477565653974,
                            34.05016406456905
                        ],
                        [
                            -118.29473486378474,
                            34.049728941849104
                        ],
                        [
                            -118.29580227420712,
                            34.04967455150911
                        ],
                        [
                            -118.29584986575462,
                            34.05078275468649
                        ],
                        [
                            -118.29382382558984,
                            34.05088473657398
                        ]
                    ]
                ]
            }
        },
        {
            "type": "Feature",
            "properties": {
                "type": "site_summary",
                "status": "positive_pending",
                "version": "2.0.1",
                "site_id": "US_C015_0166",
                "mgrs": "11SLT",
                "start_date": "2013-04-17",
                "end_date": "2017-03-15",
                "score": 1.0,
                "originator": "iMERIT",
                "model_content": "annotation",
                "validated": "True"
            },
            "geometry": {
                "type": "Polygon",
                "coordinates": [
                    [
                        [
                            -118.29370824611732,
                            34.05386260768864
                        ],
                        [
                            -118.29272921999743,
                            34.053828613726154
                        ],
                        [
                            -118.29274961637493,
                            34.05306035017374
                        ],
                        [
                            -118.29369464853232,
                            34.05305355138124
                        ],
                        [
                            -118.29370824611732,
                            34.05386260768864
                        ]
                    ]
                ]
            }
        },
        {
            "type": "Feature",
            "properties": {
                "type": "site_summary",
                "status": "positive_pending",
                "version": "2.0.0",
                "site_id": "US_C015_0167",
                "mgrs": "11SLT",
                "start_date": "2019-04-09",
                "end_date": "2021-01-23",
                "score": 1.0,
                "originator": "iMERIT",
                "model_content": "annotation",
                "validated": "True"
            },
            "geometry": {
                "type": "Polygon",
                "coordinates": [
                    [
                        [
                            -118.29157002587635,
                            34.055890347551546
                        ],
                        [
                            -118.28982273620404,
                            34.05586315238155
                        ],
                        [
                            -118.28979554103405,
                            34.0553940356991
                        ],
                        [
                            -118.29154962949885,
                            34.0554008344916
                        ],
                        [
                            -118.29157002587635,
                            34.055890347551546
                        ]
                    ]
                ]
            }
        },
        {
            "type": "Feature",
            "properties": {
                "type": "site_summary",
                "status": "positive_pending",
                "version": "2.0.0",
                "site_id": "US_C015_0168",
                "mgrs": "11SLT",
                "start_date": "2017-03-05",
                "end_date": "2018-07-28",
                "score": 1.0,
                "originator": "iMERIT",
                "model_content": "annotation",
                "validated": "True"
            },
            "geometry": {
                "type": "Polygon",
                "coordinates": [
                    [
                        [
                            -118.29148164157385,
                            34.05647504370648
                        ],
                        [
                            -118.28993831567654,
                            34.056447848536486
                        ],
                        [
                            -118.28996551084653,
                            34.05603312219403
                        ],
                        [
                            -118.29146804398886,
                            34.05603992098653
                        ],
                        [
                            -118.29148164157385,
                            34.05647504370648
                        ]
                    ]
                ]
            }
        },
        {
            "type": "Feature",
            "properties": {
                "type": "site_summary",
                "status": "positive_pending",
                "version": "2.0.1",
                "site_id": "US_C015_0169",
                "mgrs": "11SLT",
                "start_date": "2015-03-24",
                "end_date": "2021-03-09",
                "score": 1.0,
                "originator": "iMERIT",
                "model_content": "annotation",
                "validated": "True"
            },
            "geometry": {
                "type": "Polygon",
                "coordinates": [
                    [
                        [
                            -118.28888110344289,
                            34.05975206169111
                        ],
                        [
                            -118.28754174132054,
                            34.05971806772861
                        ],
                        [
                            -118.28752814373554,
                            34.05926934742366
                        ],
                        [
                            -118.28731398177182,
                            34.059245551649916
                        ],
                        [
                            -118.28729698479057,
                            34.05869824885372
                        ],
                        [
                            -118.28826241332547,
                            34.05870504764622
                        ],
                        [
                            -118.28829640728796,
                            34.05921835647992
                        ],
                        [
                            -118.28887090525414,
                            34.05919456070617
                        ],
                        [
                            -118.28888110344289,
                            34.05975206169111
                        ]
                    ]
                ]
            }
        },
        {
            "type": "Feature",
            "properties": {
                "type": "site_summary",
                "status": "positive_pending",
                "version": "2.0.1",
                "site_id": "US_C015_0170",
                "mgrs": "11SLT",
                "start_date": "2015-03-24",
                "end_date": "2017-04-04",
                "score": 1.0,
                "originator": "iMERIT",
                "model_content": "annotation",
                "validated": "True"
            },
            "geometry": {
                "type": "Polygon",
                "coordinates": [
                    [
                        [
                            -118.28703863067555,
                            34.063739553491914
                        ],
                        [
                            -118.2857672564782,
                            34.063732754699416
                        ],
                        [
                            -118.28572646372321,
                            34.063127662166984
                        ],
                        [
                            -118.28637234901063,
                            34.06308686941199
                        ],
                        [
                            -118.28637914780313,
                            34.06268574065453
                        ],
                        [
                            -118.28701143550556,
                            34.062665344277036
                        ],
                        [
                            -118.28703863067555,
                            34.063739553491914
                        ]
                    ]
                ]
            }
        },
        {
            "type": "Feature",
            "properties": {
                "type": "site_summary",
                "status": "positive_pending",
                "version": "2.0.1",
                "site_id": "US_C015_0171",
                "mgrs": "11SLT",
                "start_date": "2021-02-22",
                "end_date": "2022-09-05",
                "score": 1.0,
                "originator": "iMERIT",
                "model_content": "annotation",
                "validated": "True"
            },
            "geometry": {
                "type": "Polygon",
                "coordinates": [
                    [
                        [
                            -118.28944200382405,
                            34.07581420897056
                        ],
                        [
                            -118.28804485196545,
                            34.07585500172556
                        ],
                        [
                            -118.2880414525692,
                            34.07549126632685
                        ],
                        [
                            -118.28942840623905,
                            34.07541647960936
                        ],
                        [
                            -118.28944200382405,
                            34.07581420897056
                        ]
                    ]
                ]
            }
        },
        {
            "type": "Feature",
            "properties": {
                "type": "site_summary",
                "status": "positive_pending",
                "version": "2.0.0",
                "site_id": "US_C015_0172",
                "mgrs": "11SLT",
                "start_date": "2017-06-13",
                "end_date": "2019-09-06",
                "score": 1.0,
                "originator": "iMERIT",
                "model_content": "annotation",
                "validated": "True"
            },
            "geometry": {
                "type": "Polygon",
                "coordinates": [
                    [
                        [
                            -118.28909016631225,
                            34.07766518022848
                        ],
                        [
                            -118.28808734441861,
                            34.07767537841723
                        ],
                        [
                            -118.28809414321111,
                            34.07721306052728
                        ],
                        [
                            -118.28827431121233,
                            34.077216459923534
                        ],
                        [
                            -118.28827431121233,
                            34.077111078639795
                        ],
                        [
                            -118.28858025687481,
                            34.07710427984729
                        ],
                        [
                            -118.28858025687481,
                            34.076839126939824
                        ],
                        [
                            -118.28911396208599,
                            34.07684932512857
                        ],
                        [
                            -118.28909016631225,
                            34.07766518022848
                        ]
                    ]
                ]
            }
        },
        {
            "type": "Feature",
            "properties": {
                "type": "site_summary",
                "status": "positive_pending",
                "version": "2.0.1",
                "site_id": "US_C015_0173",
                "mgrs": "11SLT",
                "start_date": "2021-02-02",
                "end_date": "2022-12-09",
                "score": 1.0,
                "originator": "iMERIT",
                "model_content": "annotation",
                "validated": "True"
            },
            "geometry": {
                "type": "Polygon",
                "coordinates": [
                    [
                        [
                            -118.27174814634621,
                            34.02733903091695
                        ],
                        [
                            -118.27087790090637,
                            34.02691750578202
                        ],
                        [
                            -118.27134021879628,
                            34.02607445551219
                        ],
                        [
                            -118.27219686665113,
                            34.0265231758171
                        ],
                        [
                            -118.27174814634621,
                            34.02733903091695
                        ]
                    ]
                ]
            }
        },
        {
            "type": "Feature",
            "properties": {
                "type": "site_summary",
                "status": "positive_pending",
                "version": "2.0.0",
                "site_id": "US_C015_0174",
                "mgrs": "11SLT",
                "start_date": "2018-10-01",
                "end_date": "2021-01-03",
                "score": 1.0,
                "originator": "iMERIT",
                "model_content": "annotation",
                "validated": "True"
            },
            "geometry": {
                "type": "Polygon",
                "coordinates": [
                    [
                        [
                            -118.27022550804261,
                            34.030759295113135
                        ],
                        [
                            -118.27099075821074,
                            34.029445061128726
                        ],
                        [
                            -118.27200554647719,
                            34.02996909113517
                        ],
                        [
                            -118.27131515773854,
                            34.03121678162669
                        ],
                        [
                            -118.27022550804261,
                            34.030759295113135
                        ]
                    ]
                ]
            }
        },
        {
            "type": "Feature",
            "properties": {
                "type": "site_summary",
                "status": "positive_pending",
                "version": "2.0.0",
                "site_id": "US_C015_0175",
                "mgrs": "11SLT",
                "start_date": "2020-05-08",
                "end_date": null,
                "score": 1.0,
                "originator": "iMERIT",
                "model_content": "annotation",
                "validated": "True"
            },
            "geometry": {
                "type": "Polygon",
                "coordinates": [
                    [
                        [
                            -118.26965291201917,
                            34.03048211999965
                        ],
                        [
                            -118.269164568644,
                            34.0303518950996
                        ],
                        [
                            -118.26880645016887,
                            34.02904150704286
                        ],
                        [
                            -118.26917270770025,
                            34.02852060744267
                        ],
                        [
                            -118.27049123481322,
                            34.029212427224174
                        ],
                        [
                            -118.26965291201917,
                            34.03048211999965
                        ]
                    ]
                ]
            }
        },
        {
            "type": "Feature",
            "properties": {
                "type": "site_summary",
                "status": "positive_pending",
                "version": "2.0.1",
                "site_id": "US_C015_0176",
                "mgrs": "11SLT",
                "start_date": "2016-02-03",
                "end_date": "2018-12-25",
                "score": 1.0,
                "originator": "iMERIT",
                "model_content": "annotation",
                "validated": "True"
            },
            "geometry": {
                "type": "Polygon",
                "coordinates": [
                    [
                        [
                            -118.26531479503633,
                            34.04139659443485
                        ],
                        [
                            -118.26446833318603,
                            34.04077802615962
                        ],
                        [
                            -118.26481017354865,
                            34.040371073346975
                        ],
                        [
                            -118.26526596069881,
                            34.04073733087836
                        ],
                        [
                            -118.26550199333015,
                            34.040444324853254
                        ],
                        [
                            -118.26594964142406,
                            34.04082686049714
                        ],
                        [
                            -118.26531479503633,
                            34.04139659443485
                        ]
                    ]
                ]
            }
        },
        {
            "type": "Feature",
            "properties": {
                "type": "site_summary",
                "status": "positive_pending",
                "version": "2.0.1",
                "site_id": "US_C015_0177",
                "mgrs": "11SLT",
                "start_date": "2015-03-24",
                "end_date": "2023-04-23",
                "score": 1.0,
                "originator": "iMERIT",
                "model_content": "annotation",
                "validated": "True"
            },
            "geometry": {
                "type": "Polygon",
                "coordinates": [
                    [
                        [
                            -118.26557117530834,
                            34.04148612405359
                        ],
                        [
                            -118.26666180884622,
                            34.04020015316563
                        ],
                        [
                            -118.26776058144037,
                            34.040680357484554
                        ],
                        [
                            -118.26660483545245,
                            34.04188493780999
                        ],
                        [
                            -118.26557117530834,
                            34.04148612405359
                        ]
                    ]
                ]
            }
        },
        {
            "type": "Feature",
            "properties": {
                "type": "site_summary",
                "status": "positive_pending",
                "version": "2.0.1",
                "site_id": "US_C015_0178",
                "mgrs": "11SLT",
                "start_date": "2014-04-24",
                "end_date": "2023-07-02",
                "score": 1.0,
                "originator": "iMERIT",
                "model_content": "annotation",
                "validated": "True"
            },
            "geometry": {
                "type": "Polygon",
                "coordinates": [
                    [
                        [
                            -118.26635252470862,
                            34.04225933439763
                        ],
                        [
                            -118.26517236155195,
                            34.04354530528559
                        ],
                        [
                            -118.26417939668909,
                            34.04289418078535
                        ],
                        [
                            -118.26542467229578,
                            34.04154309744737
                        ],
                        [
                            -118.26635252470862,
                            34.04225933439763
                        ]
                    ]
                ]
            }
        },
        {
            "type": "Feature",
            "properties": {
                "type": "site_summary",
                "status": "positive_pending",
                "version": "2.0.0",
                "site_id": "US_C015_0179",
                "mgrs": "11SLT",
                "start_date": "2018-09-26",
                "end_date": null,
                "score": 1.0,
                "originator": "iMERIT",
                "model_content": "annotation",
                "validated": "True"
            },
            "geometry": {
                "type": "Polygon",
                "coordinates": [
                    [
                        [
                            -118.26640065236161,
                            34.037858700202776
                        ],
                        [
                            -118.26520406488183,
                            34.037477967822845
                        ],
                        [
                            -118.26584995016921,
                            34.03643775257054
                        ],
                        [
                            -118.26701254368649,
                            34.036920466837955
                        ],
                        [
                            -118.26640065236161,
                            34.037858700202776
                        ]
                    ]
                ]
            }
        },
        {
            "type": "Feature",
            "properties": {
                "type": "site_summary",
                "status": "positive_pending",
                "version": "2.0.1",
                "site_id": "US_C015_0180",
                "mgrs": "11SLT",
                "start_date": "2014-04-24",
                "end_date": "2017-11-30",
                "score": 1.0,
                "originator": "iMERIT",
                "model_content": "annotation",
                "validated": "True"
            },
            "geometry": {
                "type": "Polygon",
                "coordinates": [
                    [
                        [
                            -118.26550321175175,
                            34.047825730005904
                        ],
                        [
                            -118.26357235468211,
                            34.04910390299567
                        ],
                        [
                            -118.26266811527978,
                            34.048641585105756
                        ],
                        [
                            -118.26427942910198,
                            34.046989478528566
                        ],
                        [
                            -118.26550321175175,
                            34.047825730005904
                        ]
                    ]
                ]
            }
        },
        {
            "type": "Feature",
            "properties": {
                "type": "site_summary",
                "status": "positive_pending",
                "version": "2.0.0",
                "site_id": "US_C015_0181",
                "mgrs": "11SLT",
                "start_date": "2017-03-15",
                "end_date": "2018-11-06",
                "score": 1.0,
                "originator": "iMERIT",
                "model_content": "annotation",
                "validated": "True"
            },
            "geometry": {
                "type": "Polygon",
                "coordinates": [
                    [
                        [
                            -118.26647543907902,
                            34.06971104305931
                        ],
                        [
                            -118.26551001054419,
                            34.06936430464187
                        ],
                        [
                            -118.26618988979406,
                            34.06827649784207
                        ],
                        [
                            -118.2670873304039,
                            34.0686640290145
                        ],
                        [
                            -118.26647543907902,
                            34.06971104305931
                        ]
                    ]
                ]
            }
        },
        {
            "type": "Feature",
            "properties": {
                "type": "site_summary",
                "status": "positive_pending",
                "version": "2.0.0",
                "site_id": "US_C015_0182",
                "mgrs": "11SLT",
                "start_date": "2021-05-03",
                "end_date": null,
                "score": 1.0,
                "originator": "iMERIT",
                "model_content": "annotation",
                "validated": "True"
            },
            "geometry": {
                "type": "Polygon",
                "coordinates": [
                    [
                        [
                            -118.26772641689878,
                            34.06544820016261
                        ],
                        [
                            -118.266570622174,
                            34.064972284687705
                        ],
                        [
                            -118.26686297025144,
                            34.06438758853282
                        ],
                        [
                            -118.26810035048621,
                            34.06484990642273
                        ],
                        [
                            -118.26772641689878,
                            34.06544820016261
                        ]
                    ]
                ]
            }
        },
        {
            "type": "Feature",
            "properties": {
                "type": "site_summary",
                "status": "positive_pending",
                "version": "2.0.1",
                "site_id": "US_C015_0183",
                "mgrs": "11SLT",
                "start_date": "2016-02-03",
                "end_date": "2018-04-04",
                "score": 1.0,
                "originator": "iMERIT",
                "model_content": "annotation",
                "validated": "True"
            },
            "geometry": {
                "type": "Polygon",
                "coordinates": [
                    [
                        [
                            -118.26042918792494,
                            34.061951496195654
                        ],
                        [
                            -118.25968472014634,
                            34.06166934630696
                        ],
                        [
                            -118.2596677231651,
                            34.06113904049205
                        ],
                        [
                            -118.25994987305378,
                            34.06078550328212
                        ],
                        [
                            -118.26054816679368,
                            34.06103365920833
                        ],
                        [
                            -118.26029321207497,
                            34.061458583739494
                        ],
                        [
                            -118.26069094143615,
                            34.06164555053321
                        ],
                        [
                            -118.26042918792494,
                            34.061951496195654
                        ]
                    ]
                ]
            }
        },
        {
            "type": "Feature",
            "properties": {
                "type": "site_summary",
                "status": "positive_pending",
                "version": "2.0.1",
                "site_id": "US_C015_0184",
                "mgrs": "11SLT",
                "start_date": "2016-02-03",
                "end_date": "2017-08-12",
                "score": 1.0,
                "originator": "iMERIT",
                "model_content": "annotation",
                "validated": "True"
            },
            "geometry": {
                "type": "Polygon",
                "coordinates": [
                    [
                        [
                            -118.26307843327284,
                            34.04015149227194
                        ],
                        [
                            -118.26235776126798,
                            34.04101493891928
                        ],
                        [
                            -118.26188184579307,
                            34.040736188426834
                        ],
                        [
                            -118.26259571900543,
                            34.039838747817
                        ],
                        [
                            -118.26307843327284,
                            34.04015149227194
                        ]
                    ]
                ]
            }
        },
        {
            "type": "Feature",
            "properties": {
                "type": "site_summary",
                "status": "positive_pending",
                "version": "2.0.1",
                "site_id": "US_C015_0185",
                "mgrs": "11SLT",
                "start_date": "2014-04-24",
                "end_date": "2017-07-08",
                "score": 1.0,
                "originator": "iMERIT",
                "model_content": "annotation",
                "validated": "True"
            },
            "geometry": {
                "type": "Polygon",
                "coordinates": [
                    [
                        [
                            -118.25723035605421,
                            34.0409058340158
                        ],
                        [
                            -118.25589779272447,
                            34.04229278768555
                        ],
                        [
                            -118.25490516901965,
                            34.041585713265675
                        ],
                        [
                            -118.25665925748432,
                            34.04044351612589
                        ],
                        [
                            -118.25723035605421,
                            34.0409058340158
                        ]
                    ]
                ]
            }
        },
        {
            "type": "Feature",
            "properties": {
                "type": "site_summary",
                "status": "positive_pending",
                "version": "2.0.0",
                "site_id": "US_C015_0186",
                "mgrs": "11SLT",
                "start_date": "2019-02-08",
                "end_date": "2020-01-29",
                "score": 1.0,
                "originator": "iMERIT",
                "model_content": "annotation",
                "validated": "True"
            },
            "geometry": {
                "type": "Polygon",
                "coordinates": [
                    [
                        [
                            -118.2576586799816,
                            34.01178660574376
                        ],
                        [
                            -118.25657087318181,
                            34.01180700212126
                        ],
                        [
                            -118.25657087318181,
                            34.01116791562637
                        ],
                        [
                            -118.2576790763591,
                            34.011052336153895
                        ],
                        [
                            -118.2576586799816,
                            34.01178660574376
                        ]
                    ]
                ]
            }
        },
        {
            "type": "Feature",
            "properties": {
                "type": "site_summary",
                "status": "positive_pending",
                "version": "2.0.1",
                "site_id": "US_C015_0187",
                "mgrs": "11SLT",
                "start_date": "2016-02-03",
                "end_date": "2017-10-26",
                "score": 1.0,
                "originator": "iMERIT",
                "model_content": "annotation",
                "validated": "True"
            },
            "geometry": {
                "type": "Polygon",
                "coordinates": [
                    [
                        [
                            -118.2498808613631,
                            34.03297164316981
                        ],
                        [
                            -118.24923497607571,
                            34.03382829102465
                        ],
                        [
                            -118.24886784128078,
                            34.033637924834686
                        ],
                        [
                            -118.24946613502068,
                            34.03270649026236
                        ],
                        [
                            -118.2498808613631,
                            34.03297164316981
                        ]
                    ]
                ]
            }
        },
        {
            "type": "Feature",
            "properties": {
                "type": "site_summary",
                "status": "positive_pending",
                "version": "2.0.0",
                "site_id": "US_C015_0188",
                "mgrs": "11SLT",
                "start_date": "2017-03-15",
                "end_date": "2019-02-08",
                "score": 1.0,
                "originator": "iMERIT",
                "model_content": "annotation",
                "validated": "True"
            },
            "geometry": {
                "type": "Polygon",
                "coordinates": [
                    [
                        [
                            -118.25271255843884,
                            34.049424721016756
                        ],
                        [
                            -118.25195789247148,
                            34.05009780147413
                        ],
                        [
                            -118.25103325669166,
                            34.049533501696736
                        ],
                        [
                            -118.25172673352652,
                            34.048738042974385
                        ],
                        [
                            -118.25271255843884,
                            34.049424721016756
                        ]
                    ]
                ]
            }
        },
        {
            "type": "Feature",
            "properties": {
                "type": "site_summary",
                "status": "positive_pending",
                "version": "2.0.1",
                "site_id": "US_C015_0189",
                "mgrs": "11SLT",
                "start_date": "2017-02-23",
                "end_date": "2023-01-28",
                "score": 1.0,
                "originator": "iMERIT",
                "model_content": "annotation",
                "validated": "True"
            },
            "geometry": {
                "type": "Polygon",
                "coordinates": [
                    [
                        [
                            -118.24652565726495,
                            34.052341402998714
                        ],
                        [
                            -118.24551263718264,
                            34.05170911529633
                        ],
                        [
                            -118.24583897922258,
                            34.0513283829164
                        ],
                        [
                            -118.2468044077574,
                            34.05194027424129
                        ],
                        [
                            -118.24652565726495,
                            34.052341402998714
                        ]
                    ]
                ]
            }
        },
        {
            "type": "Feature",
            "properties": {
                "type": "site_summary",
                "status": "positive_pending",
                "version": "2.0.0",
                "site_id": "US_C015_0190",
                "mgrs": "11SLT",
                "start_date": "2018-12-25",
                "end_date": "2021-04-28",
                "score": 1.0,
                "originator": "iMERIT",
                "model_content": "annotation",
                "validated": "True"
            },
            "geometry": {
                "type": "Polygon",
                "coordinates": [
                    [
                        [
                            -118.24867067629823,
                            34.05558102762438
                        ],
                        [
                            -118.24750128398846,
                            34.054846758034515
                        ],
                        [
                            -118.24858909078826,
                            34.053772548819715
                        ],
                        [
                            -118.24967689758805,
                            34.0543980377296
                        ],
                        [
                            -118.24867067629823,
                            34.05558102762438
                        ]
                    ]
                ]
            }
        },
        {
            "type": "Feature",
            "properties": {
                "type": "site_summary",
                "status": "positive_pending",
                "version": "2.0.0",
                "site_id": "US_C015_0191",
                "mgrs": "11SLT",
                "start_date": "2019-02-08",
                "end_date": null,
                "score": 1.0,
                "originator": "iMERIT",
                "model_content": "annotation",
                "validated": "True"
            },
            "geometry": {
                "type": "Polygon",
                "coordinates": [
                    [
                        [
                            -118.25136979692019,
                            34.06315148307167
                        ],
                        [
                            -118.2502683925354,
                            34.06171013906194
                        ],
                        [
                            -118.25232162787002,
                            34.05988806267228
                        ],
                        [
                            -118.25328705640483,
                            34.060309587807204
                        ],
                        [
                            -118.25136979692019,
                            34.06315148307167
                        ]
                    ]
                ]
            }
        },
        {
            "type": "Feature",
            "properties": {
                "type": "site_summary",
                "status": "positive_pending",
                "version": "2.0.0",
                "site_id": "US_C015_0192",
                "mgrs": "11SLT",
                "start_date": "2017-10-01",
                "end_date": "2019-01-09",
                "score": 1.0,
                "originator": "iMERIT",
                "model_content": "annotation",
                "validated": "True"
            },
            "geometry": {
                "type": "Polygon",
                "coordinates": [
                    [
                        [
                            -118.23491671907325,
                            34.068315165974454
                        ],
                        [
                            -118.2341348579359,
                            34.06889986212934
                        ],
                        [
                            -118.23421644344587,
                            34.0691446186593
                        ],
                        [
                            -118.23395808933093,
                            34.06936897881176
                        ],
                        [
                            -118.23351616781851,
                            34.068886264544346
                        ],
                        [
                            -118.23461077341081,
                            34.06796842755702
                        ],
                        [
                            -118.23491671907325,
                            34.068315165974454
                        ]
                    ]
                ]
            }
        },
        {
            "type": "Feature",
            "properties": {
                "type": "site_summary",
                "status": "positive_pending",
                "version": "2.0.1",
                "site_id": "US_C015_0193",
                "mgrs": "11SLT",
                "start_date": "2016-02-03",
                "end_date": "2019-05-29",
                "score": 1.0,
                "originator": "iMERIT",
                "model_content": "annotation",
                "validated": "True"
            },
            "geometry": {
                "type": "Polygon",
                "coordinates": [
                    [
                        [
                            -118.24198082734851,
                            34.05741888404039
                        ],
                        [
                            -118.24050165373946,
                            34.058139850834735
                        ],
                        [
                            -118.2403206791365,
                            34.05841346719871
                        ],
                        [
                            -118.24103519950575,
                            34.05886068498377
                        ],
                        [
                            -118.24220842402815,
                            34.05764106175145
                        ],
                        [
                            -118.24198082734851,
                            34.05741888404039
                        ]
                    ]
                ]
            }
        },
        {
            "type": "Feature",
            "properties": {
                "type": "site_summary",
                "status": "positive_pending",
                "version": "2.0.1",
                "site_id": "US_C015_0194",
                "mgrs": "11SLT",
                "start_date": "2016-02-03",
                "end_date": "2019-03-05",
                "score": 1.0,
                "originator": "iMERIT",
                "model_content": "annotation",
                "validated": "True"
            },
            "geometry": {
                "type": "Polygon",
                "coordinates": [
                    [
                        [
                            -118.2411833107846,
                            34.05758610711731
                        ],
                        [
                            -118.24018628941779,
                            34.05820810209843
                        ],
                        [
                            -118.23977105691736,
                            34.05793340982891
                        ],
                        [
                            -118.24052572288471,
                            34.05702917042659
                        ],
                        [
                            -118.2411833107846,
                            34.05758610711731
                        ]
                    ]
                ]
            }
        },
        {
            "type": "Feature",
            "properties": {
                "type": "site_summary",
                "status": "positive_pending",
                "version": "2.0.0",
                "site_id": "US_C015_0195",
                "mgrs": "11SLT",
                "start_date": "2019-10-01",
                "end_date": "2020-02-13",
                "score": 1.0,
                "originator": "iMERIT",
                "model_content": "annotation",
                "validated": "True"
            },
            "geometry": {
                "type": "Polygon",
                "coordinates": [
                    [
                        [
                            -118.23520906715066,
                            34.05942064568799
                        ],
                        [
                            -118.23439661144707,
                            34.0590909042518
                        ],
                        [
                            -118.2350119021682,
                            34.058234256396965
                        ],
                        [
                            -118.2358583518343,
                            34.05857079662565
                        ],
                        [
                            -118.23520906715066,
                            34.05942064568799
                        ]
                    ]
                ]
            }
        },
        {
            "type": "Feature",
            "properties": {
                "type": "site_summary",
                "status": "positive_pending",
                "version": "2.0.0",
                "site_id": "US_C015_0196",
                "mgrs": "11SLT",
                "start_date": "2020-11-24",
                "end_date": "2021-05-18",
                "score": 1.0,
                "originator": "iMERIT",
                "model_content": "annotation",
                "validated": "True"
            },
            "geometry": {
                "type": "Polygon",
                "coordinates": [
                    [
                        [
                            -118.23478074322323,
                            34.061140740190176
                        ],
                        [
                            -118.23340058834597,
                            34.06149427740011
                        ],
                        [
                            -118.23255073928364,
                            34.06093677641521
                        ],
                        [
                            -118.233251014911,
                            34.059801378067924
                        ],
                        [
                            -118.23478074322323,
                            34.061140740190176
                        ]
                    ]
                ]
            }
        },
        {
            "type": "Feature",
            "properties": {
                "type": "site_summary",
                "status": "positive_pending",
                "version": "2.0.0",
                "site_id": "US_C015_0197",
                "mgrs": "11SLT",
                "start_date": "2017-02-23",
                "end_date": "2018-12-25",
                "score": 1.0,
                "originator": "iMERIT",
                "model_content": "annotation",
                "validated": "True"
            },
            "geometry": {
                "type": "Polygon",
                "coordinates": [
                    [
                        [
                            -118.23760224211019,
                            34.05339011674163
                        ],
                        [
                            -118.23399888208587,
                            34.052914201266724
                        ],
                        [
                            -118.23416205310583,
                            34.05226151718684
                        ],
                        [
                            -118.23768382762017,
                            34.05275103024675
                        ],
                        [
                            -118.23760224211019,
                            34.05339011674163
                        ]
                    ]
                ]
            }
        },
        {
            "type": "Feature",
            "properties": {
                "type": "site_summary",
                "status": "positive_pending",
                "version": "2.0.1",
                "site_id": "US_C015_0198",
                "mgrs": "11SLT",
                "start_date": "2016-02-03",
                "end_date": "2018-04-14",
                "score": 1.0,
                "originator": "iMERIT",
                "model_content": "annotation",
                "validated": "True"
            },
            "geometry": {
                "type": "Polygon",
                "coordinates": [
                    [
                        [
                            -118.23433882171082,
                            34.04573467638806
                        ],
                        [
                            -118.23306064872106,
                            34.04578906672805
                        ],
                        [
                            -118.23314223423105,
                            34.04354546520347
                        ],
                        [
                            -118.23399888208588,
                            34.04402138067838
                        ],
                        [
                            -118.23433882171082,
                            34.04573467638806
                        ]
                    ]
                ]
            }
        },
        {
            "type": "Feature",
            "properties": {
                "type": "site_summary",
                "status": "positive_pending",
                "version": "2.0.1",
                "site_id": "US_C015_0199",
                "mgrs": "11SLT",
                "start_date": "2014-04-24",
                "end_date": "2017-03-15",
                "score": 1.0,
                "originator": "iMERIT",
                "model_content": "annotation",
                "validated": "True"
            },
            "geometry": {
                "type": "Polygon",
                "coordinates": [
                    [
                        [
                            -118.23431162654083,
                            34.04007808102912
                        ],
                        [
                            -118.23306064872106,
                            34.04025484963409
                        ],
                        [
                            -118.2328974777011,
                            34.03937100660926
                        ],
                        [
                            -118.23409406518087,
                            34.03922143317428
                        ],
                        [
                            -118.23431162654083,
                            34.04007808102912
                        ]
                    ]
                ]
            }
        },
        {
            "type": "Feature",
            "properties": {
                "type": "site_summary",
                "status": "positive_pending",
                "version": "2.0.0",
                "site_id": "US_C015_0200",
                "mgrs": "11SLT",
                "start_date": "2018-06-13",
                "end_date": "2019-04-24",
                "score": 1.0,
                "originator": "iMERIT",
                "model_content": "annotation",
                "validated": "True"
            },
            "geometry": {
                "type": "Polygon",
                "coordinates": [
                    [
                        [
                            -118.23877843321252,
                            34.013878934135256
                        ],
                        [
                            -118.23730989403279,
                            34.01474917957509
                        ],
                        [
                            -118.23730309524029,
                            34.01389253172026
                        ],
                        [
                            -118.23877843321252,
                            34.013878934135256
                        ]
                    ]
                ]
            }
        },
        {
            "type": "Feature",
            "properties": {
                "type": "site_summary",
                "status": "positive_pending",
                "version": "2.0.1",
                "site_id": "US_C015_0201",
                "mgrs": "11SLT",
                "start_date": "2018-07-28",
                "end_date": "2023-04-28",
                "score": 1.0,
                "originator": "iMERIT",
                "model_content": "annotation",
                "validated": "True"
            },
            "geometry": {
                "type": "Polygon",
                "coordinates": [
                    [
                        [
                            -118.20999234577283,
                            34.03957667008229
                        ],
                        [
                            -118.20896572810551,
                            34.039155144947365
                        ],
                        [
                            -118.21099176827013,
                            34.03633364606039
                        ],
                        [
                            -118.21159006201003,
                            34.036619195345345
                        ],
                        [
                            -118.21039639785464,
                            34.038303364414595
                        ],
                        [
                            -118.21071518788091,
                            34.03849312038261
                        ],
                        [
                            -118.20999234577283,
                            34.03957667008229
                        ]
                    ]
                ]
            }
        },
        {
            "type": "Feature",
            "properties": {
                "type": "site_summary",
                "status": "positive_pending",
                "version": "2.0.0",
                "site_id": "US_C015_0202",
                "mgrs": "11SLT",
                "start_date": "2018-09-21",
                "end_date": "2020-07-02",
                "score": 1.0,
                "originator": "iMERIT",
                "model_content": "annotation",
                "validated": "True"
            },
            "geometry": {
                "type": "Polygon",
                "coordinates": [
                    [
                        [
                            -118.20221032539453,
                            34.06521076067908
                        ],
                        [
                            -118.20132226746422,
                            34.06502859494979
                        ],
                        [
                            -118.20187255977146,
                            34.063480186250786
                        ],
                        [
                            -118.20261260804672,
                            34.063601630070316
                        ],
                        [
                            -118.20221032539453,
                            34.06521076067908
                        ]
                    ]
                ]
            }
        },
        {
            "type": "Feature",
            "properties": {
                "type": "site_summary",
                "status": "positive_pending",
                "version": "2.0.0",
                "site_id": "US_C015_0203",
                "mgrs": "11SLT",
                "start_date": "2017-10-01",
                "end_date": "2019-04-24",
                "score": 1.0,
                "originator": "iMERIT",
                "model_content": "annotation",
                "validated": "True"
            },
            "geometry": {
                "type": "Polygon",
                "coordinates": [
                    [
                        [
                            -118.20648416884349,
                            34.0743694906945
                        ],
                        [
                            -118.20528758136372,
                            34.07439668586449
                        ],
                        [
                            -118.20528758136372,
                            34.07398195952207
                        ],
                        [
                            -118.20647057125849,
                            34.07396156314457
                        ],
                        [
                            -118.20648416884349,
                            34.0743694906945
                        ]
                    ]
                ]
            }
        },
        {
            "type": "Feature",
            "properties": {
                "type": "site_summary",
                "status": "positive_pending",
                "version": "2.0.0",
                "site_id": "US_C015_0204",
                "mgrs": "11SLT",
                "start_date": "2020-01-29",
                "end_date": "2021-01-28",
                "score": 1.0,
                "originator": "iMERIT",
                "model_content": "annotation",
                "validated": "True"
            },
            "geometry": {
                "type": "Polygon",
                "coordinates": [
                    [
                        [
                            -118.19158778630504,
                            34.06230369924911
                        ],
                        [
                            -118.18843024699727,
                            34.06154467537704
                        ],
                        [
                            -118.18865795415888,
                            34.06037577861407
                        ],
                        [
                            -118.19004696784475,
                            34.06048204195616
                        ],
                        [
                            -118.19085153314913,
                            34.060694568640336
                        ],
                        [
                            -118.19166368869223,
                            34.06111962200869
                        ],
                        [
                            -118.19158778630504,
                            34.06230369924911
                        ]
                    ]
                ]
            }
        },
        {
            "type": "Feature",
            "properties": {
                "type": "site_summary",
                "status": "positive_pending",
                "version": "2.0.0",
                "site_id": "US_C015_0205",
                "mgrs": "11SLT",
                "start_date": "2017-09-06",
                "end_date": "2020-11-19",
                "score": 1.0,
                "originator": "iMERIT",
                "model_content": "annotation",
                "validated": "True"
            },
            "geometry": {
                "type": "Polygon",
                "coordinates": [
                    [
                        [
                            -118.19492962099191,
                            34.016491370152856
                        ],
                        [
                            -118.1922780919174,
                            34.01653216290785
                        ],
                        [
                            -118.1922916895024,
                            34.01392142658834
                        ],
                        [
                            -118.1949840113319,
                            34.013880633833345
                        ],
                        [
                            -118.19492962099191,
                            34.016491370152856
                        ]
                    ]
                ]
            }
        },
        {
            "type": "Feature",
            "properties": {
                "type": "site_summary",
                "status": "positive_pending",
                "version": "2.0.0",
                "site_id": "US_C015_0206",
                "mgrs": "11SLT",
                "start_date": "2019-05-04",
                "end_date": "2021-02-12",
                "score": 1.0,
                "originator": "iMERIT",
                "model_content": "annotation",
                "validated": "True"
            },
            "geometry": {
                "type": "Polygon",
                "coordinates": [
                    [
                        [
                            -118.39436959667889,
                            33.742150259139564
                        ],
                        [
                            -118.39470249263537,
                            33.74206843850432
                        ],
                        [
                            -118.39452103589849,
                            33.74158911822678
                        ],
                        [
                            -118.39442322646859,
                            33.741244957502914
                        ],
                        [
                            -118.39429387169652,
                            33.74065396279397
                        ],
                        [
                            -118.39420200418608,
                            33.74030673239736
                        ],
                        [
                            -118.39386639523406,
                            33.740294509861606
                        ],
                        [
                            -118.39409648373463,
                            33.74133671556456
                        ],
                        [
                            -118.39426600965074,
                            33.74189323054931
                        ],
                        [
                            -118.39436959667889,
                            33.742150259139564
                        ]
                    ]
                ]
            }
        },
        {
            "type": "Feature",
            "properties": {
                "type": "site_summary",
                "status": "positive_pending",
                "version": "2.0.1",
                "site_id": "US_C015_0207",
                "mgrs": "11SLT",
                "start_date": "2019-05-09",
                "end_date": "2023-01-23",
                "score": 1.0,
                "originator": "iMERIT",
                "model_content": "annotation",
                "validated": "True"
            },
            "geometry": {
                "type": "Polygon",
                "coordinates": [
                    [
                        [
                            -118.3670820547455,
                            33.769017954957704
                        ],
                        [
                            -118.36720791244844,
                            33.76849215709027
                        ],
                        [
                            -118.3659932103525,
                            33.76821338430119
                        ],
                        [
                            -118.36572920511644,
                            33.76834040193799
                        ],
                        [
                            -118.36598053747942,
                            33.7687739559354
                        ],
                        [
                            -118.36626277808554,
                            33.768738806718424
                        ],
                        [
                            -118.36669953637883,
                            33.76892611813501
                        ],
                        [
                            -118.3670820547455,
                            33.769017954957704
                        ]
                    ]
                ]
            }
        },
        {
            "type": "Feature",
            "properties": {
                "type": "site_summary",
                "status": "positive_pending",
                "version": "2.0.1",
                "site_id": "US_C015_0208",
                "mgrs": "11SLT",
                "start_date": "2020-01-04",
                "end_date": "2023-08-16",
                "score": 1.0,
                "originator": "iMERIT",
                "model_content": "annotation",
                "validated": "True"
            },
            "geometry": {
                "type": "Polygon",
                "coordinates": [
                    [
                        [
                            -118.35273263733679,
                            33.76643750165335
                        ],
                        [
                            -118.35242346604888,
                            33.766217729292066
                        ],
                        [
                            -118.3514111735352,
                            33.76629292816452
                        ],
                        [
                            -118.35133147602863,
                            33.767112673946336
                        ],
                        [
                            -118.3516009295032,
                            33.7673745371822
                        ],
                        [
                            -118.35270910435642,
                            33.76727586407883
                        ],
                        [
                            -118.35273263733679,
                            33.76643750165335
                        ]
                    ]
                ]
            }
        },
        {
            "type": "Feature",
            "properties": {
                "type": "site_summary",
                "status": "positive_pending",
                "version": "2.0.1",
                "site_id": "US_C015_0209",
                "mgrs": "11SLT",
                "start_date": "2017-10-06",
                "end_date": "2023-01-08",
                "score": 1.0,
                "originator": "iMERIT",
                "model_content": "annotation",
                "validated": "True"
            },
            "geometry": {
                "type": "Polygon",
                "coordinates": [
                    [
                        [
                            -118.34938196521192,
                            33.755031558015894
                        ],
                        [
                            -118.34900744822458,
                            33.75483349538113
                        ],
                        [
                            -118.34888250797671,
                            33.754964961634364
                        ],
                        [
                            -118.34700950629443,
                            33.75425284924174
                        ],
                        [
                            -118.3464720359143,
                            33.75527950468792
                        ],
                        [
                            -118.3473161474261,
                            33.75532033199198
                        ],
                        [
                            -118.34841729874981,
                            33.75560112814673
                        ],
                        [
                            -118.34938196521192,
                            33.755031558015894
                        ]
                    ]
                ]
            }
        },
        {
            "type": "Feature",
            "properties": {
                "type": "site_summary",
                "status": "positive_pending",
                "version": "2.0.0",
                "site_id": "US_C015_0210",
                "mgrs": "11SLT",
                "start_date": "2017-12-30",
                "end_date": "2019-05-09",
                "score": 1.0,
                "originator": "iMERIT",
                "model_content": "annotation",
                "validated": "True"
            },
            "geometry": {
                "type": "Polygon",
                "coordinates": [
                    [
                        [
                            -118.28128375413038,
                            33.74022394681655
                        ],
                        [
                            -118.2805394621442,
                            33.74043983371455
                        ],
                        [
                            -118.28059785403312,
                            33.73921026038333
                        ],
                        [
                            -118.28046850038837,
                            33.73921160218328
                        ],
                        [
                            -118.2804765084925,
                            33.738783181814775
                        ],
                        [
                            -118.2812620890376,
                            33.738767024506195
                        ],
                        [
                            -118.28128375413038,
                            33.74022394681655
                        ]
                    ]
                ]
            }
        },
        {
            "type": "Feature",
            "properties": {
                "type": "site_summary",
                "status": "positive_pending",
                "version": "2.0.1",
                "site_id": "US_C015_0212",
                "mgrs": "11SLT",
                "start_date": "2016-10-19",
                "end_date": "2019-12-05",
                "score": 1.0,
                "originator": "iMERIT",
                "model_content": "annotation",
                "validated": "True"
            },
            "geometry": {
                "type": "Polygon",
                "coordinates": [
                    [
                        [
                            -118.197974772968,
                            33.768452411036115
                        ],
                        [
                            -118.19794265089128,
                            33.76752198290731
                        ],
                        [
                            -118.19643941923142,
                            33.767482522826164
                        ],
                        [
                            -118.19643699886595,
                            33.76851536761392
                        ],
                        [
                            -118.19797786563876,
                            33.76850242079214
                        ],
                        [
                            -118.197974772968,
                            33.768452411036115
                        ]
                    ]
                ]
            }
        },
        {
            "type": "Feature",
            "properties": {
                "type": "site_summary",
                "status": "positive_pending",
                "version": "2.0.1",
                "site_id": "US_C015_0213",
                "mgrs": "11SLT",
                "start_date": "2017-06-13",
                "end_date": "2023-07-07",
                "score": 1.0,
                "originator": "iMERIT",
                "model_content": "annotation",
                "validated": "True"
            },
            "geometry": {
                "type": "Polygon",
                "coordinates": [
                    [
                        [
                            -118.19512868773317,
                            33.769224598777804
                        ],
                        [
                            -118.19509340040905,
                            33.76806401722018
                        ],
                        [
                            -118.1955580079852,
                            33.76803950111788
                        ],
                        [
                            -118.19554315302491,
                            33.76731506870369
                        ],
                        [
                            -118.19382150135105,
                            33.76725167173793
                        ],
                        [
                            -118.19387751517384,
                            33.7692166935586
                        ],
                        [
                            -118.19512868773317,
                            33.769224598777804
                        ]
                    ]
                ]
            }
        },
        {
            "type": "Feature",
            "properties": {
                "type": "site_summary",
                "status": "positive_pending",
                "version": "2.0.0",
                "site_id": "US_C015_0214",
                "mgrs": "11SLT",
                "start_date": "2017-06-23",
                "end_date": "2020-02-03",
                "score": 1.0,
                "originator": "iMERIT",
                "model_content": "annotation",
                "validated": "True"
            },
            "geometry": {
                "type": "Polygon",
                "coordinates": [
                    [
                        [
                            -118.19505666727117,
                            33.77042424956945
                        ],
                        [
                            -118.19504419747079,
                            33.76935351886798
                        ],
                        [
                            -118.19388179916422,
                            33.76935276037136
                        ],
                        [
                            -118.1938707070682,
                            33.77045374319226
                        ],
                        [
                            -118.19505666727117,
                            33.77042424956945
                        ]
                    ]
                ]
            }
        },
        {
            "type": "Feature",
            "properties": {
                "type": "site_summary",
                "status": "positive_pending",
                "version": "2.0.0",
                "site_id": "US_C015_0215",
                "mgrs": "11SLT",
                "start_date": "2017-06-23",
                "end_date": "2019-12-10",
                "score": 1.0,
                "originator": "iMERIT",
                "model_content": "annotation",
                "validated": "True"
            },
            "geometry": {
                "type": "Polygon",
                "coordinates": [
                    [
                        [
                            -118.19367381050135,
                            33.766970875784516
                        ],
                        [
                            -118.1936414501555,
                            33.76567415650971
                        ],
                        [
                            -118.19354869994753,
                            33.76555295636625
                        ],
                        [
                            -118.19307564629997,
                            33.76583174876439
                        ],
                        [
                            -118.19286530257179,
                            33.765871812344706
                        ],
                        [
                            -118.19281279404468,
                            33.76692515790338
                        ],
                        [
                            -118.19367381050135,
                            33.766970875784516
                        ]
                    ]
                ]
            }
        },
        {
            "type": "Feature",
            "properties": {
                "type": "site_summary",
                "status": "positive_pending",
                "version": "2.0.0",
                "site_id": "US_C015_0216",
                "mgrs": "11SLT",
                "start_date": "2019-12-05",
                "end_date": null,
                "score": 1.0,
                "originator": "iMERIT",
                "model_content": "annotation",
                "validated": "True"
            },
            "geometry": {
                "type": "Polygon",
                "coordinates": [
                    [
                        [
                            -118.30882661358321,
                            33.77157099041485
                        ],
                        [
                            -118.31050741752567,
                            33.766490046006325
                        ],
                        [
                            -118.30410351239011,
                            33.76646981681961
                        ],
                        [
                            -118.30431291137124,
                            33.768901500937766
                        ],
                        [
                            -118.30708085867747,
                            33.77125220038859
                        ],
                        [
                            -118.30882661358321,
                            33.77157099041485
                        ]
                    ]
                ]
            }
        },
        {
            "type": "Feature",
            "properties": {
                "type": "site_summary",
                "status": "positive_pending",
                "version": "2.0.0",
                "site_id": "US_C015_0217",
                "mgrs": "11SLT",
                "start_date": "2020-01-04",
                "end_date": null,
                "score": 1.0,
                "originator": "iMERIT",
                "model_content": "annotation",
                "validated": "True"
            },
            "geometry": {
                "type": "Polygon",
                "coordinates": [
                    [
                        [
                            -118.34870088558294,
                            33.766316726953086
                        ],
                        [
                            -118.34852070146786,
                            33.76598243618336
                        ],
                        [
                            -118.3483315649717,
                            33.76599451055662
                        ],
                        [
                            -118.34761767975759,
                            33.76631855280184
                        ],
                        [
                            -118.34721226445778,
                            33.766292956145286
                        ],
                        [
                            -118.34740036904962,
                            33.76682731709236
                        ],
                        [
                            -118.34795037019207,
                            33.76690337408591
                        ],
                        [
                            -118.34851388468692,
                            33.766771120097815
                        ],
                        [
                            -118.34870088558294,
                            33.766316726953086
                        ]
                    ]
                ]
            }
        }
    ]
}