Min Confidence,F1_rho=0.5,precision_rho=0.5
0.0,0.5714285714285714,0.5
0.1,0.5714285714285714,0.5
0.2,0.5714285714285714,0.5
0.3,0.5714285714285714,0.5
0.4,0.5714285714285714,0.5
0.5,0.6666666666666666,0.6666666666666666
0.6,0.0,0.0
0.7,0.0,0.0
0.8,0.0,0.0
0.9,0.0,0.0
1.0,0.0,0.0
