site model,site area,matched truth sites,site count,association status,associated,color code
BR_R002_7001_test_2.0.0,0.06070129063655664,BR_R002_0012_te_2.0.1,1,0,True,26
BR_R002_7002_test_2.0.0,0.012648846873180465,,0,fp,False,22
BR_R002_7004_test_2.0.0,0.19848302371082271,BR_R002_0000_te_2.0.1,1,tp,True,24
BR_R002_7005_test_2.0.0,0.10169991974663145,BR_R002_0001_te_2.0.0,1,tp,True,24
